hour,gross_load_mw,net_load_mw
1,697.296332,671.404698
2,651.93995,628.38483
3,622.536666,599.983819
4,610.91813,588.261634
5,636.361413,612.982356
6,679.958878,654.848342
7,744.908056,716.121583
8,793.245789,753.459986
9,847.606606,708.855893
10,916.096562,675.013478
11,982.321368,650.46215
12,1018.893985,647.612675
13,1023.237702,650.664489
14,1046.720935,703.58317
15,1051.56095,767.659321
16,1055.216651,805.168631
17,1060.457004,901.769211
18,1022.964803,950.64074
19,1000.489696,944.733011
20,966.702811,911.263978
21,923.986279,871.361428
22,882.08424,836.343693
23,845.817049,808.612893
24,767.99396,737.873467
25,720.621589,694.353234
26,670.240603,646.169476
27,636.5099,613.493748
28,627.636597,604.826903
29,648.611912,625.163898
30,689.699561,665.091766
31,750.251553,722.992682
32,807.105048,768.295753
33,869.532465,746.976238
34,939.760612,717.009304
35,993.713349,702.257795
36,1024.827396,702.949838
37,1038.362507,687.675204
38,1045.244025,694.706148
39,1037.470607,734.228042
40,1041.682148,810.442631
41,1044.982448,890.567226
42,1020.843353,948.432598
43,1021.136248,964.083302
44,1010.662951,954.565284
45,965.166073,914.436573
46,914.123043,868.082913
47,860.771553,822.463559
48,789.115983,758.945554
49,672.422028,646.335313
50,626.247557,602.399884
51,595.592108,572.975072
52,584.10389,561.604826
53,597.918312,574.967173
54,627.996912,603.882585
55,673.451658,646.996559
56,709.661756,670.048961
57,760.938282,635.418549
58,826.501852,597.884477
59,878.465626,569.24265
60,914.853885,562.307906
61,936.199795,595.189753
62,945.911388,601.044083
63,965.683009,642.638702
64,972.152963,700.347736
65,986.164259,813.428724
66,974.944398,898.007844
67,981.962474,926.481999
68,977.921918,922.467292
69,936.509868,885.175893
70,879.824528,834.792539
71,805.42933,765.859112
72,727.324059,693.345773
73,627.519449,599.34853
74,588.461016,565.814864
75,566.334888,544.528797
76,564.054536,541.938497
77,604.09289,580.807823
78,685.751299,660.07348
79,799.036281,768.57793
80,847.025998,805.323711
81,883.280234,748.282922
82,935.341908,695.059428
83,981.775359,663.978645
84,999.813487,635.230201
85,1021.489793,633.903566
86,1027.776018,666.540219
87,1036.806831,713.146024
88,1027.298145,761.562387
89,1020.543968,848.287595
90,995.693992,920.793818
91,993.2563,935.48885
92,994.434541,936.479166
93,937.446467,884.219552
94,858.874605,811.642395
95,779.260103,738.602833
96,698.462639,664.212664
97,625.546413,595.955049
98,582.05662,556.927184
99,559.415063,536.681404
100,556.194838,533.334214
101,594.355216,570.474188
102,673.223733,646.689544
103,788.018571,756.689101
104,838.562683,792.743241
105,873.459369,731.66493
106,920.155964,674.5703
107,969.465762,647.119311
108,983.79188,614.159598
109,1007.842593,638.011257
110,1011.352016,659.202085
111,1020.64421,677.959502
112,1008.692385,744.192062
113,1008.106115,834.150237
114,982.559128,903.66519
115,987.257702,929.881089
116,980.05122,922.412109
117,923.844327,870.71909
118,849.412044,801.531509
119,776.42399,734.523588
120,694.056825,660.311346
121,639.295856,613.365659
122,598.513589,574.98644
123,572.036494,549.400572
124,570.064929,547.247195
125,611.010372,587.043124
126,694.792485,668.261821
127,811.372122,780.036667
128,859.667102,816.146655
129,883.297418,747.200532
130,930.983566,687.392886
131,979.988862,653.081432
132,994.626905,618.088962
133,1018.201951,633.031376
134,1024.700449,656.531441
135,1045.302473,709.74401
136,1036.583053,761.552908
137,1031.991629,851.940026
138,1001.895291,919.974629
139,994.208081,936.29897
140,989.006665,931.328738
141,934.681032,880.309947
142,862.570811,814.377338
143,796.342676,757.100294
144,707.431137,677.050947
145,635.357756,609.513427
146,592.147775,568.469009
147,566.88719,544.534346
148,565.286854,542.837948
149,607.853038,584.237011
150,685.301723,658.842881
151,799.721649,768.415518
152,844.787171,800.970962
153,877.761926,749.77312
154,921.547573,682.591993
155,969.448063,651.485422
156,987.665187,624.611738
157,1009.918044,634.102601
158,1014.365026,650.7202
159,1027.275366,685.359318
160,1018.235654,736.832678
161,1019.2387,834.366218
162,992.864602,909.958571
163,984.163877,926.533767
164,981.552323,922.785404
165,930.525955,875.767775
166,855.369855,807.867831
167,784.170772,743.950553
168,703.418313,668.76313
169,681.535773,653.126903
170,637.690741,614.114036
171,612.638181,589.891872
172,610.172126,587.34608
173,652.914595,629.031294
174,731.448144,705.271242
175,841.662433,810.93903
176,897.41289,853.638176
177,932.170049,791.317554
178,982.252233,747.806106
179,1027.78584,711.629136
180,1053.362811,693.909496
181,1070.678035,691.506836
182,1084.156393,706.526694
183,1094.100981,744.207694
184,1096.113233,815.273084
185,1083.558838,905.697313
186,1041.195608,956.570376
187,1023.642756,966.258665
188,1002.435526,944.729834
189,952.174835,898.455852
190,895.625259,848.320611
191,838.130982,797.706054
192,761.743748,726.860593
193,659.912634,632.991836
194,612.539479,588.674252
195,579.583318,556.71217
196,572.850177,550.105282
197,591.066401,567.701962
198,628.883744,603.770346
199,687.905185,660.33342
200,732.2105,694.9729
201,787.949418,662.443344
202,853.88543,628.824691
203,910.039075,623.023672
204,932.773601,606.763537
205,947.235435,581.251913
206,948.585849,581.941729
207,945.365362,611.40035
208,941.712432,667.379887
209,949.467155,776.527551
210,931.940499,853.975228
211,940.446703,886.060385
212,934.514113,880.077535
213,891.041459,840.862987
214,840.813138,796.144152
215,792.534933,753.313823
216,725.43863,691.801734
217,694.718753,667.041175
218,647.644629,624.613806
219,616.356725,594.31816
220,604.087858,582.008621
221,618.90869,596.525786
222,650.180171,626.688537
223,696.193203,670.772408
224,736.980392,698.942033
225,790.696624,659.939974
226,857.825799,627.82964
227,908.986766,597.282316
228,948.431551,572.831
229,969.439429,606.284352
230,981.168555,610.810427
231,999.279442,654.080447
232,1008.61805,741.30052
233,1021.004546,843.60759
234,1007.372723,924.547102
235,1011.3949,957.569447
236,1005.698071,951.252905
237,963.547662,913.851355
238,906.565147,862.199342
239,830.319411,791.950439
240,750.551096,717.24291
241,665.016849,636.666996
242,624.44543,601.075439
243,601.255673,578.776758
244,597.66247,575.000802
245,639.393347,615.600533
246,723.057878,696.627958
247,837.281754,805.946299
248,892.96897,849.752317
249,933.326169,804.532337
250,988.020791,759.721722
251,1033.150167,750.077096
252,1056.282551,737.917166
253,1077.390372,731.483312
254,1087.069572,734.17682
255,1093.307455,759.659972
256,1088.623115,799.210997
257,1079.136437,893.820677
258,1050.230156,964.525401
259,1042.754129,986.193335
260,1041.14694,983.494438
261,982.917135,930.34852
262,903.845502,857.675839
263,821.118866,781.039088
264,737.570627,703.357238
265,679.505207,650.479287
266,633.838226,610.581053
267,609.666106,587.186919
268,604.556687,582.028299
269,645.152609,621.435618
270,726.907937,700.42185
271,843.053844,811.412145
272,904.674665,858.602744
273,945.475518,801.72248
274,995.960927,738.431055
275,1043.327908,701.723517
276,1065.050916,673.925294
277,1088.283579,684.958568
278,1096.675497,690.5088
279,1101.948663,738.031247
280,1096.939076,800.555424
281,1092.420734,890.371656
282,1061.036721,971.412417
283,1058.485126,999.647097
284,1047.270407,988.273833
285,989.276661,934.915158
286,914.125207,866.586637
287,836.658791,795.611691
288,750.267004,714.90596
289,676.216927,649.135386
290,633.944928,610.474352
291,606.420552,583.951822
292,603.156314,580.548628
293,645.768268,622.017266
294,731.525668,705.008855
295,849.029769,817.495297
296,904.903938,860.060374
297,932.574155,782.846258
298,982.852783,716.741319
299,1030.528715,686.968086
300,1050.228048,644.469674
301,1073.243347,647.314985
302,1083.082671,676.639117
303,1100.934692,724.715991
304,1096.965468,795.767225
305,1089.683541,893.802903
306,1055.593244,962.779413
307,1042.945137,984.363547
308,1035.001102,975.645014
309,979.452823,925.494583
310,906.850512,859.652542
311,837.558077,797.50739
312,745.892708,712.323529
313,691.513804,664.690358
314,646.037978,622.958385
315,619.184504,597.065981
316,615.618044,593.445729
317,660.71895,637.408973
318,741.171999,715.01474
319,856.998011,825.946389
320,913.591297,872.929874
321,952.710641,829.047577
322,1000.439387,772.993655
323,1046.317946,731.421102
324,1072.233169,719.670044
325,1093.634665,716.915854
326,1103.162962,731.829355
327,1111.890614,785.988649
328,1110.075836,849.818525
329,1106.986692,938.837337
330,1074.537879,989.856632
331,1058.29175,1000.453137
332,1051.508739,992.549208
333,998.622757,943.461539
334,922.7182,875.673193
335,846.858392,806.092942
336,761.917425,727.549519
337,655.817095,630.212802
338,613.009789,589.904388
339,588.686749,566.392297
340,587.121151,564.733021
341,628.702754,605.241838
342,705.860346,679.791511
343,815.430667,784.528173
344,865.901572,823.37901
345,897.844595,774.666592
346,946.120896,733.755199
347,992.580518,698.540238
348,1014.631868,677.331688
349,1032.337004,682.635008
350,1043.488191,706.892424
351,1055.348391,748.292948
352,1054.051727,813.172781
353,1043.371496,880.766808
354,1003.7904,924.128291
355,989.693236,932.962386
356,970.396475,911.896763
357,920.98746,867.183006
358,864.780668,816.746215
359,809.420937,769.183536
360,734.951981,701.026406
361,697.950342,670.235536
362,649.042401,625.456434
363,615.007284,592.364331
364,606.942375,584.463525
365,626.875511,603.755079
366,666.727882,642.293791
367,726.701746,699.377459
368,778.815475,741.37348
369,838.716476,727.590344
370,907.323375,700.47327
371,962.107451,683.151808
372,990.056339,658.662273
373,1003.941497,657.314823
374,1008.733777,653.694223
375,1002.680117,673.540395
376,1003.921047,735.527506
377,1008.903896,839.163485
378,987.262487,903.388336
379,990.657758,936.276642
380,981.899601,927.37079
381,937.167323,887.44098
382,886.43203,841.851629
383,834.996849,795.980181
384,765.063429,731.285209
385,687.118416,658.284273
386,640.350958,616.47516
387,609.278641,587.007144
388,597.275876,575.002418
389,611.75365,589.032747
390,642.61851,618.675758
391,688.441239,661.913142
392,727.668224,689.617968
393,780.552827,662.326753
394,847.148331,631.832408
395,898.582953,612.310447
396,936.985852,592.534067
397,958.108956,588.295254
398,969.150361,608.911513
399,987.827346,653.532141
400,996.188109,709.923198
401,1009.128455,812.534807
402,996.318803,908.746117
403,1001.362199,946.596586
404,996.229948,939.042263
405,954.331225,902.918888
406,897.450008,852.979944
407,821.83507,782.735687
408,742.633641,709.388301
409,672.914161,644.135509
410,630.982919,607.038499
411,602.413874,579.925172
412,589.924141,567.602451
413,613.887888,590.932386
414,662.107578,637.871614
415,730.828237,703.806968
416,777.150625,737.881764
417,836.070961,700.55683
418,908.505633,657.890084
419,974.668602,637.070496
420,1007.493041,613.961843
421,1015.773524,601.594392
422,1034.597133,635.892409
423,1036.438736,656.016845
424,1032.174379,719.184069
425,1041.175417,837.966665
426,1018.168854,924.077711
427,1007.048305,952.159995
428,993.567853,939.765132
429,943.197113,894.127152
430,878.89976,835.624783
431,818.189454,779.964769
432,733.914638,700.867266
433,661.18506,631.850539
434,615.699,588.843294
435,592.994031,569.82332
436,588.511401,565.80651
437,628.299268,604.508979
438,709.096823,682.528019
439,824.794478,793.035013
440,882.740316,839.494024
441,921.582309,784.047244
442,970.810683,719.610262
443,1018.822242,689.193212
444,1038.091143,648.137408
445,1061.595214,651.091396
446,1068.367239,671.981129
447,1074.973821,710.304308
448,1067.660968,766.30287
449,1064.447192,864.804644
450,1034.999762,941.378823
451,1034.853597,975.503982
452,1024.968714,964.734776
453,967.567803,914.033738
454,892.654952,845.6791
455,816.674348,776.08129
456,731.617833,697.705665
457,642.321583,612.851607
458,601.417231,574.947222
459,574.854309,550.896193
460,572.776808,550.093171
461,613.858824,590.029996
462,697.802814,671.278412
463,814.458212,780.712167
464,863.374316,815.915
465,887.335706,769.641442
466,935.234312,723.086729
467,984.130665,684.47025
468,999.183486,678.297873
469,1022.712661,708.604113
470,1029.484943,720.120703
471,1049.861601,783.578653
472,1041.531465,826.909307
473,1036.719551,886.312841
474,1006.295904,922.879101
475,998.202142,941.764105
476,992.775965,935.864583
477,938.350135,885.599272
478,866.199587,822.28792
479,799.720328,765.190497
480,710.58311,680.666743
481,682.688767,657.481306
482,637.569024,614.620453
483,610.965876,588.980698
484,607.708396,585.65478
485,652.410965,629.117184
486,732.391872,706.264086
487,847.996915,817.010353
488,902.778589,859.57214
489,940.932299,815.221348
490,988.041379,770.531633
491,1034.237688,738.620338
492,1058.94314,720.752248
493,1080.478429,711.845407
494,1089.208187,721.750555
495,1098.593157,761.529184
496,1095.642966,825.73379
497,1093.196917,904.094247
498,1061.702758,971.314704
499,1046.642405,988.207337
500,1040.514947,982.265653
501,987.921207,933.714116
502,912.134272,864.143668
503,837.006906,797.327628
504,752.724172,718.849185
505,666.947447,639.83192
506,623.691041,600.637372
507,599.052285,576.530598
508,597.096993,574.341348
509,639.180987,615.369656
510,716.934056,690.522655
511,826.78307,795.507037
512,879.538823,834.794478
513,912.699729,788.536861
514,961.757567,754.174727
515,1007.816435,729.009784
516,1031.393579,687.810106
517,1048.929971,680.860754
518,1061.088295,710.975128
519,1072.11947,739.190964
520,1072.254816,796.973428
521,1060.763497,862.672551
522,1019.978369,923.600566
523,1004.385675,946.622572
524,984.262115,925.273902
525,934.484517,879.997102
526,878.129378,829.909759
527,821.845873,782.006258
528,746.546737,712.427863
529,622.12707,594.214354
530,576.278528,552.347785
531,544.394169,521.46396
532,538.983969,516.174788
533,555.494662,532.254685
534,591.290467,566.789547
535,649.365799,621.735469
536,685.91446,646.779389
537,737.518884,617.822405
538,800.801714,577.586889
539,858.315851,544.15757
540,875.870577,532.259184
541,890.905265,541.711545
542,888.836628,569.217899
543,888.430535,592.772421
544,879.916184,635.479115
545,890.424408,726.021589
546,876.985228,787.410454
547,890.568487,835.588829
548,887.442733,833.333662
549,845.221352,795.665714
550,795.496644,751.032605
551,750.354488,711.09312
552,686.076495,652.802792
553,631.538696,602.726588
554,587.01383,560.98029
555,557.518053,535.231489
556,547.461234,525.195161
557,559.430301,536.793844
558,587.321631,563.569891
559,631.752703,605.871632
560,659.570235,626.653068
561,706.37331,591.558491
562,769.066183,557.802177
563,822.501984,541.476508
564,853.285789,520.751884
565,875.251518,526.642427
566,881.263757,535.351919
567,904.080503,576.904762
568,905.290483,628.751067
569,922.28102,726.230433
570,915.483739,819.414085
571,927.9951,870.382802
572,926.991493,869.643154
573,886.9333,834.242076
574,830.792859,786.154566
575,759.790813,720.910762
576,684.734905,651.034685
577,627.015162,598.98786
578,587.977076,565.262104
579,565.865252,544.021673
580,563.602556,541.558452
581,603.618148,580.409238
582,685.249577,659.560017
583,798.521933,767.312507
584,846.408129,803.986693
585,882.607186,758.982986
586,934.633451,717.174777
587,981.1311,679.64388
588,999.054057,663.840056
589,1020.738008,683.875971
590,1026.978602,702.006813
591,1036.046976,727.644994
592,1026.47341,757.093556
593,1019.755981,824.66964
594,994.960556,893.828506
595,992.590623,933.697834
596,993.806325,934.090535
597,936.83495,882.872567
598,858.26981,810.711602
599,778.697161,737.957395
600,697.983351,663.466966
601,688.222182,658.62262
602,642.203479,617.295934
603,617.784099,594.668987
604,612.369482,589.163797
605,653.358863,628.944455
606,735.580552,708.355344
607,851.944723,819.443592
608,915.354972,871.512952
609,957.109635,817.028861
610,1008.207123,753.066672
611,1055.260244,708.339687
612,1078.178211,669.473274
613,1101.278718,669.770512
614,1110.459398,696.334497
615,1115.083294,724.669537
616,1111.195217,797.322434
617,1106.041654,880.776709
618,1073.714677,963.885439
619,1069.991826,1010.876492
620,1058.129581,999.007251
621,999.847172,944.647743
622,924.579536,877.120904
623,846.389647,805.559525
624,759.347688,724.178522
625,655.325004,625.633883
626,613.895975,588.372593
627,586.964207,564.335178
628,584.431433,561.687505
629,626.100385,602.186108
630,710.740062,683.994624
631,827.721052,796.381086
632,879.306509,835.245708
633,904.690733,771.435032
634,953.502397,710.220302
635,1001.930554,685.834593
636,1018.765938,670.892889
637,1042.097972,686.182959
638,1050.046877,702.463743
639,1069.454997,769.5349
640,1062.797857,829.797304
641,1057.038361,885.546434
642,1025.208061,931.605604
643,1015.367095,955.609122
644,1008.974981,947.697997
645,954.118541,897.512006
646,881.794681,837.888553
647,814.236192,778.809811
648,724.129088,693.374297
649,649.765978,624.265389
650,605.974639,582.72605
651,580.305359,558.009353
652,578.200565,555.802013
653,621.417095,597.957296
654,699.636624,674.215176
655,814.417316,784.751266
656,862.440571,821.287748
657,896.991872,761.238289
658,941.789218,694.632635
659,989.170932,671.46472
660,1009.363194,675.468732
661,1031.397613,692.447176
662,1037.148333,683.062792
663,1048.9855,692.937491
664,1041.799524,748.222666
665,1041.752617,838.49708
666,1013.819901,909.38422
667,1003.183216,947.959452
668,999.501371,940.138594
669,947.997874,891.465858
670,872.649738,823.972608
671,800.254831,759.228203
672,718.427707,683.872589
673,659.923439,630.25054
674,616.950445,592.828738
675,592.510927,569.969698
676,590.801559,568.193556
677,632.56851,608.740965
678,709.945792,684.081062
679,819.618932,789.772769
680,870.932791,832.945453
681,903.32513,783.302542
682,951.889765,733.967916
683,998.201536,705.572016
684,1020.8158,662.788754
685,1038.458681,669.275075
686,1049.981434,692.251899
687,1061.535779,716.994029
688,1060.767429,774.605376
689,1049.787963,863.124673
690,1009.762661,918.385099
691,995.113748,941.553296
692,975.511954,916.940536
693,925.966957,871.384268
694,869.705434,820.987984
695,814.004894,773.494872
696,739.229658,704.967018
697,682.029256,651.96221
698,633.763716,608.490295
699,600.180207,576.586351
700,592.672724,569.370016
701,611.887228,588.176952
702,650.887817,626.403783
703,710.463034,683.712493
704,759.308469,719.097698
705,817.467386,680.612749
706,884.956356,645.049174
707,940.31368,613.471403
708,966.080042,597.324159
709,980.206574,592.304527
710,983.558224,601.297256
711,978.690418,607.412685
712,977.882971,679.046832
713,984.026018,774.382256
714,964.106882,859.650781
715,969.641388,917.661446
716,962.065902,907.291582
717,917.860854,866.902489
718,867.337759,821.137156
719,817.223963,776.558458
720,748.478049,713.71967
721,687.874847,658.562524
722,641.076868,616.365475
723,609.983095,587.353118
724,597.953846,575.437144
725,612.465763,589.434914
726,643.371093,619.711603
727,689.212761,663.804627
728,728.595027,691.19387
729,781.5624,661.130934
730,848.211017,625.213293
731,899.618403,598.856365
732,938.124997,573.73242
733,959.236633,576.28049
734,970.346484,586.811365
735,988.967128,642.565646
736,997.425212,708.617683
737,1010.310435,801.899691
738,997.418956,897.435924
739,1002.360714,951.380508
740,997.172273,941.262855
741,955.248501,903.589138
742,898.357202,852.914907
743,822.679483,782.623743
744,743.421634,709.322454
745,669.725536,639.664787
746,630.331217,605.532985
747,608.329797,585.388116
748,604.519191,581.323843
749,649.908565,625.292403
750,740.472623,713.62993
751,854.224098,822.672188
752,913.449862,867.677849
753,962.318602,819.783033
754,1016.006439,759.838482
755,1046.51847,726.381875
756,1068.851454,729.988153
757,1091.501256,726.749803
758,1100.487719,744.514314
759,1098.072368,752.773974
760,1092.160634,801.364659
761,1083.624358,878.792795
762,1072.659676,973.050528
763,1056.549794,1003.709192
764,1057.038907,998.184708
765,1001.962177,946.3688
766,920.805431,871.749788
767,830.927244,790.338576
768,745.539966,710.973981
769,653.247499,623.216038
770,609.909994,582.868169
771,587.8833,562.461411
772,583.71033,560.486775
773,626.712322,602.19806
774,713.75122,686.893465
775,828.956416,797.263894
776,888.008756,843.587759
777,934.016186,807.904396
778,980.84778,768.844334
779,1014.660034,742.367318
780,1030.970894,681.936648
781,1056.159268,637.068484
782,1060.766123,669.817086
783,1059.777441,748.047106
784,1049.489555,782.733132
785,1048.588029,868.410889
786,1038.129614,936.432231
787,1031.55485,976.235183
788,1024.017891,962.610297
789,970.097199,913.382221
790,893.732497,844.734628
791,812.0388,770.133474
792,725.873991,690.467779
793,644.129083,613.730207
794,604.639094,580.358047
795,579.454098,556.246179
796,577.273014,553.864642
797,622.380525,597.707354
798,713.423006,686.575443
799,830.083994,798.737697
800,882.194031,843.549665
801,914.130074,808.455349
802,960.504022,767.840957
803,994.945482,730.028464
804,1008.127658,703.012035
805,1032.999006,681.564756
806,1038.809959,679.702575
807,1051.300901,730.14152
808,1041.017433,771.563209
809,1037.229177,855.156391
810,1024.410674,928.666497
811,1007.581654,950.837604
812,1003.877808,941.90264
813,953.173527,894.700973
814,879.416871,829.612263
815,807.160015,767.467249
816,715.907568,684.314612
817,638.455031,611.895421
818,596.508062,572.454839
819,572.528413,549.313458
820,570.854384,547.503318
821,617.479973,592.988246
822,701.786865,675.085032
823,816.26896,784.886358
824,864.683365,820.43014
825,906.298863,784.938563
826,948.508756,744.741689
827,981.905954,699.94279
828,998.380616,681.07838
829,1021.890736,690.408847
830,1025.345198,692.760672
831,1029.780922,707.077958
832,1019.089745,747.236002
833,1021.258987,832.51172
834,1012.581728,913.870393
835,995.076757,937.228038
836,994.320852,932.263622
837,947.043784,887.827293
838,869.89552,818.61765
839,792.320434,749.639369
840,710.07667,673.616844
841,665.065938,636.747663
842,623.130057,597.708584
843,600.061465,575.791372
844,598.205606,574.12299
845,643.956971,618.749288
846,728.166845,701.038896
847,837.605024,805.84885
848,892.579411,845.925931
849,933.555921,800.961523
850,980.818423,743.834493
851,1012.442308,706.901279
852,1033.814458,675.45015
853,1052.942615,723.513557
854,1063.912847,724.102941
855,1067.000698,737.553075
856,1065.187982,780.94617
857,1054.939349,841.215434
858,1031.563813,923.173146
859,1007.371559,952.445076
860,988.329891,927.725935
861,942.403315,885.725246
862,885.276085,835.68642
863,824.149908,782.616565
864,748.120856,712.440262
865,677.933263,647.139348
866,630.980464,604.550863
867,598.717878,574.335733
868,591.275911,567.029759
869,613.387088,588.639444
870,658.501945,633.24654
871,718.0603,690.204747
872,771.918081,729.995409
873,840.861326,726.194761
874,907.910552,708.169152
875,949.462966,682.719702
876,973.049594,687.062606
877,988.415679,659.666412
878,990.152388,652.408874
879,976.771797,647.278735
880,972.574785,700.886196
881,978.960253,790.425784
882,974.730517,880.585827
883,970.785575,919.139154
884,963.757061,907.851343
885,923.007832,870.299858
886,871.379705,823.903898
887,816.615871,774.553225
888,747.730709,712.248897
889,685.600767,656.220308
890,640.092936,614.238439
891,610.28539,587.151661
892,598.021642,575.032589
893,615.225344,591.619848
894,652.507748,628.345258
895,698.441393,671.863761
896,743.522369,703.370145
897,807.700114,651.151539
898,874.071306,599.329413
899,911.618949,556.543908
900,948.266841,542.903389
901,971.214035,552.016844
902,980.821498,567.985776
903,991.1553,599.712298
904,996.6394,684.187103
905,1009.874778,788.463253
906,1012.861522,896.475786
907,1008.6946,953.84102
908,1004.150269,944.751862
909,965.628322,910.367606
910,906.940521,859.380672
911,824.581691,782.893689
912,744.231099,708.505826
913,659.518009,629.668628
914,620.555986,596.220234
915,598.849242,575.896955
916,595.407516,572.235707
917,640.344786,615.781023
918,730.425893,703.666112
919,844.029694,813.188291
920,901.219183,852.094525
921,949.035546,794.709128
922,1001.988075,720.852914
923,1032.842691,658.893292
924,1053.710079,650.906223
925,1076.516226,656.207757
926,1084.53485,661.844624
927,1082.85794,702.590967
928,1075.586708,763.37325
929,1067.835887,849.055498
930,1057.928007,948.05708
931,1043.149848,987.744489
932,1044.387854,984.367109
933,989.649807,933.132824
934,908.594001,858.817716
935,819.558927,776.662617
936,734.925422,699.33696
937,694.66721,664.275624
938,649.575554,622.387017
939,626.353135,602.975075
940,620.683335,597.181489
941,665.519858,640.726905
942,754.518458,727.343167
943,870.322879,838.358614
944,937.63794,885.089232
945,987.915662,822.400376
946,1037.730961,757.955498
947,1070.153086,703.238856
948,1092.410985,677.981677
949,1116.964947,682.504162
950,1125.499068,696.475903
951,1121.513964,713.359625
952,1116.742597,782.241713
953,1112.653883,882.359045
954,1097.907215,980.289217
955,1085.928642,1029.335069
956,1075.352847,1014.861871
957,1020.057863,962.247486
958,943.28357,893.537755
959,858.168723,815.444227
960,768.945282,732.672517
961,696.309075,665.818947
962,654.609231,626.761086
963,627.917875,603.108429
964,623.851105,600.325721
965,671.269734,646.556773
966,764.781022,737.912021
967,882.196905,850.538147
968,944.716206,895.299792
969,982.031904,849.375898
970,1032.164684,780.723773
971,1064.854878,738.626993
972,1085.529055,694.391942
973,1109.601179,725.236889
974,1120.359648,738.689015
975,1129.075737,778.379666
976,1125.741906,843.674959
977,1117.938473,912.371446
978,1099.717688,986.978467
979,1076.081022,1016.967432
980,1068.548891,1004.365525
981,1016.113296,957.135498
982,941.840642,891.371167
983,865.273867,822.555141
984,770.168198,733.623008
985,662.22346,632.447726
986,619.269883,594.794441
987,594.604074,571.093738
988,592.0711,568.442089
989,639.749422,615.001805
990,725.180876,698.284796
991,840.006833,807.556025
992,893.162746,841.542839
993,937.228722,803.321218
994,981.150795,744.32591
995,1013.750276,702.596276
996,1033.637608,683.927643
997,1056.783675,686.565638
998,1062.491772,695.849192
999,1065.208019,709.130372
1000,1057.682461,745.679302
1001,1058.022755,837.525372
1002,1046.884711,934.741321
1003,1026.2788,967.74386
1004,1023.779078,960.069824
1005,975.713382,916.181413
1006,898.330077,847.527663
1007,818.791786,775.774435
1008,734.792847,698.60302
1009,671.293634,640.261319
1010,629.094007,602.631311
1011,605.84563,581.546427
1012,603.764714,579.411689
1013,649.791912,624.106825
1014,734.296438,706.730116
1015,843.824715,810.293437
1016,900.041451,848.971434
1017,941.660024,792.973356
1018,989.371143,739.218538
1019,1020.786014,677.197475
1020,1043.052337,647.697969
1021,1062.085106,641.860997
1022,1073.645826,647.258356
1023,1076.283147,668.340753
1024,1075.299871,756.223612
1025,1064.572026,849.379698
1026,1040.551727,920.127883
1027,1015.546978,958.286687
1028,996.048403,933.171778
1029,949.915194,890.982715
1030,892.72638,840.194909
1031,831.085812,788.012911
1032,754.596878,718.254272
1033,701.627991,669.693157
1034,653.671706,624.338252
1035,620.725088,595.36921
1036,612.426838,587.223045
1037,635.587484,609.746139
1038,681.823416,654.8885
1039,741.724567,712.600679
1040,800.309154,756.040239
1041,871.695279,771.386395
1042,940.451375,774.705102
1043,981.208546,766.61032
1044,1008.197262,660.675111
1045,1023.200423,664.088119
1046,1027.183779,681.677515
1047,1012.089042,691.288168
1048,1011.047833,744.798749
1049,1015.610025,823.616601
1050,1008.927134,904.567392
1051,1001.890867,945.456645
1052,993.123944,934.695558
1053,951.588532,896.498408
1054,899.726093,849.99175
1055,843.005142,800.483167
1056,772.370246,735.565695
1057,694.481683,664.154188
1058,648.597741,622.556969
1059,618.533816,594.837018
1060,605.949128,582.439209
1061,623.546177,599.644426
1062,661.248767,636.777624
1063,707.310893,681.304062
1064,754.163502,713.416475
1065,819.256852,703.453098
1066,886.267788,691.716528
1067,923.51737,661.419493
1068,961.440384,676.122166
1069,984.251552,681.884458
1070,994.70107,682.8377
1071,1004.392402,681.50974
1072,1011.059313,736.618315
1073,1023.611318,820.636754
1074,1025.678605,912.887379
1075,1020.353038,965.521709
1076,1015.157142,958.170514
1077,976.340528,923.09902
1078,917.564906,869.559754
1079,834.472537,793.497215
1080,753.466135,717.980911
1081,714.793887,684.053702
1082,672.472904,645.919991
1083,643.725953,619.853106
1084,629.172046,605.180443
1085,657.762192,632.795034
1086,714.001894,687.748362
1087,782.823515,754.158949
1088,842.615602,796.802396
1089,917.248423,788.104529
1090,992.83489,760.141316
1091,1044.558316,703.004012
1092,1081.60259,698.4871
1093,1090.515662,679.338357
1094,1112.523131,720.800878
1095,1102.438542,714.324968
1096,1100.616129,767.470222
1097,1106.742906,861.35044
1098,1095.79898,965.512488
1099,1069.957438,1009.879472
1100,1054.30262,992.280626
1101,1005.79826,947.346906
1102,939.232594,889.097859
1103,869.201856,825.995528
1104,780.051147,743.525779
1105,671.58636,641.002243
1106,626.913076,598.769173
1107,605.304249,580.373625
1108,600.453444,576.801747
1109,644.286197,619.322869
1110,732.21254,704.934766
1111,847.689093,815.559861
1112,910.483182,850.492381
1113,958.424401,803.926493
1114,1006.607156,739.837473
1115,1039.789895,671.748877
1116,1058.793853,647.398275
1117,1083.694936,654.641758
1118,1090.080241,681.09497
1119,1087.734639,702.810333
1120,1079.944892,747.805505
1121,1077.600057,842.029661
1122,1065.19972,938.310272
1123,1056.177857,997.20666
1124,1047.264771,984.503815
1125,992.721734,933.322462
1126,916.171551,865.891148
1127,832.928596,790.249351
1128,745.378695,708.620898
1129,666.38665,635.093372
1130,625.954039,599.731384
1131,600.1265,576.365181
1132,597.14107,573.320488
1133,643.234397,618.204224
1134,735.329957,708.108931
1135,852.312948,820.226214
1136,908.863095,855.255103
1137,943.093849,779.5361
1138,991.07114,730.95257
1139,1024.765591,711.60772
1140,1041.143508,672.455901
1141,1065.673944,660.33059
1142,1073.595278,677.294043
1143,1084.476043,706.338122
1144,1077.156968,764.63831
1145,1071.656024,846.796494
1146,1056.533158,934.053615
1147,1036.800311,976.674683
1148,1031.463496,967.599573
1149,980.020716,920.79898
1150,906.04396,855.958222
1151,831.948692,788.964212
1152,739.052639,702.688547
1153,698.963186,668.145276
1154,654.453659,626.67119
1155,628.727228,604.60722
1156,624.86655,601.069986
1157,674.17212,649.22766
1158,761.341852,734.278343
1159,876.699328,845.054205
1160,937.184362,880.419756
1161,985.038132,840.378625
1162,1031.606783,774.955282
1163,1062.973205,772.661286
1164,1088.135625,783.752872
1165,1110.718961,785.114285
1166,1119.910585,815.340726
1167,1119.968974,820.553274
1168,1117.336627,855.771657
1169,1114.849851,924.915518
1170,1099.908082,993.068028
1171,1074.508934,1013.895912
1172,1069.313732,1006.522879
1173,1020.029024,961.257351
1174,942.282408,891.649082
1175,859.70952,819.069701
1176,772.997542,740.535935
1177,690.087276,662.182315
1178,647.091726,621.839973
1179,623.300804,599.048505
1180,620.540721,596.310109
1181,667.400313,641.997502
1182,752.794029,725.667967
1183,862.594195,830.957097
1184,922.560031,864.107715
1185,966.116192,825.266433
1186,1015.181127,786.803485
1187,1045.965245,731.273805
1188,1070.929958,691.518143
1189,1089.674871,682.032506
1190,1103.017535,688.052955
1191,1104.29527,732.788866
1192,1105.815042,804.733996
1193,1093.641052,865.531949
1194,1067.675015,946.191628
1195,1040.21836,980.10372
1196,1019.340954,957.498707
1197,972.584179,913.790119
1198,915.209518,863.207595
1199,852.016649,809.174588
1200,774.139902,737.270578
1201,700.448782,669.053583
1202,652.542437,626.45927
1203,619.629861,594.789223
1204,611.374226,586.793132
1205,634.482643,609.292553
1206,680.662783,654.943462
1207,740.546874,712.619338
1208,798.896223,749.897809
1209,870.160774,726.616577
1210,938.831925,694.678404
1211,979.628673,662.73238
1212,1006.448078,649.399519
1213,1021.469301,646.555029
1214,1025.340849,669.619215
1215,1010.331419,675.727108
1216,1009.133156,737.861289
1217,1013.786086,801.140859
1218,1007.22528,887.740864
1219,1000.342859,944.125477
1220,991.662451,933.640951
1221,950.166164,894.726989
1222,898.315386,849.050481
1223,841.691834,799.159198
1224,771.144018,734.178262
1225,680.957632,650.441203
1226,635.646441,607.235853
1227,605.972935,581.6592
1228,593.876982,570.032512
1229,610.875033,586.707956
1230,647.937756,623.210074
1231,693.804227,666.99585
1232,737.958956,685.011161
1233,801.658002,661.537359
1234,867.694721,626.462825
1235,905.398197,575.034362
1236,941.379429,568.066848
1237,964.39774,576.22273
1238,973.564958,606.858008
1239,984.234658,624.194518
1240,989.100358,684.693406
1241,1002.693019,786.624785
1242,1006.160474,888.730679
1243,1002.599318,944.913886
1244,998.395639,938.380143
1245,960.027749,903.992058
1246,901.385864,853.352303
1247,819.410543,777.560542
1248,739.402822,704.179629
1249,688.076974,658.372479
1250,647.90546,623.85086
1251,625.374261,602.498995
1252,620.900469,597.946477
1253,667.102651,642.749085
1254,758.534976,732.004941
1255,872.551944,841.194074
1256,935.438593,880.131423
1257,986.19933,825.664573
1258,1041.209129,789.679024
1259,1071.105249,767.097816
1260,1096.073131,748.918123
1261,1118.44185,753.402392
1262,1129.16833,765.492653
1263,1125.425383,794.367555
1264,1121.9578,849.842654
1265,1112.009407,914.046546
1266,1099.14477,979.777809
1267,1080.640674,1020.227797
1268,1079.783398,1018.283552
1269,1024.097774,966.494519
1270,942.759554,892.841617
1271,851.36559,809.550704
1272,764.623154,728.510391
1273,678.268837,647.905832
1274,633.871663,606.086036
1275,611.12264,587.209311
1276,606.045446,582.130272
1277,650.155665,624.953943
1278,738.378404,710.800746
1279,853.945587,821.383999
1280,917.989375,860.50117
1281,966.576456,817.275821
1282,1015.210484,739.693732
1283,1048.182972,693.996346
1284,1068.086394,663.306134
1285,1092.891524,682.039404
1286,1099.870811,697.457258
1287,1097.072013,739.485565
1288,1090.116615,774.862194
1289,1087.289733,856.447804
1290,1074.240816,948.677606
1291,1064.401651,1005.237126
1292,1055.028955,992.505697
1293,1000.278062,942.433873
1294,923.66593,874.441487
1295,839.905542,797.520566
1296,751.893036,715.226468
1297,665.649645,634.824145
1298,625.248246,597.331535
1299,599.441984,573.758354
1300,596.483187,572.755079
1301,642.543871,617.613607
1302,734.604561,707.524768
1303,851.57689,819.548527
1304,907.980013,851.378782
1305,942.134783,805.444885
1306,990.058984,747.990455
1307,1023.77817,697.864609
1308,1040.050268,667.095988
1309,1064.591993,690.436732
1310,1072.443447,720.739687
1311,1083.377528,746.812313
1312,1075.960294,801.733137
1313,1070.516062,854.857214
1314,1055.469499,934.593869
1315,1035.832806,973.05284
1316,1030.550062,967.251309
1317,979.131737,919.245601
1318,905.162268,854.400165
1319,831.127875,789.006647
1320,738.286246,702.623642
1321,633.443394,604.79788
1322,591.70867,567.665142
1323,567.8737,544.912129
1324,566.380782,543.263533
1325,612.7844,588.320263
1326,696.854174,670.306627
1327,811.263766,779.895238
1328,858.67841,799.734387
1329,899.777218,753.606401
1330,941.626094,694.031704
1331,975.191492,662.815621
1332,990.946584,645.70879
1333,1014.533465,645.837089
1334,1017.512742,669.608688
1335,1022.311022,745.024434
1336,1010.952366,774.986431
1337,1013.507246,815.234556
1338,1005.348851,891.284027
1339,988.497722,929.734647
1340,988.109505,925.694391
1341,940.998721,881.646754
1342,863.900017,812.836372
1343,786.738878,743.897512
1344,704.865197,669.096886
1345,640.265701,609.263391
1346,599.380126,573.85723
1347,577.02748,552.923746
1348,576.067855,551.992328
1349,620.720787,595.490192
1350,703.757279,676.314327
1351,812.83667,781.078231
1352,862.863717,806.885451
1353,901.283371,759.639583
1354,946.759365,689.826022
1355,979.215596,645.33129
1356,997.02693,615.660679
1357,1016.534944,615.44725
1358,1025.153708,634.004251
1359,1030.03568,648.442383
1360,1024.919923,705.440483
1361,1016.579634,792.475957
1362,995.771708,880.559441
1363,974.815009,918.066979
1364,957.592858,898.023767
1365,912.489145,854.333485
1366,855.60716,805.316972
1367,796.529411,753.60054
1368,722.331729,685.864168
1369,631.243962,599.869719
1370,586.268485,558.281716
1371,555.353749,531.229034
1372,549.599045,525.730003
1373,569.642295,545.220052
1374,612.548127,587.741058
1375,671.431021,644.607458
1376,715.974864,664.050232
1377,780.104533,620.805143
1378,843.790454,552.712851
1379,886.909855,531.805562
1380,903.792836,524.286205
1381,919.874046,531.776895
1382,917.183846,563.699287
1383,907.180895,590.88669
1384,896.765528,622.569855
1385,906.743672,719.765885
1386,907.347758,798.148692
1387,909.494121,851.584725
1388,905.891057,846.74373
1389,866.690962,811.456464
1390,815.524537,767.424113
1391,764.617107,722.420786
1392,699.179707,663.201306
1393,682.284242,650.412005
1394,636.916868,611.130471
1395,607.205065,582.682855
1396,595.06117,570.761284
1397,612.117979,587.220811
1398,649.243468,623.699888
1399,695.129132,667.793782
1400,739.548502,691.28334
1401,803.38432,683.661797
1402,869.516602,656.755695
1403,907.175555,627.898791
1404,943.347261,639.537852
1405,966.345253,656.955218
1406,975.638255,669.668296
1407,986.211985,731.209626
1408,991.25437,775.319161
1409,1004.74495,836.900862
1410,1008.075059,905.406923
1411,1004.340827,951.192321
1412,1000.039819,944.497142
1413,961.627913,907.343542
1414,902.972909,854.324553
1415,820.888013,778.455063
1416,740.78233,706.05912
1417,639.216976,611.977648
1418,596.868492,572.486734
1419,574.790533,551.412152
1420,570.987284,547.323788
1421,615.653785,590.525267
1422,701.95567,674.455946
1423,804.721184,772.693647
1424,862.917451,807.627862
1425,926.31028,783.279863
1426,982.963795,741.417266
1427,1014.898845,690.75797
1428,1034.894466,660.429773
1429,1048.407734,680.096499
1430,1043.655844,670.070772
1431,1038.219768,686.60131
1432,1047.198036,749.763395
1433,1045.097819,826.035162
1434,1033.955647,917.915588
1435,1011.97681,953.44251
1436,1007.423332,947.475043
1437,958.571684,900.691312
1438,888.26441,837.254717
1439,798.627409,754.086561
1440,715.473047,678.490129
1441,607.353463,576.08548
1442,565.285612,536.730419
1443,539.344157,515.198024
1444,539.14648,515.033926
1445,580.053437,554.523265
1446,663.306459,635.281298
1447,767.902019,735.482277
1448,822.772667,761.452323
1449,881.6678,715.420795
1450,929.829458,666.114425
1451,964.275189,638.221229
1452,975.747286,610.39246
1453,991.774436,606.450823
1454,983.248195,617.427556
1455,979.452599,600.126881
1456,985.009774,656.207256
1457,988.611802,761.79706
1458,980.314951,858.003709
1459,965.436277,905.85212
1460,958.789295,898.399025
1461,905.709615,846.623797
1462,843.462647,791.208527
1463,760.83476,716.385255
1464,676.626181,639.316306
1465,588.795412,557.560651
1466,550.124879,521.779965
1467,527.320129,501.135845
1468,527.135536,503.087386
1469,569.823068,544.451977
1470,654.733757,626.994793
1471,760.913451,728.796778
1472,805.834782,739.198898
1473,851.955942,686.841036
1474,900.733484,660.868591
1475,936.663975,616.127854
1476,943.658607,543.627343
1477,960.517602,537.729671
1478,951.787111,567.130212
1479,962.117698,634.133404
1480,963.137892,691.439998
1481,966.806238,761.705892
1482,957.874469,840.291374
1483,936.001186,876.753518
1484,929.664345,866.496536
1485,884.635611,822.411424
1486,822.47968,769.859454
1487,749.38052,704.801889
1488,661.335769,623.458224
1489,613.948612,582.061429
1490,571.8449,546.192627
1491,546.825804,522.819962
1492,546.594501,522.426713
1493,591.800501,566.452932
1494,672.561652,645.040369
1495,776.287879,744.546455
1496,826.106196,771.451519
1497,883.564489,731.813964
1498,928.063909,694.868638
1499,962.666371,649.128306
1500,977.555006,629.735717
1501,992.568759,631.302378
1502,983.27188,618.300026
1503,984.493806,665.757768
1504,990.933418,738.170519
1505,997.321585,811.395661
1506,987.718364,875.496893
1507,962.335429,903.283758
1508,957.904916,894.654028
1509,914.853127,853.148546
1510,848.707807,795.80545
1511,767.383134,722.933391
1512,686.095363,648.022224
1513,604.358884,572.405875
1514,564.29552,537.25314
1515,541.26996,517.053605
1516,541.485324,517.25864
1517,584.783601,559.200407
1518,663.090274,635.070709
1519,761.505276,729.408879
1520,809.273887,737.753749
1521,863.271068,675.644412
1522,913.648594,608.113651
1523,946.719426,563.397605
1524,959.926702,515.316923
1525,971.017747,510.319974
1526,967.167475,502.889325
1527,968.438492,537.510464
1528,976.844917,614.660865
1529,974.480913,709.143181
1530,956.330196,819.163361
1531,928.724036,867.045974
1532,909.75881,846.982656
1533,869.336395,808.495775
1534,821.159399,765.506008
1535,759.436122,713.888388
1536,685.819172,647.493692
1537,635.599825,602.701155
1538,589.228097,559.224135
1539,557.661525,531.428611
1540,551.544031,526.19822
1541,573.578878,547.592542
1542,616.386063,589.494065
1543,669.503608,640.424327
1544,719.328817,651.645204
1545,798.510802,611.741536
1546,866.691315,576.312474
1547,909.24486,526.216596
1548,929.534569,487.534369
1549,936.285027,486.577933
1550,924.259341,472.697979
1551,909.602282,479.800154
1552,920.994869,572.126132
1553,932.758546,666.498739
1554,929.954181,789.450081
1555,917.460662,858.701861
1556,908.593735,848.681298
1557,871.797819,814.864625
1558,831.039876,779.183424
1559,771.112725,726.077048
1560,704.133084,665.916713
1561,641.817596,610.077511
1562,597.571671,568.390304
1563,569.59999,542.438381
1564,560.01128,534.029852
1565,576.076437,549.214168
1566,610.190878,581.547661
1567,648.929579,618.791439
1568,689.65351,621.805416
1569,767.927638,575.143464
1570,836.426806,528.260589
1571,874.873387,472.580752
1572,904.820506,473.330894
1573,921.041169,483.017305
1574,915.331282,498.549975
1575,924.055677,553.152604
1576,941.759667,638.012903
1577,960.006779,745.364771
1578,964.867768,847.671207
1579,953.576401,897.552184
1580,947.144849,886.89864
1581,912.969791,857.391698
1582,863.534775,813.404069
1583,780.508271,737.002024
1584,701.965199,664.302605
1585,617.840171,585.9848
1586,576.397303,547.04354
1587,554.938233,527.950197
1588,551.901174,524.696705
1589,595.616005,565.831313
1590,680.883428,646.390588
1591,783.296385,746.820243
1592,837.16398,766.193971
1593,898.314437,721.754275
1594,953.446351,676.83593
1595,986.116214,627.206454
1596,1003.066483,607.30369
1597,1016.900371,617.017732
1598,1010.142228,654.475827
1599,1006.271437,677.924801
1600,1012.405387,716.274091
1601,1011.942281,785.605243
1602,1003.048667,863.166895
1603,983.87251,920.74054
1604,980.889,918.039249
1605,932.74195,875.733701
1606,862.659898,811.31783
1607,774.797159,730.579145
1608,693.226391,655.358566
1609,652.364464,619.1063
1610,608.389746,577.838545
1611,581.145162,554.645719
1612,579.334191,551.61082
1613,622.244988,591.668368
1614,707.676174,672.32614
1615,813.014076,775.95227
1616,876.999175,807.650522
1617,940.615847,764.43017
1618,991.981388,719.879944
1619,1024.879897,664.296806
1620,1042.764289,630.619295
1621,1058.116339,632.055974
1622,1053.814464,638.517107
1623,1046.723006,666.863543
1624,1058.269177,727.636677
1625,1058.424103,807.167804
1626,1045.392686,904.429508
1627,1024.612692,962.745902
1628,1014.659985,950.708289
1629,960.096701,901.090505
1630,897.375506,846.423536
1631,811.011733,765.942315
1632,723.468739,684.727267
1633,636.303224,603.348682
1634,595.620048,564.631209
1635,571.439883,543.033993
1636,569.552506,541.551556
1637,614.355031,583.428952
1638,701.56471,666.616297
1639,808.527925,771.731937
1640,863.069295,781.391643
1641,914.173904,711.778091
1642,966.333051,643.747006
1643,1000.630494,623.551009
1644,1014.393118,575.233533
1645,1030.539565,581.249836
1646,1026.26777,584.92915
1647,1033.11967,627.823551
1648,1040.461077,716.800033
1649,1040.491106,792.31678
1650,1026.56214,888.287544
1651,998.460182,932.149634
1652,988.634244,923.563336
1653,942.039611,882.621294
1654,879.383146,828.796458
1655,802.340866,757.832401
1656,710.776737,672.085326
1657,634.094114,602.235559
1658,591.136948,563.83293
1659,565.534612,538.977689
1660,564.58125,537.00772
1661,610.684105,580.174719
1662,692.420133,657.556815
1663,796.478609,759.99318
1664,850.376267,784.636251
1665,909.947772,755.925579
1666,955.881148,726.738366
1667,989.791123,684.472719
1668,1007.549698,661.673204
1669,1022.261298,670.120643
1670,1014.855111,649.004545
1671,1014.601914,681.698047
1672,1023.722011,734.671303
1673,1028.567364,811.162499
1674,1016.845101,896.259449
1675,988.820921,930.69264
1676,982.91087,920.223079
1677,939.195068,880.397601
1678,872.837498,820.892419
1679,789.840761,745.206579
1680,707.060612,668.641733
1681,652.242928,619.890426
1682,610.150981,580.13842
1683,585.739114,559.484865
1684,584.238209,557.003313
1685,629.668229,599.578858
1686,710.292098,675.901826
1687,809.496826,773.25636
1688,866.961661,797.694696
1689,925.981756,766.424548
1690,979.767669,718.842764
1691,1011.19252,674.324144
1692,1031.221385,656.507394
1693,1041.59424,665.084085
1694,1042.237973,649.594126
1695,1040.002755,652.801128
1696,1054.780453,710.233995
1697,1048.749318,786.580056
1698,1025.56183,882.697828
1699,991.677668,928.989646
1700,969.195714,907.32545
1701,927.194998,867.308154
1702,878.513504,827.851532
1703,812.81588,768.78476
1704,735.65168,697.737783
1705,668.879235,635.982755
1706,621.097643,590.659031
1707,588.567587,559.838596
1708,581.257286,554.293623
1709,604.773695,576.463207
1710,649.19133,619.121177
1711,702.857735,670.628013
1712,759.421821,679.477467
1713,842.09473,650.683806
1714,912.644072,623.32994
1715,954.05366,575.178399
1716,979.084374,581.721578
1717,985.335689,573.297504
1718,976.433338,578.015495
1719,959.339444,584.226751
1720,975.160067,663.727837
1721,984.375088,750.205938
1722,978.070166,849.320218
1723,961.213437,905.809488
1724,949.902383,891.260538
1725,912.009548,856.49072
1726,870.900979,820.446213
1727,808.211657,763.922387
1728,738.766678,700.927182
1729,660.663387,628.483528
1730,615.619071,585.909257
1731,587.101779,561.25359
1732,576.837594,550.886128
1733,593.741744,566.678073
1734,628.768167,600.581365
1735,667.817682,638.054268
1736,712.35777,639.564889
1737,792.608773,609.325332
1738,862.449385,585.640756
1739,900.248155,554.456988
1740,932.880056,544.323041
1741,948.81806,557.177338
1742,944.876886,577.606332
1743,952.221326,591.740603
1744,972.432867,681.560278
1745,989.236702,776.383298
1746,992.115361,868.437769
1747,978.353152,921.152339
1748,970.537516,912.093836
1749,935.741284,880.868205
1750,886.107712,837.61895
1751,801.517019,758.916976
1752,721.577851,684.328109
1753,622.731184,591.412094
1754,581.081111,552.182099
1755,559.480439,531.396813
1756,556.268076,529.197488
1757,600.200649,570.831074
1758,685.704757,652.532926
1759,788.198379,752.86438
1760,843.056375,762.569461
1761,904.719886,730.848759
1762,960.199942,661.871736
1763,992.655639,608.015593
1764,1010.348725,583.362977
1765,1024.109256,578.717855
1766,1017.810144,586.203651
1767,1013.581215,620.078355
1768,1020.365945,699.921408
1769,1019.528268,766.084839
1770,1010.120184,871.083952
1771,990.302774,930.23691
1772,986.960056,926.924856
1773,938.651793,881.430475
1774,868.51821,817.709107
1775,780.24952,736.502481
1776,698.270385,661.327392
1777,591.996366,560.019279
1778,550.57911,520.637892
1779,525.082264,496.369877
1780,525.435019,497.609525
1781,565.658296,535.541311
1782,648.16816,614.309012
1783,752.510443,716.789651
1784,804.271374,713.772346
1785,861.555586,651.363515
1786,908.624126,589.784287
1787,943.551705,534.173425
1788,952.882062,512.366988
1789,969.139546,520.744618
1790,959.172014,542.071779
1791,956.500918,547.609627
1792,960.014734,602.97307
1793,964.792863,704.320789
1794,958.111377,817.37152
1795,945.246148,884.783403
1796,939.727031,878.206878
1797,887.153534,829.099379
1798,825.068366,774.537306
1799,743.715109,699.696334
1800,660.598142,622.531328
1801,604.186712,571.763193
1802,564.864135,535.11782
1803,541.613786,513.317013
1804,540.877535,513.678185
1805,584.25027,554.153344
1806,669.905772,636.320106
1807,776.339306,741.072102
1808,824.377281,735.09609
1809,872.112949,659.127376
1810,921.986043,589.359427
1811,957.341428,547.542168
1812,966.574755,507.230143
1813,983.202903,517.477513
1814,975.916914,504.508382
1815,985.120496,551.317041
1816,988.1886,633.660574
1817,990.678225,725.407022
1818,980.127495,833.330103
1819,956.236282,893.82486
1820,948.769064,886.935921
1821,903.233019,844.767082
1822,840.914928,789.371835
1823,766.5383,722.441558
1824,677.30732,639.95374
1825,591.3063,559.00932
1826,550.161818,521.647363
1827,525.798247,499.687962
1828,526.378494,499.010868
1829,570.576484,540.223013
1830,650.241932,616.587087
1831,753.594731,718.073697
1832,798.82812,713.640085
1833,853.911292,665.499793
1834,896.799032,606.525517
1835,932.133767,555.011055
1836,943.842805,523.002261
1837,959.19616,534.844952
1838,947.774258,528.817547
1839,950.654134,570.750137
1840,954.081043,624.079402
1841,962.203239,719.35657
1842,954.981691,823.993703
1843,932.567354,874.033825
1844,929.799751,867.917084
1845,887.494273,829.569038
1846,821.587509,770.377695
1847,742.142134,698.342383
1848,662.485664,625.365004
1849,609.694535,577.665318
1850,569.405128,539.996442
1851,546.225094,519.346744
1852,546.249217,519.128922
1853,589.785031,559.980188
1854,668.349906,634.998863
1855,766.852906,731.546373
1856,815.701953,728.656329
1857,870.258831,678.197454
1858,921.016148,645.964973
1859,953.85753,613.402587
1860,967.870966,599.610826
1861,978.881985,603.845597
1862,975.532473,597.182555
1863,976.412796,626.374293
1864,985.529163,661.346611
1865,982.756535,733.606123
1866,964.044578,822.884986
1867,935.738869,876.589582
1868,916.38178,856.736548
1869,875.783496,818.289102
1870,827.550285,777.656991
1871,765.384152,722.124293
1872,691.325896,654.108743
1873,638.438664,606.451264
1874,591.946671,562.4145
1875,560.29791,532.078457
1876,554.078666,527.962054
1877,576.239895,548.692667
1878,619.184456,590.049353
1879,672.348821,641.097045
1880,722.748878,634.532622
1881,802.22865,615.760166
1882,870.611231,574.928827
1883,913.067194,559.675053
1884,933.761325,535.264558
1885,940.469205,532.892349
1886,928.70995,543.35085
1887,913.84502,566.834753
1888,925.615333,634.570797
1889,937.161602,712.267141
1890,934.058627,804.449824
1891,921.192913,865.167602
1892,912.117494,857.013704
1893,875.228008,820.799811
1894,834.440155,784.773927
1895,774.277382,730.713026
1896,707.08744,669.800999
1897,645.477305,613.478676
1898,601.076339,572.242554
1899,572.998704,547.992885
1900,563.278822,538.052584
1901,579.506905,553.202447
1902,613.798446,586.594727
1903,652.597505,624.130842
1904,694.062504,615.022628
1905,772.720527,587.306237
1906,841.480193,564.181214
1907,879.800974,548.905429
1908,910.269457,524.819641
1909,926.43523,513.677664
1910,921.068813,520.727494
1911,929.525231,547.837151
1912,947.716169,641.597848
1913,965.683008,743.757848
1914,970.159043,835.945853
1915,958.387857,900.018035
1916,951.687526,893.39197
1917,917.391841,862.689105
1918,867.918268,818.447446
1919,784.58801,741.470681
1920,705.773827,668.47144
1921,642.603062,610.950951
1922,600.111128,572.46678
1923,577.935138,552.738841
1924,574.010523,547.667415
1925,618.82777,589.939783
1926,705.293514,672.899355
1927,808.114872,773.617754
1928,866.996801,780.35943
1929,930.744821,750.201947
1930,987.639358,712.426867
1931,1019.458014,685.058252
1932,1039.936019,679.757401
1933,1053.3985,678.643724
1934,1048.964401,682.027183
1935,1043.280384,705.377803
1936,1052.709192,742.567919
1937,1050.349656,840.74782
1938,1038.851312,910.475675
1939,1016.428531,954.610979
1940,1011.626371,950.907563
1941,962.663113,906.849763
1942,892.320164,842.719864
1943,802.40212,758.855439
1944,718.996917,682.425805
1945,634.20273,601.696527
1946,590.997424,561.4274
1947,564.278647,535.642363
1948,563.118633,535.486522
1949,605.22089,575.40785
1950,689.773196,656.236488
1951,794.811567,759.715148
1952,855.119027,760.118422
1953,916.830579,712.084601
1954,966.903368,659.94051
1955,1000.426173,628.834084
1956,1015.723234,601.580919
1957,1031.347683,604.495455
1958,1025.341296,608.677509
1959,1019.579703,630.411828
1960,1028.709342,713.635255
1961,1030.255158,798.70556
1962,1019.134117,883.002059
1963,1000.735278,939.837851
1964,992.116416,929.446585
1965,938.15176,878.649867
1966,875.621913,824.10781
1967,790.765553,745.90368
1968,704.56798,665.710248
1969,627.239458,594.949985
1970,586.940264,557.027035
1971,563.022507,535.497623
1972,561.459995,533.970805
1973,605.859012,575.530312
1974,692.630079,657.994844
1975,799.44381,763.483855
1976,852.149824,755.997389
1977,902.303666,702.540061
1978,953.817655,687.494105
1979,988.426659,650.496883
1980,1000.898053,640.607334
1981,1017.180443,646.564913
1982,1012.057997,648.17425
1983,1019.573577,684.204466
1984,1025.708993,723.689148
1985,1026.433158,789.023213
1986,1013.457581,877.836766
1987,986.543959,923.440823
1988,977.383687,914.216239
1989,931.087804,872.58732
1990,868.526833,815.245548
1991,792.23684,747.714625
1992,701.344155,663.571323
1993,647.980486,615.062042
1994,604.435032,574.796548
1995,578.430667,552.097142
1996,576.979587,549.573847
1997,623.700647,593.343133
1998,706.108662,671.227675
1999,810.396159,773.580681
2000,867.105721,763.452828
2001,928.133871,718.480167
2002,975.05568,693.810373
2003,1008.48832,678.684634
2004,1028.225156,664.587235
2005,1042.728481,657.768659
2006,1036.625555,650.193222
2007,1035.35555,670.420588
2008,1046.323316,734.873003
2009,1050.105201,818.440923
2010,1036.922275,906.559007
2011,1007.077475,941.426705
2012,1000.147572,937.1069
2013,955.974062,896.746512
2014,889.470189,836.954855
2015,805.320891,759.762763
2016,721.512039,682.86454
2017,668.928009,635.778356
2018,625.179371,597.763573
2019,595.254162,569.08528
2020,584.712591,557.337238
2021,613.488791,583.398462
2022,660.961983,627.052428
2023,717.622954,682.048921
2024,769.871304,668.917632
2025,849.738669,627.683213
2026,921.881082,594.843674
2027,973.706497,573.581337
2028,1003.775031,564.791567
2029,1001.925798,550.252968
2030,1012.23303,551.893701
2031,1004.770274,570.62206
2032,1020.325948,648.447922
2033,1030.289159,753.951123
2034,1010.23816,863.592304
2035,970.563971,909.475401
2036,935.021198,873.048051
2037,900.021195,840.995763
2038,865.411399,814.512781
2039,820.28374,776.205963
2040,741.532967,703.556102
2041,663.878119,632.554527
2042,615.749273,586.045005
2043,584.311254,558.309998
2044,577.165224,550.922169
2045,600.477595,572.878519
2046,644.673441,615.538509
2047,698.264258,666.287139
2048,753.900277,647.599367
2049,836.092422,600.182903
2050,906.315532,551.220402
2051,947.882664,512.788621
2052,972.260454,493.664405
2053,978.580511,489.779291
2054,969.248019,480.254369
2055,952.489722,489.765939
2056,967.700523,572.569104
2057,977.26654,692.397507
2058,971.44371,822.690958
2059,955.187875,903.707116
2060,944.213422,895.596914
2061,906.471653,854.519902
2062,865.411372,815.828443
2063,803.102451,760.362615
2064,733.996995,696.905728
2065,650.915564,619.924347
2066,606.284209,577.095079
2067,578.049129,549.647535
2068,568.134328,542.174007
2069,584.604517,558.969911
2070,619.159224,592.332287
2071,658.047974,627.892008
2072,700.614187,593.866069
2073,779.842669,573.747972
2074,848.989431,556.571315
2075,887.123275,539.367609
2076,918.366496,524.180985
2077,934.450703,522.746098
2078,929.594677,521.618821
2079,937.652887,532.421566
2080,956.567419,610.047794
2081,974.117776,713.969939
2082,978.021779,841.025056
2083,965.537591,913.383954
2084,958.437861,904.064277
2085,923.962926,871.935299
2086,874.432055,827.160622
2087,790.650425,749.539254
2088,711.433376,676.605863
2089,634.257558,604.33352
2090,592.119176,563.251028
2091,570.1848,542.873095
2092,566.559306,539.986938
2093,611.00502,583.498176
2094,697.06691,665.529651
2095,799.75063,762.21537
2096,856.942646,758.62869
2097,919.815244,717.839779
2098,976.115748,672.489024
2099,1008.221274,600.524267
2100,1027.510374,570.293286
2101,1041.098026,572.853088
2102,1035.880685,567.091369
2103,1030.807755,602.820591
2104,1039.126142,684.246149
2105,1037.405734,774.46521
2106,1026.785228,879.858692
2107,1005.456612,946.145998
2108,1001.267367,943.149471
2109,952.579185,897.733561
2110,882.324163,834.69525
2111,793.098791,753.158451
2112,710.311823,676.084211
2113,635.878672,604.63507
2114,592.602365,563.193812
2115,565.835067,537.949168
2116,564.614984,537.653309
2117,606.791852,578.825033
2118,691.42526,659.197229
2119,796.491271,759.172925
2120,857.138099,742.846418
2121,919.025453,699.828015
2122,969.217536,635.363365
2123,1002.682731,585.02481
2124,1018.218547,556.161857
2125,1033.817861,564.51274
2126,1027.968764,560.587449
2127,1022.084452,582.706504
2128,1031.437086,645.171729
2129,1032.854552,746.962606
2130,1021.557224,873.960242
2131,1002.938655,942.766713
2132,994.196708,936.564316
2133,940.176811,885.688622
2134,877.629307,829.795994
2135,792.633845,750.18672
2136,706.312118,669.949257
2137,655.627856,623.497415
2138,614.126002,583.931956
2139,589.386363,560.450991
2140,586.806348,559.413687
2141,632.469185,604.242058
2142,720.614017,687.881671
2143,827.895943,791.361654
2144,886.350433,777.922269
2145,939.482146,710.949992
2146,993.016821,679.158718
2147,1026.649993,670.031595
2148,1043.165615,670.357119
2149,1059.022221,688.087093
2150,1056.564078,673.7744
2151,1062.000961,696.287244
2152,1071.913632,755.325713
2153,1070.463712,842.736526
2154,1054.50205,932.780765
2155,1023.86647,968.889636
2156,1012.62128,954.979911
2157,965.38969,910.988581
2158,902.529624,855.844373
2159,823.883411,783.229461
2160,730.887714,695.632131
2161,714.328413,681.214876
2162,668.718298,637.662535
2163,642.297071,612.510282
2164,640.839335,612.074559
2165,689.477925,659.753285
2166,768.733056,733.999862
2167,878.63564,836.879241
2168,940.154028,832.255014
2169,999.949468,781.046686
2170,1044.041111,730.325824
2171,1074.860229,705.538457
2172,1105.239811,696.394678
2173,1118.001531,684.696301
2174,1127.543676,683.738446
2175,1138.946264,731.625599
2176,1134.620905,795.210386
2177,1135.288667,905.13705
2178,1107.062554,977.198085
2179,1064.60082,1001.764112
2180,1065.25385,1002.993155
2181,1033.451916,974.622606
2182,957.740511,906.604179
2183,874.68796,830.234208
2184,783.275594,746.140386
2185,722.657448,689.411896
2186,677.359503,645.639186
2187,647.300406,616.23684
2188,636.962419,606.090356
2189,666.56261,636.246908
2190,709.47772,674.430038
2191,770.668573,730.088444
2192,825.498181,719.72342
2193,903.645131,689.245256
2194,972.729269,662.797996
2195,1022.958937,651.740014
2196,1062.0017,646.314371
2197,1058.254866,630.120381
2198,1083.373643,657.894883
2199,1089.349008,708.771527
2200,1087.768876,763.567712
2201,1095.509375,859.946229
2202,1061.098129,929.586528
2203,1010.10479,950.571013
2204,982.126752,919.181065
2205,960.077989,897.677405
2206,917.201094,865.937479
2207,875.325799,831.162105
2208,790.038188,752.62971
2209,710.879227,677.448867
2210,661.40491,629.83174
2211,629.974882,599.316042
2212,623.415613,594.283132
2213,647.153861,618.82702
2214,686.468137,656.054911
2215,744.498126,709.402051
2216,801.628597,696.44919
2217,881.485925,647.453678
2218,948.137539,604.278224
2219,987.960849,581.88665
2220,1020.299676,559.611042
2221,1025.029881,558.205248
2222,1029.397588,597.440172
2223,1026.316939,639.666751
2224,1023.489885,718.264929
2225,1031.337556,788.292136
2226,1012.141573,875.147801
2227,985.912513,929.114308
2228,983.597588,924.840335
2229,958.903525,901.101414
2230,909.390178,859.315413
2231,850.452512,806.855664
2232,775.605762,738.521589
2233,702.130155,669.187856
2234,656.027114,624.876874
2235,627.704249,597.421133
2236,618.124817,589.252059
2237,635.063402,607.287828
2238,664.856786,635.443303
2239,708.059764,675.73356
2240,752.848752,649.282283
2241,830.154297,620.837926
2242,896.018936,592.74492
2243,932.191905,543.786343
2244,972.181275,542.634427
2245,986.85997,541.910986
2246,996.212333,535.967095
2247,1018.136158,581.189954
2248,1019.721437,674.574511
2249,1035.435798,778.006564
2250,1025.737344,888.846942
2251,1002.861263,939.649708
2252,1004.197452,943.344699
2253,982.663388,924.630735
2254,924.363227,873.014563
2255,842.817725,799.329147
2256,757.185672,720.226801
2257,670.48198,637.536933
2258,627.621601,596.815735
2259,606.149869,575.071366
2260,603.595767,573.794552
2261,648.526047,619.068534
2262,730.17743,696.667963
2263,838.017514,800.272203
2264,894.047128,788.264892
2265,952.613389,715.825059
2266,1004.140535,678.918315
2267,1034.582305,634.607912
2268,1060.287586,648.845602
2269,1072.621248,646.377544
2270,1080.262817,618.56554
2271,1089.923085,663.660899
2272,1078.941642,708.281779
2273,1076.318303,815.915695
2274,1053.842724,908.247987
2275,1023.956814,961.005964
2276,1029.677636,965.980839
2277,994.110903,933.327109
2278,914.870882,862.537633
2279,828.969082,784.273321
2280,740.72721,703.017643
2281,675.553429,642.106171
2282,631.3428,599.755924
2283,604.951952,574.732608
2284,604.68972,576.026636
2285,647.482089,617.775931
2286,727.7862,693.569024
2287,838.121628,796.908832
2288,898.370925,782.354183
2289,956.299589,712.587145
2290,1001.792682,665.803984
2291,1033.523003,629.725532
2292,1055.850263,603.682102
2293,1070.188684,605.474623
2294,1077.429851,614.263982
2295,1086.052319,647.762703
2296,1076.540459,696.590281
2297,1076.937761,805.291343
2298,1053.377722,900.354421
2299,1025.943223,963.200292
2300,1026.594848,964.678658
2301,985.541436,926.679201
2302,914.169607,862.283266
2303,832.36784,787.547001
2304,740.246233,702.07108
2305,651.916431,617.910019
2306,611.408557,579.239431
2307,588.311611,557.22141
2308,588.22797,559.113576
2309,632.686035,603.223128
2310,714.535319,680.683721
2311,826.45575,788.581228
2312,875.659744,779.901666
2313,920.019209,724.486963
2314,965.802454,680.359646
2315,999.209789,641.991192
2316,1016.24997,616.226229
2317,1031.460229,642.390554
2318,1038.091002,650.774739
2319,1061.541839,748.628121
2320,1046.741508,787.826393
2321,1047.477482,846.988721
2322,1023.68336,904.75344
2323,989.578067,927.714914
2324,990.947874,928.662408
2325,958.332383,897.701127
2326,887.080527,835.036773
2327,815.527509,771.554705
2328,719.815472,682.075929
2329,638.932709,605.405708
2330,596.538648,566.557768
2331,572.305176,544.733587
2332,573.566714,545.266201
2333,618.860117,589.599843
2334,694.548836,660.597325
2335,803.355518,761.352113
2336,849.702986,748.126496
2337,901.675016,713.59319
2338,940.357577,653.410639
2339,973.722946,610.766073
2340,993.271628,599.943076
2341,1007.166022,603.161732
2342,1009.573034,606.402304
2343,1026.460682,638.55184
2344,1012.055409,687.595408
2345,1018.561247,786.261105
2346,998.199879,860.212083
2347,965.582318,904.452795
2348,971.766567,909.068188
2349,942.453896,882.316063
2350,867.489418,815.605636
2351,790.684681,746.022385
2352,704.84594,666.753639
2353,652.13997,618.187073
2354,610.815112,579.18067
2355,587.980511,559.722647
2356,588.876251,559.604475
2357,633.212928,603.134261
2358,707.509746,673.051204
2359,811.254736,770.176983
2360,860.154263,741.838445
2361,910.945571,678.820217
2362,957.242686,617.309666
2363,988.244133,577.253569
2364,1009.400942,565.363545
2365,1019.009401,573.652455
2366,1029.135537,568.490723
2367,1044.431942,623.073427
2368,1035.148067,674.197022
2369,1030.920836,767.139632
2370,999.250611,856.693124
2371,961.278208,897.852394
2372,950.768539,888.860973
2373,923.35298,860.899263
2374,866.6821,814.827141
2375,808.128279,763.153059
2376,728.467685,690.117807
2377,669.799752,636.126907
2378,622.636952,591.01626
2379,591.451707,562.660786
2380,586.389113,557.804267
2381,608.286186,579.948276
2382,645.637528,615.418426
2383,703.064338,665.566864
2384,751.844814,631.968548
2385,827.396177,572.960676
2386,891.070661,538.607354
2387,932.295414,521.789055
2388,958.672971,520.807554
2389,964.026593,509.127762
2390,964.46716,506.675097
2391,964.405459,551.44621
2392,956.030474,618.42434
2393,967.091392,717.483079
2394,952.224123,811.85334
2395,931.413245,873.476208
2396,932.142675,875.310487
2397,908.818688,851.577315
2398,859.716445,809.027583
2399,804.217545,760.848962
2400,732.438488,695.645996
2401,676.286202,643.995733
2402,631.285553,600.572444
2403,603.712601,576.249128
2404,595.065275,567.559131
2405,610.857204,583.772973
2406,639.428103,610.927678
2407,682.25543,647.518856
2408,721.844168,623.92063
2409,796.468024,588.666747
2410,860.478551,539.183437
2411,897.524318,533.813564
2412,933.801099,528.969792
2413,948.868049,513.871511
2414,955.774649,492.389173
2415,979.578629,542.136515
2416,977.708741,625.980466
2417,995.424262,750.701631
2418,988.421666,847.879459
2419,968.919947,906.289582
2420,972.152113,913.166652
2421,951.471312,893.133903
2422,893.427181,841.856996
2423,814.02329,770.241718
2424,730.30175,693.338457
2425,642.32678,609.15249
2426,600.667379,570.989225
2427,580.012626,553.454853
2428,578.473989,550.427615
2429,622.155067,593.762342
2430,702.474638,669.582845
2431,809.905476,768.19068
2432,860.269777,741.033085
2433,915.914523,685.799113
2434,965.421741,635.704296
2435,996.814364,585.877245
2436,1018.475036,560.589483
2437,1031.231676,563.707328
2438,1036.208754,560.5873
2439,1047.917322,603.107374
2440,1033.171712,664.830648
2441,1032.7285,754.029809
2442,1013.189872,867.730007
2443,986.980096,922.429094
2444,994.766454,931.603478
2445,960.129292,899.126998
2446,881.168198,829.220909
2447,797.599534,752.849199
2448,711.439035,674.472517
2449,682.522191,648.591679
2450,638.014305,607.066567
2451,611.421244,581.826539
2452,610.907673,582.327891
2453,654.009235,624.370019
2454,734.642985,700.521409
2455,845.079707,803.413229
2456,906.73124,792.455486
2457,965.383015,724.787989
2458,1011.376064,669.538461
2459,1042.871038,604.097602
2460,1066.199389,589.671579
2461,1080.433118,601.022287
2462,1088.33378,608.603328
2463,1096.449268,669.163467
2464,1087.869086,746.320851
2465,1087.726779,848.161797
2466,1063.439809,918.519444
2467,1035.09542,971.248795
2468,1035.235799,974.147289
2469,993.952307,934.586274
2470,922.51144,870.746392
2471,840.132193,796.089041
2472,747.495421,709.965991
2473,668.270261,634.943259
2474,627.064802,595.810475
2475,603.493318,572.644696
2476,602.819848,573.736209
2477,648.003507,618.502063
2478,730.626369,696.826177
2479,842.784509,801.194656
2480,895.279176,783.015106
2481,941.335591,736.679764
2482,988.292101,675.657201
2483,1021.147137,645.603439
2484,1040.536612,639.334909
2485,1055.501187,651.823722
2486,1063.679618,668.961848
2487,1085.940709,711.863879
2488,1073.326779,766.230389
2489,1072.796435,846.086928
2490,1047.296397,919.983117
2491,1011.055837,946.068856
2492,1011.225887,948.91212
2493,978.070458,918.252233
2494,906.656588,854.377543
2495,833.748378,789.225351
2496,736.827385,699.396463
2497,678.223921,643.972808
2498,634.153867,602.614135
2499,608.780283,580.509632
2500,608.624717,579.982209
2501,655.661409,626.108177
2502,733.208704,698.850733
2503,842.586497,801.059203
2504,896.840037,780.695402
2505,952.889106,706.818165
2506,994.39052,664.408979
2507,1026.428952,617.34974
2508,1051.621977,604.95078
2509,1064.926097,609.170651
2510,1071.051464,611.771105
2511,1085.080665,672.791987
2512,1075.928371,716.935193
2513,1079.391792,813.93438
2514,1054.931844,906.370004
2515,1017.184157,953.583847
2516,1020.485903,957.902186
2517,989.875995,930.323527
2518,914.522268,863.063002
2519,834.461587,790.088429
2520,745.718245,708.409697
2521,689.57518,656.167597
2522,646.653499,614.936399
2523,622.73264,591.787979
2524,622.278217,592.967059
2525,668.275834,638.364787
2526,744.343434,710.161827
2527,848.632558,803.401492
2528,905.064697,787.2527
2529,959.740457,726.127906
2530,1008.72327,693.345528
2531,1038.460462,664.730366
2532,1064.994991,660.704089
2533,1074.041058,669.882338
2534,1087.709906,674.066695
2535,1100.282889,693.982435
2536,1096.003857,747.937643
2537,1088.877925,829.10116
2538,1053.302724,906.846688
2539,1010.442527,933.087873
2540,997.186516,925.057652
2541,968.534998,907.34462
2542,911.493256,860.402465
2543,849.837292,805.775666
2544,767.409302,730.060531
2545,714.939122,681.584996
2546,665.850872,634.025632
2547,633.355819,603.877591
2548,626.665196,598.568528
2549,650.565032,622.668652
2550,690.051583,659.910511
2551,748.134509,697.29666
2552,805.997807,689.325921
2553,886.233042,676.189628
2554,953.14594,656.96264
2555,992.846254,640.255254
2556,1025.708265,643.98743
2557,1030.383756,625.182876
2558,1035.096123,633.134537
2559,1031.75052,651.865159
2560,1029.410374,717.486635
2561,1036.976038,808.874138
2562,1017.400151,882.778214
2563,990.695571,931.838528
2564,988.113463,929.824865
2565,963.299157,906.033878
2566,913.749729,862.63402
2567,854.510265,810.206875
2568,779.394282,742.399745
2569,703.320797,670.334915
2570,657.166969,626.029985
2571,628.809555,601.050337
2572,619.18718,591.392327
2573,636.178592,609.015254
2574,666.028297,637.586114
2575,709.248581,669.941882
2576,754.277147,632.398135
2577,831.706239,576.459642
2578,897.656298,545.66885
2579,933.789057,507.027622
2580,973.949468,512.869503
2581,988.610275,503.352952
2582,998.075315,513.039602
2583,1019.912521,571.351443
2584,1021.656982,649.620453
2585,1037.279147,768.738395
2586,1027.456494,876.599118
2587,1004.424955,941.065594
2588,1005.673795,945.290978
2589,984.100421,926.444405
2590,925.788464,874.315778
2591,844.144298,799.793135
2592,758.424227,720.602559
2593,689.413201,655.891466
2594,645.745297,614.397579
2595,623.724238,593.081365
2596,620.48735,591.609934
2597,666.257578,637.308295
2598,748.804457,714.482686
2599,856.919713,811.599315
2600,916.758616,808.412712
2601,977.289268,783.684494
2602,1030.174589,756.991962
2603,1059.977017,716.218561
2604,1088.401845,684.569583
2605,1100.451102,683.97226
2606,1109.884242,686.329046
2607,1118.167259,727.503956
2608,1109.716796,780.170849
2609,1105.627566,878.316056
2610,1081.177216,945.949291
2611,1048.819518,977.792125
2612,1053.151498,987.177059
2613,1016.959732,955.896562
2614,937.532164,885.92939
2615,850.061591,805.237838
2616,760.42023,722.599832
2617,694.288543,660.332162
2618,649.278756,617.36553
2619,622.344271,591.342178
2620,621.406326,592.105129
2621,665.029942,635.058748
2622,746.220272,711.423597
2623,856.828022,808.150968
2624,920.847148,803.633974
2625,980.719854,747.253425
2626,1027.557053,721.334167
2627,1058.654654,723.300523
2628,1083.673291,707.108176
2629,1097.730253,707.932722
2630,1106.744433,706.236851
2631,1114.003916,735.762451
2632,1106.996818,785.879109
2633,1105.943414,857.588667
2634,1080.42906,938.65824
2635,1050.548377,984.521077
2636,1049.825547,987.154282
2637,1008.153577,949.0586
2638,936.596144,885.526293
2639,853.241855,808.310933
2640,759.735255,721.163
2641,683.398428,649.733381
2642,641.547668,609.26412
2643,617.537209,589.175387
2644,616.318117,587.659158
2645,662.172988,632.680078
2646,745.511451,711.805021
2647,857.889485,810.475412
2648,913.428201,799.030826
2649,961.054385,722.506102
2650,1009.096229,688.190577
2651,1041.440359,666.303624
2652,1063.003057,644.646032
2653,1077.74036,655.360215
2654,1087.350457,680.420509
2655,1108.51097,748.509839
2656,1097.919577,795.785198
2657,1096.217821,872.338865
2658,1069.139721,930.40955
2659,1030.923925,967.479173
2660,1029.984134,968.483758
2661,996.329234,936.872299
2662,924.765493,872.883345
2663,850.603657,806.050926
2664,752.564315,715.543911
2665,693.597221,661.324684
2666,648.871409,621.331228
2667,623.051738,595.779418
2668,622.341708,594.43022
2669,670.060488,641.171786
2670,748.33498,715.272097
2671,857.936229,813.380687
2672,915.283143,788.684646
2673,972.927417,744.262754
2674,1015.531751,673.219846
2675,1047.050999,630.279084
2676,1074.452461,644.450319
2677,1087.525627,671.710722
2678,1095.105859,702.585653
2679,1108.016647,729.215326
2680,1100.919663,769.312751
2681,1103.192692,865.176456
2682,1077.129111,936.41075
2683,1037.374181,973.960441
2684,1039.548104,978.315611
2685,1008.430631,949.332389
2686,932.924604,881.091436
2687,851.589985,806.507134
2688,761.710171,724.228167
2689,698.014737,665.009907
2690,654.73306,626.405273
2691,630.567311,602.612867
2692,629.808501,600.861127
2693,676.180568,646.379251
2694,752.64738,718.771301
2695,857.059177,814.333898
2696,915.1895,794.238328
2697,970.740987,733.018159
2698,1020.329277,695.983772
2699,1049.781449,672.937362
2700,1077.528355,666.086538
2701,1086.447634,693.565982
2702,1100.915166,678.676702
2703,1112.874168,706.603858
2704,1109.723451,776.381249
2705,1101.944022,866.096402
2706,1065.488467,924.014367
2707,1021.526344,957.948761
2708,1007.651187,946.419475
2709,978.721028,917.102028
2710,921.595677,869.621659
2711,859.240353,814.581754
2712,776.188469,739.04382
2713,708.180473,675.679661
2714,659.380518,631.97101
2715,627.08158,599.900902
2716,620.63472,592.801882
2717,644.234685,616.586655
2718,683.401534,653.94484
2719,741.386222,699.246842
2720,797.889562,662.13542
2721,877.423488,644.415263
2722,943.851503,616.955357
2723,983.780069,603.507631
2724,1015.671172,609.711794
2725,1020.448199,604.508712
2726,1024.520956,588.792795
2727,1021.667047,623.647017
2728,1018.423314,702.662023
2729,1026.512317,779.114634
2730,1007.641444,866.198678
2731,981.819319,920.629485
2732,979.733042,924.204936
2733,955.141879,898.620937
2734,905.659408,856.414422
2735,846.980013,804.210131
2736,772.363663,736.042616
2737,699.293623,667.189697
2738,653.311577,622.338651
2739,625.071019,597.443056
2740,615.593891,588.192783
2741,632.406624,605.223455
2742,662.065833,633.775871
2743,705.227581,669.003287
2744,749.44581,626.935526
2745,826.457023,567.087898
2746,892.118162,518.490361
2747,928.386926,489.542483
2748,967.968817,510.516182
2749,982.690125,530.867254
2750,991.77405,515.148062
2751,1013.904234,578.139755
2752,1015.110288,641.993112
2753,1031.044288,759.280602
2754,1021.641721,867.858301
2755,999.135997,934.718055
2756,1000.68028,941.069053
2757,979.239868,920.961679
2758,920.967807,869.249852
2759,839.657361,795.248815
2760,754.234998,716.683329
2761,686.80079,654.182489
2762,643.244321,612.184851
2763,621.299066,593.449566
2764,618.156399,590.085146
2765,663.810719,635.01358
2766,746.234024,713.850088
2767,854.311307,809.352844
2768,913.624548,787.776266
2769,973.884125,733.188689
2770,1026.582024,675.97196
2771,1056.472678,639.142993
2772,1084.522223,642.586142
2773,1096.610726,657.172087
2774,1105.796639,664.298982
2775,1114.269709,717.076769
2776,1105.469985,767.648434
2777,1101.583039,860.00375
2778,1077.405198,933.97438
2779,1045.388594,979.110975
2780,1049.912226,989.791292
2781,1013.806712,955.308812
2782,934.405025,883.848045
2783,847.150934,803.856961
2784,757.702695,721.035647
2785,686.234195,653.23993
2786,641.567971,610.342433
2787,614.867199,586.693073
2788,614.219748,586.552928
2789,657.486005,630.130035
2790,738.295344,706.386168
2791,848.786021,806.050604
2792,911.184473,783.797559
2793,970.221422,733.365261
2794,1016.480781,682.16054
2795,1047.850393,647.510628
2796,1071.711989,651.711978
2797,1085.889952,679.447578
2798,1094.141902,693.467765
2799,1101.987341,739.554827
2800,1093.90343,790.177645
2801,1093.473694,871.95699
2802,1068.799513,935.726685
2803,1039.97046,979.782767
2804,1039.838518,982.885937
2805,998.43247,939.077118
2806,926.954829,873.931463
2807,844.267979,798.793425
2808,751.356797,712.044358
2809,661.861801,627.303357
2810,620.9297,591.685878
2811,597.544169,569.45737
2812,597.101832,568.734345
2813,642.001157,613.880977
2814,724.320882,691.702874
2815,836.385873,787.158803
2816,887.591047,761.705626
2817,932.982491,706.224073
2818,979.479242,652.131523
2819,1012.550703,637.6624
2820,1031.019577,627.072485
2821,1046.080426,632.996525
2822,1053.652387,649.207062
2823,1076.379696,705.062291
2824,1062.908996,741.069643
2825,1062.874875,832.659493
2826,1038.043323,906.467278
2827,1002.639495,936.98853
2828,1003.279685,944.066461
2829,970.335838,909.448359
2830,898.985455,846.122151
2831,826.608294,779.863441
2832,730.161047,691.158163
2833,670.204592,638.658896
2834,626.476608,597.98241
2835,601.33572,572.985595
2836,601.469385,572.789831
2837,648.150271,619.81558
2838,725.318232,692.297871
2839,834.579461,785.918659
2840,887.219373,750.166296
2841,942.436319,694.257941
2842,983.362406,635.312436
2843,1015.671666,625.030987
2844,1039.712681,607.885579
2845,1053.137276,641.780764
2846,1058.503727,647.216504
2847,1073.116337,704.976919
2848,1062.891911,763.365577
2849,1066.976289,845.406065
2850,1043.35286,902.742268
2851,1006.652231,938.290135
2852,1010.542296,951.167397
2853,980.197153,919.637205
2854,904.922871,851.136307
2855,825.526729,779.224005
2856,737.376215,698.102791
2857,673.536521,639.749505
2858,631.29898,602.610449
2859,607.843514,579.332492
2860,607.967552,579.115941
2861,653.25356,624.800571
2862,728.56249,695.295225
2863,832.618487,787.113194
2864,885.82337,768.755498
2865,938.834883,719.784127
2866,986.667042,691.768517
2867,1016.945889,672.012441
2868,1041.1764,645.776264
2869,1050.463417,650.629414
2870,1062.614432,660.893441
2871,1076.354233,668.011453
2872,1069.930937,733.661494
2873,1064.046917,810.010148
2874,1030.144756,870.699789
2875,989.378675,906.328786
2876,977.299301,901.033517
2877,949.177314,886.190765
2878,892.294463,838.683869
2879,831.967574,785.812346
2880,750.725241,711.052753
2881,679.320068,643.259005
2882,635.904082,602.701369
2883,606.304937,576.749568
2884,598.939806,569.473418
2885,615.595299,587.294366
2886,656.556417,625.9073
2887,706.039138,643.891777
2888,760.810889,610.249812
2889,842.991351,579.194986
2890,910.061632,532.955649
2891,953.393768,533.496972
2892,975.910577,526.076586
2893,974.442969,516.936184
2894,989.304483,528.015963
2895,983.203757,579.005461
2896,980.063247,643.003999
2897,975.280951,745.678274
2898,959.965695,830.253148
2899,941.37028,880.387881
2900,946.724653,888.98719
2901,921.535878,860.834981
2902,880.419525,826.625248
2903,819.360756,772.215759
2904,748.332259,708.241147
2905,684.670106,648.983727
2906,643.513783,611.831187
2907,617.590198,588.241839
2908,606.587046,577.400628
2909,616.934022,589.085954
2910,648.915306,619.729778
2911,683.498422,642.837948
2912,728.591142,598.387399
2913,809.615308,579.877991
2914,876.953364,550.922884
2915,916.083355,526.36851
2916,948.606989,521.915197
2917,957.087688,532.40152
2918,978.484594,543.187852
2919,996.963263,592.787699
2920,1000.36409,659.533955
2921,1002.561131,741.258122
2922,995.481013,848.866226
2923,978.452284,915.979777
2924,986.451891,927.918615
2925,963.957377,904.971514
2926,913.643709,860.493556
2927,828.014217,782.150116
2928,744.756981,705.32535
2929,671.495469,635.873944
2930,632.908579,599.891321
2931,613.432904,582.974905
2932,609.031517,579.210693
2933,649.055419,619.958226
2934,735.249991,700.247737
2935,836.262169,788.125417
2936,896.231131,762.213165
2937,959.812085,730.121728
2938,1013.743699,702.533805
2939,1046.309236,671.187798
2940,1066.968275,637.066083
2941,1072.761338,645.329547
2942,1094.262607,689.205199
2943,1098.840747,724.788618
2944,1092.106974,775.926632
2945,1074.095231,838.548921
2946,1052.174351,908.380836
2947,1025.254684,957.735332
2948,1036.455739,972.281512
2949,998.903375,934.249929
2950,927.018336,871.723206
2951,835.253801,787.04512
2952,747.85571,707.944547
2953,691.629029,657.010592
2954,650.991826,621.440114
2955,626.171435,596.936597
2956,623.51259,593.947701
2957,662.003121,631.752784
2958,747.445333,711.979082
2959,851.252579,800.078373
2960,918.514148,785.427561
2961,982.986325,782.462166
2962,1031.825619,734.796139
2963,1065.244726,695.322649
2964,1084.569349,738.556475
2965,1092.206838,743.250165
2966,1114.62112,717.383591
2967,1117.076636,747.505027
2968,1113.78019,812.686807
2969,1097.767277,883.911925
2970,1073.205831,945.156834
2971,1046.963323,980.522915
2972,1051.746885,990.549588
2973,1008.177114,946.289151
2974,944.193755,890.131493
2975,855.437735,808.165101
2976,762.964608,722.960193
2977,695.515129,658.443269
2978,657.493825,624.432121
2979,635.172622,605.221862
2980,631.684214,601.457407
2981,673.147147,643.018938
2982,761.550691,726.313452
2983,867.366297,819.466963
2984,929.013303,805.262234
2985,982.473594,751.317838
2986,1033.586728,708.220533
2987,1067.769481,676.251635
2988,1085.731984,642.361584
2989,1093.798114,652.054459
2990,1118.296965,668.050541
2991,1133.958868,714.733491
2992,1129.001131,780.509175
2993,1111.110597,854.446322
2994,1083.32287,934.525971
2995,1046.498976,981.459391
2996,1050.007916,988.585134
2997,1014.158861,951.942087
2998,950.007397,895.967483
2999,869.509566,822.135391
3000,771.285921,730.197244
3001,692.520659,655.883989
3002,652.102934,617.806332
3003,628.332609,595.964564
3004,625.844023,595.175081
3005,668.599527,638.102305
3006,751.124168,715.558187
3007,853.888208,803.536156
3008,914.658642,781.832078
3009,977.018745,724.667406
3010,1021.64689,669.92298
3011,1055.4198,601.984118
3012,1077.414668,595.867166
3013,1083.971463,613.656297
3014,1105.100289,635.107163
3015,1113.223527,673.356732
3016,1110.060309,749.756871
3017,1097.28965,827.020785
3018,1071.987468,921.124848
3019,1035.338881,964.687998
3020,1043.033086,979.970956
3021,1010.246371,946.309518
3022,942.19619,885.335616
3023,855.441082,806.520333
3024,766.633236,725.467375
3025,689.304999,654.825784
3026,650.666184,620.182223
3027,628.832685,598.659678
3028,626.570739,596.051141
3029,667.57523,637.172923
3030,747.889375,712.661478
3031,845.23625,795.117275
3032,905.237065,776.098752
3033,964.59081,728.227602
3034,1015.782244,678.934124
3035,1047.700846,662.07995
3036,1068.96896,651.766285
3037,1071.420534,631.892731
3038,1098.861942,637.712581
3039,1106.608187,678.682137
3040,1106.476865,752.242958
3041,1083.967064,834.585172
3042,1048.691502,906.281341
3043,1008.72369,939.131143
3044,1000.474478,938.95888
3045,970.163282,905.068228
3046,921.145203,865.539884
3047,854.554027,807.065709
3048,773.337788,732.586492
3049,712.619286,676.025224
3050,667.785979,637.22143
3051,637.222688,607.690225
3052,628.652457,599.266392
3053,646.782667,618.583787
3054,689.307735,659.056114
3055,739.25038,694.34268
3056,800.67713,673.319687
3057,886.290965,646.465408
3058,955.76718,643.952077
3059,997.988925,629.129737
3060,1025.30209,644.354003
3061,1023.329849,672.157328
3062,1041.354025,698.238937
3063,1032.844279,719.62255
3064,1034.150467,787.887748
3065,1026.784084,823.829626
3066,1008.017186,866.277659
3067,985.076974,915.075996
3068,987.986889,921.194117
3069,961.694546,901.026805
3070,920.255784,866.563743
3071,856.444625,809.328895
3072,782.957942,743.625241
3073,684.778221,649.256479
3074,643.617296,610.827056
3075,617.69058,587.334765
3076,606.683516,577.83003
3077,617.03528,589.602602
3078,649.021641,619.498879
3079,683.606251,634.439215
3080,728.720578,603.040741
3081,809.755892,573.965633
3082,877.101759,538.180144
3083,916.228145,513.92748
3084,948.767351,528.698699
3085,957.246412,518.111382
3086,978.653586,526.918359
3087,997.124433,571.322253
3088,1000.539697,659.287434
3089,1002.728349,754.63298
3090,995.637024,858.714098
3091,978.594189,913.835052
3092,986.585859,927.812023
3093,964.087763,904.525506
3094,913.773048,860.346644
3095,828.134619,780.822535
3096,744.869402,705.303571
3097,689.766793,654.174851
3098,650.402217,619.332967
3099,630.397514,601.215475
3100,625.334887,595.838146
3101,666.167968,637.003026
3102,753.220681,718.514412
3103,854.48522,809.600685
3104,918.105789,811.14251
3105,983.570639,766.775619
3106,1038.822392,696.836157
3107,1070.778657,657.252553
3108,1094.069462,641.379715
3109,1099.585632,642.614016
3110,1122.822258,656.820311
3111,1126.078565,694.037695
3112,1121.784702,765.481054
3113,1102.355067,828.762285
3114,1078.540267,913.601012
3115,1049.236603,968.304427
3116,1059.096381,988.246163
3117,1020.938488,956.818665
3118,948.876544,893.39335
3119,855.601768,808.104972
3120,766.854866,727.294953
3121,690.980343,655.589198
3122,650.37075,616.879334
3123,625.569141,595.957619
3124,622.933773,593.152563
3125,661.395575,631.816146
3126,746.807321,711.281715
3127,850.605607,782.224025
3128,917.737533,765.10462
3129,982.142826,721.758445
3130,1030.935251,668.490705
3131,1064.375989,637.801254
3132,1083.607177,638.851176
3133,1091.254496,646.904208
3134,1113.607168,658.584543
3135,1116.109613,683.434051
3136,1112.726543,750.091395
3137,1096.763969,842.957541
3138,1072.269763,917.053746
3139,1046.111894,973.321258
3140,1050.943075,989.012445
3141,1007.394802,944.908339
3142,943.417724,889.307528
3143,854.715322,807.118542
3144,762.290082,722.193408
3145,645.566301,608.64446
3146,609.670979,575.775982
3147,588.795996,557.054565
3148,587.115237,556.550898
3149,626.366094,596.302886
3150,712.423714,677.165682
3151,817.549434,763.763314
3152,869.213941,720.805233
3153,917.524174,653.004618
3154,965.028407,612.070734
3155,1000.876745,578.967169
3156,1011.644715,537.627975
3157,1020.467794,542.165166
3158,1040.222653,556.015287
3159,1059.498087,617.847714
3160,1047.870302,688.673458
3161,1033.855898,769.373781
3162,1011.245632,859.834778
3163,980.938935,908.113282
3164,988.114561,926.006528
3165,953.92086,891.769314
3166,890.253008,835.606032
3167,813.883762,765.349299
3168,719.347397,678.206238
3169,657.13123,619.898151
3170,618.219792,584.443144
3171,595.474133,564.598638
3172,594.266292,563.401725
3173,635.45451,605.066958
3174,716.317032,680.417251
3175,818.592278,763.767867
3176,872.289974,724.418557
3177,931.00119,654.023225
3178,973.07238,616.05363
3179,1008.02538,572.412415
3180,1024.922823,557.36388
3181,1032.015926,573.861531
3182,1049.783568,571.298483
3183,1060.467043,615.319779
3184,1052.578005,682.210037
3185,1042.553636,773.860407
3186,1020.919757,861.046811
3187,988.888693,915.326379
3188,999.180796,936.272736
3189,967.566921,903.049608
3190,899.859386,843.614534
3191,816.029438,767.37535
3192,729.83408,689.174301
3193,655.82559,618.688233
3194,618.611765,586.599561
3195,597.747631,567.430552
3196,596.697305,566.157581
3197,636.219098,605.8441
3198,714.960832,679.607946
3199,811.845293,759.584231
3200,865.155097,729.701017
3201,921.05689,682.24149
3202,969.829373,640.712107
3203,1002.864373,629.519368
3204,1019.310177,619.500691
3205,1022.269115,617.670372
3206,1046.530747,605.170286
3207,1056.699048,646.371701
3208,1052.096966,703.323968
3209,1032.185234,771.754094
3210,1000.379992,844.627972
3211,964.780487,891.850449
3212,958.988961,896.548628
3213,929.787305,864.134708
3214,881.09338,825.204144
3215,817.269488,768.611236
3216,738.524737,697.725236
3217,695.681372,660.125918
3218,651.568997,621.471025
3219,621.496126,591.903474
3220,613.538879,583.963825
3221,630.918962,602.570341
3222,672.648515,642.368607
3223,722.357216,676.778602
3224,780.398848,632.725909
3225,864.266269,601.538075
3226,932.518687,574.922174
3227,975.305241,541.677006
3228,1000.178702,548.540231
3229,998.463146,534.730042
3230,1014.878609,535.492988
3231,1007.59423,569.868299
3232,1006.63857,633.858302
3233,1000.586603,725.774989
3234,983.57541,834.572666
3235,962.845214,899.615293
3236,966.998522,907.776334
3237,941.267518,880.021712
3238,899.992752,844.133826
3239,837.581618,789.214412
3240,765.345311,724.774857
3241,709.968863,675.016204
3242,667.735744,638.175489
3243,641.079658,612.025007
3244,629.160944,600.196939
3245,640.628322,613.092895
3246,673.7978,644.485959
3247,708.73034,660.639065
3248,758.87913,629.512005
3249,842.511768,607.716002
3250,911.677709,567.524462
3251,949.964092,525.830103
3252,986.13171,522.489222
3253,994.229019,547.439214
3254,1018.028726,545.644479
3255,1034.677165,588.993732
3256,1041.456328,673.006171
3257,1041.690135,767.920387
3258,1031.987665,864.739422
3259,1011.658019,938.46328
3260,1017.800473,957.999245
3261,994.467534,934.7182
3262,943.908919,890.474243
3263,856.188325,809.314524
3264,771.063505,731.28176
3265,677.549872,642.147563
3266,638.705287,606.295652
3267,619.054313,589.46187
3268,614.433817,584.458703
3269,654.725849,625.056159
3270,741.204776,706.666186
3271,842.300576,791.332881
3272,903.479538,779.444351
3273,967.684742,743.515407
3274,1022.053799,710.48515
3275,1054.417446,649.437775
3276,1075.94855,629.985192
3277,1081.649862,632.345457
3278,1103.72616,646.939019
3279,1107.866296,693.32673
3280,1101.941014,766.810397
3281,1083.459437,812.741246
3282,1060.910986,900.112249
3283,1033.201355,960.424948
3284,1043.957963,979.956303
3285,1006.204951,942.298887
3286,934.261293,878.685931
3287,841.996323,793.703421
3288,754.151288,714.019939
3289,683.880835,649.23078
3290,643.573419,614.072841
3291,618.977369,589.78209
3292,616.598932,587.107788
3293,654.74632,625.492057
3294,739.824626,705.767466
3295,843.524855,791.376891
3296,909.237912,771.978715
3297,972.911198,723.5399
3298,1021.19067,675.881945
3299,1054.868147,624.701055
3300,1073.076735,610.652212
3301,1080.831644,613.809666
3302,1102.510025,617.695956
3303,1105.526082,664.065952
3304,1101.194961,740.946122
3305,1085.783323,825.532542
3306,1062.025018,903.868943
3307,1036.793475,961.071967
3308,1042.145823,979.411164
3309,998.832835,936.51374
3310,934.924496,880.242202
3311,846.808912,799.039214
3312,754.907767,714.644427
3313,677.423995,640.634358
3314,640.172707,606.47102
3315,618.375316,588.258216
3316,615.541626,585.15556
3317,656.20336,626.103312
3318,743.757226,708.825679
3319,849.32296,792.566625
3320,907.354371,741.55675
3321,958.949345,678.53063
3322,1008.755359,629.706957
3323,1043.541376,595.600684
3324,1058.898067,592.088415
3325,1067.238359,604.93907
3326,1090.018967,599.881718
3327,1106.989668,666.502938
3328,1099.616083,732.75219
3329,1083.129458,810.238392
3330,1057.216973,892.00882
3331,1022.753565,946.926084
3332,1027.590554,964.372286
3333,992.341057,929.173495
3334,928.364754,873.589561
3335,849.362269,800.869299
3336,752.474132,711.098196
3337,683.294901,646.743297
3338,643.269854,610.045202
3339,619.766652,589.345491
3340,617.611946,586.736406
3341,659.958871,629.302177
3342,742.05021,706.34102
3343,844.686825,788.973307
3344,903.61345,748.894352
3345,965.022315,687.305376
3346,1008.983881,643.774752
3347,1043.064432,611.238512
3348,1063.73044,635.596589
3349,1070.427046,651.588729
3350,1090.679636,641.979628
3351,1099.470309,674.442214
3352,1095.075106,734.507391
3353,1083.020383,812.836272
3354,1058.674501,902.730763
3355,1023.229667,951.84484
3356,1031.601124,969.207709
3357,999.12016,935.779464
3358,931.159304,874.895451
3359,845.166763,796.43498
3360,757.039973,715.973432
3361,676.29524,639.868001
3362,638.210161,607.919333
3363,616.753348,586.774611
3364,614.962224,584.46096
3365,655.390554,625.424755
3366,735.093677,700.116783
3367,832.260862,773.598857
3368,889.661618,728.806658
3369,947.673969,668.251765
3370,997.925424,642.420629
3371,1030.277846,607.722495
3372,1049.672059,605.624797
3373,1052.32079,611.406399
3374,1078.52657,594.290072
3375,1087.214,654.631296
3376,1085.345386,728.367267
3377,1063.845169,842.426453
3378,1029.918138,881.466678
3379,991.647806,915.008428
3380,984.353626,922.141715
3381,954.473586,888.725301
3382,905.58147,850.958783
3383,840.065632,791.51035
3384,759.809789,719.104861
3385,710.529076,676.557458
3386,665.784735,635.733309
3387,635.281963,605.670363
3388,626.787377,597.330392
3389,644.825018,616.627089
3390,687.251916,657.116243
3391,737.165692,684.279287
3392,798.174704,646.118376
3393,883.573023,611.626086
3394,952.898217,588.512263
3395,995.189662,570.344024
3396,1022.201757,592.159083
3397,1020.261192,597.949432
3398,1038.086846,629.217826
3399,1029.728315,666.984252
3400,1030.755382,739.258972
3401,1023.551204,780.357575
3402,1005.000967,862.989403
3403,982.33348,913.887836
3404,985.396835,929.146695
3405,959.173764,898.696687
3406,917.75524,863.073971
3407,854.11685,806.547816
3408,780.784468,740.876983
3409,721.176717,687.694382
3410,678.466556,649.084338
3411,651.485957,622.634483
3412,639.16163,610.54179
3413,651.125369,623.968297
3414,684.821242,656.985195
3415,719.908582,671.375456
3416,772.297313,630.090326
3417,857.085556,605.778785
3418,927.061286,582.004745
3419,964.973933,539.36264
3420,1002.75591,537.70717
3421,1010.683369,553.780658
3422,1035.547566,560.104002
3423,1051.385176,613.21236
3424,1059.661009,686.010557
3425,1059.025064,777.837223
3426,1048.16084,888.072127
3427,1026.368822,960.304558
3428,1031.68852,975.248336
3429,1007.984142,949.005945
3430,957.31701,904.015993
3431,868.670017,821.633853
3432,782.717821,742.982342
3433,667.819581,630.788912
3434,629.389148,597.448764
3435,610.019906,579.829267
3436,605.751549,575.282833
3437,645.612657,615.444899
3438,731.634586,696.6086
3439,832.595993,775.799826
3440,891.830312,748.138538
3441,955.032257,737.916052
3442,1008.698282,704.671376
3443,1041.386394,664.118874
3444,1061.515965,638.021283
3445,1067.364734,648.725457
3446,1088.516879,647.26122
3447,1093.360949,678.251615
3448,1086.136307,736.890918
3449,1068.40982,822.046111
3450,1046.869966,889.986294
3451,1020.429919,944.548406
3452,1031.900816,968.817358
3453,994.470275,930.722825
3454,922.620827,866.717605
3455,831.160127,782.294669
3456,744.033394,702.953301
3457,654.798076,619.630816
3458,615.728515,584.633188
3459,591.974528,562.605824
3460,590.648598,561.025428
3461,627.508002,598.154096
3462,711.220391,676.96511
3463,814.518933,757.811898
3464,874.419669,715.141706
3465,935.094328,659.65505
3466,981.272514,607.739447
3467,1015.919779,578.080507
3468,1029.939342,578.348552
3469,1038.134986,625.746899
3470,1057.051172,672.124048
3471,1062.171211,696.507587
3472,1053.956448,775.670872
3473,1040.801691,825.090827
3474,1020.057969,880.332853
3475,998.62107,926.678071
3476,1006.10835,946.329972
3477,963.759193,902.402228
3478,900.132438,845.946787
3479,814.420728,767.208313
3480,724.666505,684.991661
3481,671.045249,634.690307
3482,634.065461,601.826847
3483,612.45276,583.492748
3484,609.849917,580.716572
3485,650.229156,621.3323
3486,737.483435,703.763633
3487,842.961066,781.620205
3488,899.717656,745.596565
3489,950.654939,674.494091
3490,1000.000076,637.184487
3491,1034.998797,635.785689
3492,1049.436706,666.266982
3493,1057.873665,726.979713
3494,1080.048438,756.17972
3495,1097.480607,805.018777
3496,1089.25522,847.516287
3497,1073.263598,885.452016
3498,1048.012304,915.457736
3499,1014.381178,943.909807
3500,1019.686424,958.457133
3501,984.648325,922.916932
3502,920.733782,868.344063
3503,842.258541,794.772057
3504,745.841291,706.107977
3505,693.061231,656.940909
3506,652.620497,621.989461
3507,628.83452,599.065792
3508,626.326371,596.147602
3509,669.105815,639.144674
3510,751.655845,716.458326
3511,854.427352,795.332038
3512,915.305821,757.479067
3513,977.721661,712.06776
3514,1022.388863,664.709372
3515,1056.143747,663.737647
3516,1078.216479,703.467549
3517,1084.765081,740.968915
3518,1105.945249,765.930152
3519,1114.02938,758.715773
3520,1110.938349,823.266106
3521,1098.125739,904.46178
3522,1072.767525,952.53041
3523,1036.048405,968.732797
3524,1043.702927,984.184249
3525,1010.898298,948.955648
3526,942.842882,887.705256
3527,856.043093,807.508199
3528,767.195341,725.915347
3529,691.575401,654.658048
3530,652.83995,621.779624
3531,630.940714,600.136742
3532,628.596601,598.239037
3533,669.701641,640.317958
3534,750.12242,716.909133
3535,847.500653,788.188275
3536,907.955218,754.204002
3537,967.543056,704.133929
3538,1018.898532,687.155653
3539,1050.741425,659.376113
3540,1072.336563,674.258749
3541,1074.75373,692.85067
3542,1102.410775,723.315868
3543,1109.992768,801.313885
3544,1110.16463,855.837591
3545,1087.478641,890.071545
3546,1051.96774,919.423604
3547,1011.703691,944.575825
3548,1003.287813,945.133244
3549,972.901373,909.785816
3550,923.861312,867.721103
3551,857.082473,808.330629
3552,775.69863,734.160297
3553,702.852957,669.474457
3554,658.435336,627.711161
3555,628.154819,597.950859
3556,619.938033,590.67701
3557,637.635722,609.983932
3558,679.7021,650.863946
3559,729.509853,677.667942
3560,788.984759,641.791158
3561,873.591619,612.962034
3562,942.362198,603.308366
3563,984.90961,594.125243
3564,1010.816051,599.86261
3565,1008.991814,629.161073
3566,1026.088413,670.114047
3567,1018.285208,720.724147
3568,1018.287224,778.22901
3569,1011.678728,817.349179
3570,993.924162,859.679596
3571,972.258236,905.959614
3572,975.885086,922.405299
3573,949.916409,891.48747
3574,908.572206,855.084773
3575,845.568295,798.171042
3576,772.802574,732.035674
3577,702.508973,665.932376
3578,660.593371,629.86762
3579,634.153279,604.123435
3580,622.504538,593.11267
3581,633.641541,605.731407
3582,666.460654,636.561638
3583,701.290159,651.01385
3584,749.948057,607.440716
3585,832.81153,578.731218
3586,901.438479,564.15849
3587,939.973618,536.218367
3588,975.066728,574.067269
3589,983.277088,583.3235
3590,1006.368277,606.493923
3591,1023.556399,642.968561
3592,1029.339386,710.1725
3593,1030.152095,785.759519
3594,1021.222883,870.501033
3595,1001.866584,935.797623
3596,1008.55666,953.145509
3597,985.47095,928.052468
3598,934.984562,881.776477
3599,847.880575,801.174104
3600,763.306453,722.883391
3601,703.675997,667.114948
3602,662.726938,629.526572
3603,636.983848,607.089773
3604,622.475092,593.254683
3605,645.513749,617.846184
3606,697.549954,668.672679
3607,754.372787,704.836657
3608,812.621444,676.745558
3609,900.338995,677.973219
3610,974.860345,688.820073
3611,1028.611835,677.972901
3612,1061.895331,677.220879
3613,1054.459105,658.974287
3614,1087.592967,660.953588
3615,1085.499206,719.742789
3616,1081.140796,776.657791
3617,1078.372195,851.529298
3618,1057.653822,917.446823
3619,1022.6626,960.788822
3620,1018.851579,965.432027
3621,988.13149,929.741542
3622,930.732784,876.925008
3623,859.428123,812.241876
3624,769.203426,729.333182
3625,749.597583,713.033959
3626,704.528086,674.137926
3627,671.960546,641.946077
3628,668.999308,639.339482
3629,699.063169,669.984358
3630,769.413387,735.815742
3631,863.937518,813.551012
3632,958.252225,814.823905
3633,1032.866658,785.09
3634,1074.840921,728.837756
3635,1111.502009,710.18678
3636,1133.436731,736.866261
3637,1144.852533,752.692661
3638,1166.201967,738.784824
3639,1171.335096,786.389411
3640,1166.201681,862.265962
3641,1155.755359,943.038317
3642,1132.497551,995.532208
3643,1087.551136,1018.027424
3644,1082.631049,1024.273529
3645,1046.616338,984.814439
3646,990.297376,933.957349
3647,914.218488,865.216513
3648,826.616673,784.997525
3649,735.278769,697.92552
3650,694.061844,662.90938
3651,663.577109,632.748034
3652,660.464921,630.003733
3653,692.605634,662.929011
3654,764.91796,730.992607
3655,861.184335,806.973617
3656,946.253924,808.855105
3657,1008.244774,755.092529
3658,1051.204656,694.26294
3659,1089.243053,650.357443
3660,1107.141978,645.100794
3661,1119.286531,650.594902
3662,1140.845475,652.683354
3663,1160.08026,711.923539
3664,1150.837812,767.940863
3665,1140.019228,860.407886
3666,1115.621789,953.363651
3667,1062.890714,989.406487
3668,1058.048172,998.364835
3669,1030.167653,968.192275
3670,973.869731,918.18186
3671,907.275229,858.216437
3672,815.441115,773.296061
3673,740.13937,700.930048
3674,696.295793,660.138535
3675,664.15648,631.025325
3676,661.754049,630.336364
3677,695.511518,664.774027
3678,762.535001,727.339818
3679,855.986184,803.394815
3680,941.779654,795.627538
3681,1013.236928,768.983527
3682,1050.379244,718.081397
3683,1087.797658,664.487647
3684,1110.718668,667.903398
3685,1121.283603,678.386946
3686,1140.36473,709.437689
3687,1151.774072,746.3052
3688,1145.29968,807.10576
3689,1138.827145,893.019057
3690,1116.00686,973.715527
3691,1062.443345,991.11191
3692,1061.09487,1001.049042
3693,1035.903296,972.680989
3694,975.699794,919.174062
3695,902.382859,852.976408
3696,819.075428,776.177842
3697,745.430382,707.126247
3698,702.979377,670.363546
3699,672.465584,641.1466
3700,669.988472,638.970726
3701,702.455221,672.451063
3702,767.736965,733.24701
3703,856.041663,803.583648
3704,942.833544,809.88554
3705,1012.321539,787.706237
3706,1056.472058,769.09691
3707,1091.783505,751.948953
3708,1115.184016,754.731865
3709,1121.645586,745.514369
3710,1147.640408,743.426234
3711,1158.031638,800.420413
3712,1155.613104,854.894662
3713,1139.106012,906.836539
3714,1105.863788,965.460483
3715,1047.976994,980.888607
3716,1030.5531,969.627535
3717,1007.500462,941.607501
3718,965.571292,907.90044
3719,911.056958,860.240996
3720,834.460057,791.338878
3721,755.967477,721.548675
3722,708.017055,676.481958
3723,669.406782,638.410367
3724,661.287546,630.976774
3725,671.217118,642.377551
3726,699.738967,669.589803
3727,742.178389,694.269235
3728,827.483201,696.781517
3729,920.901423,685.117103
3730,981.832136,646.310328
3731,1027.597206,637.133864
3732,1055.211764,626.078225
3733,1057.498498,608.484512
3734,1073.202978,600.76143
3735,1068.877125,644.185811
3736,1066.411362,715.070017
3737,1065.599239,828.375094
3738,1049.66295,906.211985
3739,1009.432013,940.656029
3740,1003.51618,948.100488
3741,984.675209,924.082857
3742,950.313132,894.048281
3743,899.351148,850.279941
3744,831.139042,788.569277
3745,738.864835,700.880462
3746,694.085705,662.591634
3747,659.764386,628.782917
3748,648.916969,618.57694
3749,651.722908,623.121064
3750,670.434439,640.142729
3751,698.075806,649.149866
3752,769.582364,641.702061
3753,859.692642,615.088856
3754,919.242506,580.46351
3755,961.615809,550.0082
3756,995.604934,584.379746
3757,1007.948105,612.472334
3758,1027.800042,616.450316
3759,1048.831002,698.844079
3760,1049.628695,798.068989
3761,1057.244894,838.789617
3762,1051.577292,918.605326
3763,1015.732601,950.390211
3764,1014.080967,958.825214
3765,998.681714,938.927384
3766,955.659401,899.97293
3767,882.833213,833.478186
3768,804.498266,762.164746
3769,736.626179,699.166485
3770,693.804642,662.918698
3771,665.438795,635.0039
3772,660.466211,630.221777
3773,692.24045,662.696811
3774,763.507025,729.305674
3775,855.489589,799.763769
3776,943.914173,794.485431
3777,1018.267164,755.849707
3778,1065.693816,689.965274
3779,1101.371884,650.531882
3780,1125.455542,650.686153
3781,1135.016341,656.385651
3782,1155.946334,670.765252
3783,1162.696963,701.7112
3784,1154.949999,760.358588
3785,1142.1558,856.660227
3786,1120.90837,950.890354
3787,1074.623441,999.040264
3788,1075.371282,1015.211689
3789,1045.132816,983.039673
3790,981.025561,923.710844
3791,901.549873,851.302883
3792,818.43532,776.103179
3793,736.44121,698.709021
3794,692.49825,661.386567
3795,659.367615,628.557037
3796,656.89709,626.402307
3797,686.358952,656.395824
3798,756.076462,720.94608
3799,850.419616,794.809328
3800,941.992644,786.636546
3801,1015.199517,752.180059
3802,1056.197472,692.335786
3803,1093.313542,659.980614
3804,1113.286834,675.690348
3805,1124.90289,671.107289
3806,1144.96329,658.077294
3807,1151.084686,704.126296
3808,1144.125397,768.558543
3809,1134.744575,846.972908
3810,1112.905244,945.257154
3811,1069.728845,992.51095
3812,1065.80438,1006.12276
3813,1030.236428,967.87635
3814,974.046688,917.769483
3815,899.094694,849.118828
3816,812.495942,769.888002
3817,734.23992,695.861667
3818,693.067774,657.485168
3819,662.613364,630.761747
3820,659.538731,628.255089
3821,691.633373,661.291047
3822,763.897277,728.378901
3823,860.149801,805.383123
3824,945.009569,801.231823
3825,1006.892697,756.508085
3826,1049.777861,705.844704
3827,1087.851079,681.840175
3828,1105.599894,686.096068
3829,1117.759772,688.293061
3830,1139.220066,705.13673
3831,1158.530484,771.134789
3832,1149.1483,834.350979
3833,1138.411259,909.648285
3834,1114.122378,960.317103
3835,1061.526763,988.087916
3836,1056.760417,996.42782
3837,1028.914089,966.16472
3838,972.626056,916.076142
3839,906.117796,856.018346
3840,814.360446,771.942635
3841,738.823493,700.023248
3842,695.036638,659.142762
3843,662.935737,630.910088
3844,660.580875,629.065002
3845,694.279987,663.231318
3846,761.242136,725.273963
3847,854.675775,801.206195
3848,940.20347,809.300369
3849,1011.524297,785.17274
3850,1048.571971,733.396366
3851,1086.03449,712.369604
3852,1108.765362,700.180863
3853,1119.349709,696.038589
3854,1138.305879,695.086524
3855,1149.811022,756.945395
3856,1143.159632,823.996985
3857,1136.790386,886.460995
3858,1114.107605,962.254382
3859,1060.715674,987.112532
3860,1059.463713,997.545828
3861,1034.315448,969.560703
3862,974.124472,916.494713
3863,900.916777,849.909672
3864,817.706582,774.663396
3865,767.907911,729.402053
3866,723.540115,690.973105
3867,687.228333,655.514592
3868,675.290422,643.912169
3869,691.046017,660.205185
3870,723.012409,687.729519
3871,768.493636,717.803695
3872,851.782092,712.41904
3873,943.649446,691.482153
3874,1007.028202,649.903674
3875,1063.091419,621.781457
3876,1097.239407,628.768769
3877,1091.272801,629.411197
3878,1127.654542,661.352995
3879,1132.206695,695.685723
3880,1131.03113,756.802687
3881,1130.013084,839.686818
3882,1098.882656,923.772505
3883,1034.134893,954.852813
3884,1002.732284,941.527544
3885,986.555947,921.652642
3886,958.809254,901.806849
3887,924.836107,873.726047
3888,846.179387,802.595619
3889,759.63569,721.330578
3890,710.967718,679.051918
3891,673.197511,641.768658
3892,664.930561,634.200715
3893,675.041346,645.675956
3894,703.753653,673.130494
3895,746.247554,693.835204
3896,832.377667,686.347339
3897,926.219593,672.682846
3898,987.444195,645.235652
3899,1033.072306,619.241923
3900,1061.277294,613.79406
3901,1063.503748,616.010449
3902,1079.596253,627.189675
3903,1074.972912,649.267727
3904,1073.056773,731.130304
3905,1071.923914,820.736167
3906,1055.560634,904.771976
3907,1014.796887,946.099479
3908,1008.581351,953.425886
3909,989.605896,928.764286
3910,955.204921,898.796934
3911,903.903719,853.864123
3912,835.38967,792.897416
3913,750.430694,712.989903
3914,705.153019,673.247032
3915,670.494077,639.10444
3916,659.228552,628.50359
3917,662.547419,633.457757
3918,681.798044,650.560401
3919,709.593611,657.396125
3920,783.43619,633.390002
3921,874.745766,619.227045
3922,935.127486,572.580939
3923,977.113125,540.6494
3924,1012.773469,550.829808
3925,1024.946016,563.071753
3926,1045.896262,577.747821
3927,1066.085178,636.940273
3928,1068.438589,714.069317
3929,1075.14694,807.35034
3930,1068.270737,918.946263
3931,1030.917921,957.74411
3932,1028.417976,971.280182
3933,1012.638067,952.218417
3934,969.50565,913.558864
3935,895.719303,846.00472
3936,816.529705,774.141141
3937,739.465701,703.237056
3938,696.521767,665.145971
3939,668.073031,636.919206
3940,662.997798,632.017781
3941,694.897965,664.505012
3942,766.296892,731.152595
3943,858.317313,807.757752
3944,947.315412,798.71504
3945,1021.962841,774.614648
3946,1069.593721,728.067067
3947,1105.176614,684.187784
3948,1129.670572,673.554881
3949,1139.189481,678.231416
3950,1160.389118,686.679818
3951,1166.933018,732.618064
3952,1159.567997,803.745491
3953,1146.550913,886.740071
3954,1125.006761,970.118965
3955,1078.351574,1006.920648
3956,1078.891146,1017.176767
3957,1048.559226,985.763823
3958,984.424939,927.388343
3959,904.713524,854.952215
3960,821.389147,779.561062
3961,734.779051,698.126299
3962,690.907737,659.741326
3963,657.825623,626.952399
3964,655.415186,624.836335
3965,684.803334,654.991379
3966,754.443369,718.915453
3967,848.764362,797.206898
3968,940.001675,811.34727
3969,1013.036194,791.517679
3970,1053.9146,751.36758
3971,1091.086383,696.563356
3972,1110.819499,716.324556
3973,1122.460076,742.82219
3974,1142.362636,735.378034
3975,1148.605044,735.830777
3976,1141.422179,776.257098
3977,1132.171826,862.123257
3978,1110.506186,949.615926
3979,1067.546523,995.752953
3980,1063.743971,1003.893987
3981,1028.230724,965.230784
3982,972.056808,915.213366
3983,897.242801,847.164069
3984,810.766873,767.581687
3985,724.890273,686.540198
3986,684.121144,651.37755
3987,653.939662,622.509086
3988,651.20302,619.884168
3989,682.88302,651.85885
3990,754.711129,718.58568
3991,850.839001,797.43214
3992,933.810368,788.62983
3993,994.724003,742.069088
3994,1036.93671,689.574817
3995,1075.323308,643.533074
3996,1091.721138,629.182399
3997,1104.018946,638.149952
3998,1124.591386,653.738798
3999,1144.582497,730.295574
4000,1133.942697,790.448934
4001,1123.939546,874.500544
4002,1100.627676,956.920631
4003,1049.251205,976.205846
4004,1045.170619,985.243565
4005,1017.632008,954.174988
4006,961.432981,904.32035
4007,895.700897,845.94865
4008,804.634433,762.479825
4009,722.825209,684.144726
4010,679.727959,643.968279
4011,648.094068,615.92421
4012,646.317546,614.378103
4013,679.307161,647.560567
4014,745.523617,709.343488
4015,838.743962,787.03605
4016,921.040393,802.439949
4017,990.70231,792.661878
4018,1026.599334,747.077168
4019,1064.598082,720.422444
4020,1085.017269,675.485057
4021,1095.837629,659.067405
4022,1113.274581,669.003632
4023,1125.944467,714.242429
4024,1117.141155,751.806862
4025,1112.027676,828.552617
4026,1091.016672,929.311782
4027,1039.71083,966.989484
4028,1039.632281,978.509894
4029,1015.010553,951.259375
4030,954.971876,897.155636
4031,883.092305,831.976533
4032,801.064292,758.066857
4033,741.482753,703.322513
4034,699.20191,664.75657
4035,668.803354,637.068492
4036,666.468949,635.085188
4037,698.760627,667.927309
4038,763.85837,728.856332
4039,852.110437,804.37158
4040,938.104992,811.105705
4041,1007.183646,780.246111
4042,1051.050239,725.057264
4043,1086.494002,681.841659
4044,1109.324097,673.326963
4045,1115.843904,649.050628
4046,1141.463854,662.118244
4047,1152.142488,700.056256
4048,1149.19296,782.030326
4049,1132.995733,874.79866
4050,1100.166025,940.993095
4051,1042.793981,966.969611
4052,1025.65963,965.271998
4053,1002.736916,938.083988
4054,960.845326,904.124502
4055,906.658712,856.889003
4056,830.353518,788.504758
4057,746.167662,708.192955
4058,698.639661,663.311482
4059,660.315457,628.630587
4060,652.550486,622.026586
4061,662.045451,632.968694
4062,690.110523,659.524145
4063,732.419291,687.763369
4064,815.74478,670.655788
4065,908.14683,655.890451
4066,968.372707,606.328524
4067,1014.466246,585.167389
4068,1040.664772,586.695637
4069,1043.096077,594.114555
4070,1057.869954,583.332386
4071,1054.257568,610.711852
4072,1050.473637,692.303638
4073,1050.43074,764.26831
4074,1035.518504,861.046762
4075,996.56541,918.852366
4076,991.368355,931.598503
4077,972.849916,911.820186
4078,938.581131,882.869937
4079,888.432694,839.298342
4080,820.944738,779.043381
4081,722.312497,684.735454
4082,678.246856,642.599368
4083,644.40872,612.701907
4084,634.159672,603.828173
4085,636.231542,607.342394
4086,654.171556,623.352501
4087,681.592242,628.980048
4088,749.75563,619.172631
4089,838.149547,619.661987
4090,896.508912,582.80676
4091,939.437015,536.714779
4092,971.034397,558.534439
4093,983.621753,572.830548
4094,1001.90186,563.807775
4095,1024.1379,588.785626
4096,1022.709145,647.108989
4097,1031.624602,737.525898
4098,1027.686673,858.052771
4099,994.000316,918.785373
4100,993.562732,935.515002
4101,978.708252,919.576335
4102,935.843511,880.075359
4103,864.391444,815.126028
4104,787.279619,745.226763
4105,720.420124,682.908173
4106,678.297149,643.997411
4107,650.404378,619.234304
4108,646.017645,615.03462
4109,677.073172,646.852144
4110,747.58437,712.976667
4111,839.350868,790.143105
4112,924.502225,776.845468
4113,997.174761,737.306988
4114,1043.43582,691.935966
4115,1079.657081,663.558458
4116,1101.399033,662.657461
4117,1111.198909,668.524465
4118,1130.589955,660.688214
4119,1138.520453,692.451834
4120,1128.59362,747.84148
4121,1117.071497,815.112926
4122,1097.517555,919.026108
4123,1053.345807,968.724775
4124,1055.282299,989.439819
4125,1025.577209,961.574676
4126,961.62423,904.350723
4127,883.493915,832.704546
4128,801.576897,759.107989
4129,731.939528,694.777176
4130,688.190613,653.21784
4131,655.191388,622.816631
4132,652.8836,622.561278
4133,682.145819,652.40691
4134,751.653502,717.204425
4135,845.936638,790.734396
4136,936.600436,782.543529
4137,1009.340516,737.757977
4138,1050.014695,682.294886
4139,1087.281653,649.775037
4140,1106.60447,643.308253
4141,1118.286936,633.602397
4142,1137.919851,644.991503
4143,1144.368988,691.492332
4144,1136.804181,744.333324
4145,1127.776713,840.234462
4146,1106.407796,938.389159
4147,1063.818391,985.574569
4148,1060.224107,998.595797
4149,1024.804315,962.08784
4150,968.65743,911.521177
4151,894.07915,843.577988
4152,807.813047,765.06522
4153,719.418998,681.431723
4154,678.885708,643.957403
4155,648.86394,617.628864
4156,646.325085,615.427628
4157,677.762443,647.119727
4158,749.335532,714.632185
4159,845.390459,794.75965
4160,927.256761,792.629522
4161,987.603064,749.369497
4162,1029.422258,680.648799
4163,1067.992242,644.424444
4164,1083.599496,625.030018
4165,1095.978018,631.063177
4166,1116.030899,645.918604
4167,1136.420342,683.221307
4168,1125.044603,737.838237
4169,1115.470914,820.598668
4170,1092.730777,914.902038
4171,1042.06773,962.072355
4172,1038.388441,978.108926
4173,1011.029901,948.227686
4174,954.882959,898.063977
4175,889.605082,838.807146
4176,798.942914,756.363577
4177,746.961149,708.645413
4178,702.82352,666.732223
4179,670.48507,635.159115
4180,667.836031,636.465411
4181,701.896035,671.062779
4182,769.237487,733.703105
4183,862.77962,812.752477
4184,949.950923,817.195824
4185,1022.115567,792.582437
4186,1059.748529,752.383012
4187,1096.93829,735.476643
4188,1120.84502,735.237786
4189,1131.309317,747.348752
4190,1151.038249,752.604059
4191,1161.950936,797.422058
4192,1156.394139,847.846358
4193,1149.386136,889.906734
4194,1125.852994,977.940926
4195,1071.399956,999.220434
4196,1069.55113,1007.145502
4197,1044.135037,979.05593
4198,983.866594,925.213172
4199,909.983337,857.649821
4200,826.171816,782.823339
4201,744.807072,708.64822
4202,702.382935,670.556754
4203,671.887337,640.407525
4204,669.432758,638.313419
4205,701.871864,671.529714
4206,767.124555,732.25769
4207,855.420943,804.908371
4208,942.08693,809.226482
4209,1011.510293,770.552601
4210,1055.615981,722.350436
4211,1090.94832,671.910125
4212,1114.258766,637.265091
4213,1120.729531,635.720278
4214,1146.665163,660.659871
4215,1157.101772,705.665837
4216,1154.599397,775.563935
4217,1138.141231,851.218486
4218,1104.964141,933.381435
4219,1047.158624,966.877644
4220,1029.780447,967.663098
4221,1006.748323,941.142793
4222,964.825086,907.775674
4223,910.362498,859.369675
4224,833.811657,790.527965
4225,737.33744,698.93727
4226,690.190066,654.797898
4227,652.123627,620.417652
4228,644.677869,614.27502
4229,653.781229,624.775592
4230,681.434717,651.018883
4231,723.625758,678.274832
4232,805.167757,668.291924
4233,896.654174,648.16701
4234,956.244953,636.376123
4235,1002.634463,609.185243
4236,1027.557058,601.016022
4237,1030.11863,594.886558
4238,1044.053978,594.781661
4239,1041.08447,590.533494
4240,1036.112789,665.685726
4241,1036.763011,771.070605
4242,1022.773508,866.998154
4243,984.971827,911.825725
4244,980.422435,923.531263
4245,962.194617,900.366314
4246,928.009893,871.433274
4247,878.594512,828.973914
4248,811.759059,769.001004
4249,751.157889,711.960753
4250,705.848868,669.485544
4251,671.168698,638.67163
4252,659.876886,627.49976
4253,663.228002,632.632182
4254,682.512522,649.442124
4255,710.317784,662.094812
4256,784.307239,644.772377
4257,875.69222,616.534031
4258,936.126242,561.224325
4259,978.087508,533.565113
4260,1013.852928,540.559214
4261,1026.014747,549.249407
4262,1047.034048,573.382493
4263,1067.170022,652.953525
4264,1069.621247,744.378489
4265,1076.272518,830.715674
4266,1069.320325,915.303018
4267,1031.872686,957.079369
4268,1029.319405,968.077137
4269,1013.515562,949.529434
4270,970.376222,912.689756
4271,896.529507,845.452897
4272,817.286172,773.398898
4273,738.87702,699.426592
4274,695.95846,660.61081
4275,667.526909,634.509159
4276,662.472957,629.121765
4277,694.347017,662.022032
4278,765.718505,730.403423
4279,857.731078,807.439776
4280,946.610277,815.037322
4281,1021.196664,784.035172
4282,1068.785204,742.004417
4283,1104.387829,700.715703
4284,1128.796724,694.919754
4285,1138.324318,717.993081
4286,1159.468053,728.066084
4287,1166.054811,762.606327
4288,1158.610607,832.742978
4289,1145.639731,903.675989
4290,1124.157094,975.190771
4291,1077.578668,1004.311478
4292,1078.161418,1016.856728
4293,1047.848873,981.361779
4294,983.72019,923.77959
4295,904.057645,851.494763
4296,820.776768,775.641617
4297,753.963141,713.663123
4298,709.264898,674.291872
4299,675.622775,642.526074
4300,672.518831,639.392372
4301,702.757762,670.735334
4302,773.291983,738.546753
4303,867.868745,820.093737
4304,962.980776,820.300352
4305,1038.004551,780.570091
4306,1080.262741,730.18906
4307,1116.791512,691.627155
4308,1139.29665,687.067041
4309,1150.654216,688.65326
4310,1172.378521,702.570369
4311,1177.224246,758.428189
4312,1172.621824,842.39937
4313,1161.865638,893.8447
4314,1138.195314,971.3312
4315,1092.73415,1017.694861
4316,1087.52452,1027.086294
4317,1051.379884,986.347018
4318,995.023341,936.468204
4319,918.616735,865.517577
4320,830.723212,785.478433
4321,736.802416,697.948949
4322,695.519814,660.179788
4323,664.990601,633.42562
4324,661.823334,630.339002
4325,694.031618,663.380171
4326,766.414961,731.494328
4327,862.70165,811.831847
4328,948.078979,814.354716
4329,1010.227821,775.03647
4330,1053.297288,721.459897
4331,1091.284616,671.930479
4332,1109.403701,647.04413
4333,1121.525777,649.081364
4334,1143.229408,665.255383
4335,1162.353265,756.869342
4336,1153.315762,800.536637
4337,1142.377581,895.13122
4338,1117.820925,965.099152
4339,1064.891175,987.710941
4340,1059.93688,998.964567
4341,1032.006215,966.771224
4342,975.693788,917.737305
4343,908.972798,858.195147
4344,817.026095,773.953234
4345,747.13005,707.451499
4346,701.317385,667.845085
4347,667.846501,635.144458
4348,660.627814,627.848488
4349,695.538316,663.467124
4350,762.984978,726.720306
4351,841.438666,790.359135
4352,919.798729,786.492774
4353,995.186575,764.012848
4354,1036.489051,710.394418
4355,1079.552441,679.838697
4356,1098.454446,658.222183
4357,1109.711443,693.397887
4358,1126.644405,732.463648
4359,1136.364343,768.225552
4360,1138.616485,816.237554
4361,1128.397308,893.005848
4362,1109.217207,966.282969
4363,1062.011087,986.076126
4364,1052.968773,989.029465
4365,1032.823088,966.681985
4366,982.792806,922.514805
4367,902.674597,850.554039
4368,823.667636,779.682208
4369,757.23088,718.996673
4370,712.627156,680.077369
4371,680.503341,648.415414
4372,673.011687,640.552649
4373,706.96528,675.007368
4374,772.959481,736.84161
4375,846.576825,797.511578
4376,926.878648,795.260705
4377,1000.975464,758.884864
4378,1049.426454,708.803323
4379,1090.341373,681.754951
4380,1110.328543,669.250786
4381,1117.408471,668.622104
4382,1141.473552,671.428937
4383,1149.774528,712.854107
4384,1156.455824,789.728969
4385,1136.24505,863.632758
4386,1106.865964,946.931953
4387,1055.048129,975.768279
4388,1030.613348,965.333635
4389,1012.423588,943.794137
4390,979.484012,919.953055
4391,916.682108,864.945819
4392,843.632383,800.37989
4393,762.897136,725.132082
4394,713.201654,680.572307
4395,673.527805,641.360384
4396,660.745157,628.661468
4397,672.964474,642.379421
4398,703.120517,670.862945
4399,731.952377,690.500054
4400,808.570589,688.533244
4401,904.006663,708.100912
4402,967.759439,680.820414
4403,1018.730872,660.739541
4404,1042.02233,628.784416
4405,1045.292362,621.06909
4406,1059.090089,618.090855
4407,1053.803503,630.40382
4408,1060.366264,694.184513
4409,1056.089314,779.124153
4410,1044.720631,883.788716
4411,1011.077769,937.421398
4412,998.452617,938.506168
4413,984.719012,921.9788
4414,959.464465,902.157683
4415,900.43306,849.260478
4416,835.688198,792.190613
4417,747.521119,707.6592
4418,700.794303,663.515199
4419,665.304607,632.022763
4420,649.948945,616.756535
4421,655.407688,623.800519
4422,675.938936,641.501246
4423,690.302836,644.736905
4424,753.588251,627.195688
4425,845.854735,603.413551
4426,908.416521,577.33094
4427,956.122298,536.470598
4428,985.777222,534.71902
4429,998.530854,549.081435
4430,1016.486259,537.090019
4431,1035.567762,590.974565
4432,1045.392095,666.054723
4433,1049.021644,762.200247
4434,1047.350242,879.032696
4435,1017.592979,938.623823
4436,1008.885053,945.461801
4437,998.427613,934.1443
4438,965.046228,904.827208
4439,885.627385,832.787662
4440,811.345171,766.215702
4441,749.595729,709.507462
4442,703.503463,665.801522
4443,668.771911,633.590801
4444,650.674639,617.294214
4445,667.302673,635.293666
4446,705.973781,670.885927
4447,741.262333,693.473977
4448,814.383959,694.017047
4449,911.267203,677.902704
4450,979.297433,646.840469
4451,1040.790502,644.291606
4452,1068.913208,631.007321
4453,1067.355973,628.269285
4454,1094.4613,641.418945
4455,1095.549124,663.764716
4456,1096.124886,731.110754
4457,1096.394347,840.841034
4458,1083.200519,926.183415
4459,1038.898052,960.655357
4460,1020.00765,955.892829
4461,1002.495932,936.430099
4462,962.57585,902.254928
4463,897.601787,844.310521
4464,818.254511,773.116669
4465,733.814399,694.745694
4466,687.771631,653.387345
4467,654.495506,621.828822
4468,647.536371,614.528377
4469,678.018598,646.326192
4470,747.541645,710.809626
4471,826.718246,781.145901
4472,908.643025,789.756511
4473,984.746291,759.149187
4474,1029.209381,717.445545
4475,1072.369546,701.616259
4476,1086.979209,672.839478
4477,1099.262813,648.896879
4478,1116.390813,654.412505
4479,1121.679075,679.162328
4480,1122.218289,759.18249
4481,1109.678361,826.970608
4482,1092.476194,921.761622
4483,1056.225008,973.33015
4484,1045.603381,981.300141
4485,1015.975989,951.212567
4486,969.773038,911.295691
4487,889.003762,837.880573
4488,807.732018,763.472603
4489,731.624965,690.733199
4490,688.747281,650.503255
4491,657.171828,623.446526
4492,649.676094,615.605803
4493,682.525428,649.276919
4494,754.366243,717.167611
4495,835.333594,785.892505
4496,910.671033,792.57389
4497,976.013913,735.754624
4498,1022.1651,692.909866
4499,1066.208911,667.788093
4500,1078.704211,637.179011
4501,1091.61092,638.410871
4502,1109.946384,656.520448
4503,1127.797279,692.764823
4504,1125.991936,757.65331
4505,1112.459143,829.064386
4506,1093.063994,926.041734
4507,1048.120739,967.1095
4508,1036.601411,972.495032
4509,1014.225329,947.597274
4510,967.944627,908.481684
4511,895.03302,842.358861
4512,808.900099,763.287429
4513,750.48603,711.432722
4514,704.532632,667.541832
4515,670.964937,638.007164
4516,663.626785,630.658653
4517,698.687336,666.169112
4518,766.300943,729.142289
4519,844.817663,798.151125
4520,923.861811,806.27389
4521,999.606525,792.465536
4522,1041.146717,733.297144
4523,1084.093076,689.501576
4524,1103.468481,675.869604
4525,1114.675354,686.08076
4526,1131.920065,701.171851
4527,1141.392671,708.356801
4528,1144.088004,756.55306
4529,1133.614513,829.215573
4530,1114.07781,935.254057
4531,1066.428635,983.694697
4532,1057.139087,992.920752
4533,1036.882837,970.784106
4534,986.81469,926.800794
4535,906.417627,853.361571
4536,827.161512,781.99084
4537,732.742198,693.421803
4538,689.1654,653.450829
4539,657.748025,625.179579
4540,651.128106,618.143016
4541,683.98679,651.51047
4542,748.762788,711.545753
4543,821.92018,775.729483
4544,897.230218,773.368796
4545,968.722961,731.238384
4546,1015.439325,678.262616
4547,1057.208225,644.131005
4548,1073.740983,611.81332
4549,1081.18667,606.541899
4550,1102.976907,618.548227
4551,1113.082669,655.472135
4552,1116.52999,735.424565
4553,1098.174954,830.828872
4554,1071.397999,912.893232
4555,1022.813153,942.584991
4556,1000.182441,936.209941
4557,982.79948,914.519572
4558,950.136206,890.96113
4559,889.369106,837.207461
4560,818.13747,774.618159
4561,756.118722,717.29587
4562,706.707491,672.515464
4563,667.229183,634.81702
4564,654.68783,622.360283
4565,666.604078,635.77883
4566,696.422925,663.81435
4567,725.127471,682.166002
4568,800.363968,678.197741
4569,895.07924,666.441685
4570,958.351876,639.002767
4571,1009.559689,624.40751
4572,1031.894973,598.525403
4573,1035.266246,584.802378
4574,1048.434302,577.365498
4575,1043.647275,638.120639
4576,1049.31488,704.706265
4577,1045.551593,800.916093
4578,1034.903176,874.742321
4579,1002.155197,929.592853
4580,990.029408,930.209513
4581,976.519123,911.723452
4582,951.341056,892.816978
4583,892.87288,841.405958
4584,828.631262,784.911282
4585,747.421437,708.265537
4586,700.698801,666.066542
4587,665.21198,633.147922
4588,649.859867,617.75635
4589,655.314153,624.970688
4590,675.840442,643.238115
4591,690.20247,652.670522
4592,753.467566,646.196762
4593,845.72345,647.285618
4594,908.278174,604.62653
4595,955.987427,587.794142
4596,985.62829,586.850202
4597,998.383411,579.536058
4598,1016.329556,558.45742
4599,1035.418406,590.643702
4600,1045.229574,664.516198
4601,1048.866677,756.650624
4602,1047.205867,880.833563
4603,1017.461765,942.804876
4604,1008.761182,948.34739
4605,998.307026,935.534306
4606,964.926766,906.633297
4607,885.516206,834.487791
4608,811.241393,768.763281
4609,751.497016,712.833478
4610,706.257249,670.264673
4611,676.324329,642.463078
4612,666.304436,634.31937
4613,699.87162,669.393938
4614,771.677171,739.949133
4615,848.896216,807.568124
4616,931.311983,814.774865
4617,1010.386202,776.129977
4618,1062.092217,737.280821
4619,1103.282913,703.357053
4620,1124.170596,680.28715
4621,1134.211294,691.795679
4622,1153.645749,736.691011
4623,1158.384165,789.112554
4624,1160.356328,878.477071
4625,1143.423742,930.915428
4626,1124.82114,983.119029
4627,1083.579898,1014.344375
4628,1075.811982,1016.986057
4629,1050.851014,985.605261
4630,996.94828,937.838201
4631,910.55682,859.009459
4632,831.309695,786.85004
4633,749.21794,709.689484
4634,703.088171,670.044682
4635,668.420401,636.062614
4636,660.927816,628.519809
4637,692.080063,660.522617
4638,762.348577,726.450402
4639,841.806641,796.452286
4640,926.786094,812.893561
4641,1004.482898,810.395126
4642,1050.007475,788.287093
4643,1092.645055,756.682106
4644,1109.368611,711.399035
4645,1121.428393,707.585937
4646,1139.948461,697.845573
4647,1144.132303,713.9836
4648,1146.650516,782.66198
4649,1132.974987,868.412671
4650,1114.180471,963.288549
4651,1075.950889,995.498254
4652,1064.225279,1000.52889
4653,1034.104175,968.913244
4654,987.732143,928.708741
4655,905.717688,853.527885
4656,823.333382,779.821397
4657,756.08042,716.313381
4658,712.177203,675.306037
4659,679.896269,646.731962
4660,671.529982,638.123635
4661,705.47274,672.725873
4662,778.530105,741.127159
4663,859.956785,814.439532
4664,940.279234,822.975359
4665,1008.222654,783.849616
4666,1056.106113,737.260597
4667,1099.297102,702.218944
4668,1115.242127,675.157672
4669,1127.783573,681.578473
4670,1148.390794,697.185156
4671,1164.439354,733.120288
4672,1165.863597,820.281224
4673,1150.477584,896.253903
4674,1128.483834,970.567859
4675,1080.311978,1001.929598
4676,1066.991027,1003.919799
4677,1043.809242,978.611284
4678,997.252612,938.305412
4679,922.308962,869.215524
4680,834.360419,789.502183
4681,765.571324,725.820123
4682,718.985328,681.319658
4683,684.982459,650.852099
4684,677.107309,643.966174
4685,712.842336,680.604036
4686,781.206369,744.319802
4687,860.006425,814.22167
4688,942.125565,825.098928
4689,1019.474417,787.303856
4690,1062.083157,718.986679
4691,1104.503455,687.520159
4692,1126.006815,685.456318
4693,1136.988376,712.263417
4694,1155.634416,739.209254
4695,1163.995255,769.184528
4696,1168.682751,833.541972
4697,1157.066106,887.116621
4698,1135.926461,967.209053
4699,1086.28573,1007.285547
4700,1075.884855,1012.730248
4701,1055.131609,989.933395
4702,1004.893257,945.866921
4703,923.242733,871.410218
4704,842.866655,799.26249
4705,760.520404,721.967696
4706,715.778735,681.097146
4707,683.560026,651.407569
4708,675.951272,643.43738
4709,710.051943,678.291504
4710,776.209784,739.333154
4711,849.888912,805.426542
4712,930.861272,816.583072
4713,1005.30789,788.921812
4714,1053.991889,730.970582
4715,1094.792095,673.953167
4716,1115.243289,660.358763
4717,1122.274086,660.606942
4718,1146.644743,690.312413
4719,1154.703286,737.290375
4720,1161.818996,808.344745
4721,1141.358944,862.492859
4722,1111.630318,947.185955
4723,1059.378201,981.430484
4724,1034.701082,970.001065
4725,1016.402946,947.557425
4726,983.426254,923.131604
4727,920.351018,868.969379
4728,847.057073,803.527113
4729,754.257981,715.367726
4730,704.92478,671.92325
4731,665.500149,633.014119
4732,653.025034,620.593091
4733,664.858087,633.600171
4734,694.58437,661.610331
4735,723.253967,683.950099
4736,798.11117,694.450905
4737,892.628575,682.142577
4738,955.769407,670.258167
4739,1007.042109,655.459639
4740,1029.114914,643.681399
4741,1032.513979,629.760161
4742,1045.509184,654.953462
4743,1040.859292,674.356757
4744,1046.281167,738.18255
4745,1042.658886,810.451859
4746,1032.208188,890.510195
4747,999.705864,928.567346
4748,987.717155,929.921268
4749,974.268173,910.48221
4750,949.111101,891.047169
4751,890.797537,839.484279
4752,826.694064,783.355645
4753,742.669901,704.682827
4754,696.14652,664.184528
4755,660.796769,629.279615
4756,645.613799,614.127522
4757,650.85564,621.02157
4758,671.145561,638.953008
4759,685.418345,645.266249
4760,747.714885,639.345422
4761,839.465501,635.54406
4762,901.683657,586.734716
4763,949.558608,587.283733
4764,978.529212,605.11329
4765,991.355301,634.904256
4766,1008.860058,633.722492
4767,1028.29909,678.821214
4768,1037.482771,754.097451
4769,1041.479942,829.292578
4770,1040.324023,898.300612
4771,1011.207217,935.144607
4772,1002.856678,941.202823
4773,992.559065,929.859497
4774,959.232415,901.663384
4775,880.216668,829.545628
4776,806.294619,763.136269
4777,746.579343,708.103266
4778,701.545798,668.798719
4779,671.75474,639.703615
4780,661.909904,629.490888
4781,695.257215,663.522222
4782,766.818134,730.621311
4783,843.944814,800.230428
4784,925.35816,810.970767
4785,1003.909445,777.942802
4786,1055.267122,730.470242
4787,1096.629309,704.909405
4788,1116.823298,690.882056
4789,1126.937445,678.864583
4790,1145.91508,697.436072
4791,1151.015922,723.191851
4792,1152.338657,784.832522
4793,1135.77873,867.802054
4794,1117.698673,958.521932
4795,1077.106659,1000.521394
4796,1069.701026,1004.466085
4797,1044.902075,978.810733
4798,991.054826,931.453936
4799,905.071983,852.859542
4800,826.189957,781.648197
4801,734.597831,694.563358
4802,689.081153,656.389597
4803,654.835138,622.888703
4804,647.862991,615.613118
4805,678.361561,646.950812
4806,747.90279,712.430661
4807,827.086255,782.452981
4808,909.085538,793.397756
4809,985.227672,748.554228
4810,1029.716651,689.275443
4811,1072.864071,660.633336
4812,1087.525292,624.902301
4813,1099.803437,634.38915
4814,1116.965389,647.743528
4815,1122.226715,699.028778
4816,1122.814197,770.740555
4817,1110.246571,835.274814
4818,1093.005567,932.941272
4819,1056.706127,980.721535
4820,1046.057574,982.705673
4821,1016.41814,951.155786
4822,970.211065,911.745517
4823,889.411418,838.314562
4824,808.112539,764.178973
4825,750.797245,710.270476
4826,707.115576,669.973839
4827,674.987049,641.777544
4828,666.80883,633.318802
4829,700.515372,668.006126
4830,773.309923,736.691051
4831,854.637373,810.292879
4832,933.882897,809.839269
4833,1001.264515,764.268409
4834,1048.773747,702.730369
4835,1092.148974,665.962944
4836,1107.348746,646.628682
4837,1119.9691,656.726454
4838,1140.085548,679.515315
4839,1156.523471,735.766347
4840,1157.250018,815.872658
4841,1142.264361,887.951738
4842,1120.831993,963.286925
4843,1073.35762,996.157978
4844,1060.425879,995.799599
4845,1037.418152,971.091979
4846,990.921132,931.807369
4847,916.416469,864.552594
4848,828.86016,784.734968
4849,766.069737,727.12983
4850,719.46284,682.821074
4851,685.445593,652.224471
4852,677.552701,644.694422
4853,713.310012,681.171659
4854,781.698839,745.460797
4855,860.508256,817.886129
4856,942.728993,847.57504
4857,1020.130845,828.929611
4858,1062.77489,743.1621
4859,1105.177807,698.622037
4860,1126.751474,680.35426
4861,1137.72559,695.463251
4862,1156.417929,710.557806
4863,1164.742037,753.123149
4864,1169.495353,851.312182
4865,1157.840938,940.514444
4866,1136.648333,995.270522
4867,1086.941802,1012.142282
4868,1076.504209,1011.110178
4869,1055.734542,988.549238
4870,1005.490566,945.569939
4871,923.798628,871.116605
4872,843.385547,799.891494
4873,748.957227,713.324694
4874,704.700456,672.150236
4875,672.815317,640.584461
4876,665.618184,633.09925
4877,699.201855,667.202326
4878,764.784479,728.681853
4879,838.246425,794.934563
4880,916.861742,803.739423
4881,990.078757,785.245964
4882,1037.943693,745.817029
4883,1079.147135,707.797873
4884,1097.96721,674.315669
4885,1105.170712,677.053596
4886,1128.467223,707.16869
4887,1137.377957,741.16924
4888,1142.966635,803.448541
4889,1123.382833,865.448594
4890,1094.882893,940.880517
4891,1044.157343,965.616513
4892,1020.332078,956.713459
4893,1002.4149,933.645896
4894,969.568675,910.950818
4895,907.454242,855.65326
4896,835.018769,791.62283
4897,757.049092,717.953984
4898,707.598847,672.102603
4899,668.093699,635.946346
4900,655.519228,623.53881
4901,667.477074,636.893092
4902,697.342202,665.18898
4903,726.064223,689.392836
4904,801.490367,709.407572
4905,896.304573,731.080719
4906,959.64311,716.695354
4907,1010.818479,706.426141
4908,1033.285003,699.954837
4909,1036.64238,698.029552
4910,1049.896861,688.033902
4911,1045.041267,706.241558
4912,1050.831737,756.8571
4913,1046.997947,817.972681
4914,1036.250669,884.520679
4915,1003.379864,934.588735
4916,991.185535,932.170228
4917,977.644598,914.417781
4918,952.456034,895.00434
4919,893.910552,842.610861
4920,829.599861,785.889056
4921,745.09551,708.309573
4922,698.470412,666.734486
4923,663.050688,631.762491
4924,647.781372,616.620002
4925,653.131664,623.703581
4926,673.542249,642.198628
4927,687.86059,649.428344
4928,750.651568,639.980971
4929,842.660118,620.353934
4930,905.050089,576.639904
4931,952.840453,561.476114
4932,982.153217,556.980515
4933,994.943077,567.322874
4934,1012.673159,573.403016
4935,1031.933426,614.875685
4936,1041.437433,715.8632
4937,1045.250793,808.752715
4938,1043.837132,903.914249
4939,1014.400098,943.192585
4940,1005.870866,945.640017
4941,995.493339,932.70429
4942,962.139321,903.791297
4943,882.922027,832.083742
4944,808.819895,766.30384
4945,739.634791,701.367698
4946,694.892464,660.699174
4947,665.30174,633.40679
4948,655.704112,623.32635
4949,688.740926,657.116193
4950,759.956385,723.595731
4951,836.952631,793.619393
4952,916.950396,803.026243
4953,994.763213,791.874245
4954,1045.628981,747.908511
4955,1087.233342,712.426313
4956,1106.447721,701.81093
4957,1116.665591,680.986241
4958,1134.998121,681.710978
4959,1140.610768,710.55001
4960,1141.016406,785.678989
4961,1124.982732,876.108004
4962,1107.640593,957.949209
4963,1067.965397,992.016646
4964,1061.071366,996.38318
4965,1036.501209,969.946278
4966,982.732314,923.752487
4967,897.326505,845.72253
4968,818.960056,775.33844
4969,756.062809,717.369239
4970,709.646003,673.586237
4971,674.780775,642.599134
4972,667.044529,634.717584
4973,698.502816,666.945967
4974,769.111832,732.439674
4975,848.698458,805.84883
4976,935.073172,823.061887
4977,1013.497844,787.51517
4978,1059.507269,750.654513
4979,1101.906152,704.705285
4980,1119.595256,675.066109
4981,1131.552804,669.997965
4982,1150.708717,677.530379
4983,1154.388101,700.65421
4984,1157.810247,785.693689
4985,1143.616018,865.547227
4986,1124.094177,959.052988
4987,1084.960937,1007.129709
4988,1072.731068,1005.728206
4989,1042.384455,975.821926
4990,995.935193,937.179996
4991,913.351987,861.139024
4992,830.459504,786.024487
4993,752.757668,711.929594
4994,708.99379,671.477658
4995,676.808709,642.937668
4996,668.560704,633.737348
4997,702.354899,667.264816
4998,775.246972,735.044577
4999,856.611243,808.151625
5000,936.256381,812.698567
5001,1003.846466,770.511422
5002,1051.494562,710.204159
5003,1094.801424,670.759131
5004,1110.277736,659.309145
5005,1122.86881,676.133739
5006,1143.167369,677.322574
5007,1159.460811,710.851033
5008,1160.446252,795.365001
5009,1145.312035,872.492964
5010,1123.671355,961.217796
5011,1075.938168,993.308838
5012,1062.862003,994.12699
5013,1039.789688,971.125534
5014,993.270549,933.401644
5015,918.602991,865.662067
5016,830.901137,786.240904
5017,744.505076,702.556645
5018,698.802488,658.886675
5019,665.407329,630.03117
5020,658.282084,622.015069
5021,693.075222,656.782914
5022,760.391302,718.991847
5023,838.795688,790.354796
5024,916.620675,793.191555
5025,991.729387,746.502419
5026,1032.845926,688.909021
5027,1076.000856,641.505619
5028,1094.532578,612.079816
5029,1105.828781,625.46238
5030,1122.517899,647.416053
5031,1132.431295,684.345281
5032,1134.336782,753.458896
5033,1124.316525,835.427645
5034,1105.415349,936.928829
5035,1058.555778,976.049365
5036,1049.706844,978.349048
5037,1029.647641,958.35237
5038,979.646976,916.682516
5039,899.746881,843.951991
5040,820.934803,774.639949
5041,740.683575,702.791224
5042,696.773757,662.729023
5043,665.127293,631.337175
5044,658.224681,623.322391
5045,691.43843,656.393479
5046,756.609477,716.217436
5047,829.916025,781.351205
5048,906.844837,787.554965
5049,979.18205,735.912855
5050,1026.460931,671.972976
5051,1067.952896,645.010241
5052,1085.605877,627.708521
5053,1092.932953,612.47742
5054,1115.460894,630.485652
5055,1124.981386,682.240352
5056,1129.477445,744.011529
5057,1110.520616,832.633649
5058,1082.899822,910.889967
5059,1033.266557,954.392213
5060,1010.050809,940.983709
5061,992.406212,919.86883
5062,959.653337,898.879236
5063,898.226375,844.425122
5064,826.405156,780.785102
5065,761.601262,721.795292
5066,711.960123,678.466519
5067,672.323656,639.548585
5068,659.587139,626.278042
5069,671.748516,639.242816
5070,701.840095,667.129306
5071,730.647616,689.912423
5072,807.001676,699.374917
5073,902.29995,691.958279
5074,965.960934,649.983977
5075,1016.977558,645.549506
5076,1040.086218,654.315019
5077,1043.375605,644.416876
5078,1057.052954,675.73319
5079,1051.861871,733.839867
5080,1058.2535,781.52407
5081,1054.074749,845.838962
5082,1042.843765,913.654148
5083,1009.371983,931.266935
5084,996.842298,933.760669
5085,983.151386,916.383796
5086,957.91146,899.202631
5087,898.987732,847.066531
5088,834.339078,789.901425
5089,791.467949,756.791118
5090,741.655068,709.7354
5091,708.577749,677.099465
5092,693.346103,661.499106
5093,701.261305,670.243556
5094,732.547591,699.141479
5095,754.800733,710.544128
5096,814.531818,706.521494
5097,904.232299,707.366805
5098,969.766284,694.418731
5099,1010.097162,657.906138
5100,1046.950333,653.810809
5101,1067.269372,658.073929
5102,1083.288544,661.15221
5103,1104.660855,670.963973
5104,1125.049472,752.616919
5105,1128.278612,837.891097
5106,1114.712845,943.826552
5107,1073.47898,994.222956
5108,1069.898308,1003.993363
5109,1054.291889,990.167876
5110,1012.966307,956.350567
5111,925.720139,874.597699
5112,849.048519,806.061873
5113,784.72751,746.384343
5114,736.81394,702.964337
5115,709.586335,678.290673
5116,700.063101,668.089138
5117,735.624256,703.423151
5118,818.008758,779.495831
5119,903.434358,853.08561
5120,981.063408,845.023179
5121,1057.384553,814.452989
5122,1111.561657,773.619095
5123,1145.889428,729.028519
5124,1172.348874,724.211419
5125,1190.17074,741.090605
5126,1206.612633,741.081294
5127,1214.365327,782.469711
5128,1225.256647,846.646476
5129,1208.397963,932.34026
5130,1178.199174,1017.839454
5131,1126.229013,1043.655515
5132,1123.728061,1053.755591
5133,1093.912066,1025.033128
5134,1032.183116,972.441228
5135,938.736356,887.022234
5136,857.979057,813.698662
5137,781.509053,742.111983
5138,732.784222,700.121047
5139,700.830147,667.981997
5140,693.831448,660.746803
5141,726.859573,693.602251
5142,807.637416,768.289812
5143,895.292352,843.095514
5144,975.251306,832.589554
5145,1050.065576,773.090238
5146,1098.145493,720.957062
5147,1133.974047,686.597698
5148,1156.202521,668.870723
5149,1176.085108,692.070275
5150,1191.553221,698.856035
5151,1198.765142,738.563114
5152,1210.067595,828.745937
5153,1196.439077,911.336548
5154,1166.280232,1004.741755
5155,1117.333752,1036.031305
5156,1111.139003,1039.991064
5157,1076.239836,1007.961254
5158,1021.910435,963.209347
5159,932.821511,880.43136
5160,849.060161,804.285914
5161,776.384999,735.905877
5162,730.343741,696.57398
5163,701.107899,667.54118
5164,693.688176,659.223869
5165,728.860967,694.077573
5166,811.767359,771.512203
5167,901.100609,846.729243
5168,973.986961,842.704001
5169,1037.900539,780.186699
5170,1087.382495,727.165395
5171,1124.139214,719.253255
5172,1143.99369,687.85087
5173,1164.583072,694.43095
5174,1180.970376,705.264336
5175,1200.824516,731.45575
5176,1209.517164,808.698848
5177,1195.264556,898.490986
5178,1163.23242,999.866322
5179,1106.143547,1021.003715
5180,1099.191814,1028.689498
5181,1071.45784,1002.357225
5182,1017.082745,957.245969
5183,935.860797,883.466563
5184,847.49424,803.787178
5185,773.885488,732.030981
5186,725.678545,688.018769
5187,695.087577,660.090511
5188,688.556849,652.677502
5189,724.989195,688.947231
5190,802.677912,761.790512
5191,889.122174,836.86188
5192,961.412631,826.272862
5193,1033.282939,790.907637
5194,1076.696232,749.39563
5195,1113.084341,698.09107
5196,1136.844026,701.333707
5197,1156.07461,739.298873
5198,1169.380493,732.242248
5199,1182.552866,774.405566
5200,1192.90488,849.402571
5201,1183.278228,921.314452
5202,1153.298951,990.55812
5203,1096.296003,1008.279446
5204,1093.082,1020.062449
5205,1068.17154,996.444455
5206,1010.376765,947.853293
5207,923.579063,868.445671
5208,843.485664,796.987159
5209,766.807747,728.403592
5210,720.550494,686.749074
5211,691.753274,658.00828
5212,685.54146,651.058458
5213,720.274165,685.823474
5214,795.616134,755.589685
5215,876.883807,826.376038
5216,947.562398,824.513747
5217,1016.307893,796.151155
5218,1065.648684,774.087589
5219,1100.552983,711.615601
5220,1122.974319,698.77723
5221,1138.189175,724.431393
5222,1157.033842,718.036476
5223,1170.035902,757.846218
5224,1182.493014,828.577145
5225,1164.16788,901.47007
5226,1126.038152,963.608269
5227,1066.863015,982.127044
5228,1049.852065,978.3661
5229,1027.489154,953.532988
5230,986.72585,925.553768
5231,918.406355,864.759701
5232,845.463555,800.981528
5233,790.160186,751.90593
5234,738.101776,705.080734
5235,701.323535,668.808394
5236,689.18697,656.259249
5237,703.049147,670.916294
5238,743.199926,708.955956
5239,779.662569,735.729911
5240,849.501419,732.598498
5241,940.708616,737.971409
5242,1006.225942,698.996844
5243,1050.373308,666.877016
5244,1078.45834,648.468654
5245,1089.732628,669.973293
5246,1099.988616,669.021167
5247,1098.213612,692.695124
5248,1113.144333,762.623986
5249,1109.757351,852.668815
5250,1088.336511,941.556082
5251,1045.569233,973.69169
5252,1039.402022,974.140456
5253,1021.110722,953.052165
5254,987.953494,929.647604
5255,921.991556,870.434858
5256,855.916487,812.440589
5257,782.897058,746.276
5258,733.435127,701.432527
5259,700.602377,669.267657
5260,685.672725,654.251476
5261,693.202687,662.669064
5262,724.043049,691.540327
5263,746.101923,703.20656
5264,804.080529,678.189127
5265,892.855141,647.781461
5266,957.78678,618.782299
5267,998.423542,568.546682
5268,1034.089054,562.872658
5269,1054.538082,588.139896
5270,1069.773327,581.573406
5271,1091.781232,636.102942
5272,1111.055478,722.23042
5273,1114.91645,850.212076
5274,1102.26986,956.838955
5275,1062.178057,988.621776
5276,1059.231222,992.732464
5277,1043.908071,979.246154
5278,1002.690012,946.460336
5279,916.155399,866.017142
5280,840.121917,797.291271
5281,774.030506,736.142964
5282,726.554944,691.296862
5283,699.632577,668.218421
5284,690.486248,658.421355
5285,725.5666,693.257715
5286,807.394563,769.455448
5287,892.577703,845.860424
5288,968.019551,860.969633
5289,1043.185154,844.177085
5290,1096.610493,787.544535
5291,1131.320025,744.733835
5292,1156.297201,731.400136
5293,1174.2813,759.049519
5294,1189.744804,756.904868
5295,1198.290759,785.551289
5296,1207.791275,870.193825
5297,1191.721156,948.143601
5298,1162.669558,1017.346459
5299,1112.12476,1029.788148
5300,1110.414876,1041.774762
5301,1080.952417,1012.695357
5302,1019.357662,960.814822
5303,926.798968,875.819155
5304,846.838103,803.878084
5305,781.94092,743.304992
5306,733.198405,699.812607
5307,701.232007,669.780178
5308,694.218091,661.978796
5309,727.265627,694.798925
5310,808.065939,770.314319
5311,895.730664,845.625229
5312,975.777921,848.342826
5313,1050.638844,817.621884
5314,1098.749111,768.544773
5315,1134.562252,727.229058
5316,1156.85057,726.677267
5317,1176.726607,717.388707
5318,1192.234221,710.99204
5319,1199.414116,740.727752
5320,1210.772719,801.319678
5321,1197.112365,890.090245
5322,1166.907204,997.357959
5323,1117.903179,1037.896735
5324,1111.676492,1042.839797
5325,1076.763051,1008.21734
5326,1022.428233,964.608341
5327,933.303455,882.631035
5328,849.509951,806.855895
5329,747.908378,707.509151
5330,703.033148,665.437162
5331,674.609883,640.725726
5332,668.193525,634.299221
5333,702.086363,667.533773
5334,783.511184,744.822966
5335,872.198982,822.2211
5336,939.262756,807.640704
5337,1000.100151,741.753415
5338,1047.580826,693.485272
5339,1085.353836,669.657525
5340,1101.262342,644.416351
5341,1122.283607,640.918153
5342,1136.066331,653.490659
5343,1158.032219,712.233439
5344,1163.022391,790.892818
5345,1150.86903,895.303659
5346,1121.890845,974.47419
5347,1068.59645,990.780923
5348,1063.750628,993.807484
5349,1036.957806,967.922876
5350,982.939953,923.444186
5351,904.082135,851.912908
5352,817.835775,773.421551
5353,765.381037,724.172769
5354,717.522325,682.204771
5355,687.174031,652.486648
5356,680.942954,645.310141
5357,716.993046,681.256857
5358,794.239297,754.005764
5359,880.490797,828.806155
5360,951.042359,812.44243
5361,1021.993975,767.551431
5362,1064.809592,707.431615
5363,1101.501214,676.361468
5364,1124.082447,648.811125
5365,1143.442011,659.141536
5366,1155.970046,662.934587
5367,1169.773085,711.421792
5368,1179.019367,794.030118
5369,1170.019648,884.979338
5370,1140.952423,971.450067
5371,1085.082684,996.360691
5372,1082.497604,1009.764111
5373,1057.868217,986.004759
5374,1000.18013,937.664988
5375,914.088469,860.284846
5376,834.628259,789.196386
5377,775.046433,736.598463
5378,728.451831,695.122869
5379,699.419522,666.314971
5380,692.917421,659.015393
5381,728.020434,693.835796
5382,803.791042,764.669674
5383,885.245454,836.625287
5384,957.608598,828.053525
5385,1027.244076,784.177867
5386,1077.163866,735.946719
5387,1111.774137,680.096893
5388,1135.337098,662.701021
5389,1150.427004,669.405866
5390,1170.025213,680.403571
5391,1182.416314,734.644418
5392,1195.944604,817.254901
5393,1177.012129,898.828147
5394,1137.998851,978.771075
5395,1077.725918,996.168345
5396,1060.105698,987.085336
5397,1037.470498,963.969799
5398,996.60384,935.264861
5399,927.600368,874.798695
5400,854.044166,810.106137
5401,782.353366,744.828269
5402,730.614621,697.828865
5403,694.059147,661.823619
5404,682.197652,649.49435
5405,695.708932,663.789443
5406,735.453541,701.344614
5407,771.739234,726.481167
5408,839.981834,722.622739
5409,930.3457,713.09271
5410,995.314378,664.959559
5411,1039.740359,629.180609
5412,1066.743609,617.496397
5413,1078.136297,633.362072
5414,1087.678244,646.067384
5415,1086.482172,701.881436
5416,1100.397866,794.148709
5417,1097.586389,866.608681
5418,1077.002785,940.244545
5419,1035.275757,965.242502
5420,1029.685878,963.677105
5421,1011.652594,944.122911
5422,978.593303,920.175611
5423,913.279487,862.152385
5424,847.785667,804.343297
5425,765.057644,726.295025
5426,716.326182,683.27961
5427,684.002477,651.999296
5428,669.70139,637.528918
5429,676.429516,645.205005
5430,706.341736,672.532876
5431,727.996261,684.674474
5432,782.327265,662.056736
5433,869.174777,635.896745
5434,932.852697,578.757929
5435,974.126123,550.114696
5436,1007.31965,539.742441
5437,1028.039233,573.855159
5438,1041.642818,573.738651
5439,1064.973645,623.577955
5440,1081.928445,710.144645
5441,1087.104507,847.621943
5442,1076.37109,932.489065
5443,1038.656369,968.089361
5444,1037.028799,970.281798
5445,1022.295241,956.776731
5446,981.300978,923.709356
5447,896.247395,845.554292
5448,821.542127,778.385414
5449,769.71184,731.422744
5450,722.413114,689.564241
5451,695.61398,664.13154
5452,686.619817,654.383945
5453,721.506056,689.113229
5454,803.109329,764.996724
5455,888.194582,839.569455
5456,962.753398,828.21349
5457,1037.452477,778.36682
5458,1090.574309,750.283385
5459,1125.437969,722.633999
5460,1149.816712,719.481381
5461,1167.866309,712.860198
5462,1182.934812,731.772562
5463,1191.801027,802.325571
5464,1200.740038,891.924016
5465,1184.988283,961.764773
5466,1156.399837,1033.59973
5467,1106.430497,1037.262453
5468,1105.039988,1036.428557
5469,1075.720261,1007.914715
5470,1014.179683,955.376438
5471,921.979526,870.323632
5472,842.340203,799.839187
5473,774.100879,736.250487
5474,725.67939,693.724109
5475,693.936706,662.371783
5476,687.199031,654.794099
5477,719.894178,687.197762
5478,800.286591,762.0975
5479,887.773613,839.45624
5480,966.217827,827.742503
5481,1040.231831,781.688662
5482,1087.791116,725.102855
5483,1123.884057,687.754856
5484,1145.08599,666.219569
5485,1165.08093,690.384176
5486,1179.871465,716.122974
5487,1187.632755,761.172397
5488,1197.972012,826.481412
5489,1184.889611,918.610352
5490,1155.525249,1009.481132
5491,1107.5659,1034.158525
5492,1101.919002,1033.406586
5493,1067.264675,999.614972
5494,1013.028211,954.270333
5495,924.554314,873.515076
5496,841.344532,798.389243
5497,768.412076,729.207514
5498,722.697285,685.48322
5499,693.688949,660.132181
5500,686.55015,652.772642
5501,721.364577,687.215898
5502,803.856157,765.377705
5503,893.008693,843.763263
5504,964.264832,824.936464
5505,1027.317136,760.540984
5506,1076.238771,728.260501
5507,1113.280032,691.194782
5508,1132.02971,680.052761
5509,1152.740011,709.266266
5510,1168.398081,729.416227
5511,1188.843472,798.919341
5512,1196.499495,880.043988
5513,1182.834637,950.297671
5514,1151.65755,1010.464196
5515,1095.631061,1021.974612
5516,1089.268943,1019.048102
5517,1061.798474,992.206741
5518,1007.523401,948.200942
5519,926.963365,875.101778
5520,839.190423,795.224641
5521,762.258309,720.8638
5522,714.527463,677.826215
5523,684.268275,649.529185
5524,678.147227,642.490006
5525,714.05696,678.4065
5526,791.140743,750.58265
5527,877.321463,826.074718
5528,947.234525,819.198408
5529,1017.848809,777.020877
5530,1060.444967,722.542525
5531,1097.248034,691.146981
5532,1119.396555,671.116729
5533,1138.803479,660.155488
5534,1151.045897,679.666852
5535,1165.08051,717.875206
5536,1173.920781,795.713361
5537,1165.151263,898.902979
5538,1136.418933,987.664422
5539,1080.965294,1006.742441
5540,1078.611146,1006.209476
5541,1054.084965,982.352075
5542,996.436054,934.058245
5543,910.603641,856.055021
5544,831.375931,785.796989
5545,781.483346,745.722046
5546,733.67603,700.067962
5547,699.667792,666.120177
5548,684.91799,650.737948
5549,703.555081,669.045698
5550,746.609107,707.880559
5551,786.074933,741.04574
5552,850.104496,718.186469
5553,937.545727,684.721077
5554,1004.036277,658.250147
5555,1058.296553,636.901944
5556,1090.549678,632.294559
5557,1093.855428,628.592044
5558,1121.838025,637.302163
5559,1130.135815,699.289937
5560,1143.718686,816.910534
5561,1141.654588,903.74741
5562,1107.765929,971.568825
5563,1043.753251,973.019055
5564,1014.863688,944.608782
5565,999.451214,927.672228
5566,972.460939,911.725281
5567,923.952805,872.243932
5568,849.728677,806.059873
5569,779.144914,740.425855
5570,726.979015,694.387183
5571,691.462515,659.467625
5572,679.699343,647.29663
5573,693.085196,661.532004
5574,732.684621,698.947726
5575,768.907063,726.868271
5576,836.579089,715.942889
5577,926.641509,696.033556
5578,991.414075,689.338478
5579,1035.939645,671.675557
5580,1062.556216,649.19356
5581,1073.991226,643.414605
5582,1083.277941,634.269527
5583,1082.288807,659.520886
5584,1095.841682,742.801665
5585,1093.235917,833.66876
5586,1072.95158,928.018519
5587,1031.596387,965.990974
5588,1026.212873,961.163577
5589,1008.271816,942.320604
5590,975.247532,917.165421
5591,910.165386,860.093017
5592,844.879331,802.408636
5593,777.21635,739.803937
5594,727.987028,696.26262
5595,695.316376,663.955766
5596,680.586881,648.968094
5597,687.86151,657.144813
5598,718.406318,684.987656
5599,740.336433,699.287774
5600,797.153512,678.644884
5601,885.314466,662.697255
5602,949.846877,640.797008
5603,990.686375,600.844271
5604,1025.564719,624.07933
5605,1046.099901,649.150911
5606,1060.815567,656.979862
5607,1083.244738,729.292828
5608,1101.780389,799.895084
5609,1106.060133,887.524306
5610,1094.022766,973.172824
5611,1054.68791,988.539475
5612,1052.161177,986.614142
5613,1037.025773,972.710905
5614,995.878979,939.230444
5615,909.815979,860.056987
5616,834.205447,792.213129
5617,761.506374,723.999879
5618,714.543636,683.055143
5619,687.978644,656.970862
5620,679.273598,647.364961
5621,713.791022,681.575553
5622,794.967384,756.984585
5623,879.866652,833.812016
5624,952.747707,851.460444
5625,1026.560392,838.875848
5626,1079.105559,850.550243
5627,1114.262061,830.010357
5628,1137.503782,811.235227
5629,1155.677826,816.454361
5630,1169.995825,859.129985
5631,1179.470535,902.696604
5632,1187.342688,962.920013
5633,1172.195825,1004.76527
5634,1144.487367,1035.429015
5635,1095.611396,1026.230639
5636,1094.8277,1026.472701
5637,1065.779164,997.80161
5638,1004.341524,946.273559
5639,912.822586,865.439386
5640,833.794191,797.053094
5641,766.559824,732.571394
5642,718.447117,686.360038
5643,686.919616,655.13082
5644,680.447648,647.963979
5645,712.803843,679.584949
5646,792.803913,754.681289
5647,880.120009,836.228384
5648,957.022313,870.425152
5649,1030.221695,858.873641
5650,1077.25101,825.228857
5651,1113.613081,796.159773
5652,1133.770059,785.750352
5653,1153.879369,782.820572
5654,1167.980169,800.469166
5655,1176.300684,855.059347
5656,1185.659467,920.485421
5657,1173.13298,982.405879
5658,1144.577352,1035.370025
5659,1097.62284,1032.408008
5660,1092.53362,1023.236118
5661,1058.128526,990.188036
5662,1003.986664,945.471592
5663,916.138826,865.341604
5664,833.490505,791.696846
5665,770.737512,736.099792
5666,724.927501,691.99539
5667,695.852809,663.258266
5668,688.632074,655.176221
5669,723.551024,689.461382
5670,806.163591,767.176843
5671,895.368835,846.752978
5672,967.100453,841.785494
5673,1030.403962,815.432234
5674,1079.489024,763.275799
5675,1116.447293,741.313701
5676,1135.519204,742.850146
5677,1156.194238,754.993459
5678,1172.065,794.488175
5679,1192.337943,847.177545
5680,1200.296315,914.239186
5681,1186.46003,979.36336
5682,1155.033554,1035.324238
5683,1098.697203,1026.813496
5684,1092.163114,1021.024944
5685,1064.615789,995.207818
5686,1010.311543,950.884945
5687,929.558449,878.361195
5688,841.61237,798.405839
5689,763.487468,726.911247
5690,715.706292,681.189309
5691,685.41203,651.001002
5692,679.247673,643.802764
5693,715.212654,679.421829
5694,792.360386,750.78434
5695,878.568967,827.157104
5696,948.733354,826.941965
5697,1019.480417,777.239776
5698,1062.162958,746.617863
5699,1098.922158,693.489791
5700,1121.241002,680.236807
5701,1140.629285,703.074648
5702,1152.984126,724.150599
5703,1166.927587,817.794783
5704,1175.927671,913.982158
5705,1167.067542,967.380968
5706,1138.203392,1010.230034
5707,1082.585969,1007.412504
5708,1080.140922,1006.143658
5709,1055.574118,983.540183
5710,997.909786,935.763397
5711,911.975328,858.459652
5712,832.656103,786.482284
5713,762.389419,726.5536
5714,716.313082,682.295213
5715,687.641939,653.482638
5716,681.585803,646.73657
5717,716.119916,681.197576
5718,791.23201,750.366765
5719,872.399537,818.845119
5720,942.174718,817.773017
5721,1010.442924,787.820818
5722,1059.473203,761.497131
5723,1094.535186,724.01153
5724,1116.34428,711.739966
5725,1131.626145,706.165682
5726,1150.066695,742.216078
5727,1163.396406,823.612147
5728,1175.279056,888.070464
5729,1157.279633,932.994585
5730,1119.623746,977.335878
5731,1061.037346,981.10447
5732,1044.353141,967.45502
5733,1022.136255,947.903003
5734,981.42838,920.237144
5735,913.475695,861.104135
5736,840.861857,795.653682
5737,763.085471,724.333188
5738,712.135686,676.701495
5739,676.130018,644.502511
5740,664.947421,632.915152
5741,677.592658,645.105083
5742,716.334804,681.189863
5743,752.18377,708.679044
5744,816.486688,702.505265
5745,904.769143,665.782739
5746,968.383711,652.156684
5747,1013.497337,641.00487
5748,1037.830658,621.93579
5749,1049.515567,656.989282
5750,1057.295199,637.07625
5751,1057.527981,667.124944
5752,1068.9385,740.796504
5753,1067.547418,840.461187
5754,1049.030184,917.469265
5755,1009.870582,940.084811
5756,1005.705607,934.228592
5757,988.309127,921.242145
5758,955.491553,897.674812
5759,891.777359,842.178423
5760,827.71811,785.770453
5761,762.599326,724.693994
5762,713.968525,681.252084
5763,681.714967,650.734619
5764,667.500498,635.92581
5765,674.11813,642.678106
5766,703.902449,671.306158
5767,725.501254,684.165576
5768,779.329609,653.697846
5769,865.911561,619.991541
5770,929.416715,570.63497
5771,970.777875,537.349854
5772,1003.630756,539.023412
5773,1024.387623,558.449451
5774,1037.766361,589.381276
5775,1061.27949,660.236984
5776,1077.914664,751.610631
5777,1083.271948,865.341861
5778,1072.802172,941.878449
5779,1035.415019,964.901996
5780,1033.969247,964.559626
5781,1019.316937,955.305508
5782,978.353514,923.361665
5783,893.50402,845.260917
5784,818.981784,778.064137
5785,762.469769,722.015117
5786,715.467583,677.168311
5787,688.8751,654.440963
5788,680.13611,644.692812
5789,714.696836,678.915011
5790,795.923321,754.347274
5791,880.844425,834.190835
5792,953.922464,821.278298
5793,1027.83922,779.747107
5794,1080.452093,740.242015
5795,1115.574212,706.691576
5796,1138.94943,690.629404
5797,1157.108862,694.703731
5798,1171.514978,711.209365
5799,1180.918245,759.555643
5800,1188.915656,832.469112
5801,1173.697774,927.632793
5802,1145.885997,1007.032742
5803,1096.881655,1025.151884
5804,1096.026714,1023.647082
5805,1066.946338,996.661325
5806,1005.496612,944.625326
5807,913.897692,860.300239
5808,834.797569,789.245786
5809,756.361128,717.967627
5810,708.666025,674.917077
5811,677.429543,646.13387
5812,671.316922,639.388236
5813,703.214712,669.655702
5814,782.684167,742.145122
5815,869.7691,819.514085
5816,944.58609,830.399372
5817,1016.683759,793.144479
5818,1062.996329,735.159825
5819,1099.722378,686.913372
5820,1118.466135,670.900943
5821,1138.73012,675.116212
5822,1151.898109,690.304859
5823,1160.974931,714.898817
5824,1169.007699,787.094813
5825,1157.233042,867.298022
5826,1129.771165,941.558252
5827,1084.175618,993.082441
5828,1079.840615,1003.12573
5829,1045.772588,978.124762
5830,991.758669,934.00141
5831,904.757527,853.268209
5832,822.86854,779.821148
5833,740.510902,700.26942
5834,700.327442,663.201406
5835,671.459022,634.727461
5836,662.538761,627.791206
5837,698.084684,662.475088
5838,772.359018,729.926032
5839,867.164959,816.22962
5840,940.844296,812.157745
5841,1008.855983,766.998271
5842,1062.539004,698.680375
5843,1097.00337,669.723569
5844,1122.056294,675.59618
5845,1144.100457,712.644937
5846,1154.369933,720.755869
5847,1184.724717,757.858765
5848,1188.977726,814.601233
5849,1169.913353,908.364937
5850,1127.779578,976.6727
5851,1093.492752,1013.991356
5852,1084.954006,1005.508572
5853,1037.494634,967.69931
5854,975.829075,916.325957
5855,898.143528,845.808069
5856,810.992064,767.221218
5857,759.385815,719.789234
5858,716.123815,678.822172
5859,685.268162,652.112528
5860,676.503537,642.686529
5861,714.25938,678.684062
5862,784.306156,742.084081
5863,876.662422,825.278526
5864,954.062023,820.114112
5865,1032.495938,789.328492
5866,1081.564048,758.355727
5867,1114.928262,726.987355
5868,1146.861697,728.04906
5869,1167.203413,740.916692
5870,1176.380316,742.629036
5871,1198.35008,786.005909
5872,1207.094997,858.906879
5873,1191.081853,937.250279
5874,1148.800876,1006.726249
5875,1111.784216,1032.381688
5876,1105.465529,1026.012951
5877,1060.142246,988.838211
5878,994.704931,934.820564
5879,909.542577,857.90605
5880,829.252749,785.427445
5881,755.719867,716.810824
5882,714.251639,677.650113
5883,685.137383,652.166261
5884,676.583759,642.846163
5885,712.769067,677.42663
5886,780.670297,738.923732
5887,867.918109,819.13083
5888,944.444472,829.34602
5889,1020.097912,824.082308
5890,1075.353246,819.875928
5891,1107.054721,804.855216
5892,1138.13767,815.883931
5893,1154.481706,815.45752
5894,1169.520157,822.348462
5895,1191.082045,854.088769
5896,1202.432052,896.051382
5897,1177.435928,947.548656
5898,1126.436092,984.043454
5899,1086.673956,1009.087248
5900,1066.009027,984.812981
5901,1023.106592,948.942137
5902,974.921031,916.335987
5903,908.208718,862.76143
5904,834.885681,796.831806
5905,760.295142,725.345609
5906,713.774215,680.64954
5907,677.13674,644.589949
5908,663.315131,630.371987
5909,677.658433,644.173775
5910,709.498607,673.560928
5911,751.709121,709.282308
5912,824.158177,698.77502
5913,920.908555,681.443852
5914,991.30697,675.261964
5915,1033.035331,656.433934
5916,1067.286537,652.857953
5917,1079.858251,664.085449
5918,1084.512109,682.725086
5919,1092.529776,707.696812
5920,1103.675266,766.22042
5921,1094.863728,839.858935
5922,1062.229212,916.864933
5923,1040.997856,969.809483
5924,1032.338154,956.91333
5925,993.990866,924.708085
5926,953.545209,893.965124
5927,890.72636,839.626874
5928,825.752941,781.738683
5929,764.132345,726.207754
5930,719.775645,686.886934
5931,686.769441,654.323301
5932,669.697601,637.205015
5933,678.138244,645.033725
5934,701.278718,664.322844
5935,729.350039,683.738756
5936,792.311656,657.811727
5937,887.88305,615.006563
5938,958.456633,584.321978
5939,996.240519,552.030224
5940,1039.601015,558.765977
5941,1061.344835,577.150306
5942,1071.974753,596.91948
5943,1103.014734,666.309298
5944,1119.968825,770.907127
5945,1117.631947,863.778969
5946,1092.666149,947.98255
5947,1072.745989,998.829097
5948,1066.579478,989.939689
5949,1030.871661,963.414867
5950,982.098689,923.781092
5951,897.326044,847.062782
5952,821.40001,778.887736
5953,760.49485,721.566936
5954,717.007465,682.543464
5955,684.933164,652.555926
5956,665.347078,632.585362
5957,684.755123,651.478963
5958,725.881721,690.158419
5959,774.887756,730.350066
5960,846.607707,711.976627
5961,946.234794,684.777855
5962,1021.873205,656.710024
5963,1073.639097,640.182288
5964,1114.678175,645.664124
5965,1122.147735,635.56458
5966,1141.416094,649.207148
5967,1154.863934,700.019623
5968,1161.820052,791.047317
5969,1156.500468,889.59564
5970,1120.499527,976.569525
5971,1086.679661,1014.530097
5972,1070.694556,995.846349
5973,1028.10353,959.109423
5974,972.836305,913.294899
5975,902.952037,851.06385
5976,822.393923,779.063139
5977,760.006133,719.662497
5978,715.938126,682.188123
5979,684.874034,652.046847
5980,675.874662,642.336753
5981,709.840336,674.637914
5982,782.658602,740.25853
5983,876.020498,828.645664
5984,959.824285,838.41617
5985,1040.472111,823.609157
5986,1093.706809,771.186018
5987,1126.70301,709.48349
5988,1156.278489,707.128892
5989,1177.435905,735.08837
5990,1188.107646,763.358499
5991,1204.595128,802.871354
5992,1213.457392,869.83708
5993,1194.037442,936.853088
5994,1152.260098,1006.328812
5995,1124.341161,1049.53017
5996,1115.425128,1036.450578
5997,1060.169105,991.296441
5998,998.395221,938.94929
5999,911.429744,859.008774
6000,827.852236,783.679614
6001,742.476335,703.230385
6002,702.210871,665.103585
6003,673.285863,639.413291
6004,664.295767,630.454081
6005,699.929713,664.389859
6006,774.302812,731.664873
6007,869.147144,817.763387
6008,943.227737,804.34125
6009,1011.449517,742.870727
6010,1065.272008,688.004161
6011,1099.667829,656.924476
6012,1124.997092,647.504044
6013,1147.011987,666.830669
6014,1157.463361,676.798051
6015,1187.673114,748.387069
6016,1192.184649,842.566105
6017,1172.971577,928.59936
6018,1130.628204,979.825126
6019,1096.080897,1018.485759
6020,1087.397012,1007.467127
6021,1039.872819,969.819445
6022,978.184586,918.323503
6023,900.335768,849.220117
6024,813.038312,768.574041
6025,751.091023,711.058307
6026,708.175107,671.093593
6027,677.558275,644.493984
6028,669.088376,635.162664
6029,706.472733,670.371269
6030,776.10269,733.199107
6031,868.296932,818.385377
6032,944.003095,816.557022
6033,1021.550348,779.031456
6034,1070.029845,729.191957
6035,1103.683345,701.907596
6036,1134.450534,678.835621
6037,1154.915771,679.404546
6038,1163.324997,703.360237
6039,1185.906847,750.659105
6040,1193.560695,837.623007
6041,1178.17511,914.042929
6042,1136.778709,990.635661
6043,1100.861365,1023.266355
6044,1095.155219,1012.623707
6045,1050.105497,977.302766
6046,984.763874,923.851866
6047,900.290583,848.351975
6048,820.616889,777.042052
6049,746.259141,709.94814
6050,705.185643,672.062582
6051,676.343777,643.442604
6052,668.126307,634.423682
6053,703.887912,668.607957
6054,771.313733,728.957487
6055,858.376747,806.31236
6056,932.971639,793.395355
6057,1007.613785,755.739596
6058,1062.197769,710.887982
6059,1094.229193,679.567274
6060,1123.981966,682.713784
6061,1140.466885,687.39947
6062,1154.629753,695.773792
6063,1176.889763,740.954299
6064,1186.995338,833.998056
6065,1162.714985,921.357675
6066,1112.724061,980.504957
6067,1074.215765,1000.369786
6068,1054.249476,974.344865
6069,1011.659055,938.700763
6070,963.582637,904.540843
6071,897.656242,846.309605
6072,825.035945,781.219585
6073,753.599346,715.95236
6074,707.357788,673.617319
6075,670.913097,637.772408
6076,657.3294,623.954018
6077,671.372827,637.656408
6078,702.876531,666.494353
6079,744.956255,701.740289
6080,816.03832,692.342747
6081,912.072958,696.167689
6082,981.996228,670.19771
6083,1023.958108,643.28894
6084,1057.267888,662.180145
6085,1069.939311,708.247563
6086,1073.973478,749.144875
6087,1082.485239,780.929236
6088,1092.749986,851.225079
6089,1084.445032,896.348866
6090,1052.524571,948.400033
6091,1032.180615,967.611665
6092,1024.015374,952.154272
6093,985.888912,918.482808
6094,945.5205,888.016903
6095,883.257882,833.576206
6096,818.781825,775.595337
6097,751.840063,713.772313
6098,707.996235,675.819483
6099,675.343947,643.62352
6100,658.70887,626.741583
6101,666.598997,634.222771
6102,689.121774,654.012293
6103,716.952988,678.53417
6104,777.405053,674.924748
6105,871.662477,674.087182
6106,941.363777,660.022869
6107,979.576364,659.36171
6108,1021.208568,682.210076
6109,1043.135437,709.79535
6110,1052.627715,719.994772
6111,1084.574763,764.775947
6112,1099.911967,868.849743
6113,1098.505087,925.35601
6114,1074.850165,962.143128
6115,1056.559115,988.942765
6116,1051.300344,975.357621
6117,1015.997924,950.340707
6118,967.366761,911.735202
6119,883.615257,834.530237
6120,808.60229,766.291361
6121,740.746209,706.583754
6122,699.021579,666.657353
6123,672.369004,640.162481
6124,661.627491,628.478686
6125,697.0431,662.201634
6126,770.31288,729.461096
6127,861.004861,814.166499
6128,937.770113,824.311962
6129,1017.440115,824.864934
6130,1075.29049,832.907771
6131,1107.591653,810.765973
6132,1138.244742,800.647211
6133,1157.691157,803.071731
6134,1167.261999,835.564429
6135,1185.933462,893.450801
6136,1191.37064,945.365252
6137,1170.357552,990.509045
6138,1131.084208,1015.988007
6139,1103.070679,1030.315598
6140,1099.715638,1019.835166
6141,1050.344927,979.141421
6142,981.302469,920.968113
6143,891.784868,843.690916
6144,812.968745,775.648243
6145,728.610704,694.351235
6146,686.411464,654.008961
6147,655.303988,623.281414
6148,647.434991,614.633574
6149,679.975888,645.497061
6150,751.195506,710.513781
6151,843.935988,796.418193
6152,921.244864,798.510661
6153,998.492038,759.758199
6154,1049.4692,723.427218
6155,1083.574914,710.883772
6156,1108.677442,708.655732
6157,1130.308601,723.352926
6158,1138.036043,735.900829
6159,1156.871081,773.812611
6160,1161.548722,839.535252
6161,1144.535677,915.036928
6162,1106.15098,985.176699
6163,1082.448301,1009.940003
6164,1075.881569,998.512773
6165,1021.674745,952.681174
6166,960.267874,901.230923
6167,875.945187,825.134992
6168,794.730766,752.000623
6169,755.601427,716.821223
6170,714.788344,679.643383
6171,685.485442,653.192812
6172,676.028992,642.879747
6173,712.250752,677.126219
6174,787.283398,746.231933
6175,882.384104,836.292602
6176,959.144272,857.956344
6177,1028.769044,828.686945
6178,1083.522916,787.905818
6179,1117.460991,715.966113
6180,1144.635639,710.650346
6181,1166.455084,742.373792
6182,1178.121174,743.540745
6183,1207.362406,812.151587
6184,1213.600373,889.112069
6185,1193.394295,975.132965
6186,1149.651233,1022.375087
6187,1113.364444,1040.846537
6188,1103.711318,1024.014983
6189,1055.754262,985.875661
6190,993.914612,935.925677
6191,914.975469,863.499652
6192,826.703086,783.871503
6193,766.48136,727.47108
6194,722.923312,688.869822
6195,691.863366,659.284374
6196,682.846626,649.332116
6197,720.920246,685.898819
6198,791.32358,749.451783
6199,883.818443,833.267755
6200,962.666647,839.15448
6201,1041.859033,812.553646
6202,1091.430656,771.545349
6203,1124.547408,723.861667
6204,1157.478475,697.197108
6205,1177.714529,680.508215
6206,1187.548118,702.75567
6207,1208.994292,751.357468
6208,1218.672533,832.272172
6209,1202.122561,935.893904
6210,1159.0849,1018.138891
6211,1121.127859,1045.895687
6212,1114.285192,1032.357193
6213,1068.727899,996.55172
6214,1003.208727,943.032198
6215,917.456934,864.798446
6216,836.64005,793.568175
6217,749.990131,714.719488
6218,708.760965,675.548066
6219,679.811678,646.396182
6220,671.46164,637.890902
6221,707.390339,672.286423
6222,775.003646,733.358548
6223,862.139538,814.420683
6224,937.496137,809.878263
6225,1012.537103,775.531592
6226,1067.385844,746.002041
6227,1099.287147,687.861722
6228,1129.564497,698.148921
6229,1145.993857,736.546
6230,1160.502025,735.798827
6231,1182.48672,776.093834
6232,1193.083056,856.86386
6233,1168.520427,943.547686
6234,1118.131623,994.634537
6235,1079.128855,1004.213987
6236,1058.887045,978.659046
6237,1016.173577,942.190993
6238,968.054116,908.787188
6239,901.817782,850.566984
6240,828.920348,784.868122
6241,761.394452,722.852878
6242,714.827658,681.072646
6243,678.158532,645.145238
6244,664.297864,631.018905
6245,678.690398,645.218406
6246,710.585813,674.297112
6247,752.8178,708.087067
6248,825.491288,698.942514
6249,922.359175,670.201294
6250,992.8356,624.299073
6251,1034.525621,593.049032
6252,1068.93139,576.725095
6253,1081.486734,578.730358
6254,1086.242331,593.44606
6255,1094.178879,646.846082
6256,1105.468969,734.591825
6257,1096.57426,832.881902
6258,1063.822511,926.870664
6259,1042.445462,974.282038
6260,1033.704581,958.783907
6261,995.321038,926.467811
6262,954.862698,895.700728
6263,891.952527,841.575845
6264,826.897452,784.27795
6265,753.305809,717.692832
6266,709.400826,677.36142
6267,676.706336,645.107743
6268,660.019179,628.156844
6269,667.974951,635.796653
6270,690.571382,655.345334
6271,718.431227,678.382763
6272,779.182534,662.874494
6273,873.596637,646.84852
6274,943.401949,618.329619
6275,981.563418,577.436492
6276,1023.401706,573.425832
6277,1045.306747,581.965674
6278,1054.934679,596.035307
6279,1086.773567,674.490498
6280,1102.303571,762.297005
6281,1100.785797,849.411959
6282,1076.974564,943.20397
6283,1058.489257,987.473215
6284,1053.122246,975.685906
6285,1017.771486,950.439063
6286,969.123414,911.090185
6287,885.250147,835.935108
6288,810.128305,767.795175
6289,748.308127,711.634572
6290,706.267992,673.618144
6291,679.397695,646.976206
6292,668.387497,635.014436
6293,704.141769,669.151288
6294,777.791543,735.390016
6295,868.631231,819.574198
6296,946.9403,828.583732
6297,1027.418624,802.807503
6298,1085.805607,757.847102
6299,1117.843044,707.767753
6300,1149.559337,675.353321
6301,1168.893144,670.806341
6302,1179.163835,689.292089
6303,1197.277293,749.949524
6304,1203.70914,851.174934
6305,1182.12394,945.793774
6306,1142.044177,1015.268282
6307,1113.028458,1036.125956
6308,1109.114997,1028.18884
6309,1059.494895,987.876297
6310,990.365199,929.510954
6311,900.219417,848.61146
6312,820.841597,777.185197
6313,761.556685,723.309177
6314,717.982837,684.980131
6315,685.92679,653.24081
6316,676.887174,643.406972
6317,710.903573,675.257628
6318,783.778754,741.473499
6319,877.162774,830.005158
6320,961.197793,836.91881
6321,1041.96669,810.908565
6322,1095.28176,781.4775
6323,1128.23846,743.688155
6324,1157.973186,738.138065
6325,1179.113736,745.844497
6326,1189.8903,763.986813
6327,1206.294204,774.758515
6328,1215.305449,851.655838
6329,1195.799809,957.603277
6330,1153.901679,1039.567129
6331,1125.832635,1054.257588
6332,1116.832961,1038.045154
6333,1061.539585,992.577567
6334,999.752635,940.590337
6335,912.693068,860.30791
6336,829.031429,785.29314
6337,747.839634,707.985773
6338,707.350397,673.26625
6339,678.27097,645.348213
6340,669.090308,635.32841
6341,704.964452,669.564244
6342,779.607061,738.224123
6343,874.556155,826.757474
6344,949.731702,846.691075
6345,1018.526785,785.948066
6346,1072.729866,734.211738
6347,1106.938639,693.193538
6348,1133.02198,673.83743
6349,1154.957009,680.727409
6350,1165.904752,695.436689
6351,1195.718738,756.542469
6352,1200.935745,850.107062
6353,1181.316901,933.037499
6354,1138.401574,1012.282414
6355,1103.143463,1031.62305
6356,1094.063517,1013.749118
6357,1046.362445,975.838134
6358,984.612338,924.873108
6359,906.317981,854.809561
6360,818.622141,774.608022
6361,756.720821,721.1217
6362,713.570013,680.702638
6363,682.79109,650.117965
6364,674.121156,640.620803
6365,711.757646,676.136687
6366,781.670504,740.224839
6367,873.974714,826.919552
6368,950.830239,825.419065
6369,1028.979283,782.253561
6370,1077.85828,704.373737
6371,1111.315437,686.487436
6372,1142.874175,676.691939
6373,1163.255576,681.887789
6374,1172.185836,714.120107
6375,1194.352255,784.238682
6376,1202.746627,868.344253
6377,1186.935109,962.681382
6378,1144.938333,1022.813675
6379,1108.274866,1035.165124
6380,1102.152979,1021.600118
6381,1056.917588,985.419104
6382,991.511017,930.743189
6383,906.570049,854.371999
6384,826.478175,787.162989
6385,759.817295,725.164007
6386,718.178109,685.080056
6387,688.945881,656.354783
6388,680.24667,646.768864
6389,716.615483,681.255513
6390,784.722612,743.356062
6391,872.05046,826.341246
6392,949.41334,822.222966
6393,1025.504769,776.535266
6394,1081.050865,733.48581
6395,1112.609439,679.885933
6396,1144.268485,669.560788
6397,1160.551506,663.782902
6398,1175.96917,683.817018
6399,1197.228703,736.083484
6400,1209.117672,824.151019
6401,1183.811548,931.150615
6402,1132.374753,1009.335995
6403,1092.069581,1021.330172
6404,1071.102072,991.411999
6405,1028.064505,955.891799
6406,979.831674,920.33581
6407,912.77898,862.018094
6408,839.151587,795.511348
6409,777.950723,742.250984
6410,730.693151,697.377765
6411,693.547342,660.573376
6412,679.098404,645.767482
6413,694.232419,660.347608
6414,726.959801,690.20427
6415,769.515184,729.32128
6416,845.568746,740.126809
6417,944.206397,725.01183
6418,1015.857685,722.996349
6419,1056.970295,670.653762
6420,1093.703872,637.636218
6421,1106.012671,652.268935
6422,1112.300537,664.136906
6423,1119.015373,712.213377
6424,1132.483219,808.026887
6425,1122.335912,897.584908
6426,1087.818565,964.909348
6427,1064.247296,999.855809
6428,1054.283794,981.315622
6429,1015.354228,947.494408
6430,974.704888,917.157587
6431,910.41936,860.228658
6432,844.134489,801.224896
6433,771.994075,735.152476
6434,727.30936,695.084364
6435,694.076803,662.208744
6436,676.725625,644.625322
6437,685.518359,653.026467
6438,709.053892,674.233253
6439,737.278777,698.155228
6440,801.845419,694.298611
6441,898.257183,677.421917
6442,969.388649,672.657252
6443,1006.898352,652.196993
6444,1051.364206,659.38012
6445,1072.990954,691.974078
6446,1084.348469,697.959541
6447,1114.808321,763.837068
6448,1132.796517,827.373873
6449,1129.864844,917.720267
6450,1104.060653,993.42203
6451,1083.098571,1010.144096
6452,1076.351499,999.025859
6453,1040.384403,973.898332
6454,991.520735,935.093755
6455,906.095002,857.38183
6456,829.585001,788.0544
6457,744.976886,709.437285
6458,703.075739,671.776828
6459,676.301356,645.190461
6460,665.409521,633.262476
6461,701.014602,665.780741
6462,774.496978,732.22455
6463,865.271597,817.109635
6464,942.90057,829.951031
6465,1023.022805,812.036257
6466,1081.173397,804.977342
6467,1113.327013,792.907621
6468,1144.574934,764.79491
6469,1163.958348,773.889894
6470,1173.920736,798.285308
6471,1192.280011,875.03807
6472,1198.273677,941.600902
6473,1176.940509,992.676568
6474,1137.215997,1028.259648
6475,1108.641771,1029.865864
6476,1104.97431,1022.559208
6477,1055.464072,984.968197
6478,986.372807,926.579044
6479,896.503757,845.886037
6480,817.37338,776.835532
6481,743.967728,709.604131
6482,701.127746,668.718962
6483,669.578115,637.604508
6484,661.16346,628.510314
6485,694.392129,659.041249
6486,766.383451,724.477618
6487,859.423903,808.700234
6488,939.868019,822.036323
6489,1018.756764,792.521893
6490,1070.82369,748.771026
6491,1104.393817,701.220604
6492,1131.655539,685.473175
6493,1153.058012,709.802683
6494,1162.206733,704.792222
6495,1179.908553,757.137143
6496,1186.606206,849.898216
6497,1168.431293,942.010493
6498,1128.408889,1004.550647
6499,1102.670928,1023.289723
6500,1094.970135,1013.639014
6501,1040.256839,970.779214
6502,978.672803,919.590043
6503,893.074381,842.276993
6504,810.719245,767.941257
6505,752.003686,713.197964
6506,711.340712,675.959877
6507,682.141395,650.028416
6508,672.812778,639.857619
6509,708.873411,672.63765
6510,783.725267,740.123529
6511,878.755699,829.220017
6512,954.781364,831.226687
6513,1024.02156,778.82968
6514,1078.520129,724.723202
6515,1112.583677,694.668181
6516,1139.252484,679.502621
6517,1161.125504,698.184328
6518,1172.458627,749.978062
6519,1201.965341,822.377586
6520,1207.730073,908.048366
6521,1187.79619,980.616001
6522,1144.436798,1029.02722
6523,1108.626822,1028.8114
6524,1099.239376,1016.640195
6525,1051.400973,981.966915
6526,989.602828,931.910183
6527,910.962556,859.434193
6528,822.957412,779.153659
6529,738.598866,699.389415
6530,696.204162,663.124969
6531,665.947001,633.12306
6532,657.920966,624.017256
6533,694.745856,657.952758
6534,763.748071,719.067019
6535,855.698302,803.387518
6536,928.854108,802.692156
6537,1005.066026,758.43233
6538,1052.659056,693.083473
6539,1086.748229,658.831746
6540,1115.759023,645.033592
6541,1136.410285,676.252038
6542,1143.663373,690.268424
6543,1167.167039,724.726748
6544,1173.177709,816.81412
6545,1158.737244,918.384379
6546,1118.673034,986.804147
6547,1084.411289,1001.87455
6548,1079.627643,994.615817
6549,1034.98991,962.39705
6550,969.792403,908.816622
6551,886.356857,833.599131
6552,807.611077,766.972254
6553,715.790704,680.453445
6554,676.271411,642.789396
6555,653.440074,620.268364
6556,651.038892,616.794546
6557,691.544715,654.301465
6558,765.422134,720.203395
6559,855.225051,801.870369
6560,926.159819,800.860589
6561,994.198113,763.731724
6562,1052.370606,724.955722
6563,1082.981507,681.678832
6564,1112.070071,660.871752
6565,1133.742228,656.685202
6566,1151.527964,673.82645
6567,1154.145337,736.694912
6568,1158.839434,821.159697
6569,1124.882388,893.281656
6570,1076.07655,951.472335
6571,1053.840547,972.624761
6572,1014.193966,930.960214
6573,968.447747,895.201265
6574,922.947344,863.943078
6575,858.071315,807.383166
6576,785.061906,741.59216
6577,732.534003,692.784941
6578,687.455605,653.191963
6579,656.743133,622.844916
6580,648.625622,614.424367
6581,667.792525,631.890913
6582,706.140891,666.666771
6583,751.167134,705.63144
6584,820.820402,694.542778
6585,911.500178,675.362702
6586,985.798566,651.209548
6587,1026.088246,634.658269
6588,1059.999942,652.324419
6589,1077.711924,647.436135
6590,1086.24724,678.58882
6591,1074.37751,693.812487
6592,1080.366524,772.83062
6593,1061.511565,835.67816
6594,1029.56967,909.589072
6595,1024.22498,950.489576
6596,995.671369,919.976041
6597,954.063246,885.266217
6598,916.143043,857.649476
6599,854.162261,803.10297
6600,788.674428,744.875973
6601,725.245052,690.636417
6602,682.789957,649.997594
6603,656.029536,623.796121
6604,645.053813,612.697781
6605,657.808791,624.129627
6606,686.925615,651.150487
6607,717.62418,673.665413
6608,775.542466,657.244057
6609,863.88027,634.242364
6610,937.584964,621.233992
6611,974.346945,616.734231
6612,1015.810978,624.694503
6613,1042.882171,640.488161
6614,1056.353178,657.674067
6615,1068.34039,676.397078
6616,1078.690117,746.793035
6617,1067.167323,852.02389
6618,1044.092156,929.833282
6619,1041.582557,969.060684
6620,1016.328466,942.364354
6621,977.701368,911.148032
6622,931.524462,874.537863
6623,848.42639,798.778337
6624,772.754032,730.615551
6625,712.338714,673.474767
6626,672.083458,638.953336
6627,651.374552,618.769167
6628,646.387019,612.902574
6629,686.654534,649.847882
6630,766.496786,722.339231
6631,859.94623,807.799154
6632,933.469687,812.633626
6633,1006.773746,782.542129
6634,1068.371139,746.224756
6635,1099.179113,716.262481
6636,1129.474505,704.418508
6637,1154.086501,716.436284
6638,1167.469307,768.67173
6639,1166.34721,814.986733
6640,1166.643143,905.821744
6641,1135.802165,945.949775
6642,1097.5618,986.62869
6643,1085.6012,1004.1707
6644,1062.47908,979.081871
6645,1009.85602,938.935179
6646,943.30113,884.185797
6647,854.570839,803.334487
6648,775.167643,731.642541
6649,710.9835,672.296716
6650,669.802025,637.058638
6651,644.333643,612.06631
6652,641.826225,608.747613
6653,679.694785,643.848544
6654,758.016212,715.198669
6655,853.758922,804.743365
6656,930.034819,813.441508
6657,1002.041724,773.662917
6658,1057.532113,747.172616
6659,1089.768336,717.177209
6660,1116.016797,713.374928
6661,1142.643714,723.742194
6662,1155.161642,739.315616
6663,1153.402802,767.062631
6664,1154.356901,838.406232
6665,1126.710286,908.167051
6666,1088.213891,974.494151
6667,1079.173478,998.193882
6668,1052.012831,970.413265
6669,994.206209,924.977303
6670,935.182112,876.82662
6671,850.762769,799.720014
6672,768.14972,725.709043
6673,709.81083,670.625257
6674,671.204814,634.256622
6675,648.349803,615.438706
6676,645.257987,611.558162
6677,685.554876,648.854791
6678,766.283972,721.8631
6679,863.835372,811.351837
6680,933.82643,809.226805
6681,995.233188,764.445081
6682,1052.475015,742.405387
6683,1085.535824,712.724952
6684,1109.888432,722.633375
6685,1137.106958,724.85409
6686,1150.994798,738.350802
6687,1161.72747,783.446958
6688,1160.518678,851.17519
6689,1131.779603,913.21032
6690,1090.91766,975.927508
6691,1072.959332,989.702623
6692,1044.794355,960.356752
6693,994.190414,923.276753
6694,935.070196,875.63176
6695,858.416087,806.968967
6696,770.832717,726.510542
6697,714.045483,676.613659
6698,672.966056,639.381407
6699,648.544599,615.233837
6700,646.126672,611.896575
6701,687.974328,650.4801
6702,763.72944,718.379787
6703,858.533216,805.721117
6704,929.255187,802.199082
6705,999.501508,753.513145
6706,1051.103769,703.341682
6707,1083.567482,688.875106
6708,1112.749673,690.027003
6709,1138.485977,703.366913
6710,1149.8929,739.344231
6711,1153.305331,780.402286
6712,1154.678656,858.154239
6713,1130.118054,919.113306
6714,1090.672194,973.151084
6715,1071.940098,988.894336
6716,1047.083781,963.391687
6717,999.100946,926.228568
6718,936.372135,875.0201
6719,853.438464,800.642997
6720,773.838005,733.486682
6721,720.266476,685.092802
6722,680.560607,646.918887
6723,657.600627,624.627271
6724,655.040086,620.95633
6725,695.745942,658.651895
6726,769.846934,724.984658
6727,859.735239,808.242136
6728,931.57854,801.807902
6729,1000.091925,739.845609
6730,1058.582037,690.759373
6731,1089.083149,651.563952
6732,1118.755909,653.873357
6733,1140.360464,686.595681
6734,1158.561828,738.355713
6735,1160.850138,795.595735
6736,1166.133261,886.196139
6737,1131.838874,935.898913
6738,1082.558857,974.575907
6739,1059.731627,977.623879
6740,1019.75515,935.138606
6741,973.861037,898.981301
6742,928.309691,868.181723
6743,863.062437,812.771925
6744,789.76689,751.328256
6745,728.325441,692.15061
6746,683.42248,649.464371
6747,652.830971,619.479647
6748,644.863306,611.093989
6749,663.842118,628.786773
6750,701.980257,663.265808
6751,746.926211,703.492145
6752,815.725186,696.778951
6753,905.958235,668.937012
6754,979.957967,629.60702
6755,1020.394173,604.062408
6756,1053.713258,594.362602
6757,1071.488806,590.778145
6758,1079.633308,597.739133
6759,1068.072996,637.921756
6760,1073.50815,735.321777
6761,1054.970391,833.804723
6762,1023.474366,912.660597
6763,1018.685606,942.360325
6764,990.442196,911.941655
6765,948.973137,879.334704
6766,911.100836,852.227733
6767,849.469117,798.276838
6768,784.293631,741.75313
6769,722.639752,688.39677
6770,680.293261,647.704721
6771,653.607722,621.613795
6772,642.72476,610.587321
6773,655.363301,621.852484
6774,684.349984,647.387689
6775,714.998846,673.545351
6776,772.388285,658.927268
6777,860.449543,628.659675
6778,933.969355,607.65219
6779,970.822043,577.560677
6780,1011.919221,592.490277
6781,1039.029765,616.011447
6782,1052.258839,632.519859
6783,1064.437595,673.386366
6784,1074.444457,753.256199
6785,1063.118025,854.044544
6786,1040.318872,933.725137
6787,1038.153421,960.579254
6788,1013.091359,934.326207
6789,974.550349,907.085293
6790,928.403096,871.685892
6791,845.52111,796.534387
6792,770.04211,728.059074
6793,718.250741,680.192187
6794,677.749038,644.296732
6795,656.870208,624.010275
6796,651.672177,618.42236
6797,692.203915,657.345992
6798,772.341485,734.133127
6799,865.903717,822.916334
6800,940.627252,826.315022
6801,1014.558856,788.00294
6802,1076.57579,749.958352
6803,1107.22397,725.737373
6804,1138.305799,703.899142
6805,1162.8285,726.118921
6806,1176.760306,758.561687
6807,1175.203551,779.087534
6808,1176.277525,879.677113
6809,1144.990957,949.576364
6810,1106.124251,1008.125227
6811,1093.382701,1018.104885
6812,1069.824823,992.196456
6813,1017.006411,947.650095
6814,950.38423,891.085267
6815,861.163589,809.969309
6816,781.367661,738.181345
6817,723.074765,687.073939
6818,681.389256,648.573321
6819,655.573346,623.143564
6820,652.635419,619.401878
6821,691.044368,654.830397
6822,769.969778,727.803152
6823,865.943161,817.648296
6824,944.673455,824.524875
6825,1017.963813,792.933935
6826,1074.312247,768.961583
6827,1106.173538,735.838727
6828,1134.07854,739.788664
6829,1160.522829,786.997942
6830,1174.163572,832.310932
6831,1171.51577,853.312564
6832,1174.061118,902.345204
6833,1145.503182,967.268769
6834,1105.725795,1006.487504
6835,1095.088187,1017.0969
6836,1067.036328,987.23875
6837,1008.830172,939.777872
6838,949.668452,891.244491
6839,864.246246,813.898791
6840,780.78186,738.108351
6841,707.873555,670.221389
6842,669.348297,636.811089
6843,646.548967,614.243553
6844,643.526127,610.315226
6845,683.736435,647.489439
6846,764.36876,722.304781
6847,861.883201,813.425728
6848,931.481013,823.088982
6849,992.682135,789.706133
6850,1049.786485,765.540577
6851,1082.960784,735.67183
6852,1106.994562,736.559831
6853,1134.242349,774.320104
6854,1147.95029,774.880045
6855,1158.825392,806.695016
6856,1157.361649,854.002929
6857,1128.768587,931.675888
6858,1088.111885,981.516124
6859,1070.409462,991.160754
6860,1042.387276,961.352883
6861,991.847348,922.191765
6862,932.74918,874.498053
6863,856.255751,805.772753
6864,768.862201,729.179445
6865,716.216567,681.845369
6866,675.046637,642.330932
6867,650.562778,618.01086
6868,648.067549,614.626561
6869,690.012237,653.551588
6870,765.875798,723.471988
6871,860.720994,812.635361
6872,931.883671,808.685969
6873,1002.360447,764.179444
6874,1054.116776,713.747834
6875,1086.550942,706.802785
6876,1115.992803,715.274228
6877,1141.696316,723.554505
6878,1153.304849,759.842584
6879,1156.557659,813.338803
6880,1158.216706,892.789761
6881,1133.492469,945.138014
6882,1093.816597,993.276423
6883,1074.797712,994.690873
6884,1049.78137,968.177695
6885,1001.726795,930.302801
6886,938.973273,878.779148
6887,855.85953,804.531961
6888,776.143981,735.687359
6889,725.04286,691.210369
6890,685.137884,653.021736
6891,662.04062,630.192717
6892,659.310016,626.451701
6893,700.22934,664.331742
6894,774.568923,732.17114
6895,864.54835,816.231465
6896,937.361206,845.556797
6897,1006.381591,842.254934
6898,1065.210654,805.483761
6899,1095.54547,758.305636
6900,1125.890797,735.955461
6901,1147.423208,753.951503
6902,1166.068115,774.661372
6903,1168.005261,810.789027
6904,1173.916971,894.440487
6905,1139.262587,959.88296
6906,1089.476543,987.070001
6907,1066.018377,985.644955
6908,1025.689846,942.629666
6909,979.637906,905.962561
6910,934.032195,876.054062
6911,868.388783,817.950983
6912,794.738747,757.156608
6913,727.724218,692.727875
6914,682.84632,649.831878
6915,652.272091,619.800169
6916,644.325832,611.394784
6917,663.277774,628.672367
6918,701.385881,663.29036
6919,746.320365,703.569358
6920,814.997298,704.409598
6921,905.166529,685.245819
6922,979.123596,656.320871
6923,1019.580734,626.655792
6924,1052.81516,626.218894
6925,1070.59979,644.134822
6926,1078.688461,655.220362
6927,1067.172351,685.566844
6928,1072.528383,773.558886
6929,1054.035937,860.722697
6930,1022.603608,923.499914
6931,1017.894267,942.590234
6932,989.695172,912.764961
6933,948.245979,879.918034
6934,910.380521,852.439486
6935,848.798668,798.74976
6936,783.667802,740.857135
6937,727.148926,693.02013
6938,684.614466,652.236544
6939,657.799324,625.96688
6940,646.755813,614.797376
6941,659.59588,626.268639
6942,688.807806,652.564045
6943,719.542692,678.818361
6944,777.847445,676.426221
6945,866.387339,657.631418
6946,940.22714,655.90287
6947,976.922835,628.086116
6948,1018.654954,605.719341
6949,1045.697391,627.311623
6950,1059.345194,664.640803
6951,1071.192432,703.608713
6952,1081.792715,797.537784
6953,1070.126425,876.829424
6954,1046.849555,953.382191
6955,1044.088464,969.024958
6956,1018.694044,941.691976
6957,980.004037,913.686637
6958,933.80546,878.041453
6959,850.549479,801.870607
6960,774.735821,733.169516
6961,705.558253,671.830412
6962,665.585646,634.086922
6963,645.071625,613.743201
6964,640.32551,607.799262
6965,680.289989,644.6793
6966,759.793543,717.369076
6967,853.113632,804.400168
6968,925.260729,811.927695
6969,997.845061,777.982551
6970,1058.961284,756.869353
6971,1090.05137,748.281965
6972,1119.345958,709.415244
6973,1144.060367,716.009499
6974,1156.813529,760.296314
6975,1156.189938,763.749424
6976,1155.59354,833.943733
6977,1125.263607,922.24631
6978,1087.741588,983.779256
6979,1076.676653,995.971599
6980,1054.054301,970.729435
6981,1001.65529,929.916582
6982,935.177574,876.132074
6983,847.009663,796.568585
6984,768.155733,726.022019
6985,692.312182,657.014423
6986,651.909035,619.30701
6987,626.977306,594.82601
6988,625.13468,592.222493
6989,662.168772,626.440333
6990,739.557529,697.489184
6991,834.944033,786.800122
6992,907.429854,785.231993
6993,977.454851,746.66035
6994,1031.620248,708.659251
6995,1064.552578,697.192931
6996,1088.125874,689.215593
6997,1115.034803,695.279619
6998,1125.818882,720.589323
6999,1125.432776,766.272581
7000,1123.929671,847.925136
7001,1097.690316,905.690506
7002,1061.172027,965.288824
7003,1054.598002,975.919634
7004,1028.813564,948.810938
7005,971.623902,902.276245
7006,912.812322,854.590172
7007,829.941597,778.809603
7008,748.76032,706.278863
7009,715.689456,676.929819
7010,676.838385,643.594925
7011,653.81441,621.462407
7012,650.513286,617.249542
7013,691.072905,654.742952
7014,772.095651,729.35478
7015,869.759201,821.51718
7016,940.943557,846.745416
7017,1002.974314,798.867579
7018,1060.633312,755.6058
7019,1093.53549,723.984384
7020,1118.669832,690.40166
7021,1145.799567,686.635636
7022,1160.233306,725.466532
7023,1170.533775,785.412187
7024,1170.098629,855.699752
7025,1140.916481,941.052775
7026,1099.431735,996.191079
7027,1080.69687,999.072053
7028,1052.098597,968.489332
7029,1001.300407,931.481729
7030,942.113279,884.314515
7031,864.97159,812.928697
7032,776.997967,733.393204
7033,712.509024,676.758909
7034,671.493646,638.495537
7035,647.116349,614.4378
7036,644.753128,611.161393
7037,686.532116,649.898397
7038,762.210478,718.817008
7039,856.984943,808.010128
7040,927.395028,811.285663
7041,997.478259,763.871372
7042,1048.971486,708.515572
7043,1081.534735,672.640884
7044,1110.454534,659.616845
7045,1136.214045,681.473702
7046,1147.47829,698.55963
7047,1151.003683,746.923562
7048,1152.174805,845.175795
7049,1127.730007,922.264861
7050,1088.446924,988.864518
7051,1069.917787,987.932462
7052,1045.174718,962.19952
7053,997.242652,924.840773
7054,934.531329,874.054558
7055,851.725093,799.067602
7056,772.284707,728.885206
7057,701.795566,666.809018
7058,662.859672,629.789753
7059,640.430583,607.964021
7060,638.527698,605.242297
7061,678.408043,642.11764
7062,751.586376,708.505063
7063,841.1223,792.648728
7064,909.216205,792.267552
7065,975.768954,742.265667
7066,1032.948296,688.904949
7067,1064.092497,655.995406
7068,1091.164352,642.088788
7069,1113.047892,658.187998
7070,1129.534017,691.524019
7071,1133.180327,733.30892
7072,1136.03262,834.676652
7073,1103.130389,903.561633
7074,1055.807246,962.374126
7075,1035.419931,955.342372
7076,996.804891,915.826335
7077,951.521116,879.674379
7078,906.180006,848.607266
7079,842.464749,791.815702
7080,770.540058,727.668087
7081,719.273693,682.819233
7082,674.748061,641.391815
7083,644.416718,611.65305
7084,636.77134,603.425187
7085,655.345607,620.7123
7086,693.031593,654.935041
7087,737.80486,695.107388
7088,804.766428,697.656004
7089,894.03866,685.405109
7090,967.396043,686.594454
7091,1008.147398,691.816111
7092,1040.191898,697.719869
7093,1058.104165,708.277477
7094,1065.408106,709.103552
7095,1054.513287,729.100697
7096,1058.757203,796.953607
7097,1040.901676,860.476024
7098,1010.364625,921.585584
7099,1006.771556,932.615176
7100,979.195324,901.769108
7101,938.025364,869.977052
7102,900.25609,842.010192
7103,839.375132,789.760972
7104,774.87144,736.651162
7105,713.020182,677.356073
7106,671.074691,637.591639
7107,644.665638,612.528766
7108,634.125181,601.795688
7109,646.333799,612.790915
7110,674.839965,639.160912
7111,705.305308,666.956841
7112,760.742078,661.028527
7113,847.782245,640.649555
7114,920.619414,611.548178
7115,957.80702,573.149919
7116,997.549658,591.572819
7117,1024.805496,608.207663
7118,1037.141281,641.804894
7119,1050.027278,720.797861
7120,1058.768174,806.862437
7121,1048.16677,871.970985
7122,1026.386749,941.360902
7123,1025.491995,954.549632
7124,1001.138963,924.778741
7125,962.915815,893.803666
7126,916.878052,856.574989
7127,834.793924,782.593519
7128,760.02886,714.385962
7129,693.801001,658.489496
7130,654.318504,621.350904
7131,634.142411,602.290614
7132,629.814912,596.749976
7133,669.25393,633.132472
7134,748.170186,705.902179
7135,841.265974,795.209509
7136,911.026475,798.627558
7137,982.362808,755.214607
7138,1042.64469,713.793062
7139,1074.144119,667.41536
7140,1101.783159,681.187462
7141,1126.67515,712.721902
7142,1138.336513,767.705542
7143,1138.577328,786.083466
7144,1136.433639,874.778152
7145,1106.989852,923.13365
7146,1070.713438,982.479686
7147,1061.201577,986.62092
7148,1039.445818,957.246368
7149,987.435304,913.6435
7150,921.09141,857.275049
7151,833.898657,779.620996
7152,755.917316,713.341269
7153,700.261688,664.170117
7154,659.52716,625.859823
7155,634.366945,601.831692
7156,632.241277,598.940014
7157,669.630652,633.549834
7158,747.416503,705.491832
7159,842.954665,796.663106
7160,917.05415,799.360226
7161,987.922965,759.245561
7162,1042.652491,712.146252
7163,1075.308049,686.697647
7164,1100.000721,666.098241
7165,1126.789581,694.04789
7166,1138.311864,732.893579
7167,1137.341302,762.00591
7168,1136.884377,855.617985
7169,1110.045867,932.815351
7170,1072.685379,986.1471
7171,1065.061264,992.662332
7172,1038.69089,960.466168
7173,981.238552,909.799392
7174,922.33649,859.72557
7175,838.806425,784.300502
7176,757.035159,710.578324
7177,678.313419,640.040255
7178,641.020398,607.267083
7179,619.070688,586.304575
7180,617.100335,583.224279
7181,655.989526,619.19714
7182,735.145263,693.265595
7183,832.095766,787.030777
7184,895.693189,788.281237
7185,953.756584,736.433333
7186,1008.763229,689.540732
7187,1042.966702,665.754619
7188,1062.838091,653.647085
7189,1090.532356,665.004234
7190,1101.495295,702.500915
7191,1114.543688,768.593259
7192,1109.189737,846.82791
7193,1082.824628,914.600948
7194,1045.299633,951.603791
7195,1031.501955,949.568463
7196,1005.658561,923.783003
7197,956.095396,883.877588
7198,897.333681,835.155216
7199,823.292,768.708359
7200,738.092317,692.435781
7201,697.511848,661.222546
7202,657.121638,623.148541
7203,633.175392,600.151556
7204,631.346144,597.489134
7205,672.454871,635.747808
7206,747.384094,705.20341
7207,841.872447,796.264148
7208,909.238268,806.621543
7209,977.72959,764.898174
7210,1028.158557,727.36081
7211,1061.243952,680.587315
7212,1088.051986,652.934685
7213,1114.038015,697.300188
7214,1123.909597,752.373261
7215,1128.537598,821.988158
7216,1127.735044,892.777908
7217,1104.420586,942.837092
7218,1066.726358,975.280792
7219,1050.178272,966.01684
7220,1026.540601,940.281567
7221,979.104091,904.365131
7222,916.563466,855.107201
7223,835.001111,785.95146
7224,756.673771,714.694548
7225,710.947518,674.996268
7226,671.630117,638.064882
7227,648.937983,616.363819
7228,646.709243,613.216671
7229,686.998611,650.63944
7230,760.634103,718.061755
7231,850.344624,804.621161
7232,920.296277,819.744312
7233,987.820481,799.630094
7234,1045.649282,778.361363
7235,1076.474845,764.98226
7236,1104.835395,759.95179
7237,1126.580703,763.461812
7238,1143.916694,760.210584
7239,1146.890143,804.141095
7240,1150.946861,886.232827
7241,1117.354846,944.715145
7242,1069.062113,978.222198
7243,1047.465871,964.642551
7244,1008.176267,925.02436
7245,962.590082,887.929864
7246,917.144804,855.186929
7247,852.670475,798.681749
7248,780.066554,735.701449
7249,706.514403,669.385671
7250,662.520652,628.279522
7251,632.556037,599.558156
7252,625.364953,591.955837
7253,643.368976,608.360113
7254,680.417609,643.335877
7255,724.947459,686.436901
7256,789.319028,695.943921
7257,877.236897,678.126331
7258,949.68883,671.484646
7259,990.884416,666.403599
7260,1021.132269,644.47927
7261,1039.237253,658.078379
7262,1045.356346,669.878645
7263,1035.399603,701.202806
7264,1037.964356,786.396641
7265,1021.070498,860.228445
7266,991.885212,903.119623
7267,989.977581,912.883244
7268,963.3418,886.184748
7269,922.593448,851.296529
7270,884.9694,824.385327
7271,825.146711,771.714778
7272,761.589976,715.039011
7273,707.709378,669.777373
7274,665.985271,634.47806
7275,639.728862,609.819148
7276,629.377496,599.36358
7277,641.348761,610.389795
7278,669.589642,637.656916
7279,699.953667,664.888615
7280,754.312401,672.185657
7281,840.788841,671.954737
7282,913.249134,651.492464
7283,950.621643,616.997396
7284,989.616462,584.598549
7285,1016.952515,614.541301
7286,1028.79513,637.047799
7287,1042.071582,691.285127
7288,1050.113559,764.185434
7289,1039.912432,847.981296
7290,1018.695056,930.053684
7291,1018.501833,939.546937
7292,994.540245,917.606316
7293,956.492583,884.318314
7294,910.515268,850.065521
7295,828.871623,776.229772
7296,754.500711,710.380919
7297,720.252138,679.154818
7298,677.761431,644.686313
7299,656.017186,624.006528
7300,650.237154,617.807401
7301,695.076808,660.827208
7302,783.21529,746.070274
7303,893.240594,848.157403
7304,967.71743,852.809586
7305,1024.321569,792.620415
7306,1085.778976,772.056651
7307,1116.26069,741.961808
7308,1142.553661,726.116629
7309,1153.31612,732.354237
7310,1160.86135,752.580107
7311,1165.368462,782.958613
7312,1167.271124,903.634975
7313,1143.602493,963.198553
7314,1116.801048,1018.234726
7315,1112.004544,1022.440409
7316,1088.204504,998.952197
7317,1029.487491,948.574617
7318,960.259235,891.718819
7319,870.244946,813.951936
7320,788.389765,740.595479
7321,727.671379,688.026595
7322,683.765249,649.452161
7323,656.999741,624.070314
7324,653.403144,620.182556
7325,696.081395,660.984884
7326,782.985197,745.092456
7327,895.589194,850.265711
7328,974.762841,880.092923
7329,1030.98151,813.253427
7330,1086.722625,763.852954
7331,1118.449495,726.291198
7332,1141.730097,701.58702
7333,1154.544316,704.482401
7334,1161.976617,716.738187
7335,1165.194459,756.625962
7336,1168.823243,857.918893
7337,1147.922094,963.624103
7338,1119.927486,1025.242674
7339,1117.073695,1029.818477
7340,1088.27375,1003.161969
7341,1024.04371,946.1752
7342,962.451089,894.985931
7343,876.22707,819.427927
7344,790.387943,742.400058
7345,721.992047,680.152259
7346,680.963984,644.965498
7347,656.964685,624.060839
7348,652.932651,619.761747
7349,697.92221,663.234532
7350,787.117471,749.424274
7351,901.490572,858.015936
7352,973.155086,860.755816
7353,1017.660099,797.704444
7354,1074.88536,754.578205
7355,1107.642552,719.50596
7356,1128.323356,708.321694
7357,1141.849866,690.686982
7358,1150.227255,713.344179
7359,1166.951121,781.209763
7360,1167.811028,887.81367
7361,1146.134181,968.146715
7362,1116.112392,1020.897167
7363,1104.543709,1015.843096
7364,1075.071572,988.352995
7365,1018.507126,939.548693
7366,956.864007,890.73593
7367,879.136471,823.027643
7368,788.422782,740.520667
7369,721.233892,682.811977
7370,677.801675,644.129984
7371,652.32292,620.085758
7372,649.161611,616.689425
7373,695.578298,661.656146
7374,779.260044,742.952458
7375,890.639418,848.857457
7376,961.956944,863.235654
7377,1015.210369,798.587475
7378,1066.219018,769.294358
7379,1098.489507,731.055568
7380,1123.547623,714.689838
7381,1135.583635,706.593493
7382,1140.896049,724.873566
7383,1150.282795,779.199503
7384,1153.123375,868.887957
7385,1136.254639,952.751313
7386,1108.297256,1010.535781
7387,1096.544188,1007.641465
7388,1070.937069,983.533658
7389,1017.273751,936.48674
7390,951.9326,884.462007
7391,868.108924,811.451722
7392,786.138103,741.860289
7393,714.870403,677.976799
7394,673.400471,639.653722
7395,649.834125,617.428581
7396,647.001641,614.462244
7397,691.627934,657.68849
7398,772.91258,736.74938
7399,878.847483,837.340289
7400,948.724906,859.616735
7401,998.755322,822.288749
7402,1056.032542,807.722178
7403,1086.686389,761.283785
7404,1110.545065,738.688246
7405,1118.358132,706.216041
7406,1129.594272,707.716019
7407,1138.767164,756.617185
7408,1144.093752,846.375063
7409,1117.892733,930.450961
7410,1080.983713,988.814823
7411,1066.663284,978.940745
7412,1026.137456,941.849331
7413,975.082669,898.280518
7414,928.042593,861.510867
7415,863.861655,807.655256
7416,789.483442,741.998484
7417,720.789032,683.474559
7418,673.92392,639.334158
7419,642.353141,609.431031
7420,633.942948,601.21316
7421,655.496144,622.019658
7422,698.560856,663.773047
7423,756.781346,719.992874
7424,822.352427,729.353604
7425,894.629278,686.010432
7426,967.994463,660.743573
7427,1009.201675,624.266938
7428,1036.453352,605.860797
7429,1040.348553,594.821246
7430,1040.712591,612.387886
7431,1035.516312,643.115765
7432,1040.765445,739.461249
7433,1031.644842,839.685675
7434,1014.167849,919.258005
7435,1019.704883,935.257891
7436,991.961772,910.932153
7437,945.746133,872.024819
7438,906.679327,843.179166
7439,846.661239,792.767946
7440,780.972684,736.136697
7441,713.324536,677.372563
7442,669.214151,636.037654
7443,641.67439,610.069037
7444,630.235843,598.64827
7445,645.115389,612.879575
7446,678.449034,645.545883
7447,721.457588,686.597687
7448,774.606997,684.541514
7449,844.275699,652.698044
7450,916.960206,654.179797
7451,954.412679,660.559483
7452,989.787631,666.060396
7453,1003.419355,667.284836
7454,1009.134379,701.477617
7455,1029.109625,747.446179
7456,1039.087202,798.813041
7457,1037.679188,873.24757
7458,1029.504071,943.946446
7459,1037.91439,955.04329
7460,1013.61207,931.903567
7461,970.529841,895.417307
7462,922.886734,861.007637
7463,840.690849,792.464086
7464,764.307399,723.24367
7465,686.13476,650.618516
7466,645.057369,612.786635
7467,624.291541,593.325092
7468,619.720046,588.326007
7469,663.030845,629.868411
7470,749.434278,713.653638
7471,858.753395,816.858286
7472,926.272581,828.143019
7473,979.224863,770.742845
7474,1038.276725,710.11129
7475,1069.963064,680.050794
7476,1091.485938,671.015333
7477,1102.763751,674.379921
7478,1107.162531,679.940395
7479,1114.190503,736.730423
7480,1111.62223,839.969126
7481,1090.49962,920.455481
7482,1067.335539,978.585295
7483,1067.060595,980.779029
7484,1045.777393,960.359103
7485,988.186509,909.060817
7486,919.364352,851.865727
7487,832.182965,775.759665
7488,752.864097,707.29501
7489,672.892856,635.999866
7490,631.255932,597.456755
7491,606.06136,573.558806
7492,604.405178,571.637897
7493,644.628717,610.014787
7494,728.746741,691.411199
7495,840.216889,796.571545
7496,908.219404,809.721107
7497,958.574688,738.646604
7498,1010.453482,686.412518
7499,1044.114487,655.151205
7500,1059.736269,626.830498
7501,1073.377935,630.121245
7502,1075.758327,643.265742
7503,1083.023636,718.467874
7504,1079.473931,818.589005
7505,1062.660648,902.843545
7506,1040.506157,950.631775
7507,1044.912138,959.463763
7508,1020.153202,934.205934
7509,957.731264,878.389434
7510,896.790671,829.938853
7511,815.115131,757.644964
7512,733.348284,685.508827
7513,671.451708,635.244224
7514,632.517284,599.227434
7515,609.967378,578.065662
7516,607.725631,575.536432
7517,650.450396,616.63372
7518,737.075414,700.220453
7519,850.402391,807.046605
7520,911.760078,818.233995
7521,950.855352,769.536505
7522,1004.517118,730.452534
7523,1039.058801,699.112716
7524,1052.673344,666.872895
7525,1066.963282,667.673847
7526,1070.679626,687.546945
7527,1091.137808,743.023518
7528,1085.374623,810.13711
7529,1067.469365,894.936609
7530,1042.835847,952.941535
7531,1037.965251,949.941071
7532,1012.221473,925.859363
7533,957.325236,878.286064
7534,896.283699,828.140097
7535,822.752729,765.648689
7536,735.79625,692.164659
7537,681.990042,644.242064
7538,639.183649,604.490587
7539,609.703158,576.517375
7540,599.341706,566.097482
7541,626.140333,591.343641
7542,672.706866,635.364364
7543,738.785808,695.10516
7544,792.265106,701.941587
7545,859.863279,663.324442
7546,925.438803,638.953412
7547,980.405665,627.809802
7548,1008.148182,619.807935
7549,1008.392508,628.025112
7550,1018.391166,653.862218
7551,1026.738239,715.799263
7552,1023.404601,776.065562
7553,1027.722131,858.270978
7554,1009.75682,914.240169
7555,1000.049797,908.81892
7556,965.664101,876.756485
7557,921.166026,839.516745
7558,870.914732,803.630391
7559,812.815684,761.690402
7560,733.518242,689.836336
7561,692.343282,654.683253
7562,651.247809,616.701415
7563,629.274856,596.165103
7564,627.225544,593.900693
7565,670.861089,636.147927
7566,751.021365,713.95429
7567,856.498635,810.27208
7568,921.867271,825.470771
7569,969.531163,765.007278
7570,1025.24951,720.966587
7571,1056.683994,684.77284
7572,1077.451489,659.988665
7573,1085.598523,648.10121
7574,1094.795658,682.754957
7575,1105.602151,726.403843
7576,1108.031425,814.312701
7577,1083.480312,902.430347
7578,1048.928425,956.388196
7579,1037.538117,948.389068
7580,998.643283,910.881477
7581,948.318264,868.218715
7582,901.541354,832.338545
7583,839.19623,782.553657
7584,766.461633,722.940725
7585,705.708162,667.76024
7586,659.467777,624.308013
7587,628.329487,594.589794
7588,620.453502,587.027567
7589,641.3309,607.219194
7590,683.628669,648.08959
7591,741.537004,702.941749
7592,804.032602,712.278321
7593,874.695227,670.988463
7594,946.997091,652.594233
7595,988.736782,605.850254
7596,1013.879938,586.802192
7597,1018.002941,596.942821
7598,1016.976156,601.111192
7599,1012.89417,631.331076
7600,1016.16702,729.445865
7601,1008.171832,816.768987
7602,992.30266,899.515153
7603,999.838355,914.98201
7604,973.207759,892.341962
7605,927.489902,854.632185
7606,888.602603,824.933317
7607,829.836741,774.607442
7608,765.269309,718.143856
7609,711.770535,675.080066
7610,667.724525,633.974265
7611,640.22933,607.86511
7612,628.845829,596.517105
7613,643.655738,610.519703
7614,676.910355,643.113957
7615,719.886742,683.429001
7616,772.71924,687.963666
7617,842.221604,648.935087
7618,914.796543,603.274757
7619,952.303885,557.902963
7620,987.461565,545.624133
7621,1001.116763,563.021214
7622,1006.68847,554.704345
7623,1026.778538,623.08592
7624,1036.552469,756.426504
7625,1035.260423,875.544152
7626,1027.250984,937.723259
7627,1035.867253,950.669373
7628,1011.679572,929.024848
7629,968.648637,892.368704
7630,921.024027,857.753649
7631,838.957177,784.411617
7632,762.689253,717.389211
7633,707.643542,671.537709
7634,665.675147,632.950492
7635,644.292491,612.566945
7636,638.959092,606.843694
7637,683.233735,649.35152
7638,770.731003,734.082995
7639,880.495325,837.222191
7640,952.400855,860.943324
7641,1007.655395,818.741055
7642,1068.223797,778.935807
7643,1099.150698,747.858341
7644,1123.680807,735.635244
7645,1134.633722,737.46874
7646,1141.016134,750.363458
7647,1146.454868,825.37489
7648,1146.705228,902.4001
7649,1123.977518,964.469898
7650,1098.520316,1011.424787
7651,1095.394824,1007.559457
7652,1072.524919,985.241583
7653,1014.224085,934.099259
7654,945.145909,878.013418
7655,856.178562,800.260607
7656,775.260713,728.747034
7657,694.860774,656.777246
7658,652.313827,618.474139
7659,626.48926,594.017761
7660,624.05491,591.239092
7661,665.262866,630.540776
7662,750.498075,713.126822
7663,862.422933,818.369845
7664,934.905425,844.96062
7665,987.612111,785.036139
7666,1041.039818,751.134601
7667,1073.925174,732.833458
7668,1092.618384,737.238611
7669,1105.928218,747.291667
7670,1110.334585,756.035566
7671,1115.976732,800.331291
7672,1115.305828,879.092687
7673,1096.853181,945.970141
7674,1072.356619,982.032249
7675,1073.851202,986.349788
7676,1047.471694,961.614007
7677,984.324649,904.818637
7678,923.122573,857.20237
7679,839.62295,783.841534
7680,756.222989,707.912074
7681,689.675897,647.926884
7682,649.986534,614.937018
7683,626.913996,593.801605
7684,624.026695,590.69269
7685,667.568115,632.77327
7686,755.119929,717.069698
7687,868.824125,826.302655
7688,933.89832,852.44177
7689,974.944275,785.944406
7690,1029.890991,748.74574
7691,1063.789211,746.912391
7692,1079.951755,724.976027
7693,1093.966411,744.397369
7694,1099.363467,766.532986
7695,1118.475103,821.729235
7696,1115.100119,873.307577
7697,1095.834875,944.057393
7698,1069.258416,980.352644
7699,1061.972578,974.315885
7700,1034.884402,950.245146
7701,979.38663,901.918425
7702,918.12817,850.791488
7703,843.083973,791.140625
7704,754.772693,711.039908
7705,699.195337,663.080376
7706,656.67607,623.925259
7707,631.829335,600.078913
7708,629.448696,597.309466
7709,674.877801,640.992376
7710,757.43877,720.790761
7711,868.361972,825.494327
7712,935.185116,853.431342
7713,986.079578,809.384354
7714,1035.534334,746.063365
7715,1068.582965,694.086457
7716,1090.559778,670.419059
7717,1102.928689,680.364387
7718,1106.208614,692.813671
7719,1117.22374,772.253779
7720,1117.176263,870.430408
7721,1101.952162,933.752489
7722,1076.344381,986.351914
7723,1067.512072,978.337786
7724,1043.530737,954.651578
7725,990.594856,908.948946
7726,925.51603,858.424467
7727,843.522302,787.769033
7728,763.189846,718.649248
7729,707.312308,671.256437
7730,666.155472,633.671907
7731,642.805877,611.647693
7732,640.241122,609.22589
7733,684.528725,652.033566
7734,765.429002,730.606079
7735,871.207461,831.089697
7736,939.543542,859.273356
7737,988.764954,820.620267
7738,1045.509269,799.904706
7739,1076.429979,755.238727
7740,1099.231926,746.559158
7741,1107.159161,749.324675
7742,1117.69826,774.337438
7743,1127.429603,837.982081
7744,1131.765736,904.678282
7745,1106.128742,958.237028
7746,1070.025515,986.45699
7747,1056.706758,972.581831
7748,1016.738489,932.411934
7749,965.933176,890.161512
7750,918.983064,853.236083
7751,855.429705,808.141519
7752,781.613367,741.34652
7753,721.071578,683.67742
7754,674.194761,639.857966
7755,642.61588,609.741785
7756,634.195678,601.402634
7757,655.761535,622.253441
7758,698.840615,664.02643
7759,757.066954,719.299958
7760,822.695655,755.124849
7761,895.002749,737.417602
7762,968.387856,703.252177
7763,1009.585092,713.741969
7764,1036.876273,718.4698
7765,1040.767206,720.5971
7766,1041.157301,722.546741
7767,1035.940146,768.914905
7768,1041.226305,834.526121
7769,1032.084617,892.16747
7770,1014.577501,935.0541
7771,1020.07709,937.933113
7772,992.313135,915.31902
7773,946.08817,875.481133
7774,907.018001,850.248728
7775,846.976453,799.611258
7776,781.266892,740.26358
7777,711.593944,676.138174
7778,667.555249,634.782347
7779,640.065118,608.59362
7780,628.687873,597.313733
7781,643.489869,611.298266
7782,676.735505,643.939924
7783,719.708237,685.357913
7784,772.504722,709.002966
7785,841.988185,698.314331
7786,914.550672,692.857989
7787,952.064249,684.224116
7788,987.197239,699.293026
7789,1000.855104,708.89663
7790,1006.410526,688.09237
7791,1026.513641,729.588674
7792,1036.264432,814.559889
7793,1034.985564,890.906201
7794,1026.994951,945.804279
7795,1035.634624,955.262491
7796,1011.45997,931.916123
7797,968.434864,896.370097
7798,920.812356,866.075796
7799,838.760169,791.67539
7800,762.505373,722.035856
7801,698.708038,663.635773
7802,657.109798,625.582538
7803,635.983394,605.466531
7804,630.966516,599.981909
7805,674.840745,641.932216
7806,761.883595,726.029597
7807,871.462963,830.160699
7808,941.546252,868.407713
7809,995.844353,849.69592
7810,1055.782731,831.885772
7811,1087.025129,792.829316
7812,1110.305927,793.435155
7813,1121.393816,777.67061
7814,1126.952158,783.524739
7815,1133.051117,809.660568
7816,1132.130518,887.837808
7817,1110.069623,961.205112
7818,1085.565064,1000.01432
7819,1083.62379,998.824162
7820,1061.413057,983.324503
7821,1003.407161,931.625218
7822,934.435344,874.312253
7823,846.209948,796.471421
7824,765.956372,724.404967
7825,678.932267,642.814356
7826,637.045161,604.134075
7827,611.67739,579.972375
7828,609.807275,577.818726
7829,650.301449,616.401038
7830,734.726609,698.136113
7831,846.321766,803.352743
7832,915.555915,841.00169
7833,966.557645,827.074636
7834,1018.862266,801.391351
7835,1052.310029,745.256103
7836,1068.776207,719.052041
7837,1082.326647,715.870387
7838,1085.264019,749.000909
7839,1092.083088,785.913963
7840,1089.324823,853.68618
7841,1072.060846,920.120249
7842,1049.262474,963.265907
7843,1052.868054,965.327147
7844,1027.663591,941.231482
7845,965.042307,886.345117
7846,904.029827,836.980341
7847,821.852811,770.751619
7848,739.636989,696.533856
7849,654.887473,617.297637
7850,616.639225,582.071301
7851,594.564347,561.476969
7852,592.909354,559.597061
7853,634.891849,600.045064
7854,720.674488,682.294596
7855,833.658606,789.431685
7856,891.638303,816.878413
7857,928.960575,762.081281
7858,981.454431,717.870894
7859,1016.580968,690.763228
7860,1027.879595,689.262669
7861,1042.419741,716.305448
7862,1044.60846,739.661764
7863,1066.290538,763.888643
7864,1058.356682,833.736817
7865,1041.687536,895.953504
7866,1018.819984,929.305733
7867,1016.144639,927.014326
7868,991.622803,903.73598
7869,937.27331,858.391588
7870,876.428936,815.542965
7871,804.273361,753.62824
7872,718.548281,675.504116
7873,663.594595,628.096458
7874,622.550092,589.756025
7875,598.724314,567.252816
7876,597.604758,566.230617
7877,641.438535,609.246933
7878,722.189018,689.393438
7879,829.977996,795.627672
7880,889.540985,822.052328
7881,939.022146,785.317554
7882,985.966768,724.377807
7883,1020.226358,687.175322
7884,1037.133596,680.24232
7885,1049.863031,696.62477
7886,1049.939752,702.662712
7887,1063.613488,747.682633
7888,1058.848728,818.815582
7889,1046.229977,895.793301
7890,1024.728198,943.645306
7891,1018.216706,936.318183
7892,995.964555,914.810783
7893,944.203766,869.041444
7894,882.843108,824.658804
7895,803.805452,756.17408
7896,725.996348,685.072502
7897,687.040219,649.351654
7898,645.164569,610.525147
7899,618.216528,584.970823
7900,607.764791,574.309364
7901,633.303218,598.401202
7902,678.074349,640.822141
7903,741.351052,696.052046
7904,795.803097,717.213752
7905,859.047359,702.049927
7906,931.725675,692.072661
7907,984.704184,658.573112
7908,1012.993567,665.743995
7909,1009.013466,647.560765
7910,1025.94696,658.847593
7911,1033.177822,709.913641
7912,1033.932631,789.433637
7913,1028.086308,864.008456
7914,999.597464,907.43355
7915,988.152378,897.077243
7916,938.872236,850.933724
7917,896.59216,816.419316
7918,861.206697,791.371294
7919,821.767963,765.082339
7920,749.306795,702.675132
7921,690.874519,653.343286
7922,645.24862,610.585567
7923,614.535728,581.548461
7924,607.185194,574.36075
7925,627.397872,593.841962
7926,668.941273,632.952341
7927,726.54257,686.571341
7928,786.013103,717.802981
7929,855.087964,705.381702
7930,926.343938,702.168869
7931,968.607379,687.793688
7932,991.67658,669.240777
7933,996.02365,662.273879
7934,993.628843,669.102033
7935,990.642884,704.956684
7936,991.971849,764.793668
7937,985.083627,834.755433
7938,970.795918,888.007017
7939,980.297508,896.826461
7940,954.761189,874.692178
7941,909.532953,836.217993
7942,870.822219,806.091191
7943,813.288053,761.151377
7944,749.823366,706.681432
7945,693.016573,655.971418
7946,649.747447,615.596646
7947,622.790077,590.262398
7948,612.070897,579.626578
7949,626.040411,592.890194
7950,658.341289,623.303325
7951,700.929493,662.608543
7952,749.937444,681.484552
7953,817.432422,659.818638
7954,888.685057,653.876244
7955,926.854568,640.572027
7956,959.390177,638.025697
7957,973.328659,615.978118
7958,977.170796,612.790884
7959,998.646554,685.748542
7960,1005.96286,764.512941
7961,1006.070335,851.830323
7962,1000.060316,916.193576
7963,1011.16204,927.771197
7964,988.357837,907.081315
7965,945.945924,871.634246
7966,898.544542,836.476394
7967,818.034908,765.069718
7968,743.161168,699.090379
7969,679.000485,644.085442
7970,638.218631,606.610595
7971,617.6574,587.423065
7972,613.338621,582.926084
7973,656.329723,624.240911
7974,742.37034,707.184908
7975,851.541786,809.765574
7976,917.60606,845.310912
7977,969.794703,797.401554
7978,1028.343542,763.299721
7979,1060.28178,732.338252
7980,1080.80718,712.166661
7981,1092.192759,714.945751
7982,1095.933586,744.976437
7983,1103.488693,794.635652
7984,1099.985504,875.285808
7985,1079.395292,931.687446
7986,1056.99182,970.009414
7987,1057.662379,970.198692
7988,1036.905471,950.330313
7989,979.550072,900.551345
7990,910.812834,844.296759
7991,824.223835,768.711255
7992,745.435334,700.582702
7993,676.883812,640.307009
7994,635.081563,601.214106
7995,609.772538,577.715463
7996,607.974985,575.869005
7997,648.377364,614.798612
7998,732.69835,695.463183
7999,844.251106,799.394321
8000,913.067508,845.371089
8001,963.849975,828.530954
8002,1016.010164,807.905377
8003,1049.530255,779.756744
8004,1065.710029,758.109267
8005,1079.291411,774.465076
8006,1082.039866,797.165898
8007,1089.010291,808.089525
8008,1085.983585,833.351645
8009,1068.872475,911.119949
8010,1046.292495,959.552409
8011,1050.169556,962.439111
8012,1025.116208,939.188703
8013,962.562538,883.801143
8014,901.574441,839.673656
8015,819.567516,769.006726
8016,737.503978,694.834823
8017,653.354783,614.89795
8018,609.829157,574.637838
8019,584.407659,550.808582
8020,582.879669,549.11062
8021,623.658749,588.072226
8022,707.843654,668.283186
8023,813.273049,766.664906
8024,870.592247,788.354607
8025,910.393412,733.788435
8026,958.460543,703.107724
8027,995.751555,688.085586
8028,1008.049971,655.41988
8029,1026.527993,647.572024
8030,1031.391731,669.146034
8031,1039.173264,701.877369
8032,1033.389572,781.530841
8033,1019.495874,853.94269
8034,996.593381,900.415944
8035,1000.03401,906.54446
8036,973.50365,884.059354
8037,927.453821,845.023699
8038,871.858277,803.898396
8039,800.487977,748.41213
8040,713.60649,669.385374
8041,651.148289,612.970889
8042,605.327269,570.169971
8043,578.491744,544.994928
8044,577.872814,544.229958
8045,619.982496,584.847733
8046,698.691963,659.650205
8047,801.138704,755.864037
8048,857.848665,787.393875
8049,906.062472,757.101551
8050,947.893784,725.939895
8051,984.766536,709.306913
8052,1001.1664,669.955558
8053,1018.207448,690.912104
8054,1019.914295,691.283197
8055,1020.62063,730.590548
8056,1016.602843,771.666225
8057,1007.52823,836.528193
8058,986.788405,887.887013
8059,990.250031,894.873701
8060,967.613569,880.713959
8061,924.476666,849.006267
8062,865.280051,803.024454
8063,788.043516,736.691975
8064,709.836458,665.600434
8065,663.865831,626.234389
8066,619.205259,584.612157
8067,593.694744,560.70978
8068,592.716851,559.586429
8069,633.927423,599.458576
8070,711.243701,673.39924
8071,808.73872,764.603116
8072,867.890089,784.28932
8073,914.973874,740.917347
8074,964.330902,683.72239
8075,998.943577,618.052048
8076,1016.794988,590.465291
8077,1029.389493,597.663222
8078,1038.678841,625.961059
8079,1037.760329,694.292042
8080,1038.632659,794.716487
8081,1018.979625,840.644366
8082,987.459709,892.230632
8083,985.914271,892.232476
8084,947.271762,855.749894
8085,906.08677,822.551547
8086,864.578879,792.14177
8087,805.03494,747.024712
8088,732.848109,688.602079
8089,673.918317,634.759127
8090,623.788346,587.656578
8091,590.314249,555.954393
8092,583.690429,549.487735
8093,602.435387,567.426083
8094,642.371909,604.80865
8095,693.006244,651.606944
8096,748.731605,680.764657
8097,818.035846,655.166703
8098,883.427338,631.841082
8099,928.232835,619.136585
8100,950.004632,599.533519
8101,958.692876,589.707097
8102,957.70356,607.253728
8103,942.361133,641.184011
8104,943.764313,712.766761
8105,940.612052,781.582617
8106,927.805463,833.378793
8107,945.229927,854.654839
8108,918.867054,833.002289
8109,882.327285,804.184894
8110,848.694632,785.275311
8111,792.864829,742.066208
8112,728.906891,684.709475
8113,687.651917,649.695522
8114,639.354372,604.367538
8115,609.279281,576.025314
8116,598.951467,565.918522
8117,612.072406,578.332483
8118,643.494906,607.909483
8119,679.625542,641.498296
8120,727.411982,661.434033
8121,796.424478,631.958048
8122,862.660186,585.260249
8123,903.042593,553.753359
8124,935.720977,540.4885
8125,953.654329,541.064212
8126,959.847167,554.977655
8127,967.693869,621.608437
8128,976.471176,704.32517
8129,979.324669,809.01513
8130,973.407972,880.840055
8131,990.845495,898.183123
8132,966.294127,877.101704
8133,932.132578,850.836352
8134,889.817715,823.455547
8135,810.527489,755.234147
8136,734.518737,690.75603
8137,654.767144,617.764234
8138,609.64618,576.174161
8139,586.402056,554.479064
8140,583.017024,550.965419
8141,623.810549,590.041686
8142,707.100996,669.772615
8143,808.310745,764.407474
8144,869.042131,797.553177
8145,921.042148,748.172855
8146,973.49414,699.802416
8147,1008.462759,638.180396
8148,1026.689023,613.324026
8149,1042.405629,617.183866
8150,1046.719271,638.857949
8151,1042.308503,695.035069
8152,1037.936807,784.35235
8153,1021.856409,858.25794
8154,1001.747328,906.801181
8155,1011.446326,917.396779
8156,990.213987,896.93237
8157,942.031995,857.305061
8158,878.919198,808.697344
8159,795.261041,736.704229
8160,716.852984,671.780174
8161,654.140407,615.910249
8162,607.988669,573.00522
8163,579.952138,546.558961
8164,579.02323,545.561124
8165,617.326882,582.391952
8166,699.02116,660.324625
8167,802.6097,757.187823
8168,866.335337,796.947292
8169,917.095493,753.996101
8170,963.373712,702.096464
8171,999.836256,650.810766
8172,1014.003014,630.630978
8173,1031.846949,658.72895
8174,1035.330336,666.396833
8175,1030.212636,714.589317
8176,1026.534726,777.198085
8177,1013.724852,851.115775
8178,993.313566,897.710961
8179,1005.929458,909.62211
8180,980.44345,888.415727
8181,927.036631,841.600518
8182,871.550301,800.815126
8183,792.258823,738.224029
8184,710.521172,666.13341
8185,654.950549,616.640784
8186,611.359066,576.311002
8187,585.891884,552.482455
8188,584.307428,550.808092
8189,625.158068,590.063886
8190,709.424615,670.457082
8191,814.887802,768.283386
8192,872.532425,801.490826
8193,912.504764,767.972472
8194,960.68446,741.186501
8195,997.919074,721.861001
8196,1010.440106,721.256108
8197,1028.893985,713.978151
8198,1033.904597,741.454878
8199,1041.568182,776.376245
8200,1035.993069,817.932332
8201,1021.980617,871.477873
8202,998.907801,904.04843
8203,1002.136572,907.395577
8204,975.488372,892.070854
8205,929.385822,854.019514
8206,873.77103,811.668543
8207,802.26828,750.012715
8208,715.268133,670.384711
8209,675.188858,636.630658
8210,628.375682,593.005201
8211,600.851918,567.19558
8212,599.382311,565.533476
8213,642.570069,607.247191
8214,722.509475,683.174175
8215,825.465307,778.186472
8216,887.077868,811.48496
8217,937.870441,769.858562
8218,981.397568,726.84196
8219,1017.420676,688.084977
8220,1037.174308,657.138951
8221,1053.851636,683.587035
8222,1057.771158,700.356498
8223,1056.700598,758.933149
8224,1055.825096,824.494181
8225,1044.961422,891.245555
8226,1021.655658,925.59295
8227,1021.925587,926.046937
8228,997.513844,904.299327
8229,953.582675,876.268685
8230,894.096091,831.500469
8231,814.864173,762.792824
8232,734.869471,690.282724
8233,685.616822,647.360228
8234,640.058584,604.840965
8235,613.925378,580.301205
8236,612.177825,578.34044
8237,654.363798,619.130316
8238,732.792879,693.959655
8239,830.748504,784.396527
8240,894.335558,820.983216
8241,943.752512,779.242517
8242,994.64385,740.028632
8243,1028.4878,694.08961
8244,1049.373572,686.902476
8245,1061.638996,693.412968
8246,1072.930288,712.207869
8247,1070.40411,764.545146
8248,1074.119459,832.778058
8249,1052.847751,886.5001
8250,1019.006272,927.059271
8251,1014.573108,922.02506
8252,974.324392,883.516038
8253,932.420777,848.724871
8254,890.650534,818.798877
8255,829.301248,775.948977
8256,755.497026,710.816618
8257,701.150419,661.581388
8258,649.896577,613.632926
8259,615.642874,581.324786
8260,608.055444,573.978891
8261,628.021599,593.146208
8262,669.351341,632.001439
8263,720.562353,678.937354
8264,781.841164,712.211037
8265,854.066517,687.633111
8266,921.378955,679.238333
8267,965.222013,649.843389
8268,990.79281,624.930298
8269,999.069047,615.305375
8270,1000.586154,606.216665
8271,983.230938,647.708462
8272,988.19356,747.051854
8273,983.01473,831.661942
8274,967.301558,876.936327
8275,981.110608,893.761095
8276,952.736775,868.194554
8277,915.297294,836.509327
8278,881.336178,814.045593
8279,823.246092,766.916118
8280,757.26319,712.917749
8281,688.4498,650.356338
8282,640.119327,605.013266
8283,610.021393,576.625809
8284,599.665346,566.478659
8285,612.822066,578.917653
8286,644.285386,608.328854
8287,680.432918,641.971084
8288,728.382071,665.963651
8289,797.480153,639.330872
8290,863.772144,614.63203
8291,904.126352,585.658962
8292,936.916044,592.066126
8293,954.837325,615.666549
8294,961.103599,626.962107
8295,968.891328,671.499683
8296,977.772925,747.494994
8297,980.56704,827.011898
8298,974.565183,885.27697
8299,991.896776,903.699021
8300,967.286488,881.143557
8301,933.098578,855.579322
8302,890.774091,825.966809
8303,811.417641,761.309292
8304,735.349558,692.300627
8305,663.890765,627.030831
8306,618.393269,584.969162
8307,594.887952,562.884969
8308,591.18008,558.956161
8309,632.382745,598.419564
8310,716.139966,678.58508
8311,817.542919,773.274366
8312,880.134888,807.13933
8313,933.11357,768.005866
8314,986.20914,713.1524
8315,1020.855312,665.805498
8316,1040.354362,642.327295
8317,1055.932933,651.269397
8318,1061.086306,654.127339
8319,1056.001189,696.548403
8320,1052.822019,776.254758
8321,1036.062656,857.334747
8322,1014.979778,917.932991
8323,1023.467497,932.735548
8324,1001.561422,910.491318
8325,953.077998,870.699779
8326,889.855155,819.338812
8327,805.439731,746.395195
8328,726.353247,683.830575
8329,651.29578,613.269046
8330,605.26144,570.379099
8331,577.306345,543.906036
8332,576.478095,543.015819
8333,614.654182,579.703187
8334,696.202927,657.417781
8335,799.731228,754.386452
8336,862.876759,792.526626
8337,913.33178,749.413923
8338,959.409339,707.232525
8339,995.972418,663.613124
8340,1009.742338,625.855403
8341,1027.629311,621.246751
8342,1030.85088,640.543639
8343,1025.943433,682.583822
8344,1021.893709,762.041485
8345,1009.295528,832.722447
8346,989.187859,894.763411
8347,1002.181412,911.872025
8348,976.905466,887.588372
8349,923.59263,841.814358
8350,868.140611,797.883514
8351,789.085239,729.242391
8352,707.559113,659.794498
8353,660.188826,622.750899
8354,616.381159,582.253498
8355,590.764014,558.088875
8356,588.994202,556.202984
8357,630.079747,595.574656
8358,714.614289,676.337346
8359,820.188403,775.889096
8360,878.901271,811.787535
8361,919.435504,764.847664
8362,967.984707,707.270837
8363,1005.034189,669.305552
8364,1018.285985,636.578754
8365,1036.660612,630.435336
8366,1042.153351,632.964405
8367,1049.429763,680.957502
8368,1044.539332,764.883652
8369,1030.137056,846.163967
8370,1006.505139,910.533165
8371,1009.038461,918.21226
8372,982.00344,892.367262
8373,935.727824,854.736087
8374,880.049849,810.645811
8375,808.11232,757.366838
8376,720.722656,677.236474
8377,679.55987,641.746732
8378,632.566302,597.677141
8379,604.917405,571.98045
8380,603.293129,570.266817
8381,646.676901,612.335825
8382,726.839932,688.507001
8383,829.888325,785.806751
8384,892.392269,823.065566
8385,943.653708,767.53102
8386,987.489165,701.483655
8387,1023.357792,651.984153
8388,1043.721201,629.792747
8389,1060.332397,637.386789
8390,1064.654224,649.13867
8391,1063.260592,690.486344
8392,1062.956415,792.148615
8393,1051.767457,873.903118
8394,1027.995159,929.319905
8395,1027.684779,935.79958
8396,1002.950258,912.863749
8397,958.874676,875.81214
8398,899.335371,829.980119
8399,819.740656,764.850165
8400,739.420928,695.664577
8401,675.86877,638.706957
8402,630.712836,596.751476
8403,604.858698,572.288245
8404,603.456081,570.707487
8405,645.204912,611.081233
8406,723.135273,685.464697
8407,820.88447,777.493186
8408,882.483601,819.769517
8409,930.854909,768.329319
8410,981.058621,711.546084
8411,1015.247088,667.760627
8412,1034.772963,649.362567
8413,1047.18587,657.636741
8414,1057.579959,656.892036
8415,1055.774281,708.423982
8416,1058.215486,784.447672
8417,1037.669213,860.113998
8418,1004.868179,908.638959
8419,1001.729196,910.5481
8420,962.200327,873.389109
8421,920.618774,839.215326
8422,878.966108,808.866106
8423,818.425917,765.420948
8424,745.346554,701.898585
8425,701.115729,662.67038
8426,649.863318,614.275172
8427,615.610608,581.853488
8428,608.024406,574.517703
8429,627.989005,593.831618
8430,669.316972,632.82307
8431,720.527249,680.561318
8432,781.798986,720.015928
8433,854.020618,702.86914
8434,921.330609,684.792087
8435,965.174893,669.303042
8436,990.740851,654.501028
8437,999.017613,648.477729
8438,1000.531526,655.656957
8439,983.178874,675.736986
8440,988.136962,761.339189
8441,982.960714,829.429733
8442,967.251245,878.101122
8443,981.0649,894.092667
8444,952.693628,868.2832
8445,915.255294,837.443112
8446,881.294597,819.768592
8447,823.20739,772.641003
8448,757.227067,713.472481
8449,700.556811,663.336994
8450,651.72668,617.410394
8451,621.282145,588.722543
8452,610.49769,577.959948
8453,624.197337,591.097286
8454,656.280064,621.226334
8455,692.683978,655.670901
8456,743.102117,689.054834
8457,813.498885,685.631996
8458,880.644901,674.611708
8459,920.571222,615.002732
8460,955.049897,603.715526
8461,972.788005,644.968363
8462,980.1686,697.799232
8463,987.061471,698.840349
8464,997.525545,763.922007
8465,999.418677,845.336233
8466,992.124593,896.334439
8467,1007.848824,920.730511
8468,982.344491,899.46723
8469,947.756582,872.245118
8470,905.286065,847.977469
8471,824.924725,775.62362
8472,747.956371,705.33889
8473,668.192396,631.258237
8474,622.517372,589.028047
8475,598.888907,566.686616
8476,595.028821,562.687506
8477,636.424388,602.483748
8478,720.401685,683.319842
8479,821.895731,779.58027
8480,885.364933,826.232588
8481,938.805039,805.40895
8482,992.204045,788.258566
8483,1026.698188,766.425547
8484,1046.797335,703.829314
8485,1062.310825,695.744715
8486,1067.860117,725.948836
8487,1062.457057,770.748168
8488,1059.840143,829.377308
8489,1042.760659,885.458197
8490,1021.218651,927.730761
8491,1029.135273,939.488674
8492,1006.911543,918.689828
8493,958.286,878.492043
8494,895.011272,831.982319
8495,810.23881,758.66818
8496,730.832459,687.337589
8497,669.508333,632.180197
8498,622.722358,588.25273
8499,594.245871,561.465724
8500,592.773169,559.814046
8501,631.76598,597.424904
8502,714.246496,675.913566
8503,818.160472,774.078897
8504,885.020095,818.281656
8505,937.428725,774.012067
8506,984.790994,720.794839
8507,1020.710403,669.228243
8508,1037.021057,639.21417
8509,1054.632483,660.557685
8510,1059.530322,670.911557
8511,1053.276742,695.419214
8512,1051.607537,771.062387
8513,1037.654007,851.001815
8514,1015.602445,916.425564
8515,1026.178046,935.421872
8516,999.55719,909.080774
8517,945.642637,863.62503
8518,889.970944,820.208288
8519,809.403918,750.67692
8520,726.523517,678.019566
8521,645.792237,607.625237
8522,602.578718,567.561013
8523,577.373722,543.8359
8524,576.113334,542.373225
8525,616.553278,581.106575
8526,700.351277,661.1312
8527,805.620524,759.918371
8528,861.397491,796.974944
8529,900.387442,743.963837
8530,947.921113,692.650044
8531,985.479401,666.560265
8532,996.722808,641.95807
8533,1015.315247,637.334355
8534,1019.482935,644.6341
8535,1027.823433,671.895355
8536,1021.051259,737.552189
8537,1007.720354,823.401054
8538,985.625038,887.384687
8539,990.069694,897.312582
8540,964.097791,873.103973
8541,918.297819,833.413398
8542,862.793491,792.449316
8543,792.050887,739.297034
8544,705.731747,661.125861
8545,648.962782,610.384726
8546,603.231959,567.687741
8547,576.459001,542.635307
8548,575.917405,542.061974
8549,617.92908,582.635974
8550,696.526735,657.60176
8551,798.927195,753.950079
8552,855.191465,788.460537
8553,903.170839,739.590303
8554,944.847985,686.599782
8555,981.797977,635.972132
8556,997.892954,596.771517
8557,1014.967068,595.315505
8558,1016.472762,590.534414
8559,1017.340633,648.474422
8560,1013.037184,726.98242
8561,1004.125212,813.213077
8562,983.618655,881.579089
8563,987.370435,894.104985
8564,964.895362,872.853124
8565,921.830666,836.630915
8566,862.660411,791.612092
8567,785.605275,732.730876
8568,707.56073,663.192322
8569,673.068533,635.396561
8570,627.043395,592.294918
8571,596.241925,563.251437
8572,586.518798,553.555495
8573,610.608158,577.323485
8574,653.900862,618.680369
8575,707.820765,670.658651
8576,759.111403,702.577717
8577,825.325853,674.323776
8578,892.297299,647.86785
8579,947.464974,620.152005
8580,974.660236,604.401258
8581,974.925573,606.296341
8582,993.218667,612.050439
8583,987.77411,641.728733
8584,988.874037,721.623852
8585,986.499606,808.510687
8586,959.788999,860.368437
8587,953.953277,866.489524
8588,903.223056,820.608406
8589,869.473613,794.214816
8590,842.277727,779.819224
8591,803.998644,753.648987
8592,730.895773,687.511801
8593,668.678398,629.524604
8594,618.206014,581.774771
8595,585.829308,551.227651
8596,579.376115,544.381941
8597,597.904834,562.170425
8598,637.594659,599.815166
8599,688.126882,647.914332
8600,742.868893,684.862023
8601,811.655892,659.1904
8602,876.707243,618.783227
8603,921.683159,591.393921
8604,942.782266,581.772629
8605,951.543465,589.527917
8606,950.110336,606.71672
8607,935.124314,610.950021
8608,935.897223,682.331396
8609,933.103808,763.953544
8610,920.811887,829.311026
8611,938.876533,853.528369
8612,912.86974,827.125506
8613,876.489283,803.216167
8614,842.914791,782.604652
8615,787.485217,735.552651
8616,723.885839,678.684652
8617,650.533,612.142593
8618,603.767357,568.37683
8619,574.754913,541.051785
8620,565.740554,532.28071
8621,577.196933,543.302602
8622,606.720393,570.730795
8623,642.064986,604.192726
8624,682.281754,629.113512
8625,747.312607,624.694557
8626,810.929956,629.053625
8627,852.624223,602.212047
8628,880.124351,583.868305
8629,898.619292,590.529471
8630,901.395733,609.306662
8631,911.985982,659.845727
8632,915.911565,712.65764
8633,921.527388,785.062684
8634,919.57253,829.809181
8635,941.93807,855.545717
8636,920.127756,845.992989
8637,887.192565,821.021711
8638,845.325416,788.324108
8639,769.116085,720.886558
8640,695.867476,653.000365
8641,624.170056,587.689251
8642,580.311837,547.243124
8643,557.943652,526.360236
8644,555.6413,523.883658
8645,595.062729,561.614034
8646,676.7878,639.928504
8647,777.349614,734.722552
8648,831.841327,773.702036
8649,880.559279,723.074246
8650,930.85296,667.887914
8651,966.902944,625.836112
8652,980.860776,610.77766
8653,997.0403,620.99803
8654,998.537809,627.364889
8655,996.388544,658.484539
8656,988.017576,713.521737
8657,974.214164,794.167639
8658,957.370824,858.615023
8659,971.131982,879.178493
8660,952.15909,861.233929
8661,904.987984,822.247152
8662,842.244237,770.623278
8663,761.125659,707.822114
8664,684.992786,641.08254
8665,624.133059,585.801112
8666,579.219727,543.953008
8667,552.042252,518.575429
8668,552.175156,518.584101
8669,589.133158,554.089241
8670,669.292232,630.421162
8671,772.245326,727.26821
8672,829.851555,769.22885
8673,877.392906,734.60559
8674,921.554414,686.3014
8675,959.07748,672.381727
8676,969.058079,652.588204
8677,987.356008,661.510726
8678,988.077542,672.775372
8679,985.177755,687.087155
8680,977.577657,730.005809
8681,967.000882,794.866879
8682,949.792391,853.510407
8683,966.392147,873.26289
8684,943.122038,851.486715
8685,890.706621,810.013179
8686,835.582228,773.287751
8687,758.78138,706.34781
8688,679.275059,634.597456
8689,622.48017,584.722649
8690,580.228743,545.756369
8691,555.691128,522.980377
8692,555.255639,522.538973
8693,594.650177,560.535496
8694,677.255508,639.74682
8695,782.031091,738.983038
8696,833.054021,774.898457
8697,869.543352,722.516548
8698,915.432595,685.588769
8699,953.768739,621.207088
8700,961.806049,575.926734
8701,980.751187,577.934018
8702,982.77325,573.653199
8703,992.836797,625.109287
8704,983.017559,697.26223
8705,971.421501,783.373252
8706,951.814368,846.736609
8707,959.354003,867.950818
8708,935.103584,845.20982
8709,890.07381,808.410693
8710,834.850664,761.399458
8711,766.042978,713.51114
8712,681.411269,637.324445
8713,640.012614,603.102502
8714,594.651165,561.221324
8715,568.134433,536.370055
8716,567.90954,535.981363
8717,609.519854,575.919651
8718,687.659609,650.761493
8719,789.870537,747.243475
8720,844.309597,791.972894
8721,891.328911,754.175986
8722,932.374715,708.946147
8723,969.594984,685.314313
8724,984.487413,655.350711
8725,1001.696938,646.506822
8726,1002.378865,656.64965
8727,1003.908264,697.415784
8728,998.43496,749.420226
8729,990.189046,804.917587
8730,970.637772,868.991518
8731,975.577803,882.090732
8732,953.763657,866.953891
8733,910.994662,836.109139
8734,851.932361,787.86679
8735,775.620095,723.706385
8736,698.195039,654.482004
8737,641.713134,603.300065
8738,596.193356,560.798034
8739,566.512184,532.914029
8740,558.224122,525.035372
8741,580.577065,546.762402
8742,622.54851,586.860288
8743,676.152025,638.718318
8744,721.22871,668.87974
8745,783.540286,637.760004
8746,846.495092,603.010067
8747,903.32078,561.823624
8748,927.28566,535.601905
8749,928.359164,521.362229
8750,942.563989,522.005679
8751,940.078949,568.526349
8752,938.212032,658.156121
8753,938.090111,749.471967
8754,913.777328,806.501538
8755,912.03458,823.621273
8756,863.726157,779.479091
8757,830.284553,755.673757
8758,804.773634,743.719093
8759,768.403799,717.821889
8760,698.203805,654.034468
