hour,demand_mw,generation_mw,shed_mw,cost_usd,lines_at_limit,units_on,startups
1,382.6087389113274,382.6087389113253,0.0,38594.213602348944,0,19,17
2,1608.05294317209,943.3387389113273,664.7142042607562,128350.3411259892,1,19,0
3,724.4426612602595,724.4426612602599,0.0,76188.78048914575,0,19,0
4,745.3172985264135,745.3172985264049,0.0,81229.47394457938,0,19,0
5,393.1093145977657,393.1093145977588,0.0,39602.838976002175,0,19,0
6,963.8725883045167,928.1576191225669,35.71496918194188,128372.26323733134,1,19,0
7,315.8276191225735,315.8276191225667,0.0,38100.13571369132,0,17,0
8,441.12080984141437,441.1208098414041,0.0,53620.145913933375,0,17,0
9,1520.0591597989098,1054.7399999999907,465.31915979890914,152740.66287947888,1,20,3
10,929.6502838303803,855.0704791366501,74.57980469373064,130337.65512296288,1,20,0
11,220.70047913664837,220.70047913665022,0.0,29145.742101252872,0,17,0
12,361.6301178260746,361.6301178260654,0.0,47697.35270546324,0,17,0
13,1096.3451403790843,847.280117826081,249.06502255300683,133429.20703925542,1,19,2
14,539.0433019539694,539.0433019539664,0.0,70249.76409978847,0,19,0
15,1138.198816251175,1048.6381579210129,89.56065833015255,155558.88096403837,3,20,1
16,690.0143681841726,690.0143681841618,0.0,82545.05839223631,0,20,0
17,436.5639953290933,436.5639953291037,0.0,51326.540570912424,0,20,0
18,455.09584295091304,455.09584295091577,0.0,53106.60409220911,0,20,0
19,745.5739852805785,745.573985280579,0.0,97649.20082162732,0,20,0
20,297.35571794894736,297.3557179489504,0.0,35948.737311253804,0,18,0
21,700.005062496313,700.0050624963134,0.0,88944.95644251091,0,19,1
22,1050.2981033326523,1024.2109022614623,26.08720107118596,149133.6700458267,1,19,0
23,484.1137580094829,484.11375800949236,0.0,59525.791772274344,0,10,0
24,348.55985475764913,348.5598547576719,0.0,40479.943303410444,0,8,0
25,1888.0799395819968,874.889999999985,1013.1899395820128,129400.78821734812,2,18,10
26,514.4695681712532,514.4695681712535,0.0,62686.955847556674,0,18,0
27,1046.2250787875298,1040.3662698157787,5.8588089717509675,151175.65779299353,1,18,0
28,570.400308173894,570.4003081738939,0.0,70763.89915547283,0,18,0
29,318.0105728435853,318.0105728435855,0.0,41659.91410046142,0,17,0
30,653.0879171734009,653.0879171734014,0.0,95653.71704598414,1,17,0
31,500.66725030740764,500.66725030740804,0.0,65254.610903646055,0,17,0
32,539.0805677640661,539.0805677640662,0.0,70731.26712274647,0,17,0
33,505.0874830786165,505.08748307861646,0.0,71842.28960330982,0,17,0
34,208.36194754000934,208.3619475400095,0.0,27604.799464885138,0,16,0
35,1679.5225931961033,881.5519475400095,797.9706456560943,131096.14894421515,2,22,6
36,1870.0990294745543,1128.502284180219,741.5967452943355,156971.57178059273,3,22,0
37,578.0356933966473,572.2926248971747,5.74306849947282,68710.40682160713,1,21,0
38,1537.4455869647547,1118.6327321969966,418.81285476775867,157809.18085155403,2,21,0
39,554.4326307354844,554.4326307354848,0.0,65017.73314480024,0,21,0
40,391.4681699788584,391.46816997885844,0.0,44585.37274564308,0,21,0
41,325.53116120502307,325.53116120502307,0.0,39032.5894939199,0,20,0
42,490.1139255539316,490.11392555393127,0.0,54434.51993192462,0,22,2
43,600.9467859180859,600.9467859180861,0.0,67093.24199000507,0,22,0
44,584.0522413637244,584.0522413637246,0.0,65817.01309124916,0,22,0
45,1489.136838140568,1170.3209506889489,318.81588745162094,157379.71632100816,2,23,1
46,940.8538108082272,940.8538108082278,0.0,110936.5495914479,1,23,0
47,988.1510187819115,911.2703257812822,76.8806930006321,124002.63118953128,2,23,0
48,238.14624483608955,238.1462448360918,0.0,19666.11842130929,0,14,0
49,262.0116018202789,262.0116018202789,0.0,17766.669972644402,0,24,0
50,131.14472848400894,131.1447284840089,0.0,5196.344977208438,0,24,0
51,1054.5313862116195,1054.5313862116209,0.0,123670.04190239207,1,24,0
52,681.9742617548811,681.9742617548815,0.0,69771.2035135478,1,24,0
53,1668.7879021746733,1114.152733653564,554.6351685211104,139130.7158781474,2,24,0
54,425.0921943464398,425.09219434643967,0.0,37044.82399499192,0,24,0
55,943.9526802330879,943.9526802330882,0.0,106156.6233521064,1,24,0
56,618.4997458426159,618.4997458426161,0.0,61679.82322675135,1,24,0
57,1196.0317438678019,1109.3330085848838,86.6987352829199,137274.68627581542,2,24,0
58,589.9826690681836,589.9826690681847,0.0,57886.46240862033,0,24,0
59,318.2674124646839,318.2674124646844,0.0,23542.50688812838,0,24,0
60,364.627814543105,364.6278145431056,0.0,29402.316185538697,0,24,0
61,822.857010953592,822.8570109535931,0.0,88960.04291200674,1,24,0
62,615.2053440701014,615.2053440701017,0.0,61308.53851150998,1,24,0
63,302.81070564682926,302.8107056468293,0.0,21685.599045737297,0,24,0
64,935.3005227346251,935.3005227346259,0.0,104215.72079577239,1,24,0
65,404.8340225094485,404.83402250945016,0.0,34484.25466519785,0,24,0
66,513.7880889434024,513.7880889434025,0.0,48255.70665563488,0,24,0
67,268.0108130223498,268.0108130223498,0.0,18342.919963217002,0,24,0
68,511.51862442486436,511.5186244248646,0.0,47968.85346434081,0,24,0
69,256.436285211147,256.43628521114704,0.0,17231.136877503086,0,24,0
70,505.11584281771474,505.1158428177155,0.0,47159.56196752863,0,24,0
71,138.13425091591938,138.13425091591932,0.0,5867.718612813233,0,24,0
72,1121.4949244279337,1121.494924427934,0.0,127854.40635436904,1,24,0
73,972.4235445362591,963.4580989239529,8.96544561230661,123498.18840292277,1,24,0
74,337.524541651063,337.52454165106303,0.0,43924.745176712415,0,20,0
75,1049.5766308345544,845.604541651063,203.9720891834918,132491.68110273243,0,20,0
76,1121.1016072229536,971.4809425292563,149.62066469369856,149144.13361501944,3,20,0
77,583.977535863957,583.9775358639573,0.0,75817.70059657912,0,20,0
78,698.7593762997273,698.7593762997274,0.0,96151.0447346392,0,20,0
79,356.36251315517865,356.3625131551787,0.0,46188.6877088058,0,20,0
80,505.40443344611305,505.4044334461132,0.0,61689.43611099213,0,21,1
81,669.2144168977902,613.6030032891113,55.61141360868015,76892.12070077633,1,21,0
82,1156.5047727537753,1118.654218080494,37.85055467328158,159408.2903905834,1,21,0
83,499.92924030560357,499.9292403056037,0.0,62524.113881603,0,19,0
84,506.8506671285939,506.8506671285942,0.0,59202.089524730196,0,19,0
85,496.1968597493792,496.1968597493794,0.0,57187.9452182988,0,19,0
86,622.8228190562564,622.8228190562564,0.0,73898.91595022556,0,19,0
87,934.7120549270326,934.7120549270328,0.0,137625.4866818371,0,19,0
88,379.3755088377156,379.3755088377158,0.0,47133.15909570885,0,18,0
89,1035.0882685695376,955.8080163679858,79.28025220154996,141001.95493503386,1,19,1
90,773.1792168677671,773.1792168677682,0.0,93566.69304415188,0,19,0
91,956.1194262203687,860.9285994191886,95.19082680118188,109070.748055232,2,20,1
92,1453.481748948271,1089.9484623180992,363.53328663017186,157442.69128678454,2,20,0
93,960.0639019649315,960.0639019649318,0.0,139988.03313697455,0,20,0
94,343.2072659830202,343.2072659830203,0.0,41527.839573581965,0,16,0
95,727.7996770950766,727.7996770950764,0.0,92639.22915020573,0,16,0
96,539.4232476206552,539.4232476206563,0.0,62651.62495759668,0,16,0
97,461.13496643897014,461.1349664389701,0.0,56661.06067168807,0,18,2
98,1555.1122863357268,1066.587239170039,488.52504716568814,151813.75091539058,1,20,2
99,946.1609468856616,859.5998974404091,86.56104944525316,104112.33763763164,2,20,0
100,652.2499805718124,652.2499805718126,0.0,77321.89644832838,0,19,0
101,960.0828774599516,956.7288930943222,3.3539843656300197,142507.43184252694,1,17,0
102,449.10797175327866,449.1079717532782,0.0,57766.52646313104,0,16,0
103,550.3527834367154,550.3527834367155,0.0,75737.28028204764,0,16,0
104,350.9201108933552,350.92011089335534,0.0,49432.619306631736,0,14,0
105,125.09317564019594,125.09317564019594,0.0,16230.548406402431,0,13,0
106,545.7134251373774,545.7134251373781,0.0,77893.91383030228,0,16,3
107,1197.6405699627858,819.77,377.87056996278585,121288.20857111002,1,16,0
108,308.0031309015546,308.0031309015546,0.0,36137.7621903486,0,16,0
109,1156.107561481404,891.2331309015545,264.87443057984956,130894.68661453862,0,19,3
110,797.1139160714595,797.1139160714596,0.0,106869.29496756967,0,19,0
111,317.1116318413545,317.11163184135467,0.0,37535.91831323553,0,16,0
112,1003.0139605731913,859.7116318413546,143.30232873183724,126825.17693847556,1,17,1
113,784.0792001262992,784.0792001263003,0.0,101309.77790461239,0,17,0
114,489.6471282761594,489.6471282761596,0.0,60610.41407956517,0,17,0
115,181.49920721660428,181.49920721660385,0.0,23682.228784087278,0,15,0
116,585.9804917762939,585.9804917762941,0.0,97803.64815450762,0,16,1
117,437.8224950807721,437.8224950807731,0.0,57213.84060649968,0,16,0
118,315.3994754786662,315.39947547866507,0.0,41239.29408396638,0,16,0
119,1614.9223497033952,1050.3495682815228,564.5727814218694,147199.01797206636,2,23,7
120,617.8295682815223,617.829568281524,0.0,69038.88604066648,0,23,0
121,1407.0330741455155,1047.2031738929318,359.8299002525839,129838.95958212296,1,23,0
122,592.3212195453972,592.3212195453965,0.0,61252.90673892086,0,22,0
123,356.3623597367544,356.36235973675457,0.0,33819.294573367544,0,18,0
124,386.4779958840923,386.4779958840917,0.0,36741.47497176011,0,18,0
125,778.1828236665891,778.1828236665873,0.0,105198.41383248038,0,18,0
126,553.1792636282587,553.1792636282587,0.0,71112.71573710506,0,17,0
127,241.86806800467974,241.86806800467983,0.0,22982.747636846067,0,16,0
128,493.1472585139667,493.14725851396673,0.0,56426.4860103154,0,17,1
129,649.8377141084497,649.8377141084502,0.0,77212.00579727638,0,17,0
130,597.497030531182,597.4970305311822,0.0,62908.03901797259,0,19,2
131,964.0532684069855,870.4981833067312,93.55508510025503,118091.52768207456,2,19,0
132,274.0673562817812,274.06735628178126,0.0,24406.645540953155,0,16,0
133,465.4227052688835,465.4227052688835,0.0,46164.42497350486,0,20,4
134,788.1807481667056,788.1807481667051,0.0,85876.4801454588,0,20,0
135,467.46269506212445,467.4626950621244,0.0,47246.654798583,0,21,1
136,650.7768403818923,650.776840381892,0.0,76325.132363213,1,21,0
137,1475.2257151214865,1110.9149779528268,364.3107371686606,146355.82588429388,2,21,0
138,926.7903493900956,926.7903493900958,0.0,105802.99423420052,1,21,0
139,558.6199544085897,558.6199544085897,0.0,59128.71739554137,0,21,0
140,395.8385351693657,395.8385351693656,0.0,41281.96452685378,1,20,0
141,453.4842597261733,453.4842597261734,0.0,48454.441564217035,0,20,0
142,528.152042852828,528.1520428528273,0.0,60016.642153111265,0,20,0
143,295.17006380725394,295.1700638072534,0.0,35846.86450792655,0,19,0
144,983.940687816158,983.9406878161578,0.0,142892.6624986495,0,23,4
145,1052.4018480819304,1052.4018480819304,0.0,133115.03245789907,1,23,0
146,780.9214290157176,780.9214290157203,0.0,91493.58595738656,0,23,0
147,1245.6174142584084,1071.3717538157102,174.24566044269864,142871.02071533003,1,23,0
148,626.5605798385906,626.5605798385909,0.0,75255.09152039776,0,21,0
149,1118.545016782596,1082.152076885763,36.392939896833354,153198.14053299115,1,21,0
150,586.7136734397609,586.7136734397611,0.0,68646.34366038915,0,21,0
151,697.5659796681647,697.5659796681639,0.0,79869.6835478822,0,21,0
152,537.6425890744131,537.6425890744133,0.0,63851.3634081742,0,19,0
153,1459.2591126692307,1102.3425890744134,356.91652359481884,155585.38470241422,2,19,0
154,794.6147789299154,794.6147789299157,0.0,92845.69755742469,0,19,0
155,723.8210195876183,723.8210195876189,0.0,87766.63849271071,0,18,0
156,353.24619311226104,353.24619311226155,0.0,38862.604425389676,0,17,0
157,491.6383337341785,491.6383337341788,0.0,53017.25410707061,0,17,0
158,764.8841653251693,764.8841653251698,0.0,112843.13623306435,0,17,0
159,189.57466733677876,189.57466733677882,0.0,22059.974999144484,0,14,0
160,763.7063308233833,763.7063308233833,0.0,114612.25694910125,0,18,4
161,807.1643585821067,807.164358582107,0.0,104046.34993393517,0,18,0
162,576.8055336564215,576.8055336564223,0.0,67648.87472825164,0,18,0
163,614.0774626779606,614.0774626779609,0.0,72527.4656576689,0,19,1
164,1000.485205038248,1000.485205038248,0.0,143908.84990683867,1,20,1
165,473.7823910523423,473.78239105234206,0.0,57789.41302675224,0,20,0
166,639.2007732220885,639.2007732220885,0.0,77041.43241608102,0,20,0
167,1374.498314843645,1120.3229183979292,254.17539644571588,145806.1793893884,2,22,2
168,723.7593581767404,723.7593581767406,0.0,80668.90292946059,0,19,0
169,1639.9084465539058,953.7009966722372,686.2074498816694,109931.70168442388,3,20,1
170,841.7009313830141,841.7009313830146,0.0,95854.41875872183,1,20,0
171,617.5859787346458,510.2430379068519,107.34294082779456,57567.74267205009,1,20,0
172,834.460170011934,834.4601700119341,0.0,115400.03149579524,0,20,1
173,312.27216983205966,312.2721698320601,0.0,34182.299643240614,0,19,0
174,425.7209307393559,425.72093073935605,0.0,49063.54453831303,0,19,0
175,956.3354730557717,914.4578424950382,41.877630560734694,135185.57482820528,2,20,1
176,718.3764160718453,718.3764160718458,0.0,86183.63920911412,0,21,1
177,1034.074295269812,1034.0742952698124,0.0,132679.60299102345,1,22,1
178,1320.024738433055,1061.9021228659494,258.12261556710564,146973.5046787699,1,22,0
179,395.96212286594925,395.96212286594937,0.0,43141.446342889874,0,20,0
180,1126.411349663681,1003.9908835891113,122.42046607457074,139096.8062737925,4,21,1
181,780.228345206884,780.2283452068843,0.0,86706.20320788099,0,21,0
182,601.0733155284584,601.0733155284588,0.0,64360.518579579744,0,21,0
183,456.0865966398664,456.08659663986657,0.0,47085.532727158665,0,22,1
184,664.428069088835,664.4280690888343,0.0,70462.16912214312,0,22,0
185,1124.0575438824944,1087.8350751356127,36.22246874688263,147165.43573484063,3,22,0
186,1456.396200261445,1055.3267886812532,401.0694115801931,142677.05930995423,2,22,0
187,415.0967886812531,415.09678868125303,0.0,42746.48669198418,0,19,0
188,464.12513829351576,464.12513829351656,0.0,43570.53694535097,0,19,0
189,564.6563039051321,564.6563039051322,0.0,55830.87401939074,0,21,2
190,768.6681281149358,768.6681281149366,0.0,82713.54534681304,0,21,0
191,1944.0901382926177,1121.6105509382367,822.4795873543812,141115.00211778074,2,21,0
192,964.8585782787834,964.4986395792696,0.3599386995141174,110953.37613458154,2,19,0
193,511.57317438775266,511.5731743877536,0.0,47975.748408417654,0,24,0
194,1273.7597340617483,1144.2445060895275,129.5152279722215,144108.9467870538,2,24,0
195,621.4358479500769,621.4358479500772,0.0,62513.682900310436,1,24,0
196,570.8254722284235,570.8254722284242,0.0,55465.05286251549,0,24,0
197,751.4315799047635,751.4315799047638,0.0,79550.36882759328,1,24,0
198,914.016431386675,914.016431386675,0.0,101479.33439697092,1,24,0
199,905.761591700524,905.7615917005251,0.0,100373.80833695935,1,24,0
200,919.0595540085063,919.059554008507,0.0,102073.81519457084,1,24,0
201,487.53125120671046,487.53125120670984,0.0,44936.92478593058,0,24,0
202,1111.888501389251,1111.8885013892511,0.0,140527.55275352352,1,24,0
203,605.4117333588575,605.4117333588581,0.0,59881.76566341907,1,24,0
204,541.393428185347,541.3934281853471,0.0,51744.9348826568,0,24,0
205,1128.853456705629,1035.5040031937674,93.3494535118623,140550.95250862627,1,24,0
206,1320.872477779124,1110.4855379547982,210.38693982432574,137420.3623703829,3,24,0
207,722.7309763518607,722.7309763518605,0.0,75974.11574193652,1,24,0
208,1557.618055286596,1147.4088716844176,410.20918360217973,142087.35585146217,3,24,0
209,941.0460191227638,941.0460191227643,0.0,105510.51273081926,1,24,0
210,889.1596764268752,889.1596764268766,0.0,98065.97250582342,1,24,0
211,522.0948516734534,522.0948516734543,0.0,49305.65538978522,0,24,0
212,1317.0918421036536,983.6483675914347,333.44347451222046,117436.96222898141,3,24,0
213,1675.1258408713252,1130.828717891116,544.297122980211,139991.67645709164,2,24,0
214,682.4107555002009,682.4107555002018,0.0,70484.62144374943,1,24,0
215,816.5820969829963,816.5820969829965,0.0,88250.74247750279,1,24,0
216,626.7259774355874,626.7259774355886,0.0,62916.034148912506,1,24,0
217,597.0942789145083,597.0942789145083,0.0,63968.96846788238,0,17,0
218,611.5323102388846,611.5323102388845,0.0,86036.61202418854,0,16,0
219,261.6327393101002,261.63273931010013,0.0,25214.111321547964,0,16,0
220,538.2163221826024,538.2163221826021,0.0,68670.1888787264,0,16,0
221,686.128770667103,686.1287706671036,0.0,96325.09866094499,0,16,0
222,596.7942835023279,596.7942835023285,0.0,63910.90111122171,0,17,1
223,1154.5664502423729,830.7560403165842,323.81040992578943,112828.85550732065,2,17,0
224,300.4860403165842,300.4860403165842,0.0,29497.043709610625,0,15,0
225,660.4281303206569,660.4281303206578,0.0,72039.19157233399,0,20,5
226,1017.983014868098,992.6823973823646,25.300617485739135,137652.85333918547,1,20,0
227,681.2656594570916,681.265659457092,0.0,75032.44755766973,0,20,0
228,1086.92900611417,1086.92900611417,0.0,147754.577913137,0,20,0
229,691.0545146869765,691.0545146869781,0.0,75658.3595514124,0,19,0
230,711.8073755305456,711.8073755305459,0.0,78893.2811548167,0,19,0
231,657.3897036790984,657.3897036790984,0.0,81265.79674919523,0,18,0
232,220.618873061216,220.61887306121622,0.0,25910.383517951872,0,15,0
233,1109.368035553756,708.534258934356,400.83377661940153,108282.87923219854,2,16,1
234,230.67425893435595,230.67425893435612,0.0,26907.298945398514,0,14,0
235,385.41298791454705,385.4129879145471,0.0,46391.50149676938,0,15,1
236,841.2052266598191,841.205226659819,0.0,114441.64556518078,0,16,1
237,665.7195457988742,665.7195457988745,0.0,79742.83405042403,0,17,1
238,430.4232699994001,430.4232699994007,0.0,53161.141587319275,0,17,0
239,1173.6947428494425,1009.3371168604721,164.35762598897065,146242.15248794548,2,18,1
240,721.8521389668639,721.8521389668638,0.0,85991.61685358688,0,18,0
241,490.41913976652376,490.41913976652404,0.0,59081.73305214631,0,18,0
242,1099.113011576173,898.7925603039733,200.32045127220056,112687.3380228429,2,20,2
243,1188.5940915634508,1044.6983229099537,143.89576865349784,151481.6144220626,2,20,0
244,510.90486389093996,510.9048638909402,0.0,62577.316935645504,0,20,0
245,593.7778437551542,593.7778437551545,0.0,69521.87528991999,0,20,0
246,632.3577027189386,632.3577027189385,0.0,76609.74783280065,0,20,0
247,1002.8583569861206,1002.8583569861213,0.0,128093.27294730187,0,20,0
248,882.5663196131596,882.5663196131605,0.0,108740.36108757152,1,21,1
249,818.4745453617859,818.4745453617866,0.0,109446.73197109146,0,21,0
250,253.80183015544802,253.8018301554483,0.0,27961.825880026496,0,17,0
251,672.3503817231659,578.3529046676279,93.99747705553814,70232.86611546761,2,18,1
252,869.7500167382688,869.7500167382694,0.0,120134.20716139395,0,18,0
253,539.4821391009799,539.4821391009799,0.0,60259.14504878923,0,18,0
254,719.8550743383419,719.855074338342,0.0,97421.75995801941,0,18,0
255,293.0980870621956,293.0980870621958,0.0,32666.68300449167,0,18,0
256,764.1446921339806,764.1446921339808,0.0,97383.54752272146,0,19,1
257,559.4310793180751,559.4310793180753,0.0,56411.54732059714,0,19,0
258,438.70413497255913,438.7041349725596,0.0,46743.2395744658,0,19,0
259,1776.1469517068938,1139.7011260099116,636.4458256969832,151800.2723652962,4,24,5
260,776.2344905127272,776.234490512728,0.0,84295.7724641285,1,17,0
261,653.9273503018578,653.9273503018585,0.0,67164.96838115771,0,16,0
262,643.7990855091464,643.7990855091479,0.0,65024.08414114687,0,12,0
263,554.2419310987927,554.2419310987932,0.0,53759.016018347946,0,12,0
264,674.9146819216239,674.9146819216246,0.0,69544.8987274997,1,12,0
265,293.7382590886277,293.73825908862784,0.0,20814.151605808973,0,24,0
266,594.0539552921507,594.0539552921506,0.0,58401.060207562165,0,24,0
267,2043.8229458214907,930.6895590235683,1113.1333867979238,103262.96889858757,3,24,0
268,230.5570907807528,230.5570907807527,0.0,14745.329153082019,0,24,0
269,725.8898193393276,725.8898193393277,0.0,77597.95357838538,1,24,0
270,1174.1596694711561,1108.0635802679483,66.09608920320778,151592.42831077953,1,24,0
271,536.1258782920505,536.1258782920509,0.0,51079.13311098327,0,24,0
272,479.30928311487804,479.3092831148788,0.0,43897.69382788098,0,24,0
273,320.6581413187455,320.6581413187457,0.0,23844.687510783857,0,24,0
274,1027.331085033238,1007.521183848946,19.809901184292357,123029.02910126398,3,24,0
275,749.0324543627272,749.0324543627275,0.0,79238.20453682018,1,24,0
276,767.9878167884067,767.9878167884075,0.0,81714.98448628081,1,24,0
277,493.7548711871872,493.75487118718775,0.0,45723.57081551987,0,24,0
278,1116.7005625106647,951.440747239821,165.25981527084355,111985.9408022232,2,24,0
279,660.2742826001971,660.2742826001977,0.0,67677.1730265843,1,24,0
280,1017.6663209244431,1017.6663209244435,0.0,117135.16464524492,1,24,0
281,1039.7750565698627,1039.775056569863,0.0,123720.71732829048,1,24,0
282,954.6948989710753,954.6948989710753,0.0,106661.55027691543,1,24,0
283,252.14600509356873,252.14600509356865,0.0,16819.037054037137,0,24,0
284,827.6189813114327,827.6189813114331,0.0,89428.6531900836,1,24,0
285,712.227977680686,712.2279776806859,0.0,74125.49948046899,1,24,0
286,909.117440114895,909.1174401148958,0.0,100614.02706826775,1,24,0
287,2451.8661356590937,1152.1463257376238,1299.719809921471,142686.15517291913,4,24,0
288,526.8622744978444,526.8622744978447,0.0,49908.242669847925,0,24,0
289,407.6756095113396,407.67560951134,0.0,36815.51905551583,0,15,0
290,631.5491400871193,631.5491400871194,0.0,67750.1978897666,0,15,0
291,468.23672196530816,468.23672196530936,0.0,42632.67389557536,0,15,0
292,575.8179136722398,575.8179136722406,0.0,56848.21621922643,0,15,0
293,438.6429608758451,438.6429608758452,0.0,39662.37646081159,0,15,0
294,539.8917327200402,539.8917327200395,0.0,51555.125289663985,0,15,0
295,782.3046589911222,761.0760801043938,21.22857888673232,103000.16278957995,1,15,0
296,1255.3310161447487,708.6624263223408,546.668589822408,85079.6181936855,1,15,0
297,930.1036859005711,812.2057476374988,117.8979382630726,98484.67875125977,2,19,4
298,677.6023459128357,677.6023459128343,0.0,70719.78994950867,0,19,0
299,373.2163002081578,373.2163002081571,0.0,36603.53868785029,0,19,0
300,779.937081297023,779.937081297024,0.0,85566.07231266862,1,22,3
301,674.4885491499166,674.4885491499156,0.0,69713.32505491353,0,22,0
302,603.7487624015586,603.7487624015589,0.0,64419.87871607864,0,22,0
303,2094.9021225203537,1026.64751739234,1068.2546051280149,122076.7178833613,3,22,0
304,1296.6767861561161,1124.7758282415655,171.90095791455116,139636.96830663306,2,22,0
305,1770.2524560937195,995.0343364968112,775.2181195969076,120710.71631389605,3,22,0
306,545.9190948547791,545.9190948547794,0.0,57224.83175005031,0,22,0
307,1314.6841636159513,865.9922414749857,448.691922140966,123605.71791305223,0,22,0
308,193.73224147498556,193.73224147498564,0.0,25632.731864852198,0,16,0
309,731.5711347594145,694.6722414749855,36.89889328442817,113297.19420333223,0,18,2
310,339.65696061486113,339.6569606148606,0.0,44077.158306439014,0,18,0
311,491.026733389608,491.0267333896086,0.0,64069.010936390434,0,18,0
312,1071.7608749562955,1071.7608749562976,0.0,158231.68853149287,0,19,1
313,1076.5534892397714,1076.5534892397718,0.0,155229.96833432658,1,19,0
314,652.9191800304088,652.9191800304092,0.0,77856.34305139759,0,19,0
315,519.283964820678,519.2839648206781,0.0,60106.082828888146,0,19,0
316,673.2379053519456,673.2379053519471,0.0,80489.63186566797,0,19,0
317,355.3161361438466,355.31613614384685,0.0,42187.261907108965,0,18,0
318,377.2826894658161,377.282689465816,0.0,44297.24365609751,0,18,0
319,443.8087296964489,443.80872969644895,0.0,50687.355416540515,0,18,0
320,539.0017345508946,539.0017345508954,0.0,62813.52203638955,0,18,0
321,705.7623098238358,705.7623098238362,0.0,84717.65785116881,0,18,0
322,1061.8284049026886,1030.7473536693378,31.081051233351133,149959.8569858612,1,18,0
323,669.9439489132404,669.9439489132408,0.0,80211.44644571078,0,18,0
324,734.9420982922014,734.9420982922015,0.0,102036.1617110645,0,18,0
325,267.408719966466,267.40871996646604,0.0,32188.624012413886,0,17,0
326,766.1410389778282,766.1410389778284,0.0,115177.76807502273,0,17,0
327,455.5562499585832,455.55624995858375,0.0,52316.60440179524,0,17,0
328,657.1942857569627,657.1942857569625,0.0,91303.14019680164,0,17,0
329,238.63883214872524,238.63883214872524,0.0,28366.804006551483,0,16,0
330,801.8514128933551,801.8514128933555,0.0,118992.83308869913,0,19,3
331,903.7411196696155,903.7411196696163,0.0,127047.12989294839,0,19,0
332,408.4915493930227,408.49154939302275,0.0,49937.80202301114,0,17,0
333,829.4199657723132,829.4199657723138,0.0,97401.60215657602,1,19,2
334,726.2954166362858,726.295416636286,0.0,77805.67296532437,0,18,0
335,418.28578650484,418.2857865048404,0.0,38855.31316251139,0,9,0
336,290.4252464507675,290.42524645076765,0.0,23385.748695499246,0,6,0
337,1027.3500170723132,760.2490252675713,267.10099180474225,93980.23178966685,3,17,11
338,1098.376456721492,714.1135586215963,384.2628980998961,88399.64771388756,1,16,0
339,715.8435678117571,715.8435678117571,0.0,79280.92921576834,1,15,0
340,537.921765989029,537.9217659890292,0.0,51306.12767858984,0,15,0
341,511.9984978083235,511.99849780832403,0.0,48029.507953687535,0,14,0
342,552.05473014799,552.0547301479903,0.0,63237.02811368034,0,14,0
343,231.2373507736827,231.2373507736828,0.0,19217.54523774943,0,14,1
344,241.7061944614728,241.70619446147307,0.0,20540.774218185783,0,14,0
345,334.90212173395184,334.90212173395196,0.0,32320.446883411398,0,15,1
346,402.69013747183044,402.6901374718306,0.0,40888.63928609787,0,15,0
347,843.4960091657749,843.4960091657755,0.0,109719.24264355638,0,22,7
348,646.2482172016113,646.2482172016115,0.0,75680.41521318989,0,22,0
349,1613.0569238882294,1102.8635808649317,510.19334302329867,143421.53974986315,1,23,1
350,810.6297295320279,810.6297295320283,0.0,97192.22137459248,0,23,0
351,461.81554553473825,461.81554553473893,0.0,49507.48993851358,0,23,0
352,621.9301308505726,621.9301308505726,0.0,70604.65942369163,0,23,0
353,1118.9693513807279,1108.6941976475334,10.275153733194436,151203.00845570257,2,23,0
354,609.275546094436,609.2755460944364,0.0,69005.15963325757,0,21,0
355,586.8444530350547,586.844453035055,0.0,65310.751380812886,0,21,0
356,391.6899158760196,391.6899158760194,0.0,42011.25533592015,0,19,0
357,803.8713360265036,803.8713360265039,0.0,91013.26651982868,0,20,1
358,648.4465293721374,648.446529372137,0.0,66253.8359744624,0,20,0
359,522.9790390603031,522.9790390603032,0.0,54063.84308747036,0,19,0
360,916.4838510519897,916.4838510519908,0.0,104142.02987704401,1,19,0
361,557.6639362676851,557.6639362676852,0.0,57395.476366503106,0,21,2
362,337.5166752846221,337.51667528462224,0.0,32700.891910134967,0,18,0
363,991.3521906394042,859.6366752846222,131.7155153547826,117576.83663056498,0,18,0
364,705.6651715176821,705.6651715176822,0.0,74422.13737922042,0,19,1
365,534.850517374179,534.8505173741792,0.0,55776.86533032444,0,19,0
366,1174.4423781633054,957.9672145413027,216.47516362200207,117112.48670382777,2,20,1
367,589.3102014522791,589.3102014522792,0.0,63765.4560510328,0,20,0
368,1149.8885359454139,1141.2999999999997,8.588535945414613,153923.23441130004,0,20,0
369,618.6442864578505,618.6442864578515,0.0,67353.9901585585,0,20,0
370,310.33322260159366,310.3332226015939,0.0,30764.121829735945,0,19,0
371,298.33250955808046,298.33250955808165,0.0,29279.484975941537,0,18,0
372,789.9575942166585,789.9575942166576,0.0,115063.6814873973,0,20,2
373,620.9158660105987,620.9158660105985,0.0,70209.30737593626,0,20,0
374,927.7454454385633,927.7454454385637,0.0,121335.46050589444,0,20,0
375,1322.9489328881814,1034.2999999999997,288.64893288818246,146692.4893075,4,20,0
376,801.4315009574666,801.4315009574668,0.0,103364.38817489012,0,20,0
377,436.2338018127056,436.23380181270585,0.0,48498.37099804137,0,20,0
378,192.46430148998346,192.4643014899836,0.0,25319.809856091553,0,16,0
379,736.2113484366791,736.2113484366793,0.0,106868.64657222512,0,20,4
380,1221.2883421110384,1102.1821256408693,119.1062164701697,156252.49358348205,1,20,0
381,534.6462617424243,534.6462617424247,0.0,66248.95900666156,0,17,0
382,605.9442638900975,605.9442638900978,0.0,71568.22952176543,0,17,0
383,880.4884535884381,880.4884535884385,0.0,107946.08076783741,1,17,0
384,691.2689784411971,691.2689784411969,0.0,82114.99274741857,0,17,0
385,326.6315951799494,326.6315951799502,0.0,24599.713328168433,0,24,0
386,287.03177482336986,287.0317748233697,0.0,20169.965001193974,0,24,0
387,638.650612919641,638.6506129196415,0.0,64412.7780320976,1,24,0
388,311.63249776968917,311.63249776968917,0.0,22703.87449767821,0,24,0
389,863.4595200652714,863.4595200652723,0.0,94632.11819427797,1,24,0
390,1174.4831806672266,1105.8599775924438,68.62320307478348,151570.39228402448,1,24,0
391,463.41310295794665,463.4131029579471,0.0,41888.46655415433,0,24,0
392,941.7533438452613,941.7533438452618,0.0,113134.94996882085,1,24,0
393,621.0004047208669,621.0004047208677,0.0,62190.67322745121,1,24,0
394,426.7443160340285,426.74431603402843,0.0,37253.646990293164,0,24,0
395,661.4061609623627,661.4061609623639,0.0,67534.25011398092,1,24,0
396,485.2640703343544,485.2640703343543,0.0,44650.3602403456,0,24,0
397,770.8908919562336,770.8908919562346,0.0,82561.01547627224,1,24,0
398,408.04683042914,408.04683042913996,0.0,34890.343501242576,0,24,0
399,1579.193770490048,1069.5302688315885,509.66350165846075,132128.73818971807,2,24,0
400,730.6769617366622,730.6769617366633,0.0,76440.82925619229,1,24,0
401,727.7158480530974,727.7158480530983,0.0,76199.01725122145,1,24,0
402,597.9875870800598,597.987587080061,0.0,58982.531410149815,1,24,0
403,1434.5269144553001,1129.7606037641933,304.76631069110715,142112.13641764823,4,24,0
404,541.2851925321595,541.2851925321611,0.0,51731.2542358458,0,24,0
405,1352.6084982466182,1129.770937193251,222.83756105336835,139857.9762972551,2,24,0
406,496.80414911346764,496.8041491134675,0.0,46108.98997371822,0,24,0
407,774.2573645945165,774.2573645945174,0.0,82644.64015285617,1,24,0
408,449.96287535321966,449.96287535322097,0.0,40188.4000051814,0,24,0
409,325.56046600127576,325.56046600127604,0.0,26818.98234498374,0,14,0
410,383.62646816347944,383.6264681634788,0.0,32086.71934535028,0,14,0
411,490.15438592476096,490.1543859247611,0.0,46323.632601072415,0,14,0
412,596.4346578218328,596.4346578218323,0.0,67819.90421416468,0,14,0
413,1301.5451006417384,727.8,573.7451006417386,98794.17071800002,0,14,0
414,773.3944907241332,704.7023112535603,68.69217947057375,96143.58031806532,1,14,0
415,264.90231125355996,264.90231125356036,0.0,22405.919051265286,0,14,0
416,1071.081835312765,704.7023112535603,366.3795240592051,96143.58031806532,1,14,0
417,1790.4167418341765,869.48,920.9367418341775,117847.66265240002,2,20,6
418,675.8874349498865,675.8874349498868,0.0,71016.20291712736,0,20,0
419,476.2668332457382,476.2668332457382,0.0,45684.700694128274,0,20,0
420,381.0517784158722,381.0517784158717,0.0,36538.885919489214,0,20,0
421,579.4520843578513,579.4520843578513,0.0,62448.74321590181,0,20,0
422,619.4843652698783,619.4843652698798,0.0,84779.46443798323,0,19,0
423,230.46719960211493,230.4671996021152,0.0,30275.91526108781,0,17,0
424,385.96636743377013,385.96636743377024,0.0,51159.32931897715,0,17,0
425,215.25128697943381,215.25128697943393,0.0,28352.671668330626,0,17,0
426,2150.0392944147425,914.5512869794339,1235.4880074353043,137751.53287477064,2,22,5
427,668.1972685899998,668.1972685899988,0.0,81115.05476566442,0,22,0
428,800.8263017909414,794.3028159075023,6.5234858834389655,108253.45331684129,1,21,0
429,1659.5076362140774,1093.050618999152,566.4570172149259,145778.60324570985,2,21,0
430,857.9219709151422,857.9219709151437,0.0,107097.91859757877,1,20,0
431,471.0752966960442,471.0752966960447,0.0,57817.40958475816,0,16,0
432,814.8353841130875,814.835384113088,0.0,99200.98086380804,1,16,0
433,699.1092662044376,699.1092662044383,0.0,83487.68355912193,1,17,1
434,619.9299371051318,619.9299371051319,0.0,72736.18304283368,0,18,1
435,507.683156072617,507.6831560726174,0.0,60541.41814388393,0,18,0
436,778.739331791543,778.739331791543,0.0,93672.41338915564,1,20,2
437,1111.8639671049004,972.4040271165169,139.45993998838378,136315.71732044304,2,21,1
438,1177.2949287555502,1082.299568700412,94.99536005513845,153312.2462142598,4,21,0
439,469.93300918325497,469.93300918325485,0.0,58616.977787017604,0,20,1
440,1239.676655101305,1059.4928970829658,180.18375801833963,153861.61926185785,1,20,0
441,923.4212283048025,923.4212283048024,0.0,113945.51807719839,0,20,0
442,661.7871053697363,661.7871053697365,0.0,79301.87542533723,1,20,0
443,1352.354190713577,994.42161162074,357.9325790928381,129675.41680274112,2,20,0
444,1008.2699276420669,956.6846839485538,51.58524369351443,126758.3424796688,2,20,0
445,550.8860557944297,550.8860557944307,0.0,66291.9357019883,0,20,0
446,786.2213919919791,786.2213919919797,0.0,114636.51349870162,0,18,0
447,293.919268431519,293.919268431519,0.0,35621.078987866786,0,18,0
448,689.4185496293605,689.4185496293596,0.0,84075.7936045702,0,20,2
449,922.4355186189875,922.435518618988,0.0,113562.98107412194,0,20,0
450,1388.2782370715001,1144.9903380415697,243.28789902993174,164399.81160178332,3,20,0
451,755.5241606607302,755.5241606607294,0.0,90825.29052603587,0,20,0
452,1058.7841568982558,959.141671992228,99.64248490602863,133309.1241882805,1,20,0
453,433.47909516148127,433.4790951614813,0.0,54019.35665759945,0,18,0
454,1230.7725921825004,1131.5690951614813,99.20349702101939,155257.17362542945,2,22,4
455,1638.9178930876249,1107.0709881762978,531.8469049113281,136988.77399665222,4,21,0
456,871.3937364208343,871.3937364208347,0.0,95726.08721050639,1,21,0
457,1134.5281356015446,1075.1590789716893,59.36905662985521,134670.80558575684,1,22,1
458,1227.632760066693,1108.7199999999998,118.91276006669366,153142.90715992003,2,22,0
459,526.4722678213033,526.4722678213034,0.0,59363.278958538314,0,19,0
460,321.61530234735767,321.61530234735795,0.0,31844.216682944207,0,19,0
461,1230.6672103544263,622.153348554684,608.5138617997427,93633.92794911323,3,19,0
462,127.80334855468418,127.80334855468426,0.0,8622.922542273212,0,13,0
463,1027.8393163686535,623.7933485546843,404.04596781396947,89777.43875495324,2,16,3
464,422.2007457516885,422.20074575168854,0.0,37365.274308911634,0,16,0
465,676.9710242518763,676.9710242518754,0.0,85107.91686954201,0,16,0
466,274.7933561411879,274.79335614118844,0.0,24490.695867205868,0,16,0
467,837.2531114846932,834.7912990944611,2.4618123902320477,113055.89141597494,1,18,2
468,544.8466110945509,544.8466110945528,0.0,53143.273302226815,1,18,0
469,864.1396718056166,864.1396718056185,0.0,120279.16230360432,0,18,0
470,321.49448260245947,321.49448260246146,0.0,33004.6986601228,0,16,0
471,614.3432504716408,614.3432504716421,0.0,70014.76872055627,1,19,3
472,632.4545894001238,632.4545894001247,0.0,70934.21796253356,0,19,0
473,481.30978926969,481.3097892696897,0.0,51649.68953798025,0,19,0
474,611.4916327927474,611.4916327927463,0.0,64766.583438487774,0,20,1
475,507.79486741237486,507.79486741237463,0.0,50793.20979236436,0,20,0
476,849.8730310544804,849.8730310544834,0.0,93049.10542674536,1,23,3
477,914.3158856314243,914.3158856314254,0.0,104240.83109510264,1,23,0
478,569.9851009327729,569.9851009327718,0.0,60683.19698703956,0,23,0
479,816.0078114565182,816.007811456519,0.0,93315.22564485011,0,23,0
480,1365.9141517297694,1096.807633003508,269.10651872626204,149350.8994327354,2,21,0
481,463.310372516944,463.3103725169444,0.0,41875.48174888245,0,24,0
482,235.6723662485911,235.67236624859123,0.0,15236.673321645494,0,24,0
483,387.74931550480693,387.749315504807,0.0,32324.801328706235,0,24,0
484,539.7682633681718,539.7682633681725,0.0,51539.51915115829,0,24,0
485,1333.0447271637997,1110.7775881467592,222.2671390170405,137457.27659790122,3,24,0
486,484.7275291807762,484.7275291807762,0.0,44582.54312273601,0,24,0
487,735.7795595561087,735.7795595561088,0.0,79440.2315482243,1,24,0
488,151.41739497494893,151.41739497494893,0.0,7143.621624220473,0,24,0
489,561.8084809062598,561.8084809062599,0.0,54325.33346372968,0,24,0
490,1780.5360543221661,1112.9116537587613,667.6244005634048,151640.90904568764,1,24,0
491,665.0528867040144,665.0528867040141,0.0,67482.43216543924,2,24,0
492,2266.5367271016416,1085.7779253950646,1180.7588017065766,150319.96494434593,2,24,0
493,582.7967040892797,582.7967040892805,0.0,57207.49754423078,1,24,0
494,1222.000477494811,1115.3606030885476,106.63987440626349,138036.55530045935,3,24,0
495,1016.872433232271,1016.8724332322715,0.0,115656.61501386053,1,24,0
496,485.32016793113524,485.32016793113553,0.0,44657.4508004884,0,24,0
497,197.07898389138296,197.0789838913829,0.0,11529.613264845173,0,24,0
498,477.60004336916296,477.60004336916427,0.0,43681.651289326226,0,24,0
499,326.64761398773805,326.6476139877386,0.0,24601.738055189853,0,24,0
500,542.0171633468166,542.0171633468167,0.0,51823.773049161886,0,24,0
501,336.4890670114036,336.48906701140413,0.0,25845.666825060132,0,24,0
502,839.0811697405716,839.081169740571,0.0,99017.89507821781,1,24,0
503,650.8164884337808,650.8164884337813,0.0,66267.31933345913,1,24,0
504,1001.220624442452,979.9050338531658,21.315590589290537,133523.41730913898,2,24,0
505,752.2738554480906,752.2738554480914,0.0,94664.06192275492,0,19,0
506,366.5675063630254,366.56750636302564,0.0,38155.58116344393,0,18,0
507,431.5781071626438,431.57810716264385,0.0,46893.32118567883,0,18,0
508,639.8949966516498,639.8949966516499,0.0,96436.12337276529,0,18,0
509,229.54287711436712,229.54287711436726,0.0,21051.84109583244,0,17,0
510,783.1045951160197,712.3522737517035,70.752321364316,102205.2043709954,0,18,1
511,301.0922737517033,301.0922737517036,0.0,28545.575032195386,0,18,0
512,767.0262895230438,767.0262895230444,0.0,102727.32217142115,0,18,0
513,678.6429216823722,678.6429216823719,0.0,71144.0488543433,0,21,3
514,1851.9904336691627,1134.1799999999998,717.8104336691629,153023.28876098,0,21,0
515,663.3856959765278,663.3856959765283,0.0,69457.83618339837,0,21,0
516,1056.5650792444549,989.3369851011475,67.22809414330706,136507.2394318623,1,21,0
517,349.2569851011474,349.2569851011476,0.0,42601.70437064228,0,19,0
518,437.64499125132477,437.644991251325,0.0,53422.585995389665,0,19,0
519,2160.886661885627,1122.8049912513252,1038.081670634302,161034.1955872897,3,22,3
520,957.0125297594882,957.0125297594882,0.0,122327.29923605606,0,22,0
521,465.23024045703073,465.2302404570312,0.0,57583.02484144194,0,21,0
522,1118.3343067690869,1053.9895369877001,64.34476978138795,151097.4071850511,1,21,0
523,444.0613948335528,444.0613948335536,0.0,54553.216408332664,0,20,0
524,578.3344674454382,578.3344674454382,0.0,70309.90148414005,0,19,0
525,882.3910462369889,882.3910462369894,0.0,108775.20694946134,0,19,0
526,567.2701150642637,567.2701150642637,0.0,69247.12293866348,0,19,0
527,1261.6555652572401,1087.3150820057454,174.3404832514957,157109.84028148383,3,19,0
528,1030.4525725083815,1030.4525725083815,0.0,139406.90267984895,0,19,0
529,303.4634903395572,303.4634903395572,0.0,21748.3018178785,0,24,0
530,1051.8709550708807,1033.3441191702173,18.526835900664082,140277.94994792546,1,24,0
531,996.7097889678671,996.7097889678674,0.0,112254.13019321757,1,24,0
532,624.363589854812,624.3635898548126,0.0,62397.94601157865,1,24,0
533,574.2487920670833,574.2487920670834,0.0,55897.74974432104,0,24,0
534,404.59773925472507,404.5977392547253,0.0,34454.38920349376,0,24,0
535,1096.6861356179868,905.0967084865338,191.5894271314545,100299.2085216563,2,24,0
536,581.188245686578,581.188245686578,0.0,57010.516815275674,1,24,0
537,595.689741520576,595.6897415205773,0.0,58803.62517386822,1,24,0
538,238.65813038746944,238.65813038746944,0.0,15523.468785070194,0,24,0
539,233.7791394461902,233.77913944619036,0.0,15054.820759652226,0,24,0
540,1471.2735608120827,1094.9541973359785,376.3193634761053,151461.33448145984,1,24,0
541,232.71402702574625,232.71402702574636,0.0,14952.51213914096,0,24,0
542,554.7076632580694,554.7076632580703,0.0,53427.81240246511,0,24,0
543,162.54735085868938,162.54735085868936,0.0,8212.701667754349,0,24,0
544,700.3990458120855,700.3990458120861,0.0,72704.40898267631,1,24,0
545,260.68510407179497,260.68510407179485,0.0,17639.254169247677,0,24,0
546,664.998935401829,664.9989354018295,0.0,68174.90134569148,1,24,0
547,1742.4520251825886,1028.0465395455049,714.4054856370831,139608.35251246428,2,24,0
548,928.3256230659642,917.3202047758066,11.005418290158673,107884.05898436872,2,24,0
549,315.7669793674771,315.76697936747723,0.0,23226.45999350089,0,24,0
550,692.2359698116941,692.2359698116951,0.0,71778.32555098887,1,24,0
551,435.31602342556545,435.31602342556596,0.0,38337.08389799401,0,24,0
552,2403.6509400437235,1159.1902413713926,1244.4606986723318,143576.48399817635,3,24,0
553,1098.2170967082423,955.7071590994991,142.50993760874604,120436.06561262094,2,22,0
554,711.4643013132477,711.4643013132473,0.0,75246.1325624126,0,22,0
555,992.8080580196207,992.8080580196203,0.0,115588.07061781175,1,22,0
556,1127.375792156428,1085.3039686082798,42.071823548149396,146845.51181492914,3,22,0
557,1143.3758991812351,1081.04834403335,62.32755514788543,146307.6142270636,1,21,0
558,977.8250310683532,948.8611870382942,28.963844030060233,131359.84526764415,1,21,0
559,326.5711870382941,326.57118703829417,0.0,39702.910363614115,0,19,0
560,625.0348507038414,625.034850703841,0.0,75174.83919033955,0,19,0
561,1066.4356048430961,996.9032271164641,69.53237772663294,145188.91762448114,2,19,0
562,1238.9242224243908,955.092030860097,283.83219156429413,139402.6537916055,1,19,0
563,381.272030860097,381.27203086009706,0.0,45699.688036175474,0,16,0
564,532.2080269372393,532.2080269372393,0.0,75138.3115684654,0,16,0
565,158.44612611949037,158.44612611949108,0.0,20538.159953994546,0,15,0
566,950.0218629444757,678.546126119491,271.4757368249862,110131.23814742458,1,18,3
567,1099.1381786792797,713.5761948558409,385.5619838234392,114585.28887603625,4,18,0
568,204.06619485584082,204.06619485584093,0.0,26330.75344059622,0,15,0
569,418.22471746194987,418.2247174619499,0.0,50069.78631885408,0,16,1
570,774.5259157457933,774.5259157457932,0.0,97739.47706147355,0,16,0
571,798.616684673596,798.6166846735952,0.0,96488.89120260756,0,19,3
572,1006.7860527808365,976.1707960981026,30.615256682734692,143174.43207085942,2,19,0
573,453.2771573972887,453.2771573972888,0.0,56463.5973914535,0,19,0
574,1040.3513908073537,764.404130630196,275.9472601771579,118798.17932340583,1,19,0
575,129.65413063019605,129.65413063019608,0.0,17436.221994805797,0,12,0
576,454.38841007887277,454.3884100788734,0.0,82233.42601314475,0,12,0
577,310.89446573188206,310.8944657318825,0.0,41198.558803244065,0,15,3
578,820.0570402557369,635.7699999999999,184.28704025573694,105491.18927887002,0,15,0
579,1221.982206230583,817.1999999999999,404.78220623058394,125085.68929010002,2,16,1
580,529.2960913635243,529.2960913635247,0.0,61376.67819880874,0,16,0
581,978.4445853420362,927.1999999999999,51.24458534203694,135651.66152010002,2,16,0
582,716.1891387465282,716.1891387465287,0.0,88955.62905078407,1,16,0
583,957.3838059607349,897.4636728716597,59.920133089076195,122328.60292389162,2,19,3
584,492.4200635997792,492.4200635997795,0.0,60144.51780294187,0,19,0
585,688.7827823889972,688.7827823889976,0.0,83437.6172901549,0,20,1
586,441.32540446137983,441.32540446138023,0.0,54916.775999229925,0,20,0
587,1187.0275133842479,1145.2438357828487,41.78367760140004,156840.90443245514,2,24,4
588,565.5902568308771,556.558392510362,9.031864320515457,61473.75993547173,1,22,0
589,641.3863286197632,641.3863286197634,0.0,68692.83387927976,1,21,0
590,739.4524383864272,739.4524383864278,0.0,78415.84008586018,1,19,0
591,733.3664932595589,733.366493259559,0.0,84997.93782043854,0,18,0
592,365.14706230723107,365.1470623072315,0.0,36463.830334165476,0,16,0
593,254.04967612826576,254.04967612826584,0.0,23491.19430608266,0,16,0
594,578.4243914493783,578.4243914493786,0.0,86423.9680654597,0,16,0
595,175.46720945082865,175.46720945082862,0.0,12609.751273627817,0,14,0
596,628.8683805176494,628.8683805176499,0.0,89254.71538927297,0,16,2
597,639.519962640151,639.5199626401503,0.0,77450.09811885963,0,17,1
598,312.3599810999439,312.3599810999437,0.0,29676.74180204846,0,18,2
599,552.886981270472,552.886981270472,0.0,56919.04440707956,0,20,2
600,1079.1517021939621,1012.2814199951838,66.87028219878037,135238.41988821005,3,20,0
601,348.46872905687013,348.4687290568702,0.0,27359.858503447882,0,24,0
602,976.0818174654913,907.542444201706,68.53937326378627,122317.6038598586,1,24,0
603,432.9103570474429,432.9103570474432,0.0,38033.015219186054,0,24,0
604,2109.976255443329,1147.44265370061,962.5336017427198,151986.21904510615,1,24,0
605,725.5722434119602,725.5722434119606,0.0,76308.33251481138,1,24,0
606,1453.3803985133864,1102.6320927327033,350.7483057806833,149035.73231127462,1,24,0
607,903.2833190818048,903.283319081806,0.0,100137.81267091594,1,24,0
608,494.44462384456,494.4446238445598,0.0,45810.75338627811,0,24,0
609,443.53713878142855,443.5371387814297,0.0,39376.20707289408,0,24,0
610,548.5708901824137,548.570890182414,0.0,52652.143549032844,0,24,0
611,994.1496494462406,994.1496494462422,0.0,111767.26788086716,1,24,0
612,697.7092532095159,697.7092532095164,0.0,73343.93596588106,1,24,0
613,691.4797231477099,691.4797231477105,0.0,71510.0360048498,1,24,0
614,1016.2367162002244,1016.2367162002246,0.0,121251.10077636575,1,24,0
615,761.7443567635388,761.7443567635403,0.0,80847.42878088482,1,24,0
616,790.4100348883313,790.4100348883321,0.0,84780.76780111373,1,24,0
617,779.3140812632081,779.31408126321,0.0,83384.25721335094,1,24,0
618,1777.5982597621492,1094.9311583230347,682.6671014391138,148062.35837512562,3,24,0
619,1531.3164717422685,899.5983784321988,631.7180933100692,99433.80691061048,3,24,0
620,212.95071102974586,212.95071102974578,0.0,13054.160793809533,0,24,0
621,1100.782665595495,999.7380989540428,101.04456664145152,125804.92231930803,2,24,0
622,736.479087378058,736.4790873780579,0.0,82483.72464301597,1,24,0
623,299.3476600201185,299.3476600201184,0.0,21352.958646436837,0,24,0
624,348.93408027943997,348.93408027943997,0.0,27418.677437243212,0,24,0
625,430.21745577146305,430.2174557714633,0.0,39468.67016501843,0,13,0
626,1720.5653446011665,649.6999999999998,1070.8653446011674,88922.57587390002,2,13,0
627,527.0003103768885,527.0003103768886,0.0,59875.05427704696,0,13,0
628,1557.777962844047,649.6999999999998,908.0779628440475,88922.57587390002,1,13,0
629,633.7645979816882,633.7645979816882,0.0,85130.39214598143,0,13,0
630,1188.325183084724,649.6999999999998,538.6251830847244,88922.57587390002,3,13,0
631,1174.2821110847165,649.6999999999998,524.5821110847171,88922.57587390002,2,13,0
632,609.0780360991727,609.0780360991721,0.0,79255.67507504985,0,13,0
633,509.4781239158146,509.47812391581454,0.0,51169.4610490674,0,15,2
634,357.69941507988193,357.69941507988216,0.0,30878.59599265162,0,15,0
635,642.9517051264445,642.9517051264448,0.0,82345.41012213418,1,15,0
636,375.08116785562845,375.0811678556284,0.0,34407.435797676284,0,17,2
637,806.703682354369,806.7036823543683,0.0,101901.00420812677,0,17,0
638,396.69238625481654,396.69238625481904,0.0,37024.30659852749,0,17,0
639,751.4711576214455,751.4711576214469,0.0,88222.50869704122,1,17,0
640,390.1667550255253,390.16675502552545,0.0,38347.09092216495,0,17,0
641,536.897230402961,502.8011839500171,34.09604645294485,51024.873703085745,1,17,0
642,517.5751091964258,517.575109196426,0.0,52826.88040180821,0,21,4
643,1529.4355579515104,977.1906334165715,552.2449245349397,133924.62315483473,2,21,0
644,315.8206334165713,315.82063341657147,0.0,37516.81960438474,0,16,0
645,251.96726123402647,251.96726123402638,0.0,30013.203948340717,0,16,0
646,831.2833094302176,831.283309430218,0.0,120375.90321986363,0,19,3
647,1440.7431488228885,1096.07,344.6731488228894,158027.71375281003,3,19,0
648,550.6301183870747,550.6301183870753,0.0,66868.04389365681,0,19,0
649,246.56914917164625,246.56914917164636,0.0,16283.356101294026,0,24,0
650,518.0955503917173,518.0955503917173,0.0,50121.1014893571,1,24,0
651,732.5445130327238,732.544513032724,0.0,77026.97471105694,1,24,0
652,1078.5645828746779,1078.5645828746783,0.0,129591.66516282149,1,24,0
653,408.9284941556651,408.92849415566513,0.0,35001.78302873292,0,24,0
654,443.57134289825194,443.5713428982525,0.0,39380.53036589376,0,24,0
655,742.3050384605158,742.3050384605159,0.0,77780.8933344254,1,24,0
656,309.1453727176919,309.14537271769177,0.0,22389.50969819128,0,24,0
657,619.958426636806,619.9584266368067,0.0,62212.0053548654,1,24,0
658,541.6681416339683,541.6681416339684,0.0,51779.657800237015,0,24,0
659,442.1873495688124,442.1873495688118,0.0,39205.597953407516,0,24,0
660,951.709548998744,951.7095489987444,0.0,106397.91344086181,1,24,0
661,1024.2780498986424,962.5708975520533,61.70715234658985,107823.75606548658,2,24,0
662,767.1572146048961,767.1572146048973,0.0,81534.05629750315,1,24,0
663,1318.7458917480674,1133.9357582955931,184.8101334524726,140384.39661121773,2,24,0
664,897.2561307370371,897.2561307370386,0.0,98985.56828484459,1,24,0
665,1195.6833353630796,1101.085968520607,94.59736684247332,148840.3070641496,1,24,0
666,696.9682337967754,696.9682337967752,0.0,72515.27684445513,1,24,0
667,785.1936523255398,785.1936523255415,0.0,84037.4505539769,1,24,0
668,1245.267936961653,1120.0305782948922,125.23735866676202,138626.82550748915,3,24,0
669,725.8475084710215,725.8475084710217,0.0,76331.94430142107,1,24,0
670,753.9601490500047,753.9601490500044,0.0,82109.75231234108,1,24,0
671,490.845837554572,490.845837554572,0.0,45355.878095813816,0,24,0
672,496.85618571729464,496.8561857172947,0.0,46115.56723709908,0,24,0
673,850.3554013046953,709.9963246983635,140.35907660633205,87920.19450002901,1,15,0
674,1449.6462600130649,700.3341198818179,749.3121401312474,83097.71223809186,1,15,0
675,678.6600972101928,678.6600972101927,0.0,78224.97703920034,0,15,0
676,624.0263392464138,624.0263392464144,0.0,66077.55776093833,0,15,0
677,1224.1084366990087,767.3514402688805,456.7569964301297,101862.99041288448,1,15,0
678,325.6204029300407,325.6204029300411,0.0,30413.898039980224,0,15,0
679,1157.5230876438193,771.0790528572435,386.44403478657557,102750.05882730734,2,15,0
680,474.71089695219416,474.7108969521944,0.0,43316.472251251835,0,15,0
681,405.611051159092,405.6110511590922,0.0,34582.46864741966,0,15,0
682,470.3102212390997,470.3102212390993,0.0,45884.58552163527,0,19,4
683,814.0866557300882,814.0866557300878,0.0,93387.56161102452,0,20,1
684,541.3473909889499,541.34739098895,0.0,53903.89893011817,0,20,0
685,469.32261665121825,469.3226166512185,0.0,47230.97325854852,0,20,0
686,846.7515755808055,846.7515755808057,0.0,96604.32561345356,0,21,1
687,520.1689744106578,520.1689744106587,0.0,53310.87249619661,0,21,0
688,1328.6928857823102,1017.7444776187195,310.94840816359095,139812.96488223912,1,21,0
689,395.4544776187193,395.4544776187196,0.0,48156.02997820908,0,19,0
690,1113.0836788655565,983.8244776187195,129.25920124683722,143533.6873939191,2,20,1
691,823.7880746612959,823.7880746612963,0.0,101336.5062823638,0,20,0
692,466.9059950111456,466.90599501114457,0.0,57178.399718178756,0,19,0
693,266.1185219399742,266.11852193997436,0.0,32064.694953149236,0,17,0
694,1402.7266206934728,877.0585219399744,525.6680987534987,130295.12952162926,2,19,2
695,969.1861534317972,969.1861534317989,0.0,128738.73607614469,1,18,0
696,810.3830369342104,810.3830369342106,0.0,97759.28028499127,0,18,0
697,472.8095076029447,472.8095076029447,0.0,43076.14260596784,0,24,0
698,1076.025411743918,1076.025411743919,0.0,130178.09442137372,1,24,0
699,436.2780805105316,436.2780805105318,0.0,38458.684893636506,0,24,0
700,835.8622250471847,835.862225047185,0.0,91772.10482746443,1,24,0
701,902.1319203280265,902.1319203280261,0.0,99875.80177158462,1,24,0
702,291.0929984157025,291.0929984157025,0.0,20560.062962070424,0,24,0
703,1264.828018100601,1097.458125141385,167.36989295921643,151486.3737595139,1,24,0
704,965.5641293305416,691.412976612421,274.1511527181209,71584.2732692408,2,24,0
705,1061.3493974077967,1061.3493974077967,0.0,132732.6212614873,1,24,0
706,1168.2563661792108,1113.983597104145,54.272769075067686,138651.5390207506,2,24,0
707,1040.801204864659,990.660284569106,50.140920295552576,126092.08534681909,3,24,0
708,1422.525842932823,1080.4249974915497,342.10084544127176,146228.82518086483,3,24,0
709,387.4878222639756,387.4878222639762,0.0,32291.74940389251,0,24,0
710,341.527758431065,341.5277584310651,0.0,26482.54160405291,0,24,0
711,201.54465723517995,201.54465723518,0.0,11958.560360652551,0,24,0
712,480.5745623767429,480.5745623767434,0.0,44057.62115486907,0,24,0
713,933.9545287416413,933.9545287416418,0.0,103564.50901297927,1,24,0
714,781.7723906907512,781.7723906907522,0.0,83640.3169814486,1,24,0
715,257.47060964849703,257.470609648497,0.0,17330.488180065357,0,24,0
716,243.97956521576478,243.97956521576486,0.0,16034.615445247688,0,24,0
717,717.9010778745255,717.9010778745265,0.0,74956.92215352845,1,24,0
718,430.06279708318004,430.06279708318095,0.0,37673.09257819403,0,24,0
719,1157.6847423353865,841.3663732030312,316.3183691323559,106569.53428932709,2,24,0
720,834.6863695847777,811.9382468526259,22.748122732151785,99717.1382320885,1,24,0
721,1104.208665450849,925.9999999999999,178.20866545085,126709.99023800004,1,18,0
722,866.6543615509885,866.6543615509886,0.0,112587.3741790721,0,18,0
723,1028.6094239421825,925.9999999999999,102.60942394218344,126709.99023800004,1,18,0
724,731.9944389218576,731.9944389218581,0.0,81808.12601766533,0,18,0
725,726.413161602275,726.4131616022756,0.0,81063.78610338633,0,18,0
726,438.2876476952684,438.28764769526873,0.0,44009.44019419081,0,18,0
727,803.8144723925019,803.8144723925018,0.0,105716.6516523078,0,18,0
728,567.3724048740711,536.734500520555,30.6379043535168,59324.551937884324,1,18,0
729,1617.0440810432697,708.9514598748548,908.0926211684155,102444.95659473697,0,18,0
730,185.1114598748548,185.11145987485483,0.0,19118.274999536956,0,15,0
731,552.330610824672,552.330610824672,0.0,72964.81728953551,0,19,4
732,808.1174183620326,808.1174183620316,0.0,115267.45505883271,0,19,0
733,493.3889580981982,493.38895809819854,0.0,57176.22252979283,0,19,0
734,826.6996398783522,826.6996398783521,0.0,97241.80866613801,0,20,1
735,2699.261438268994,1070.8218828088104,1628.4395554601854,148972.08530266304,4,20,0
736,454.13188280881053,454.1318828088104,0.0,55604.403815292986,0,19,0
737,372.2865057151139,372.286505715114,0.0,45481.52897331328,0,19,0
738,1011.161877150488,983.3738490680148,27.788028082474007,143793.49417290912,2,21,2
739,979.3001729574852,967.3990366335431,11.90113632394265,141828.79140011698,1,21,0
740,333.2822547547226,333.28225475472254,0.0,40668.88435407236,0,19,0
741,1199.0870175288337,931.0349364201212,268.0520811087128,137176.06664462388,1,20,1
742,377.5449364201211,377.5449364201212,0.0,46207.13174059386,0,20,0
743,1491.2609581590693,969.4649364201211,521.7960217389488,142033.49801285384,1,20,0
744,683.4530040784106,683.453004078411,0.0,80867.7322711773,0,20,0
745,790.214701714159,790.2147017141584,0.0,94914.5866332425,0,20,0
746,632.865004190166,632.8650041901664,0.0,74642.09043733646,0,20,0
747,808.4752029104866,808.475202910487,0.0,98712.57038999947,0,20,0
748,1338.688701448985,973.4820255519674,365.2066758970183,139765.19655759074,2,20,0
749,1079.2743775355577,1079.2743775355577,0.0,143604.60786922436,1,22,2
750,651.8756573060809,651.8756573060817,0.0,79617.94775777718,0,22,0
751,636.6058580917886,636.6058580917891,0.0,74935.20186493358,0,22,0
752,725.8012137818854,725.8012137818861,0.0,87068.40334088031,0,21,0
753,1130.8707160793485,1105.7959228066575,25.07479327269173,159858.7178266365,2,21,0
754,461.9301671316459,461.93016713164593,0.0,57466.57109478209,0,19,0
755,627.9631204024721,627.9631204024724,0.0,72066.42923786228,0,20,1
756,521.2845306978559,521.2845306978558,0.0,61310.688770900015,1,20,0
757,399.34260800971214,399.3426080097121,0.0,44961.857372109036,0,20,0
758,576.1746676294853,576.1746676294857,0.0,64037.776976005305,0,20,0
759,465.96527347986074,465.96527347986125,0.0,51361.25040161972,0,20,0
760,686.2204957814934,686.2204957814938,0.0,78749.9463438252,0,21,1
761,894.1565298003358,894.1565298003361,0.0,105891.59683353608,0,21,0
762,1160.7394533868824,1092.047446980595,68.69200640628753,147105.0683042994,1,22,1
763,548.0895833305525,548.0895833305531,0.0,66004.14037823984,0,20,0
764,1123.3864533696456,1123.3864533696456,0.0,152880.0462146021,0,21,1
765,684.4626749799144,684.4626749799145,0.0,77085.88263996116,1,16,0
766,813.4583192571927,813.4583192571928,0.0,89156.24257643535,0,14,0
767,840.2535611342673,840.2535611342689,0.0,91823.25337529201,1,12,0
768,915.3733812122807,915.3733812122821,0.0,101515.47413778535,1,12,0
769,630.0289304348528,630.0289304348511,0.0,70103.94511675254,0,14,2
770,2173.866608530415,910.2721967542614,1263.5944117761544,110069.42158111918,2,18,4
771,1107.473053905448,1094.4093136830688,13.063740222379238,154252.16371181476,1,21,4
772,953.7670901131768,953.7670901131764,0.0,118910.88083848936,0,21,0
773,866.8310387127011,866.8310387127008,0.0,119156.34608546596,0,21,0
774,422.52985791706675,422.5298579170668,0.0,44541.90234141325,0,21,0
775,671.7377595614248,671.7377595614241,0.0,72925.86190651177,0,23,2
776,1484.3745615833457,984.890678641498,499.4838829418486,129376.0893004217,3,23,0
777,327.8432840586005,327.8432840586005,0.0,31624.987042353463,0,18,0
778,476.1983090783649,476.19830907836365,0.0,44814.34248837297,0,19,1
779,525.0932384920893,525.09323849209,0.0,51881.19290116705,0,19,0
780,756.7923446743529,756.7923446743531,0.0,81262.88671865629,0,19,0
781,631.7186624401376,631.7186624401378,0.0,63917.066931719964,0,19,0
782,576.6851557418345,576.6851557418319,0.0,56848.02798242366,0,19,0
783,527.2634653710237,527.2634653710247,0.0,50601.28145423972,0,19,0
784,622.0652941785586,622.065294178559,0.0,62750.353916815264,0,19,0
785,592.3943343565459,592.3943343565459,0.0,61370.31683610829,0,21,2
786,882.1790732244896,882.1790732244885,0.0,98125.21747183811,0,21,0
787,972.2725995044614,972.2725995044614,0.0,111495.22016052682,0,21,0
788,686.263236410644,686.2632364106446,0.0,73300.4961923363,0,21,0
789,808.2071763385705,808.2071763385711,0.0,89592.82290063771,0,21,0
790,697.8547567699313,697.8547567699312,0.0,88944.96753991157,1,19,0
791,2317.7690016695924,874.1855416200551,1443.5834600495375,112721.07841640334,2,21,3
792,390.2333656506799,390.2333656506801,0.0,44850.29353988538,0,16,0
793,1283.3039613380206,932.1929116256019,351.1110497124193,128865.9517817187,1,19,3
794,1420.2956017037973,1026.1074170919678,394.1881846118296,138224.92977670208,2,19,0
795,1064.4739426962062,868.7538897803214,195.720052915885,125365.01853430168,3,19,0
796,329.60988913528064,329.6098891352807,0.0,37074.173176706514,0,17,0
797,1289.7194482561567,872.2598891352807,417.4595591208765,125653.89032891653,0,17,0
798,440.15656212797774,440.1565621279779,0.0,47210.75165372225,0,17,0
799,264.4692461820469,264.469246182047,0.0,28155.128341139476,0,15,0
800,746.8059685317003,746.8059685317002,0.0,97834.8140423293,0,19,4
801,1025.3474927100551,1025.3474927100565,0.0,144858.53124109068,0,19,0
802,963.3168382448382,963.3168382448384,0.0,133158.77146931135,0,19,0
803,443.7593356288361,443.7593356288361,0.0,50484.30162433034,0,19,0
804,554.9085367476268,554.9085367476264,0.0,62280.608853507816,0,18,0
805,1006.1653845165026,1005.2311062313524,0.9342782851510947,142708.23656410055,1,18,0
806,793.0598030521567,763.43874984253,29.621053209625877,100816.52140080815,2,18,0
807,440.8597882272502,440.85978822725065,0.0,50418.46059774829,0,18,0
808,713.9716526236323,713.9716526236325,0.0,82871.1630026524,0,18,0
809,516.1008336400347,516.1008336400347,0.0,56532.45058042265,0,18,0
810,928.1143530460148,854.6933290530932,73.42102399292204,124247.82460647896,0,18,0
811,286.84332905309316,286.84332905309316,0.0,34259.35600320893,0,16,0
812,1521.7354564560108,964.3396902114429,557.395766244568,140581.6102907858,3,21,5
813,879.0871473092426,879.0871473092429,0.0,110241.1990967704,1,21,0
814,1705.0690938718808,976.6890155895652,728.3800782823165,145268.3497319545,4,21,0
815,291.11901558956475,291.1190155895652,0.0,37604.99828423449,0,15,0
816,586.4493041473403,586.4493041473405,0.0,77570.2689477022,0,15,1
817,1565.3889619271126,763.7,801.6889619271138,114452.47007320002,6,16,1
818,454.55904885976435,454.55904885976474,0.0,51539.55120220722,0,16,0
819,814.466806598358,814.4668065983582,0.0,117583.70547777657,0,18,2
820,734.8205812863105,731.7651588433381,3.055422442971639,97793.71571045238,1,18,0
821,233.2918510527537,233.29185105275369,0.0,21933.979175830034,0,15,0
822,353.1981964134593,353.1981964134591,0.0,32372.350934362687,0,15,0
823,407.78848079452644,407.78848079452655,0.0,38604.85502522694,0,16,1
824,357.35471513917963,357.35471513918037,0.0,34203.79411582508,0,16,0
825,598.778938088388,598.7789380883881,0.0,64418.269203335636,0,17,1
826,360.0106016898553,360.0106016898554,0.0,37530.672556370286,0,17,0
827,1114.0040718059345,946.9648433239875,167.03922848194765,131471.3815893816,1,19,2
828,441.3648433239872,441.36484332398743,0.0,48210.223266591616,0,19,0
829,936.2783758780639,936.2783758780677,0.0,128916.29498012402,0,20,1
830,379.85937588021596,379.85937588021596,0.0,41257.93726188121,0,19,0
831,1223.4663426448042,1008.1838343644405,215.282508280365,139057.35254123507,1,21,2
832,1351.6953697156243,1175.7720551571824,175.9233145584434,153041.0367895317,2,21,0
833,766.6052510211649,766.6052510211665,0.0,87823.74236761691,1,21,0
834,1030.9764645428213,882.7607718795659,148.21569266325645,126749.1077238155,1,21,0
835,232.95077187956576,232.95077187956588,0.0,24871.981849835473,0,16,0
836,267.3144505830446,267.31445058304524,0.0,28559.873283470457,0,17,1
837,635.6260155986607,635.6260155986606,0.0,86115.35234691467,0,18,1
838,762.5540057947644,762.5540057947634,0.0,94508.78068814163,0,19,1
839,1148.5166806640616,1055.7688587358198,92.74782192824262,144978.80017409695,2,20,1
840,873.2008590750595,873.2008590750601,0.0,96369.80329547107,1,20,0
841,2486.9045197401415,1003.4633579718184,1483.4411617683231,128483.77474733467,2,20,0
842,469.9654314567638,469.9654314567637,0.0,54223.19155329561,0,19,0
843,767.0184518534437,767.0184518534435,0.0,94756.27526902931,0,19,0
844,364.2140501290683,364.21405012906837,0.0,41462.24758817423,0,19,0
845,1305.3554543438859,974.8340501290684,330.5214042148165,139084.26164556423,2,21,2
846,1787.868318550483,1063.0802442555096,724.7880742949751,147926.68145298713,5,21,0
847,812.8246396550312,804.8530772748433,7.971562380187622,120651.11258458033,0,21,0
848,162.35307727484346,162.35307727484337,0.0,19045.250910860308,0,15,0
849,1320.412379741616,608.5730772748432,711.8393024667738,99026.96081278032,1,17,2
850,763.6783890493783,745.56,18.118389049378607,116947.67760036002,0,17,0
851,486.7179215106852,486.717921510685,0.0,60297.44288779443,0,17,0
852,713.7817786012777,713.7817786012774,0.0,88271.67311353615,0,18,1
853,500.22517906063433,500.22517906063393,0.0,58289.884731447615,0,18,0
854,783.2736755380481,783.2736755380483,0.0,92000.73580779978,0,18,0
855,714.3910771081701,714.3910771081694,0.0,83150.9380134957,0,18,0
856,1330.8308676013733,816.9301171392898,513.9007504620809,119106.91165064169,2,19,1
857,260.7101171392896,260.71011713928976,0.0,28559.22951872167,0,17,0
858,588.1062454785643,588.1062454785654,0.0,68163.54520126805,0,21,4
859,1067.1902077266313,1020.7099999999998,46.480207726632116,148769.73736131005,0,21,0
860,654.7174567777796,654.7174567777802,0.0,81528.01017781436,0,20,0
861,476.5531417958708,476.55314179587106,0.0,59105.941481578346,0,20,0
862,300.40102901748577,300.4010290174857,0.0,39115.331776900115,0,19,0
863,573.0100970773036,573.0100970773034,0.0,75808.89130907929,0,19,0
864,1814.226639596792,1105.3,708.9266395967929,162720.75994130003,1,20,1
865,783.3228686384404,783.3228686384406,0.0,94338.95995427422,0,20,0
866,615.1705991526773,615.1705991526769,0.0,72225.85242030761,0,20,0
867,537.1014894496813,537.1014894496815,0.0,62203.886494264356,0,19,0
868,543.3453157349767,543.3453157349774,0.0,66719.16908246436,0,19,0
869,1174.6341119306605,1120.4077424715904,54.226369459069545,160237.40845535492,1,19,0
870,1888.364494097123,885.5524658219713,1002.8120282751519,120076.023627424,2,19,0
871,446.13803280895235,446.13803280895235,0.0,55402.27629599257,0,19,0
872,694.6778051734765,694.6778051734769,0.0,83689.06344397651,0,19,0
873,1755.3696321372663,952.3352112128542,803.0344209244128,139432.5569492996,3,19,0
874,342.5552112128542,342.55521121285426,0.0,41426.284784789575,0,15,0
875,206.04671920631353,206.04671920631358,0.0,23777.45386597197,0,14,0
876,882.2897875064497,807.8367192063135,74.45306830013611,115374.617904492,0,18,4
877,943.6250183520237,936.2180435193602,7.406974832663884,130763.27839671857,1,18,0
878,541.0648695305694,541.0648695305697,0.0,59081.17474890612,0,18,0
879,805.054510970573,765.7188651362579,39.33564583431546,97386.43083468714,1,18,0
880,422.3313235073123,422.3313235073125,0.0,45685.20128332919,0,18,0
881,763.4878150328213,763.4878150328217,0.0,87359.04182888818,0,18,0
882,645.5762082984936,645.5762082984932,0.0,69472.41460939877,0,19,1
883,600.6849255876698,600.6849255876708,0.0,66627.51647154133,0,19,0
884,1180.4959716870305,1038.8690452384328,141.6269264485982,133402.43276884643,2,20,1
885,709.0717717224131,709.0717717224142,0.0,78202.83644028168,0,17,0
886,1593.2086470445768,858.9856460933718,734.2230009512067,95532.26157489399,3,18,1
887,610.56799651824,610.5679965182404,0.0,61420.131908409385,0,9,0
888,713.7394015989954,713.7394015989959,0.0,74604.28738610448,0,9,0
889,782.7901560019706,782.7901560019706,0.0,84269.3547510539,0,17,8
890,851.1548242773396,851.1548242773388,0.0,96933.39983787757,0,17,0
891,542.3886760201913,542.3886760201915,0.0,55390.65760047556,0,17,0
892,527.0104077297397,527.0104077297397,0.0,50993.546716898236,0,17,0
893,383.102745104769,383.10274510476944,0.0,36310.626871034656,0,17,0
894,722.7359931926151,722.7359931926146,0.0,81406.59165415622,0,17,0
895,485.01106837418,485.01106837417996,0.0,52156.62148377904,1,21,4
896,1033.491810708395,1030.9361657499085,2.5556449584944985,140041.34379762312,1,22,1
897,888.1892189237685,888.1892189237687,0.0,98167.16929986457,1,22,0
898,1218.4937856789766,915.7310026177754,302.7627830612014,127901.60361829768,4,22,0
899,264.1610026177751,264.16100261777535,0.0,26537.690596587643,0,18,0
900,486.6330765551516,486.63307655515246,0.0,53456.90962978688,0,20,2
901,468.6614266688281,468.6614266688282,0.0,50372.78782464158,0,20,0
902,590.4247797887393,590.4247797887396,0.0,66622.48194477291,0,20,0
903,827.0158463956698,827.0158463956701,0.0,95678.39953870345,0,21,1
904,535.9440141627504,535.9440141627506,0.0,59068.16420997122,0,21,0
905,1391.3851007176877,1107.9946398248258,283.3904608928626,148547.96383103303,1,21,0
906,619.0845021323591,619.0845021323595,0.0,66572.260960767,0,21,0
907,697.8629509727762,691.3757130082748,6.487237964501196,95182.53698034078,1,19,0
908,506.91186391068675,506.91186391068703,0.0,59480.04698283004,0,20,1
909,1058.2384621336555,1058.238462133655,0.0,146146.1672639614,0,21,1
910,1242.3078090447852,1109.88627262188,132.42153642290592,150004.25261647237,5,21,0
911,832.0400676753517,832.0400676753525,0.0,97433.33971164635,1,12,0
912,698.2783413433384,698.2783413433385,0.0,79667.08888039878,0,12,0
913,417.49849722273206,417.49849722273285,0.0,45226.57370774555,0,16,8
914,637.4631090058675,637.4631090058676,0.0,80007.37416304418,0,16,0
915,258.90685618725155,258.9068561872518,0.0,27351.961650279147,0,15,0
916,570.314494503725,570.3144945037254,0.0,63851.690880886475,0,17,2
917,522.4754440438825,522.4754440438832,0.0,56411.71290196798,0,17,0
918,586.6769293984355,586.676929398436,0.0,64526.579122320916,0,17,0
919,542.3556280399372,542.3556280399373,0.0,58924.50575517165,0,17,0
920,529.9543360012253,529.9543360012217,0.0,57357.021369133705,0,17,0
921,803.484988268222,803.484988268222,0.0,93622.55343618472,0,21,4
922,962.4967882571879,962.4967882571885,0.0,133350.96778548762,0,21,0
923,403.2302648363471,403.23026483634817,0.0,46762.66195969819,0,21,0
924,1389.653454445989,921.6507117138842,468.0027427321017,133367.17265096394,3,21,0
925,281.30071171388437,281.300711713884,0.0,34026.696086873926,0,17,0
926,856.0027390854834,856.0027390854852,0.0,124324.14995067797,0,19,2
927,475.99954941756715,475.999549417568,0.0,57972.75107171498,0,19,0
928,1408.0878837824087,957.263588789493,450.8242949929192,128379.87021385506,3,19,0
929,662.6686823906016,662.668682390602,0.0,78281.20305739754,0,19,0
930,508.4726562281608,508.4726562281611,0.0,61530.4813512092,0,19,0
931,846.854050254458,846.8540502544589,0.0,103786.20283193962,1,19,0
932,758.7508542852402,669.9292654264889,88.82158885875126,83413.25027469065,1,19,0
933,1421.6812680519051,1110.9278122096262,310.7534558422841,159304.60685290798,2,21,2
934,532.0493368528577,532.0493368528586,0.0,66583.99326019296,0,20,0
935,1429.1350260266397,1217.9454594547237,211.1895665719187,168744.58294721294,5,22,2
936,666.9184486459412,666.9184486459416,0.0,75605.95021885514,0,22,0
937,614.5429276700639,614.5429276700638,0.0,69086.37692865613,0,21,0
938,330.59150966753214,330.59150966753214,0.0,36027.63745042722,0,19,0
939,652.7594086668621,652.7594086668619,0.0,85099.47797053782,0,19,0
940,886.300606961465,886.3006069614654,0.0,129540.00130021594,1,19,0
941,613.9268070828625,613.9268070828632,0.0,72585.02437412647,0,19,0
942,1301.2895415671378,1087.8490826605178,213.4404589066209,150676.5489694448,2,20,1
943,1062.919385350081,1062.9193853500815,0.0,132837.19245257415,1,20,0
944,1047.402624308592,1007.2050481488242,40.197576159768644,122528.35960143025,3,20,0
945,645.1189951690268,645.118995169027,0.0,71254.68130063129,0,19,0
946,414.35488530417956,414.35488530417956,0.0,43277.382717663335,0,19,0
947,904.596473190036,904.5964731900364,0.0,117166.73776306881,0,20,1
948,767.9497618117736,767.949761811774,0.0,85644.8295695659,0,20,0
949,1901.6739478015725,994.6832532123567,906.990694589216,118902.4492306995,2,20,0
950,963.2917280617314,963.2917280617321,0.0,112178.42719247485,0,20,0
951,1281.7088394205275,1099.8846063275823,181.82423309294472,149461.47946757142,1,20,0
952,549.2591489519696,549.2591489519696,0.0,63358.44513752041,0,20,0
953,1190.1364141134297,934.45147175241,255.68494236101918,130845.68984139482,1,20,0
954,342.7514717524099,342.75147175241,0.0,36397.334466154796,0,19,0
955,358.7383435579593,358.7383435579595,0.0,37803.33471261091,0,19,0
956,1179.2672085650313,1040.7983435579595,138.46886500707257,141065.62076141092,1,23,4
957,1207.8632401042273,1161.1256499483586,46.73759015586972,146159.3044203568,2,23,0
958,634.9095005774511,634.9095005774517,0.0,68907.52853492757,0,23,0
959,1101.0411869655275,1101.0411869655265,0.0,139704.52710973023,1,23,0
960,531.4462747294465,531.4462747294473,0.0,57622.829965093006,0,17,0
961,791.516536992269,791.5165369922696,0.0,85598.78000398583,0,18,1
962,713.4308519593309,713.4308519593313,0.0,74898.46436071894,0,19,1
963,1291.6487488433672,892.3153240448236,399.3334247985442,125044.97945634394,1,21,2
964,282.06532404482334,282.0653240448235,0.0,28903.78473115391,0,18,0
965,385.06410615696257,385.0641061569626,0.0,41404.17954843963,0,18,0
966,850.5321588397813,839.3399999999999,11.192158839782316,122431.80322374,0,19,1
967,547.5468045631211,547.5468045631209,0.0,61541.12111577426,0,19,0
968,605.5212676361336,605.5212676361338,0.0,64805.16730731775,0,22,3
969,455.55747851752255,455.55747851752267,0.0,48134.05817021101,0,22,0
970,1760.3252625637801,1028.4474785175225,731.877784046258,140903.269756041,3,22,0
971,384.47725740864234,384.4772574086426,0.0,44616.53337247836,0,20,0
972,1243.3327933814617,1034.8579490600728,208.47484432138953,147180.32513976807,4,22,2
973,671.3274445143319,671.3274445143318,0.0,80261.66027062318,0,22,0
974,949.224488284326,915.4934094117633,33.7310788725633,122578.11675206636,3,21,0
975,1051.247737612999,855.7553951161909,195.49234249679594,130398.4870755613,1,21,0
976,315.2853951161908,315.28539511619095,0.0,38389.37924335127,0,20,0
977,774.0677905447362,774.0677905447367,0.0,116676.22646378036,0,20,0
978,1105.2155146739847,1056.9399999999998,48.275514673985285,153349.09563534003,0,21,1
979,926.9024387134162,922.9772153524232,3.9252233609946385,133494.5890201258,0,21,0
980,282.62721535242537,282.62721535242616,0.0,34154.11245603616,0,17,0
981,540.8471757929466,540.8471757929474,0.0,64075.362751025394,0,18,1
982,539.846321117867,539.8463211178675,0.0,65859.81551648775,0,18,0
983,1108.4562214284595,922.6115683426021,185.84465308585823,122799.38412074957,2,18,0
984,1272.3547494048291,1066.7554206089915,205.599328795838,151125.75373874945,1,19,1
985,594.5114219046663,594.5114219046671,0.0,72665.38630865751,0,19,0
986,426.614222155295,426.61422215529603,0.0,50535.88571311189,0,19,0
987,499.6730997404205,499.67309974042126,0.0,57883.06975203219,0,17,0
988,274.868497475232,274.8684974752321,0.0,32804.01666779571,0,16,0
989,1778.1435039971407,886.1584974752321,891.9850065219086,130827.14341953573,4,19,3
990,770.3105779920945,770.310577992095,0.0,94586.26706592596,0,19,0
991,386.87503460047765,386.8750346004777,0.0,47445.372548781525,0,18,0
992,974.0457045615625,928.6149338391813,45.430770722382164,134379.12029657746,1,18,0
993,641.172278329455,641.1722783294551,0.0,76294.24824147626,0,18,0
994,315.1902158604114,315.1902158604113,0.0,37077.61271742919,0,17,0
995,318.9389112757598,318.93891127575966,0.0,37437.69100522282,0,17,0
996,395.3393205671505,395.3393205671504,0.0,47469.69467183417,0,19,2
997,815.4961756157448,815.496175615745,0.0,112182.39217102795,0,19,0
998,355.5694205150537,355.56942051505376,0.0,43649.625039649356,0,19,0
999,1150.9511674080034,932.9038000166039,218.04736739140031,137632.4146651681,3,20,1
1000,1546.6999103986177,1113.0774262277132,433.62248417090746,160316.60549751658,2,20,0
1001,533.427426227712,533.427426227712,0.0,66041.1287097264,0,20,0
1002,453.2791995544913,453.2791995544918,0.0,55100.97016820037,0,20,0
1003,700.6154915883892,700.6154915883897,0.0,113485.53691588485,0,19,0
1004,217.0673639607065,217.06736396070656,0.0,28078.962947537842,0,17,0
1005,1251.2818379336309,564.5259319365027,686.7559059971287,95966.41269345365,3,17,0
1006,117.23593193650296,117.23593193650296,0.0,15460.583310543627,0,14,0
1007,291.26844731681103,291.2684473168111,0.0,35063.672621924045,0,15,1
1008,1545.8486200951654,913.3566671708832,632.4919529242824,125264.19134227381,1,19,4
1009,864.7953438180615,842.6834808495975,22.111862968464152,106882.96938054638,1,24,0
1010,1711.6607242386483,1121.3534533371085,590.3072709015411,138794.03276032052,2,24,0
1011,780.4903607991954,780.4903607991969,0.0,83343.02664477723,1,24,0
1012,1627.6464049282597,1050.8246568428476,576.8217480854128,138075.2921984812,2,24,0
1013,644.1949945056156,644.1949945056159,0.0,64974.3835256216,1,24,0
1014,472.7396923964223,472.73969239642247,0.0,43067.31818301337,0,24,0
1015,124.24109232455318,124.24109232455328,0.0,4533.221086782692,0,24,0
1016,1184.5377053134819,845.836977971376,338.70072734210845,92234.35557345537,3,24,0
1017,556.246497241486,556.2464972414856,0.0,53622.31618756893,0,24,0
1018,563.94772932377,563.9477293237693,0.0,54595.72774860208,0,24,0
1019,1554.3923240839101,1087.3422079096435,467.05011617426686,150375.83031709076,2,24,0
1020,620.2910870730036,620.2910870730038,0.0,62356.88543323446,1,24,0
1021,682.3478334545135,576.8155820796512,105.53225137486334,61357.72262492072,2,24,0
1022,520.8952868534116,520.8952868534125,0.0,49154.0341619659,0,24,0
1023,598.5253587352753,598.5253587352771,0.0,59211.20151967873,1,24,0
1024,1252.6063478689866,1036.3247413692743,216.2816064997122,140654.6912377132,2,24,0
1025,621.4683081913963,621.4683081913968,0.0,62558.592870529785,1,24,0
1026,750.6244492178827,750.6244492178834,0.0,79913.47786071493,1,24,0
1027,1530.0661882781574,1109.2950111209705,420.7711771571874,137269.88351565078,2,24,0
1028,1120.5025797808419,1042.4667747610401,78.0358050198007,141431.02497858956,2,24,0
1029,2172.786185989259,1131.0080944674055,1041.7780915218548,140014.34909327156,2,24,0
1030,445.41125935925027,445.41125935925163,0.0,39613.090031066284,0,24,0
1031,362.311787485685,362.31178748568504,0.0,29109.57763548967,0,24,0
1032,311.79961468731574,311.7996146873161,0.0,22724.99755148625,0,24,0
1033,868.8139896596507,571.7999999999998,297.0139896596517,79076.26040199999,0,12,0
1034,934.5500172368565,571.7999999999998,362.7500172368576,79076.26040199999,1,12,0
1035,371.2432278330691,371.24322783306934,0.0,32717.781977519237,0,12,0
1036,523.8033244908225,523.803324490823,0.0,67654.38277061448,0,12,0
1037,556.3918398608681,556.3918398608695,0.0,75409.54561880027,0,12,0
1038,220.74859537794862,220.7485953779485,0.0,13803.181061771911,0,12,0
1039,1152.187057066802,571.7999999999998,580.3870570668031,79076.26040199999,0,12,0
1040,875.5016843958396,566.1999999999998,309.30168439583963,79020.26040199999,0,12,0
1041,183.4834584564961,183.48345845649612,0.0,13651.03792496496,0,12,1
1042,2037.0052080597586,901.24,1135.7652080597586,125235.63284680001,2,22,10
1043,1275.101362632284,968.8820853911238,306.2192772411606,119678.02415585384,2,22,0
1044,732.1032004322904,732.1032004322909,0.0,80369.24201365541,0,22,0
1045,953.0537941769295,953.05379417693,0.0,126775.25457054163,0,22,0
1046,400.05093716829003,400.0509371682904,0.0,45102.80848368291,0,19,0
1047,463.04604321094837,463.0460432109488,0.0,52922.1330902543,0,19,0
1048,423.8359128575449,423.83591285754517,0.0,47966.09569418324,0,19,0
1049,548.050121239848,548.0501212398489,0.0,63812.932457889794,0,19,0
1050,392.8954829011346,392.89548290113413,0.0,40046.84874146253,0,16,1
1051,500.1520393881989,500.15203938819906,0.0,50266.05832309672,0,16,0
1052,531.7869529684657,531.7869529684655,0.0,54302.78538627772,0,16,0
1053,363.9819229437314,363.98192294373143,0.0,37780.64239874061,0,16,0
1054,712.5404500110598,712.5404500110593,0.0,80472.76689965889,0,16,0
1055,499.90778013345073,499.90778013345124,0.0,52042.03534415752,0,15,0
1056,760.9860276395374,760.9860276395382,0.0,84812.79056463373,1,15,0
1057,1103.071095030738,924.5046107054781,178.5664843252605,120902.54951523046,1,18,3
1058,966.166359930863,919.5692010813132,46.59715884955083,125134.11033976977,1,20,3
1059,730.8903897345592,730.890389734558,0.0,84289.73399639588,0,20,0
1060,351.5018775295264,351.5018775295265,0.0,37269.66354619127,0,19,0
1061,661.840264419708,661.8402644197092,0.0,73330.17780178944,0,19,0
1062,559.9544904636919,559.9544904636923,0.0,61918.69091212521,0,19,0
1063,945.1270297054639,945.1270297054641,0.0,118898.56942559326,0,19,0
1064,644.748141643518,644.7481416435189,0.0,70072.53151018417,0,19,0
1065,1028.7928406175056,991.9420140910961,36.85082652642667,138303.96593513235,1,19,0
1066,452.65815007600196,452.65815007602396,0.0,49130.642026536356,0,18,0
1067,309.04995111094763,309.04995111094786,0.0,34415.46229910948,0,19,2
1068,757.1011082013302,757.1011082013313,0.0,102962.698053142,0,21,2
1069,435.7640509178776,435.7640509178773,0.0,49473.774902583864,0,21,0
1070,497.3895940302293,497.38959403022943,0.0,57515.05777453877,0,21,0
1071,805.6687396217579,805.6687396217587,0.0,94002.08011001002,0,22,1
1072,1130.5893559538306,1106.561732070119,24.02762388371189,152791.53849638614,1,22,0
1073,840.9667786368159,840.9667786368162,0.0,94912.66384204317,1,22,0
1074,1488.5951050097997,1023.0578709386875,465.53723407111295,143420.34021162352,4,22,0
1075,315.1978709386876,315.1978709386875,0.0,38340.336225423496,0,18,0
1076,481.99951425741364,481.9995142574138,0.0,53453.428268210206,0,20,2
1077,627.3354959841012,627.335495984102,0.0,71881.8841337724,0,20,0
1078,898.7007724485644,898.7007724485651,0.0,107237.99908617597,0,20,0
1079,1638.2326646274726,1140.5557519170868,497.67691271038706,158845.82595254306,4,20,0
1080,879.2652750732292,879.2652750732308,0.0,103976.63167235778,0,20,0
1081,1317.3097475804952,846.8219657900527,470.4877817904437,107252.83788006102,1,20,0
1082,595.2038964725804,595.2038964725813,0.0,68769.98407517545,0,20,0
1083,764.6966266707768,764.6966266707763,0.0,93443.88740128285,0,20,0
1084,760.7042733692683,760.7042733692685,0.0,107725.16048986836,0,18,0
1085,589.7889872663659,589.7889872663668,0.0,79032.50735461219,0,18,0
1086,840.7792487198336,596.6421880073927,244.13706071244042,97159.51646051928,0,18,0
1087,122.31218800739293,122.31218800739296,0.0,13660.448816679267,0,14,0
1088,1005.1383741421946,689.9221880073928,315.2161861348017,105457.85765607927,0,18,4
1089,1053.7610489827775,948.3,105.46104898277781,135264.9004418,1,18,0
1090,779.6813406230237,779.6813406230227,0.0,99700.82580586111,0,18,0
1091,377.67742347559255,377.677423475593,0.0,43670.05471435032,0,18,0
1092,918.445833912444,918.1078416177342,0.33799229471004716,132283.67729890445,1,19,1
1093,717.0763767714271,717.0763767714275,0.0,82351.01833739376,0,19,0
1094,1262.253825859306,881.9355116764233,380.31831418288294,126321.95711242878,0,19,0
1095,302.23551167642313,302.2355116764234,0.0,32660.93374222877,0,16,0
1096,426.91965614731,426.91965614731004,0.0,44888.603299239345,0,16,1
1097,780.5050387981171,780.5050387981177,0.0,112594.58097349662,1,16,0
1098,489.91969138436104,489.91969138436156,0.0,52851.609996092055,0,15,0
1099,601.3570208195143,601.3570208195147,0.0,61819.747218222044,0,16,1
1100,631.690872528218,631.6908725282184,0.0,64455.12392934593,0,16,0
1101,609.4070520650274,609.407052065028,0.0,61458.338261199286,0,16,0
1102,559.9814079517134,559.9814079517133,0.0,55071.87974736701,0,16,0
1103,801.0447331711746,801.0447331711764,0.0,96156.66413731514,1,17,1
1104,661.6568617077115,661.6568617077123,0.0,68485.02746645635,0,17,0
1105,968.180359605059,911.2536569729721,56.92670263208791,118733.14901110977,1,18,1
1106,609.0812381554682,609.0812381554679,0.0,61626.044375081765,0,18,0
1107,719.120440991723,719.1204409917237,0.0,88559.20589617234,0,18,0
1108,283.57683818595666,283.5768381859566,0.0,28725.86599792997,0,16,0
1109,1337.6491922844255,926.2768381859568,411.37235409846926,129704.31019019998,1,21,5
1110,444.7550831008215,444.7550831008223,0.0,49433.6858407782,0,21,0
1111,1731.1772609754119,913.5050831008223,817.6721778745891,130822.9724586082,1,21,0
1112,302.2629677694973,302.26296776949744,0.0,32925.851076224906,0,18,0
1113,274.88646973672013,274.8864697367201,0.0,28726.794344888174,0,17,0
1114,738.95566479968,738.9556647996801,0.0,111262.76545442779,0,18,1
1115,419.4341385070757,419.43413850707594,0.0,47388.21722091363,0,18,0
1116,900.5098682367039,856.5255191732866,43.98434906341822,126604.97313349879,1,18,0
1117,618.6055782583855,618.6055782583858,0.0,72601.55684737962,0,18,0
1118,534.6300687666546,534.6300687666545,0.0,62908.51770456717,0,18,0
1119,294.79509828634457,294.7950982863447,0.0,32242.53180398345,0,18,0
1120,375.8040283310748,375.8040283310751,0.0,41469.90172905607,0,18,0
1121,747.0977464316877,747.097746431688,0.0,97543.64625207284,0,20,2
1122,871.760205765135,818.0658340565,53.69437170863487,123519.0433089574,0,20,0
1123,253.5458340565,253.5458340565,0.0,33219.08289849738,0,17,0
1124,962.9554357457666,822.4679981791134,140.48743756665388,126138.59490606251,0,20,3
1125,353.5579981791129,353.55799817911355,0.0,43190.16052141249,0,10,0
1126,544.7714598607257,544.7714598607259,0.0,64087.994550846866,0,10,0
1127,546.1073611363556,546.1073611363558,0.0,63021.25688180887,0,6,0
1128,455.9947182094141,455.9947182094144,0.0,51464.19120480951,0,6,0
1129,1327.422114740296,837.92,489.50211474029686,123603.81961080003,2,15,9
1130,846.6565173209078,846.6565173209074,0.0,120851.9698921246,0,15,0
1131,1342.347174960312,890.6433435935353,451.70383136677697,121938.35456197023,1,17,2
1132,874.8713634407659,874.8713634407666,0.0,115593.66989900358,1,17,0
1133,1053.030327810781,897.0657953192804,155.9645324915018,116881.74284935267,3,18,1
1134,1212.7618208500155,936.7483029562543,276.0135178937621,124868.90640591446,1,18,0
1135,526.6397316569114,526.6397316569115,0.0,65418.48900615595,0,20,4
1136,631.6125169457059,631.6125169457064,0.0,78500.93019910657,0,20,0
1137,2271.73407546476,1145.6444700944373,1126.0896053703243,154098.38681995598,5,20,0
1138,1034.6073896406876,1034.6073896406879,0.0,135415.97156878104,1,20,0
1139,856.6199385447804,856.6199385447808,0.0,103708.47194821565,1,20,0
1140,1005.0121552728444,1001.1424848008711,3.869670471973911,146256.125742529,1,20,0
1141,393.670774912986,393.6707749129862,0.0,48464.07215725766,0,19,0
1142,1340.9652383216708,973.6860828826093,367.2791554390619,142755.68676977715,2,19,0
1143,389.9560828826088,389.9560828826093,0.0,47964.51078910713,0,19,0
1144,1210.6492518722393,1062.2060828826093,148.44316898963106,151337.04721909715,2,22,3
1145,847.6768408049111,847.6768408049115,0.0,99243.13898179735,1,22,0
1146,746.0273811211678,746.0273811211678,0.0,85535.77785448609,0,22,0
1147,820.7774333265495,820.7774333265482,0.0,99738.42605765857,0,22,0
1148,335.0810257041501,335.08102570415065,0.0,37709.12515684702,0,19,0
1149,635.9490945484872,635.9490945484874,0.0,67206.77388284309,0,20,1
1150,1152.5577455779528,1059.6826429302364,92.87510264771714,143607.05667456577,1,20,0
1151,515.0095607271072,515.0095607271076,0.0,55268.39839274445,0,11,0
1152,390.393051306675,390.3930513066748,0.0,36490.68086385538,0,10,0
1153,628.9639741563351,628.9639741563362,0.0,68017.06737189712,0,19,9
1154,687.3894455259413,655.192697719065,32.196747806875926,85054.1863566706,1,18,0
1155,824.7967829252029,824.7967829252027,0.0,102271.93713042067,0,19,1
1156,530.4337959279616,530.4337959279609,0.0,54023.15795082657,0,19,0
1157,643.2587064082952,643.2587064082956,0.0,69682.8192920434,0,22,3
1158,1352.0693651960964,1146.1024856628128,205.96687953328444,143927.52012576212,2,22,0
1159,796.5565052206778,796.5565052206775,0.0,86001.52003188375,0,22,0
1160,796.4925532729384,796.4925532729394,0.0,85595.55911949233,0,22,0
1161,569.365927687933,569.365927687934,0.0,57792.60508347363,0,22,0
1162,617.2282025033508,617.2282025033514,0.0,62475.79697901596,0,22,0
1163,656.2496974133571,656.2496974133574,0.0,70315.3985182913,0,22,0
1164,1197.0551588478538,1120.0374820190013,77.01767682885247,151705.1695476417,1,22,0
1165,471.8328359144596,471.83283591445945,0.0,50964.71252437576,0,20,0
1166,403.617333196343,403.61733319634357,0.0,41067.498087585154,0,20,0
1167,1887.1256404135318,1016.9973331963437,870.1283072171893,137604.31498770515,2,22,2
1168,749.2408361894509,749.2408361894517,0.0,79699.38893043385,1,22,0
1169,757.9099892656516,757.9099892656535,0.0,80257.53322564228,0,22,0
1170,1234.6117764202443,869.4144162458356,365.19736017440897,96137.20926417092,3,22,0
1171,687.8878161639649,687.8878161639664,0.0,71406.9503451904,0,22,0
1172,599.1586257521107,599.1586257521112,0.0,60607.02767122504,0,21,0
1173,267.8160990211013,267.81609902110137,0.0,23333.898579929886,0,16,0
1174,702.0786330949961,702.0786330949967,0.0,92365.75278766699,0,16,0
1175,636.8034638223468,636.8034638223464,0.0,67196.37682424103,0,15,0
1176,681.8868397381802,681.8868397381806,0.0,77686.245834065,1,15,0
1177,1100.9151769919758,857.3718258904205,243.54335110155534,114458.22226496742,2,17,2
1178,415.82753527296984,415.8275352729701,0.0,39772.38897690021,0,17,0
1179,448.3388235675754,448.3388235675754,0.0,43733.14110441758,0,17,0
1180,793.2937125959659,793.2937125959664,0.0,89568.7618001163,1,18,1
1181,575.4321947433649,575.4321947433651,0.0,58033.809527714635,0,18,0
1182,962.6064213907746,945.7491941610422,16.857227229734075,127772.62840853528,1,18,0
1183,717.226674491425,717.2266744914258,0.0,74988.32378146448,0,18,0
1184,466.65926262667017,466.65926262667034,0.0,46225.96282553525,0,18,0
1185,261.4943898685654,261.49438986856535,0.0,25111.602113085566,0,17,0
1186,588.9269413153746,588.9269413153778,0.0,72045.20545694923,0,20,3
1187,1264.7315478544772,918.4015329667545,346.3300148877238,133305.90398496937,2,20,0
1188,406.1415329667555,406.14153296675823,0.0,50263.265951969384,0,19,0
1189,708.5806268506844,707.2672185174999,1.3134083331922768,112281.87007947311,0,19,0
1190,208.07721851749383,208.07721851749943,0.0,27445.89193414318,0,16,0
1191,1028.420963301869,843.9872185175022,184.4337447843733,128832.45612179356,0,20,4
1192,518.3761944822461,518.3761944822464,0.0,60748.11822538085,0,20,0
1193,645.4145343087317,645.4145343087307,0.0,76907.77938926037,0,20,0
1194,2201.5703717804167,1048.6731019466247,1152.897269833794,152225.61529918638,2,20,0
1195,697.489608784018,697.4896087840184,0.0,83489.90533927798,0,20,0
1196,383.2126528602457,383.212652860246,0.0,45750.41767762536,0,19,0
1197,367.24644456185007,367.2464445618489,0.0,44226.69999394818,0,19,0
1198,968.1030629497118,966.9764445618487,1.12661838786334,141040.2257506182,0,20,1
1199,667.0372578514293,667.0372578514294,0.0,79161.2183647004,0,17,0
1200,881.0848782862859,881.084878286287,0.0,107075.35419312585,0,17,0
1201,1194.387451539447,1174.1616570503618,20.225794489086024,167721.0810327548,2,21,4
1202,875.4334292342097,875.4334292342103,0.0,106579.9229512527,1,21,0
1203,1176.8793023980993,1008.6860462713366,168.193256126763,146481.92340165854,1,21,0
1204,361.7960462713364,361.79604627133654,0.0,43707.52168022853,0,18,0
1205,1417.4246637876556,868.705940269984,548.7187235176718,121475.87256152769,1,19,1
1206,908.6068417321658,908.6068417321665,0.0,119199.647683381,0,19,0
1207,475.4467456624816,475.4467456624817,0.0,58360.34207968436,0,19,0
1208,500.76289461275854,500.76289461275906,0.0,58221.80266107746,0,19,0
1209,322.9877154065896,322.9877154065897,0.0,39089.260525705184,0,18,0
1210,768.0271140748275,768.0271140748279,0.0,104993.0522790532,0,18,0
1211,525.3478488340397,525.3478488340401,0.0,62610.209850084604,0,18,0
1212,1084.4691564877373,1080.8614353366102,3.607721151127799,150893.305250102,1,21,3
1213,599.7170176628878,599.7170176628881,0.0,67718.42127173075,0,21,0
1214,583.3618349200734,583.361834920077,0.0,65631.49710491585,0,22,2
1215,728.3625043562255,636.0611874504355,92.30131690579123,73281.99055350761,1,21,0
1216,707.6467632810005,707.6467632810003,0.0,80408.8403350982,1,21,0
1217,640.4126486661737,640.412648666174,0.0,71867.35302089063,0,21,0
1218,579.8046855643095,579.8046855643098,0.0,64628.46430603714,0,21,0
1219,396.78192817250175,396.78192817250203,0.0,41412.22307928276,0,19,0
1220,243.65773677530123,243.65773677530134,0.0,22163.54657019302,0,17,0
1221,624.0449138570557,624.0449138570559,0.0,74218.13056278709,0,19,2
1222,935.6087332481256,935.6087332481262,0.0,124966.98486722604,0,19,0
1223,447.7367774948625,447.7367774948628,0.0,44050.03859320742,0,10,0
1224,269.58668703132497,269.5866870313237,0.0,21698.700263966075,0,7,0
1225,770.9815794569038,743.9766870313238,27.004892425580465,102418.1776019961,0,17,10
1226,459.58190679083094,459.58190679083106,0.0,42130.63637971563,0,17,0
1227,545.5301743823007,545.5301743823011,0.0,53346.28122693176,0,18,1
1228,806.0323134716915,701.6304403612749,104.4018731104165,99782.26426805039,0,18,0
1229,156.72044036127505,156.72044036127488,0.0,12095.514840400381,0,13,0
1230,676.4779966825652,536.5504403612747,139.92755632129067,81779.55951449038,0,14,1
1231,302.7696530362283,302.76965303622853,0.0,28553.65086483593,0,14,0
1232,339.0749140250496,339.07491402504945,0.0,35456.08770685527,0,14,0
1233,162.49598925503716,162.49598925503838,0.0,12475.55289097381,0,13,0
1234,664.4603741821675,601.9006668221355,62.559707360032206,86386.10878000478,0,15,2
1235,219.26066682213477,219.2606668221356,0.0,17203.146103964784,0,14,0
1236,399.66581185860764,399.6658118586061,0.0,34666.08165562439,0,15,1
1237,376.1005025108635,376.10050251086426,0.0,32134.734730425775,0,15,0
1238,325.19708392063194,325.1970839206323,0.0,27245.242846457957,0,15,0
1239,625.1252581350585,625.1252581350587,0.0,64233.87780706613,0,19,4
1240,436.0699204750352,436.06992047503513,0.0,42704.11821442756,0,19,0
1241,879.8070111613367,879.8070111613355,0.0,107512.93060210397,0,20,1
1242,529.1588195197093,529.158819519709,0.0,52841.59488975209,0,20,0
1243,518.7845705289276,518.7845705289279,0.0,51099.13829841444,1,19,0
1244,461.34117196103557,461.3411719610362,0.0,49447.02942621614,0,19,0
1245,1233.2891812845626,1114.5111719610363,118.77800932352662,151013.17742552614,2,22,3
1246,583.7232397917609,583.7232397917612,0.0,64112.35961280339,0,13,0
1247,435.5833170398601,435.5833170398605,0.0,43387.45781765866,0,12,0
1248,467.7123756069661,467.7123756069679,0.0,43216.83039478618,0,7,0
1249,494.14847917277973,494.1484791727806,0.0,49737.876004483296,0,13,6
1250,251.5392923735816,251.53929237358167,0.0,24037.30051266197,0,12,0
1251,718.2453631520591,710.6092923735816,7.636070778478876,103737.03245239198,0,17,5
1252,1010.137631864075,831.9785520381394,178.15907982594013,119039.786948265,1,17,0
1253,554.3776887238386,554.3776887238389,0.0,60689.06443757877,0,17,0
1254,1092.814218675011,847.8835187532585,244.93069992175384,117939.10196444653,4,18,1
1255,789.898376031537,785.0241433458766,4.874232685660984,104917.91662780721,1,16,0
1256,569.9265764925225,569.9265764925229,0.0,55791.78351987129,0,16,0
1257,476.5972895661946,476.59728956619506,0.0,43806.53393155511,0,16,0
1258,463.5342804844705,463.5342804844706,0.0,43485.19546295953,0,16,0
1259,574.430011621729,524.816217836729,49.6137937850002,51585.382390281,1,16,0
1260,376.7660507681934,376.766050768193,0.0,35663.41979458577,0,16,0
1261,567.1811920479146,567.1811920479144,0.0,57012.86482656563,0,16,0
1262,292.5637464741454,292.56374647414555,0.0,26329.08177308529,0,16,0
1263,853.951853260802,828.4237464741456,25.528106786654185,115293.12929084532,0,21,5
1264,281.59437858167513,281.59437858167496,0.0,33551.21742143714,0,17,0
1265,982.4712635264804,924.189074453884,58.282189072596296,135650.45539596755,2,20,3
1266,1279.834345116648,1118.267784306971,161.56656080967764,155871.59678017936,2,20,0
1267,562.3116353285443,562.3116353285442,0.0,69505.70492473709,0,20,0
1268,730.5461689583103,730.5461689583112,0.0,87668.15078076615,0,20,0
1269,1041.306585477856,992.5620365299883,48.744548947868374,145133.35276315792,2,19,0
1270,863.7598156495316,863.7598156495317,0.0,106288.61373287125,0,16,0
1271,645.5813170425416,645.5813170425429,0.0,76813.1535643932,0,10,0
1272,568.2899970125753,568.2899970125762,0.0,66146.01594948901,0,9,0
1273,2031.1336563368566,908.1092122347682,1123.0244441020882,123079.08985873272,2,20,11
1274,1398.3859416034663,1046.6537765017854,351.73216510168123,149251.5592034773,1,20,0
1275,436.30740415963646,436.30740415963675,0.0,54212.53134428644,0,18,0
1276,426.35951240349834,426.3595124034987,0.0,52178.722962226304,0,18,0
1277,985.2713673273578,985.2713673273579,0.0,140467.27208677036,0,19,1
1278,584.706415534377,584.7064155343782,0.0,68964.48158155703,0,19,0
1279,777.3845038790639,742.1021310000131,35.28237287905123,103188.40094264399,1,19,0
1280,1351.4622243104175,1074.9371863365127,276.5250379739052,155313.89984532737,1,20,1
1281,710.6776651112368,710.677665111237,0.0,85277.79287010443,0,20,0
1282,379.3980483159772,379.39804831597735,0.0,45455.61699553105,0,19,0
1283,478.4346927864571,478.4346927864573,0.0,54968.51186123535,0,19,0
1284,690.7200947285301,690.7200947285304,0.0,87634.50626096959,0,19,0
1285,275.49903497022405,275.49903497022405,0.0,32855.28655272715,0,17,0
1286,586.1892463741304,586.1892463741304,0.0,72678.71718828037,0,17,0
1287,586.1437778758062,586.1437778758063,0.0,69929.85810195538,0,17,0
1288,480.136875190209,480.13687519020823,0.0,54667.4032295247,0,18,1
1289,911.4613097833327,899.2399999999999,12.221309783333037,130078.62817564003,1,18,0
1290,381.0024462581156,381.00244625811547,0.0,44140.20757778116,0,16,0
1291,216.54310890575826,216.54310890575815,0.0,25383.812722827337,0,16,1
1292,598.9211675933673,598.9211675933678,0.0,77124.16887475713,0,19,3
1293,382.44720295218065,382.447202952181,0.0,39602.55149934397,0,19,0
1294,441.2834060977078,441.28340609770794,0.0,48609.557269665034,0,19,0
1295,995.9928370091446,995.9928370091455,0.0,125627.80625576936,0,22,3
1296,1357.4314680257064,1118.8302263745818,238.60124165112447,140202.13543993467,3,22,0
1297,1291.131745344489,1039.8947609393017,251.23698440518876,141105.93050507322,2,24,0
1298,365.94334829951146,365.94334829951174,0.0,29568.59552288797,0,24,0
1299,1175.2709829074272,1132.3372843738334,42.933698533592235,140182.35452511694,2,24,0
1300,661.6879248520958,661.6879248520963,0.0,67611.66306214713,1,24,0
1301,544.5886638498364,544.5886638498388,0.0,52148.80264080379,0,24,0
1302,2038.1720903590901,1132.6463605131316,905.5257298459587,140221.42077893423,4,24,0
1303,766.4690346131156,766.469034613116,0.0,82521.7530774734,1,24,0
1304,1299.8182285449207,1040.1312958622575,259.68693268266304,141135.82777685171,2,24,0
1305,313.19095500585075,313.19095500585104,0.0,22900.858600331805,0,24,0
1306,1898.0948936866146,1118.8515706529292,779.2433230336859,138477.80264245003,3,24,0
1307,1290.971086553932,1080.2154831638484,210.75560339008365,137255.75827926685,4,24,0
1308,673.9583755785778,666.7536315500322,7.204744028545576,85771.53265472088,1,24,0
1309,1219.9153981766524,1173.5980171286242,46.31738104802878,145397.5816278823,2,24,0
1310,792.5472733216716,792.5472733216732,0.0,85156.62679756567,1,24,0
1311,698.922967916407,698.9229679164075,0.0,73508.9521315293,1,24,0
1312,157.67597334997578,157.67597334997578,0.0,7744.784945218765,0,24,0
1313,236.30358172034437,236.30358172034437,0.0,15297.304277515403,0,24,0
1314,218.1399809271232,218.13998092712336,0.0,13552.61244498832,0,24,0
1315,554.8444813041034,554.8444813041043,0.0,53445.105774011965,0,24,0
1316,1369.4704205419775,1133.9662992002432,235.50412134173374,140388.2568856976,2,24,0
1317,1120.0219811537384,1120.0219811537377,0.0,137171.71353385036,1,24,0
1318,661.7786276180808,661.7786276180818,0.0,67391.54183878761,1,24,0
1319,551.0030178213359,551.0030178213375,0.0,52959.556848144115,0,24,0
1320,521.0945441636311,521.0945441636322,0.0,49179.219660508985,0,24,0
1321,730.8574703058915,730.8574703058911,0.0,90361.42310442062,0,15,0
1322,728.7910506085241,720.452889448041,8.338161160482437,99410.43420769877,0,15,0
1323,221.22288944804126,221.22288944804112,0.0,22211.61825446875,0,14,0
1324,430.0186894634282,430.0186894634282,0.0,45068.926102841186,0,14,0
1325,476.847284590299,476.847284590299,0.0,50337.522880587465,0,14,0
1326,528.1338087762814,528.1338087762816,0.0,57699.979538690175,0,14,0
1327,1049.7149702707466,738.3194109346553,311.39555933609137,106245.44910953949,1,14,0
1328,292.8276641054869,292.8276641054873,0.0,31256.93389185406,0,14,0
1329,359.31439993397146,359.3143999339716,0.0,36548.74980701689,0,15,1
1330,573.9117138901798,573.9117138901801,0.0,62913.09595208885,0,18,3
1331,617.3301414209449,617.3301414209449,0.0,68873.31397654716,1,19,1
1332,756.77395775962,756.7739577596203,0.0,87114.71617740951,0,22,3
1333,589.8654455411126,589.8654455411128,0.0,65768.2483286831,0,22,0
1334,833.4595178584889,833.4595178584893,0.0,97522.27748049676,1,22,0
1335,1175.271818539566,1108.2321657992873,67.03965274027924,144967.96846564417,2,22,0
1336,763.8081769937385,763.8081769937393,0.0,91930.74353882846,0,20,0
1337,298.6039211590883,298.6039211590882,0.0,33257.440844763965,0,16,0
1338,443.96597244290575,443.9659724429056,0.0,47670.36810846403,0,16,0
1339,523.5899799416483,523.5899799416488,0.0,58088.517167177895,0,16,0
1340,365.3149319027668,365.3149319027666,0.0,36882.51311829846,0,14,0
1341,306.1415299153847,306.14152991538447,0.0,31107.77990108061,0,14,0
1342,488.59625514371254,488.59625514371254,0.0,53795.28141134684,0,14,0
1343,303.0064073894978,303.0064073894979,0.0,32542.907324510743,0,14,0
1344,585.3269382523457,585.326938252346,0.0,69897.9254280294,0,14,0
1345,336.2666030756171,336.2666030756172,0.0,37239.07092779618,0,15,1
1346,1300.5257780472798,946.3199999999999,354.20577804728157,134771.25451512,2,20,5
1347,517.4307808739343,517.4307808739344,0.0,59025.89486360017,1,20,0
1348,646.6944102431829,646.6944102431833,0.0,72929.74306836462,0,20,0
1349,896.3191310648383,896.3191310648391,0.0,110440.2454908099,1,20,0
1350,670.3795284290788,670.3795284290799,0.0,75923.46765947597,0,20,0
1351,486.1654899345665,486.16548993456695,0.0,52240.58366474776,0,19,0
1352,361.4265675123013,361.4265675123013,0.0,39811.65790605087,0,19,0
1353,693.5729868223102,693.5729868223107,0.0,88527.89147691595,0,19,0
1354,253.58636938880613,253.58636938880616,0.0,27376.56262535862,0,17,0
1355,534.8558381483687,534.8558381483687,0.0,59485.46855061399,0,20,3
1356,627.8681339847969,627.8681339847968,0.0,73309.34736633046,0,20,0
1357,1336.5958387723097,1123.1841739420265,213.4116648302833,156996.3185517616,2,20,0
1358,551.7775283335133,551.7775283335129,0.0,68410.03824055461,0,19,0
1359,804.9119110307973,804.9119110307968,0.0,108199.76957232447,0,19,0
1360,354.80152251266367,354.80152251266395,0.0,43306.73030096944,0,19,0
1361,1409.342325214689,980.0015225126641,429.3408027020256,137938.76975690946,1,21,2
1362,418.12037036517864,418.12037036517825,0.0,45974.17352569898,0,20,0
1363,1027.4094295425582,1027.4094295425589,0.0,140606.02739283832,1,22,2
1364,562.5272122151471,562.5272122151479,0.0,63466.1990061914,0,21,0
1365,950.8304095391348,925.7846946065116,25.04571493262372,119742.18869762967,1,20,0
1366,566.9934082412436,566.993408241244,0.0,62615.745554653055,0,11,0
1367,716.463801377759,716.4638013777596,0.0,78991.00672248867,0,11,0
1368,725.2604495399157,725.2604495399163,0.0,79685.77971455031,1,9,0
1369,779.8144133125443,779.8144133125447,0.0,88398.39735952369,1,17,8
1370,521.3750625009617,521.375062500962,0.0,56896.89420429641,0,17,0
1371,437.6925178770722,437.69251787707265,0.0,49232.48514880486,0,16,0
1372,380.10219329041547,380.1021932904156,0.0,41935.03567048379,0,16,0
1373,583.4840974311904,583.4840974311902,0.0,83382.26983487843,0,17,1
1374,222.65029423300513,222.6502942330052,0.0,23383.813458738266,0,16,0
1375,789.5262333062919,765.6402942330052,23.88593907328709,111297.93637174829,0,18,2
1376,558.6503592429112,558.6503592429117,0.0,57827.59842418636,0,18,0
1377,419.0211413494748,419.0211413494752,0.0,41878.65960645691,0,18,0
1378,408.85488233978344,408.85488233978367,0.0,44875.29790025056,0,20,2
1379,1486.0352279789338,1026.0352167463811,460.00001123255373,140768.04442566627,4,21,1
1380,1220.3348236904822,1106.8999999999999,113.43482369048294,156171.97698090004,1,21,0
1381,757.1647658828911,757.1647658828919,0.0,106953.80432883176,0,20,0
1382,292.4252871978329,292.4252871978329,0.0,32706.408696349576,0,18,0
1383,604.6161990627552,604.616199062755,0.0,75848.38494714216,0,19,1
1384,620.492533442546,620.4925334425463,0.0,71072.65963028993,0,19,0
1385,1038.0073321921834,1018.7851233205673,19.22220887161768,141775.42105321767,1,20,1
1386,656.8931878978608,656.8931878978608,0.0,69500.68115808789,0,20,0
1387,546.2235175462677,546.2235175462686,0.0,54476.33508717747,0,20,0
1388,248.46738704313512,248.46738704313532,0.0,21445.118072831356,0,16,0
1389,469.5794589251151,469.5794589251146,0.0,45798.362554204425,0,18,2
1390,1190.97080247386,917.9215231766274,273.0492792972341,119535.14518611359,2,19,1
1391,726.9338287371152,726.9338287371153,0.0,76578.05429313538,0,17,0
1392,915.230914559768,915.230914559769,0.0,105912.74497458656,1,17,0
1393,712.567741396656,712.5677413966564,0.0,74769.99151384071,1,18,1
1394,515.0472265114806,515.0472265114804,0.0,51579.25145604124,0,20,2
1395,1909.5541663219356,920.5384650761966,989.0157012457403,129138.0365198994,1,20,0
1396,311.3584650761965,311.3584650761966,0.0,37487.12451912938,0,18,0
1397,537.8122744784195,537.8122744784198,0.0,66419.01704185268,0,20,2
1398,1109.6602236619278,961.4668697365806,148.1933539253484,144314.84681984974,2,20,0
1399,946.1782065162321,930.1018474393795,16.076359076853432,140654.8337766385,1,20,0
1400,569.3561966892763,569.3561966892764,0.0,67372.81463328314,0,21,1
1401,516.8944757228257,516.8944757228271,0.0,59140.42751783283,0,20,0
1402,809.2934919719679,809.2934919719684,0.0,96144.62016503965,0,20,0
1403,964.3279901863312,921.3917100866685,42.93628009966497,127803.1604265396,1,20,0
1404,629.5436237429884,629.5436237429888,0.0,71642.63400453885,0,20,0
1405,527.7926194865724,527.7926194865636,0.0,58589.97445798906,0,20,0
1406,377.25448655328273,377.25448655328285,0.0,43764.54172554078,0,20,0
1407,1126.1108483364785,979.0126337728676,147.09821456361118,139168.25062374433,3,22,2
1408,785.6057184133273,785.6057184133268,0.0,90900.81009071585,1,21,0
1409,618.0474697378108,618.0474697378105,0.0,69330.36772377173,0,21,0
1410,687.1131951188622,687.1131951188628,0.0,81900.34926977336,0,22,1
1411,1132.9702890150616,1083.3947957695136,49.57549324554827,142613.15974636,1,22,0
1412,1706.2600146739142,945.5413774812971,760.7186371926184,123322.9561842521,3,19,0
1413,823.404899176374,823.4048991763749,0.0,96909.2652878057,0,16,0
1414,562.1015649755268,562.101564975528,0.0,62808.78261911784,0,12,0
1415,791.8678852300661,791.8678852300674,0.0,92262.84092428158,0,12,0
1416,823.2514900320245,823.2514900320243,0.0,96088.65856748921,1,12,0
1417,764.4268072697962,764.4268072697969,0.0,91775.4409271827,0,18,6
1418,350.167579883428,350.1675798834278,0.0,38138.08175291202,0,16,1
1419,564.2233763083595,564.2233763083599,0.0,63184.73324403341,0,16,0
1420,267.44285412110054,267.4428541211006,0.0,28038.678087784454,0,15,0
1421,517.3913014082373,517.3913014082375,0.0,57558.59684635815,0,17,2
1422,840.6123228101051,840.6123228101061,0.0,105966.62117312652,0,18,1
1423,530.1369814889943,530.1369814889946,0.0,58782.874135319464,0,18,0
1424,699.2420340309735,699.2420340309736,0.0,80030.80512801751,0,18,0
1425,509.40338140756717,509.4033814075677,0.0,54927.30474438231,0,18,0
1426,528.3005066707925,528.3005066707927,0.0,60080.67611968899,0,21,3
1427,1000.6126583443366,1000.6126583443373,0.0,134925.9559057478,1,21,0
1428,923.8376746550734,923.8376746550741,0.0,116702.30319774747,1,21,0
1429,485.0730098905308,485.0730098905309,0.0,56089.674111877976,0,19,0
1430,591.2288824525125,591.2288824525127,0.0,66734.10743167553,0,19,0
1431,370.69586992918227,370.6958699291821,0.0,39233.867175038315,0,17,0
1432,542.9851040376923,542.9851040376926,0.0,60138.17249230278,0,17,0
1433,376.25661702740257,376.25661702740274,0.0,42486.57893388447,0,17,0
1434,913.9902727531062,913.9902727531068,0.0,130771.47873002152,0,18,1
1435,434.3160424145956,434.31604241459615,0.0,48788.44005847672,0,18,0
1436,769.8736427556438,769.8736427556444,0.0,101996.1566453152,0,18,0
1437,335.22764003453415,335.22764003453443,0.0,36818.64121562534,0,18,0
1438,348.8654717340169,348.8654717340173,0.0,39029.4288916246,0,18,0
1439,1362.6049441196758,1101.4054717340173,261.1994723856592,149185.5559669446,3,24,6
1440,636.9221546537099,636.9221546537098,0.0,66869.67835076082,0,24,0
1441,718.966917020835,718.9669170208352,0.0,80137.31439839043,0,23,0
1442,252.96724030643503,252.96724030643531,0.0,27147.213380406105,0,16,0
1443,865.2088164008171,685.2572403064353,179.9515760943819,104355.46108787613,0,16,0
1444,373.1540046030755,373.1540046030754,0.0,40988.23953364828,0,16,0
1445,873.5728390891131,780.1509214282933,93.42191766082067,116349.72451041393,0,16,0
1446,347.8609214282934,347.86092142829324,0.0,39141.47680294391,0,16,0
1447,628.707207056843,628.7072070568423,0.0,71437.15344828193,0,17,1
1448,452.0912826606146,452.0912826606155,0.0,46757.9361271609,0,17,0
1449,489.67748426067715,489.67748426067755,0.0,52125.62704385802,0,18,1
1450,738.10384771289,738.1038477128898,0.0,83565.22255229513,0,18,0
1451,392.1315462145248,392.1315462145245,0.0,42895.393240238496,0,17,0
1452,1594.8077196978911,1055.2080918879044,539.5996278099877,146333.60773282518,2,22,5
1453,1007.2153274051739,988.7697567752346,18.445570629939198,130842.22506827147,1,22,0
1454,783.8714353859078,783.8714353859099,0.0,87417.1332769033,0,22,0
1455,694.4647489397105,692.9790969384512,1.4856520012595458,79693.85850598766,1,22,0
1456,380.7876547937174,380.7876547937176,0.0,41204.988606997504,0,20,0
1457,839.6904517022087,839.6904517022091,0.0,106849.60380148904,0,20,0
1458,480.27399254553524,480.27399254553524,0.0,54511.54832623166,0,20,0
1459,1091.4363860822887,1088.7708122079994,2.665573874289779,150038.2683433416,2,21,1
1460,647.0776882603656,647.0776882603666,0.0,75160.47369431365,0,20,0
1461,1450.9791831135174,1108.321850540664,342.65733257285433,141861.7714435352,3,20,0
1462,904.5958783267315,904.5958783267315,0.0,113733.44446510448,0,20,0
1463,542.0437147412636,522.6596376796853,19.38407706157878,61807.30789162955,1,11,0
1464,343.76104619828885,343.7610461982892,0.0,36699.29923553974,0,5,0
1465,1028.427779721234,714.8299999999999,313.59777972123493,107089.28049883003,1,16,11
1466,710.0139060896144,662.7956403771464,47.21826571246788,101862.50436595619,0,16,0
1467,154.43564037714654,154.4356403771465,0.0,19520.180170196174,0,13,0
1468,1211.662569167635,662.6756403771464,548.9869287904887,101303.17892663619,0,15,2
1469,881.884568131374,745.1454915817255,136.73907654964896,95810.91102802011,1,15,0
1470,853.9518925415845,764.8651100692555,89.0867824723267,104135.43540141117,3,15,0
1471,554.9093553802261,554.909355380225,0.0,72344.74830369574,1,15,0
1472,710.8242741538149,710.8242741538154,0.0,91275.21522207961,0,15,0
1473,428.73050486595037,428.7305048659498,0.0,44708.37411239429,0,15,0
1474,665.231948311459,665.2319483114594,0.0,81153.69555949245,0,15,0
1475,561.1748367243415,561.1748367243408,0.0,66523.04492641441,0,15,0
1476,217.8690572381002,217.86905723810048,0.0,21592.992777525233,0,13,0
1477,877.7147416240153,875.1290572381005,2.585684385915956,125312.70369290524,0,21,8
1478,965.8028858432201,965.8028858432211,0.0,125711.26946926065,0,21,0
1479,485.49831829535196,485.4983182953523,0.0,55684.91474638903,0,21,0
1480,610.092010951477,610.0920109514775,0.0,72521.69368630438,0,21,0
1481,1277.7090200043544,1150.4052746500886,127.30374535426856,155755.79260010849,2,21,0
1482,669.0261062902107,669.0261062902115,0.0,78182.56654766106,0,21,0
1483,1737.4173157285427,1018.7941385153446,718.6231772132,144460.9210413709,1,21,0
1484,402.4641385153442,402.4641385153444,0.0,46201.02981370089,0,19,0
1485,293.7736334834328,293.7736334834328,0.0,33055.307240106435,0,18,0
1486,868.1229500681021,841.1551486952144,26.967801372887834,117124.37460280755,1,20,2
1487,1140.6257521952507,1099.8199999999997,40.8057521952491,155431.31055502006,1,20,0
1488,597.5125674508238,597.5125674508238,0.0,68871.6566701237,0,20,0
1489,190.15042819460098,190.1504281946011,0.0,10864.095745879675,0,24,0
1490,1580.3927442923575,1098.9753906919627,481.41735360039524,148573.53665171278,2,24,0
1491,158.65904434897587,158.6590443489759,0.0,7839.213134996525,0,24,0
1492,561.4278538737944,561.4278538737948,0.0,54443.105038725254,1,24,0
1493,575.2254850371247,575.2254850371261,0.0,56021.2006698952,0,24,0
1494,744.6848795993312,744.6848795993318,0.0,78778.94682403617,1,24,0
1495,491.9275922868543,491.9275922868551,0.0,45492.60849834629,0,24,0
1496,1190.5058870421033,1045.1856656974792,145.32022134462574,120902.43515605158,4,24,0
1497,475.0015317137103,475.0015317137104,0.0,43353.207572804946,0,24,0
1498,875.1207271848451,875.1207271848456,0.0,96187.4877652629,1,24,0
1499,937.9151338219499,937.9151338219502,0.0,104616.75366536535,1,24,0
1500,490.7213348572001,490.72133485720065,0.0,45340.141345680044,0,24,0
1501,784.6636221617521,784.6636221617528,0.0,84217.98838665285,1,24,0
1502,512.2786807756901,512.2786807756906,0.0,48064.922201268346,0,24,0
1503,1180.316712478625,1000.5235658901217,179.7931465885043,136129.53503703815,3,24,0
1504,514.4174402017848,514.4174402017861,0.0,48335.25467916097,0,24,0
1505,934.9377159136603,827.1094902850194,107.82822562864096,103176.79155523113,2,24,0
1506,797.5489375344254,797.5489375344255,0.0,85584.27130776201,1,24,0
1507,1211.9969223711707,1102.3556789823094,109.64124338886153,151535.34929792315,1,24,0
1508,484.1573498528041,484.1573498528044,0.0,44510.474245473284,0,24,0
1509,632.6198801395354,632.6198801395359,0.0,63658.432173247355,1,24,0
1510,1289.7795654625418,922.5270250810613,367.2525403814817,102396.76754092878,3,24,0
1511,1260.563383052591,819.3253747007345,441.2380083518585,88728.05072380714,4,24,0
1512,280.24732939712175,280.2473293971216,0.0,19518.28989237863,0,24,0
1513,1039.8047828913514,571.592400083247,468.2123828081051,79056.31953876943,0,12,0
1514,178.592400083247,178.59240008324707,0.0,11234.031366769437,0,12,0
1515,1068.0114633487465,571.592400083247,496.4190632655,79056.31953876943,2,12,0
1516,587.2923852684999,571.7999999999998,15.492385268500186,79076.26040199999,0,12,0
1517,610.1133186399932,571.7999999999998,38.3133186399934,79076.26040199999,0,12,0
1518,471.8983940339173,471.8983940339166,0.0,55302.448853212045,0,12,0
1519,824.0218558454357,571.7999999999998,252.2218558454364,79076.26040199999,0,12,0
1520,1460.7753298134314,571.7999999999998,888.9753298134311,79076.26040199999,0,12,0
1521,1422.3693381804094,931.0271414802393,491.34219670017046,126091.05273857537,1,24,12
1522,666.5210713041203,626.4502383629629,40.07083294115881,69445.16645245049,1,24,0
1523,472.52126803736354,472.5212680373636,0.0,50860.65965758239,0,23,0
1524,536.0228649976457,536.022864997646,0.0,58887.06218184923,0,23,0
1525,622.0573990118847,622.0573990118849,0.0,69761.55721884673,0,23,0
1526,471.1027676239039,471.10276762390424,0.0,50766.934943243104,0,23,0
1527,725.5594779061446,725.5594779061448,0.0,84785.0116067688,1,23,0
1528,772.2859599955173,772.2859599955171,0.0,94723.18793362465,0,23,0
1529,372.3062121829077,372.30621218290764,0.0,38860.277523999335,0,21,0
1530,783.010705364041,783.0107053640402,0.0,109477.81849788083,0,21,0
1531,292.0321943583188,292.03219435831915,0.0,38057.53734575346,0,19,0
1532,815.6122646917613,815.6122646917607,0.0,117309.6003170319,0,20,1
1533,915.8215679508713,823.3872769246,92.43429102627216,99456.13385455968,2,20,0
1534,527.3851791269337,527.3851791269341,0.0,64786.975872667266,0,20,0
1535,853.4511526759425,853.4511526759426,0.0,106319.08848669019,1,20,0
1536,1345.3215139422282,1122.6600889426634,222.6614249995649,151218.68753394723,2,20,0
1537,537.7125504636901,537.7125504636892,0.0,51279.68349291442,0,24,0
1538,556.7560721564943,556.7560721564947,0.0,53686.72485727043,0,24,0
1539,951.559489816212,951.5594898162122,0.0,106755.5348175199,1,24,0
1540,633.0426403581283,633.0426403581288,0.0,63669.49341063621,1,24,0
1541,1091.354424972364,942.405819443805,148.94860552855997,107279.66469845903,3,24,0
1542,374.1288307781855,374.1288307781872,0.0,30603.214813963048,0,24,0
1543,562.9502242602174,562.9502242602185,0.0,54469.64623973767,0,24,0
1544,468.0102854678301,468.01028546783095,0.0,42469.53599284775,0,24,0
1545,292.7119168992199,292.71191689922,0.0,20715.56703242933,0,24,0
1546,1035.3218859667943,929.7641077188734,105.55777824792244,103176.76584926588,2,24,0
1547,1220.2693024319328,1133.0889587198317,87.1803437120999,140277.36380294536,2,24,0
1548,541.3947432856,541.3947432856012,0.0,51745.10110720081,0,24,0
1549,482.97927513785845,482.97927513785953,0.0,44361.56929948079,0,24,0
1550,496.85142680939464,496.85142680939543,0.0,46114.96572607883,0,24,0
1551,570.3269965555005,570.3269965555011,0.0,55402.04710217314,0,24,0
1552,415.99758504602636,415.9975850460263,0.0,35895.29392739827,0,24,0
1553,747.9616303709003,747.9616303709008,0.0,79564.83430340458,1,24,0
1554,1095.9819505434343,935.9603353145751,160.02161522886064,127968.94535626979,3,24,0
1555,609.1610576449513,609.1610576449514,0.0,61929.406792148206,1,24,0
1556,803.3086560411534,803.3086560411541,0.0,86569.08013492581,1,24,0
1557,1501.2530693304225,1108.6222478190723,392.6308215113498,138908.93043121565,3,24,0
1558,642.987294955039,642.9872949550406,0.0,64871.392154627065,1,24,0
1559,1132.1891555412885,1105.99512085637,26.19403468491896,148362.29264298247,2,24,0
1560,391.63576396089456,391.6357639608947,0.0,32816.03621399402,0,24,0
1561,882.1737086882465,649.6999999999998,232.47370868824703,88922.57587390002,0,13,0
1562,685.6322579068316,649.6999999999998,35.93225790683175,88922.57587390002,0,13,0
1563,843.2638690328018,649.6999999999998,193.56386903280242,88922.57587390002,0,13,0
1564,547.2830848444798,547.2830848444805,0.0,64550.19049761135,0,13,0
1565,505.16825195477,505.1682519547698,0.0,55020.85465312917,0,13,0
1566,685.1596332093084,649.6999999999998,35.45963320930908,88922.57587390002,0,13,0
1567,516.3129406778381,516.3129406778387,0.0,57498.79524682936,0,13,0
1568,1236.9207489520106,649.6999999999998,587.2207489520107,88922.57587390002,1,13,0
1569,631.8186052731213,631.8186052731212,0.0,65126.3863535035,0,21,8
1570,674.3328937621263,674.3328937621275,0.0,69938.18624320682,0,21,0
1571,755.9631840253268,755.9631840253264,0.0,80609.34531446325,0,21,0
1572,875.0829802317712,875.082980231769,0.0,96524.90213885729,0,21,0
1573,1009.5891772737009,1009.5891772737014,0.0,122974.45064845534,0,21,0
1574,1080.4915507650135,1066.073796470394,14.41775429462012,144414.87842021073,1,21,0
1575,1196.4204461950926,1111.7890825172012,84.63136367789133,147019.41659680766,2,21,0
1576,716.7261163751946,716.726116375195,0.0,77998.54265323594,0,21,0
1577,427.6852521555924,427.68525215559157,0.0,50427.42415859402,0,20,0
1578,1624.7056648786092,1123.4652521555918,501.2404127230179,158729.54599271406,2,23,3
1579,786.0312859053384,786.0312859053386,0.0,91158.29750328838,0,23,0
1580,685.6472221728006,685.6472221728004,0.0,78665.82181729512,0,21,0
1581,1117.6374808704252,968.57514933511,149.06233153531554,142763.74739058776,3,21,0
1582,373.4739194527485,373.4739194527485,0.0,49142.57333347782,0,16,0
1583,596.6225045981655,596.6225045981656,0.0,81271.16489198958,0,16,0
1584,303.58966794142776,303.58966794142793,0.0,39744.358888866525,0,14,0
1585,1560.0135484781783,666.7574040151297,893.2561444630503,109300.01539505705,3,16,2
1586,216.1474040151297,216.14740401512995,0.0,28237.495496577038,0,15,0
1587,1785.4338388244264,745.5174040151298,1039.9164348092959,115917.34968741705,0,16,1
1588,392.08711336542314,392.08711336542285,0.0,45137.25988884491,0,16,0
1589,360.1473657808799,360.1473657808802,0.0,43242.54682567303,0,16,0
1590,1080.7677998230424,988.3973657808802,92.37043404216345,143420.52263219305,3,19,3
1591,754.1824486861431,754.1824486861435,0.0,90313.07824329239,1,19,0
1592,539.8713514722871,539.8713514722875,0.0,62387.74597668488,0,19,0
1593,707.5087525288411,707.508752528841,0.0,84332.4192542249,0,21,2
1594,752.2862582205219,752.2862582205224,0.0,90716.38402724205,0,19,0
1595,1147.488816474082,1087.1999999999998,60.288816474082296,157095.2942772,1,19,0
1596,829.8119564233718,829.8119564233722,0.0,105611.8533646703,1,19,0
1597,447.09669155224583,447.09669155224606,0.0,54641.50949812412,0,19,0
1598,914.1111537897045,809.6278056528193,104.48334813688506,120970.79973745013,0,19,0
1599,218.7378056528194,218.73780565281942,0.0,25194.16932797012,0,14,0
1600,2233.575624288765,561.0741826167567,1672.5014416720094,92566.43825769263,5,14,0
1601,108.86418261675693,108.86418261675689,0.0,14640.33614789262,0,13,0
1602,710.1750158939593,631.4341826167567,78.74083327720273,99396.58952725264,0,17,4
1603,593.9277667763871,593.9277667763874,0.0,71358.75715240643,0,17,0
1604,1389.7091638368936,913.3999999999999,476.3091638368945,134247.33781690005,5,17,0
1605,546.6311600318627,546.6311600318626,0.0,64374.74039951869,0,17,0
1606,341.4885785535916,341.48857855359194,0.0,37235.83951024594,0,17,0
1607,344.0345299449305,344.03452994493045,0.0,39407.49656684151,0,17,0
1608,1234.0568056148209,1057.0431679540645,177.01363766075679,145283.93799983888,1,24,7
1609,345.51742577995265,345.5174257799529,0.0,26986.823033386518,0,24,0
1610,539.3631178693686,539.3631178693695,0.0,51488.310031861314,0,24,0
1611,2317.448339838844,1149.143789930884,1168.3045499079608,142306.64407190715,4,24,0
1612,449.5799543722277,449.5799543722277,0.0,40139.99999517281,0,24,0
1613,379.70341376546565,379.7034137654657,0.0,31307.824604939055,0,24,0
1614,2135.5506208919574,1131.4513539789803,1004.099266912978,140070.375704143,4,24,0
1615,743.2527730756923,743.2527730756923,0.0,78408.46879720798,1,24,0
1616,514.9448574030841,514.9448574030844,0.0,48401.91855784248,0,24,0
1617,1004.1089582071231,1004.1089582071227,0.0,116836.35388808456,1,24,0
1618,691.5768860558835,691.5768860558848,0.0,71608.63426795621,1,24,0
1619,1136.788373485957,938.2311328965357,198.55724058942155,106633.5447667468,3,24,0
1620,474.99620500444973,474.9962050044503,0.0,43352.53429347501,0,24,0
1621,1365.3212930620325,960.2820235512156,405.0392695108175,107194.31649884128,4,24,0
1622,421.2302981549829,421.23029815498364,0.0,36556.69243888403,0,24,0
1623,666.1134070673218,666.1134070673228,0.0,67777.75243227422,1,24,0
1624,919.5562904406606,919.5562904406611,0.0,103343.18539853841,1,24,0
1625,727.9969821167724,727.9969821167726,0.0,77472.05510528694,1,24,0
1626,580.2044070098983,580.2044070098987,0.0,56694.83217683304,1,24,0
1627,327.7884891116903,327.78848911169166,0.0,24745.941089650503,0,24,0
1628,605.7845805812099,605.7845805812101,0.0,60483.58976917149,1,24,0
1629,339.61781141108173,339.6178114110828,0.0,26241.130296050847,0,24,0
1630,1240.4430853487436,1115.9133493194865,124.52973602925668,151670.92600129492,1,24,0
1631,880.5195615688705,880.5195615688706,0.0,112118.38991401064,1,24,0
1632,551.235410640498,551.2354106404981,0.0,53299.32952208859,1,24,0
1633,811.2266537019636,697.7056722207973,113.5209814811664,92357.24827081981,1,16,0
1634,265.12526210937756,265.12526210937756,0.0,25632.997191955954,0,15,0
1635,402.83514745583267,402.8351474558329,0.0,40029.76270146078,0,15,0
1636,845.513987556229,820.4575592785932,25.0564282776361,113182.26957985619,1,15,0
1637,738.3831741056408,726.2500280404792,12.133146065161228,98733.32107600638,1,15,0
1638,397.71204812876505,397.71204812876437,0.0,39537.66701763043,0,15,0
1639,599.8755629499323,599.8755629499325,0.0,63750.50510722383,0,15,0
1640,551.6222021924954,550.5724810455506,1.049721146945617,58056.646221471725,1,15,0
1641,647.7897865972535,647.789786597254,0.0,77338.67173919942,0,16,1
1642,344.0783661651576,344.07836616515755,0.0,34981.965364261574,0,16,0
1643,1027.2787047926083,890.9799999999999,136.29870479260927,123949.31248764003,1,18,2
1644,604.8985898230969,604.8985898230978,0.0,68965.05602549542,0,18,0
1645,220.19141354170574,220.1914135417058,0.0,25946.31932869918,0,15,0
1646,898.7104607670091,873.5914135417058,25.11904722530318,129627.4135212692,0,20,5
1647,1282.269509650139,1095.1659994544316,187.103510195708,154232.90389228583,1,20,0
1648,697.2083025372528,697.2083025372534,0.0,83202.80239461716,0,20,0
1649,994.7411741080593,994.7411741080613,0.0,132852.1887604202,0,20,0
1650,496.1725462604972,496.17254626049765,0.0,61105.28507103478,0,20,0
1651,1099.7090626730126,1099.7090626730128,0.0,157831.63505945716,1,20,0
1652,1114.2680036580648,1114.2680036580655,0.0,149915.05267395216,1,20,0
1653,848.9136326127534,848.9136326127541,0.0,102629.42663121932,0,22,2
1654,987.0817763311101,987.0817763311106,0.0,125953.35504638891,1,22,0
1655,779.4923073400857,779.4923073400863,0.0,97192.47151029414,0,22,0
1656,1431.581613744038,1102.6945296288288,328.88708411521065,154637.91352907664,1,21,0
1657,1843.923357454927,1109.050301238277,734.8730562166505,163357.06631010544,2,21,0
1658,1254.6044732884784,993.2013879729122,261.40308531556633,151889.52973861934,3,21,0
1659,634.8193413913309,634.8193413913311,0.0,82664.31731863559,0,19,0
1660,637.7688199378655,561.385087179694,76.3837327581722,78005.80402827935,1,19,0
1661,671.6559770991007,671.6559770991008,0.0,94527.03869212345,0,19,0
1662,565.1280906209954,565.1280906209952,0.0,81394.95653269488,0,19,0
1663,205.80444701824723,205.80444701824712,0.0,27158.620750867252,0,17,0
1664,571.4670785940488,555.4199207797242,16.04715781432516,84175.04213976582,1,18,1
1665,283.87562788767787,283.8756278876779,0.0,33784.08206879489,0,18,0
1666,780.3482083885746,707.7526476931398,72.59556069543518,98465.0305172824,1,19,1
1667,2071.728749411819,1114.3200000000002,957.408749411819,157264.0650395201,2,21,2
1668,964.1497368659658,964.1497368659667,0.0,127543.99222539975,0,21,0
1669,457.98823406832275,457.98823406832406,0.0,52437.06524108942,0,21,0
1670,703.09261354317,703.0926135431705,0.0,80581.35016916881,0,21,0
1671,863.9744251785169,863.9744251785156,0.0,109043.9934427178,0,21,0
1672,404.0381261256729,404.03812612567316,0.0,47323.242510198266,0,19,0
1673,1120.9709520533181,1038.9281261256733,82.04282592764517,147929.05947802827,1,21,2
1674,894.1512603718273,894.1512603718277,0.0,109684.39335581713,0,21,0
1675,462.7778192150287,462.7778192150288,0.0,54949.54812356603,0,20,0
1676,1180.7476827043197,1097.2478192150286,83.49986348929173,150101.46405937604,1,21,1
1677,512.0473817699977,512.0473817699974,0.0,55442.24374911571,0,21,0
1678,677.8338002038557,677.8338002038563,0.0,71636.51342290879,0,21,0
1679,886.7871495825767,886.7871495825768,0.0,101195.83675636268,1,21,0
1680,982.1128193579173,972.1247500075459,9.988069350369443,128465.8100467793,1,20,0
1681,302.61725663195494,302.61725663195506,0.0,21667.017437382005,0,24,0
1682,596.4483676299371,596.4483676299384,0.0,58703.70641099822,0,24,0
1683,427.57586403159314,427.5758640315936,0.0,37358.75204695624,0,24,0
1684,547.4348744280902,547.4348744280911,0.0,52508.554723639885,0,24,0
1685,587.7303277052487,587.7303277052488,0.0,57691.24191140301,1,24,0
1686,361.1421387009039,361.14213870090407,0.0,28961.73770062089,0,24,0
1687,774.6394751487728,774.6394751487732,0.0,83096.28208726793,1,24,0
1688,1198.3719356486693,1117.3073811638594,81.06455448481057,138282.6219382424,2,24,0
1689,946.1154375728756,946.1154375728761,0.0,105807.31923165295,1,24,0
1690,797.8477699065913,797.8477699065922,0.0,85179.46918076061,1,24,0
1691,610.0295473577893,610.0295473577902,0.0,60479.62044407488,1,24,0
1692,351.38222191431487,351.38222191431487,0.0,27728.11485517481,0,24,0
1693,673.9271633704982,673.9271633704984,0.0,69439.46919705336,1,24,0
1694,912.2621749997436,912.2621749997438,0.0,101317.88613459172,1,24,0
1695,1295.3189257581917,951.5488711399684,343.77005461822364,107153.66404129259,2,24,0
1696,427.7482882759038,427.7482882759049,0.0,37380.545930197484,0,24,0
1697,512.7191906336137,512.7191906336152,0.0,48120.601264549565,0,24,0
1698,305.60674690160107,305.60674690160124,0.0,21954.170811663247,0,24,0
1699,797.448869828498,797.4488698284994,0.0,85701.70650759089,1,24,0
1700,891.4109233698521,891.4109233698525,0.0,99400.06869530703,1,24,0
1701,959.2082998286731,959.2082998286734,0.0,107974.63019904714,1,24,0
1702,1182.4989633664675,973.6148649151562,208.8840984513106,132728.35970021482,2,24,0
1703,1433.2775102026515,957.0526895437408,476.22482065891074,130634.95272193641,4,24,0
1704,675.547607777019,675.5476077770193,0.0,69580.73494463776,1,24,0
1705,584.7210423970424,584.7210423970428,0.0,58230.40405560097,0,19,0
1706,637.128148016017,637.1281480160173,0.0,64676.39144240797,0,19,0
1707,1323.291229802618,904.0746438486938,419.2165859539257,110164.80031597012,2,19,0
1708,1345.6418904307316,918.6529112634803,426.9889791672525,121018.51228671736,2,19,0
1709,685.3195365667781,642.724884120804,42.594652445973736,79441.6165330908,1,19,0
1710,389.83936410651876,389.83936410651893,0.0,39422.27486470126,0,19,0
1711,1556.0222832895718,917.926421585415,638.0958617041574,123945.20666683644,3,19,0
1712,663.9998885365791,663.9998885365794,0.0,68097.27943920429,1,19,0
1713,847.2006234278083,847.2006234278099,0.0,92664.6922535341,1,24,5
1714,664.1817783609441,664.181778360945,0.0,72524.86549380817,0,24,0
1715,1374.767260717983,1067.979008536563,306.7882521814205,139762.4781570144,1,24,0
1716,428.68345601314246,428.6834560131424,0.0,53483.91742960393,0,20,0
1717,560.6014573995596,560.60145739956,0.0,69603.92554818963,0,20,0
1718,936.1381572254902,936.1381572254908,0.0,131691.5707234644,0,20,0
1719,905.4602721815814,905.4602721815812,0.0,137448.33642125217,0,20,0
1720,368.62462500828775,368.6246250082882,0.0,48120.10177520712,0,17,0
1721,369.71949749543677,369.7194974954367,0.0,44539.28612184057,0,18,1
1722,782.0263563154986,782.0263563154986,0.0,101812.78185630571,0,18,0
1723,505.22307972805186,505.22307972805265,0.0,58328.8310902986,0,18,0
1724,621.5291839695283,621.5291839695287,0.0,73347.05226668123,0,18,0
1725,607.0591843685982,607.0591843685982,0.0,72658.89753371249,0,18,0
1726,1916.8133392186348,1075.9041835209905,840.9091556976466,155667.53853182116,2,18,0
1727,836.1881911981571,836.1881911981566,0.0,108850.02122832453,0,17,0
1728,421.8869427823335,421.886942782334,0.0,51133.08745249363,0,14,0
1729,210.05686797869836,210.05686797869873,0.0,27389.17951867893,0,12,1
1730,316.66670502737736,316.6667050273776,0.0,41132.666644740704,0,15,3
1731,711.5540677219063,711.5540677219066,0.0,105327.65765198167,0,17,2
1732,456.24231064970763,456.2423106497078,0.0,59020.19367909418,0,17,0
1733,821.0679301060972,821.067930106097,0.0,103747.6923702783,0,18,1
1734,667.9845260715953,667.9845260715955,0.0,79358.94247969729,0,18,0
1735,380.8160883182859,380.8160883182861,0.0,45574.966882238536,0,18,0
1736,609.778342075181,609.7783420751814,0.0,71866.34223977716,0,18,0
1737,1396.774287938294,1113.929715653942,282.8445722843542,159875.24534682737,3,20,2
1738,830.8874310597168,830.8874310597173,0.0,112544.9516718348,1,20,0
1739,512.9657306829718,512.9657306829718,0.0,62716.58157003127,0,20,0
1740,809.0438534408979,809.0438534408985,0.0,98659.26382483392,0,20,0
1741,498.50623460862715,498.50623460862835,0.0,58405.36175225673,0,20,0
1742,558.34798500672,558.3479850067199,0.0,65043.652358444466,0,20,0
1743,605.9424552669439,605.9424552669441,0.0,71313.57029674611,0,21,1
1744,1342.232402346272,1010.7453227992312,331.48707954704093,150164.28334576602,1,21,0
1745,378.68532279923085,378.685322799231,0.0,49264.347072966,0,20,0
1746,483.731269459766,483.73126945976617,0.0,54279.59465837962,0,22,2
1747,449.4724369855413,449.4724369855413,0.0,47947.359762912725,0,22,0
1748,654.5905818568307,654.5905818568315,0.0,74053.78422805759,0,23,1
1749,827.5171659808284,827.5171659808291,0.0,93059.34210446011,0,24,1
1750,1083.1021763940853,972.2718632926567,110.83031310142857,131024.35965547265,2,24,0
1751,227.23509376396302,227.23509376396328,0.0,18347.53590395969,0,11,0
1752,419.193314540676,419.1933145406763,0.0,37810.935314599556,0,11,0
1753,343.6219506535581,343.6219506535585,0.0,29442.28622428845,0,12,1
1754,745.3901387808176,731.7,13.690138780818202,99916.18741410002,0,14,2
1755,617.1781468080563,617.1781468080569,0.0,72686.9483520912,0,14,0
1756,667.3858047953888,667.3858047953904,0.0,84611.19264529273,0,14,0
1757,343.31809992359797,343.31809992359814,0.0,29413.100057244577,0,14,0
1758,1690.6941499976228,731.7,958.994149997623,99916.18741410002,0,14,0
1759,736.8785932890919,736.8785932890918,0.0,82718.22225754651,0,22,8
1760,747.5089421592579,708.647791420994,38.861150738263866,90687.43126504993,1,22,0
1761,1262.414679655214,1015.0526937701613,247.36198588505374,137336.9022559427,3,21,0
1762,800.8716194190733,800.8716194190742,0.0,86576.74777163396,1,21,0
1763,1488.3650913262923,1035.498055814193,452.86703551209956,127229.22071623708,4,21,0
1764,1041.4972366431182,858.6636219023081,182.83361474081175,94063.34895477678,2,21,0
1765,1313.1172237402818,1040.878008038607,272.2392157016765,127967.0557354312,4,21,0
1766,756.6901864561057,756.6901864561058,0.0,80522.19422367647,0,21,0
1767,936.3982442836875,812.496377564027,123.90186671966079,114456.42625710448,0,21,0
1768,186.13637756402676,186.13637756402693,0.0,16467.698782664458,0,16,0
1769,564.6033934755112,564.6033934755112,0.0,75446.73966593848,0,19,3
1770,834.8578404973105,821.0893160642254,13.768524433085467,119936.253381695,1,19,0
1771,612.4579160367634,612.4579160367639,0.0,70040.42082478988,0,19,0
1772,449.041681650597,449.04168165059843,0.0,48525.93326099831,0,19,0
1773,491.0149550181677,491.01495501816834,0.0,52623.280239860556,0,20,1
1774,1288.8404816130133,1052.0749550181683,236.76552659484574,142547.0133724606,1,20,0
1775,506.5578956759856,506.5578956759863,0.0,52778.70964643874,0,11,0
1776,679.7789947248993,679.7789947249003,0.0,71140.8459306443,0,11,0
1777,741.4898609719386,741.4898609719387,0.0,78538.17561685946,0,15,4
1778,765.7169459539779,765.7169459539789,0.0,84478.4646198175,0,21,6
1779,1123.232563215596,1123.2325632155962,0.0,142970.50336256085,1,22,1
1780,1194.4966498239394,1073.4920775280725,121.00457229586715,141421.89606411706,1,21,0
1781,836.9651756475936,836.9651756475939,0.0,97808.87481124153,0,21,0
1782,996.1916985229892,933.0430739953941,63.148624527595715,117737.10225153506,2,21,0
1783,677.9764650158747,677.9764650158753,0.0,77688.74013274293,0,21,0
1784,788.8285622854783,788.8285622854793,0.0,92184.9548904129,1,22,1
1785,659.4225321395413,659.4225321395397,0.0,76108.20062874845,0,21,0
1786,379.7573276831087,379.7573276831041,0.0,40653.714899550956,0,21,0
1787,1170.4194952541873,893.4905162792381,276.9289789749386,115195.71172709594,1,22,1
1788,1007.4500556711215,891.3944829108243,116.05557276029529,112359.41563925988,1,22,0
1789,889.5566056916578,889.5566056916562,0.0,97868.15799525658,0,23,1
1790,1179.701828150031,1104.098766500192,75.60306164983876,138291.98622158804,1,23,0
1791,1382.9404021019839,1042.697290468592,340.24311163339513,141235.82930756308,4,23,0
1792,355.7506434625577,355.75064346255465,0.0,35630.638597544516,0,19,0
1793,861.2782600794603,861.2782600794617,0.0,112594.71229753882,0,20,1
1794,1270.3814692349351,1051.9399999999978,218.44146923493616,144630.43692153977,1,20,0
1795,455.4704298610089,455.4704298610092,0.0,56237.12330161226,0,18,0
1796,744.455166618962,744.4551666189619,0.0,117786.01176220577,0,17,0
1797,603.5556411859659,603.555641185966,0.0,93001.32151506422,0,17,0
1798,259.38803921754163,259.3880392175418,0.0,33931.418605962186,0,17,0
1799,229.34044043075454,229.34044043075468,0.0,30133.496438724884,0,17,0
1800,1036.8267134118282,927.3104404307547,109.51627298107385,139364.2498200349,0,22,5
1801,570.9887247358689,570.9887247358688,0.0,67960.44567047562,0,22,0
1802,339.5937165480153,339.5937165480155,0.0,38626.04911154203,0,15,0
1803,260.6191984193899,260.61919841938976,0.0,30271.302612547028,0,14,0
1804,769.3913208382488,728.6309754718609,40.76034536638815,106047.93816641043,1,14,0
1805,302.87828263546703,302.87828263546714,0.0,35612.71820619386,0,14,0
1806,877.2358209220324,773.0671097383799,104.16871118365304,111907.43129375625,1,14,0
1807,405.8842215498295,405.88422154983,0.0,45506.88084341417,0,14,0
1808,501.32168718333395,501.3216871833346,0.0,56786.07875544633,0,14,0
1809,378.96473787554334,378.9647378755435,0.0,41530.76529743632,0,12,0
1810,692.5675569341944,683.4527288714576,9.11482806273738,101386.97005574443,1,18,6
1811,777.8757038759596,777.8757038759607,0.0,105958.15079236735,0,18,0
1812,977.8216381775939,977.8216381775931,0.0,135640.869267954,0,18,0
1813,621.5012177960804,621.5012177960806,0.0,73885.21124596191,0,18,0
1814,902.7165622330972,902.7165622330991,0.0,122055.78697149068,0,18,0
1815,1668.6259385200594,818.1688840855808,850.4570544344791,122898.9537093503,4,18,0
1816,261.4388840855805,261.43888408558075,0.0,31520.492975680274,0,17,0
1817,1054.699115126169,917.2888840855808,137.4102310405895,135427.41057167028,1,21,4
1818,424.6667563436678,424.66675634366777,0.0,52151.98365681145,0,21,0
1819,1348.5400596535487,954.9267563436678,393.6133033098813,142854.86546381144,1,21,0
1820,340.15548644120463,340.15548644120474,0.0,44140.17040601634,0,19,0
1821,386.8959122873511,386.8959122873513,0.0,41887.25110325254,0,20,2
1822,537.3796122978796,537.3796122978802,0.0,58905.892407049054,0,20,0
1823,435.14469658586455,435.1446965858646,0.0,45983.71997645071,0,20,0
1824,895.7531485023924,895.7531485023924,0.0,109564.66592040441,0,21,1
1825,699.2461554418397,699.2461554418403,0.0,73113.61659598374,1,22,1
1826,545.1678506247052,545.167850624705,0.0,54197.79731936564,0,21,0
1827,510.96487978615045,510.9648797861505,0.0,55566.95300459137,0,21,0
1828,1309.733439625651,1058.0461978144328,251.68724181121775,132359.32980739835,1,22,1
1829,922.1404245178638,922.1404245178647,0.0,102689.4141953227,1,22,0
1830,755.2821849127715,755.2821849127724,0.0,80517.42334929598,0,22,0
1831,602.8924239111096,602.8924239111103,0.0,61297.24357943799,0,22,0
1832,1091.3965439628828,943.2621061915179,148.13443777136587,127858.59973591719,3,22,0
1833,250.23210619151843,250.23210619151786,0.0,21201.06882612717,0,15,0
1834,1352.8113066394537,730.4221061915175,622.3892004479361,100438.15896715716,0,16,1
1835,269.83510520959334,269.83510520959317,0.0,23809.54709604808,0,16,0
1836,1161.0166543059754,778.1451052095932,382.87154909638286,106562.75237471813,2,17,1
1837,393.88039491725453,393.8803949172548,0.0,35240.945792417704,0,17,0
1838,442.56059097175,442.5605909717496,0.0,40864.29518152791,0,17,0
1839,637.523710992237,637.5237109922377,0.0,65781.54118173006,0,17,0
1840,857.1457535959119,857.1457535959121,0.0,115139.9929702275,1,17,0
1841,382.34658907499613,382.34658907499727,0.0,35524.280095818576,0,17,0
1842,221.36434555845906,221.36434555845926,0.0,19309.9086260646,0,16,0
1843,626.3501352138658,626.3501352138659,0.0,80800.52045709107,0,21,5
1844,1301.5734796646107,882.9777882185155,418.59569144609566,125531.74001724826,3,21,0
1845,1093.5808737300943,1072.1999999999998,21.380873730095967,151864.57627620007,0,21,0
1846,682.2873922339874,682.2873922339876,0.0,86430.93150710163,0,21,0
1847,293.39421024553207,293.39421024553195,0.0,38229.69187852929,0,19,0
1848,979.021023370094,971.6742102455321,7.346813124561802,144971.69106674928,0,22,3
1849,1102.9191650409953,1031.4906192792096,71.4285457617864,137792.12542225668,1,22,0
1850,556.4579436906125,556.4579436906122,0.0,68151.69865219039,0,18,0
1851,755.3326104805889,755.3326104805896,0.0,91159.24202754225,0,18,0
1852,431.2923570342471,431.292357034247,0.0,50288.81746490298,0,15,0
1853,374.6119140230048,374.61191402300506,0.0,44333.89916190972,0,15,0
1854,520.1980593586796,520.1980593586799,0.0,89067.03522131353,0,14,0
1855,135.1306161723014,135.13061617230142,0.0,17401.897325374735,0,13,0
1856,759.7394912569837,495.5506161723013,264.18887508468316,86687.24296734473,1,13,0
1857,952.2665932004165,581.1999999999998,371.06659320041695,97754.41494190002,0,13,0
1858,1666.1118386510432,814.9199999999998,851.1918386510428,124278.72471598002,1,18,5
1859,702.9978693374591,702.9978693374597,0.0,83463.49424783446,0,18,0
1860,1866.8343499605746,1013.3605535254263,853.4737964351492,134409.00936037351,1,21,3
1861,797.0680567580046,797.0680567580051,0.0,95925.51414220294,0,20,0
1862,799.0712785598938,799.071278559894,0.0,97764.2848414952,0,20,0
1863,565.750119436708,498.6505213032082,67.09959813350005,62211.69336936041,1,21,1
1864,1200.8319587774083,1105.8084302760067,95.02352850140203,159964.0835039859,1,21,0
1865,1012.0416526155059,1012.0416526155062,0.0,131609.20543047975,0,21,0
1866,538.368168002871,538.3681680028714,0.0,66350.17392331912,0,21,0
1867,1531.5499600051357,1089.8469486867043,441.7030113184316,157688.21860694347,3,21,0
1868,472.16322695304433,472.1632269530441,0.0,58649.61368793093,0,21,0
1869,585.0836943243274,585.0836943243276,0.0,69524.91573994762,0,22,1
1870,990.5165683167297,981.2082333135003,9.308335003228885,142288.25527303357,1,22,0
1871,262.84823331350157,262.84823331350026,0.0,30277.722634983547,0,9,0
1872,474.6762335500473,474.6762335500464,0.0,51225.66524140489,0,10,1
1873,429.5850177314584,429.5850177314585,0.0,44748.56003683183,0,10,0
1874,471.36504333463137,471.36504333463154,0.0,50218.02125512399,0,10,0
1875,261.5553810884435,261.55538108844394,0.0,27450.202604958078,0,14,4
1876,804.6163870783612,785.2353810884439,19.3810059899178,107990.9685277281,0,16,2
1877,396.4585914406328,396.4585914406329,0.0,39310.43691416895,0,16,0
1878,1783.7910598003775,885.3385914406329,898.4524683597451,119503.20283693897,3,16,0
1879,868.1352959827449,868.1352959827452,0.0,103094.23299052875,0,20,4
1880,822.6028862320744,774.1918016877557,48.41108454431956,84365.0079533958,2,20,0
1881,1031.143038517427,1031.143038517428,0.0,127079.5848196056,0,20,0
1882,898.7154804175117,898.7154804175127,0.0,99292.30721048662,0,20,0
1883,856.5318427327475,856.5318427327478,0.0,94281.85667569228,0,20,0
1884,1106.1284273780047,931.7086198828717,174.41980749513425,127040.77165137972,1,20,0
1885,335.768619882872,335.76861988287203,0.0,32824.022645989724,0,18,0
1886,1160.182570181475,926.8286198828723,233.35395029860285,126578.23048821978,1,21,3
1887,438.9773659665883,438.97736596658825,0.0,43884.11990203764,0,21,0
1888,657.8118261113426,657.8118261113427,0.0,72528.08751613648,0,21,0
1889,583.7212033884061,583.721203388406,0.0,65869.62185847759,0,20,0
1890,922.4808501135774,908.08709328292,14.393756830658589,131121.2200175753,1,20,0
1891,580.9498836848218,580.9498836848215,0.0,65875.3392839347,0,20,0
1892,411.9445819408975,411.944581940899,0.0,45865.73355590351,0,20,0
1893,1479.3313557310623,1120.2345819408988,359.09677379016426,154398.8765335335,2,24,4
1894,1028.561758554746,1028.5617585547457,0.0,117758.60720462367,1,22,0
1895,732.8560003891281,732.8560003891271,0.0,77949.97617706042,0,13,0
1896,715.794335745436,715.7943357454362,0.0,74934.2468217232,0,13,0
1897,565.4400550527756,565.4400550527762,0.0,61269.64619345811,0,21,8
1898,1196.7504391195062,1006.5826259190343,190.1678132004728,125384.40065010381,1,22,1
1899,968.041264045807,878.5833402598802,89.4579237859272,124338.00477506379,1,22,0
1900,156.26334025987998,156.2633402598801,0.0,19751.195698223768,0,12,0
1901,880.5177532263625,525.2633402598799,355.25441296648285,89879.66769542379,2,12,0
1902,417.01957890841135,417.0195789084115,0.0,55935.37288348373,0,12,0
1903,344.44576834448657,344.44576834448713,0.0,43536.86390347634,0,13,1
1904,457.36945946118067,457.36945946118055,0.0,54472.381513159984,0,14,1
1905,1451.2983770155647,779.6855040889164,671.6128729266492,110022.95346519157,3,14,0
1906,325.1711416915786,325.1711416915778,0.0,37762.92911760167,0,14,0
1907,686.3547956784212,686.3547956784219,0.0,88253.37260977755,0,14,0
1908,610.5543279068961,610.5543279068966,0.0,71642.37022531642,0,20,6
1909,964.1851695393395,964.1851695393401,0.0,137104.46801542575,1,20,0
1910,518.8552422393502,518.8552422393501,0.0,64185.33411443278,0,20,0
1911,937.4561526598053,933.4585492410481,3.997603418757663,121190.81887389414,2,20,0
1912,1070.4119180796483,1070.4119180796495,0.0,149562.24523015134,1,20,0
1913,500.1773518604701,500.17735186047094,0.0,61733.7733230563,0,19,0
1914,436.4009300711295,436.40093007112966,0.0,51424.9655085248,0,19,0
1915,741.892108174482,741.8921081744837,0.0,89932.59001090369,0,19,0
1916,479.3653735688049,479.3653735688051,0.0,55551.88475283247,0,19,0
1917,492.3616719177901,492.36167191779043,0.0,56840.555008787844,0,19,0
1918,753.9588264337591,753.958826433759,0.0,91682.58901413095,0,19,0
1919,1772.8793099775519,1064.710050132,708.1692598455529,154252.63520983752,3,19,0
1920,668.9711552929136,668.9711552929143,0.0,79885.26233742789,0,18,0
1921,781.8411281336743,781.8411281336745,0.0,94476.56591684715,0,20,2
1922,681.0946786521735,681.0946786521748,0.0,82921.27334205684,0,20,0
1923,1543.6204430150694,1115.143923994029,428.476519021041,149452.36381049093,2,20,0
1924,864.4290246023315,864.4290246023322,0.0,102035.67306601326,0,21,1
1925,2279.313982340156,958.0390678015035,1321.2749145386526,119915.88246210625,2,21,0
1926,593.4087899587561,593.4087899587579,0.0,68672.87736241399,0,21,0
1927,826.2647162401906,826.2647162401917,0.0,97899.69849845888,0,21,0
1928,564.8244942607449,564.8244942607456,0.0,67550.84078940746,0,22,1
1929,1902.1127286194262,1109.7358287426723,792.3768998767546,159336.78426588172,4,23,1
1930,471.8044184865094,471.8044184865096,0.0,58624.177673625105,0,21,0
1931,753.2339862450608,753.2339862450614,0.0,89234.21022875038,0,22,1
1932,947.7378132174023,947.7378132174033,0.0,127256.70529707812,1,22,0
1933,838.1266802250901,838.1266802250902,0.0,101786.42062216361,0,22,0
1934,591.8130999146525,591.813099914652,0.0,63268.62676581135,0,23,1
1935,689.9375352809238,689.9375352809265,0.0,74396.8541237135,0,23,0
1936,1184.196031712925,1113.0644576779528,71.13157403497296,150676.48614304577,2,23,0
1937,415.8444576779525,415.84445767795285,0.0,43542.55641668575,0,18,0
1938,540.345848351586,540.3458483515865,0.0,55088.127491516876,0,19,1
1939,2053.041599187143,975.8361779583336,1077.205421228809,133009.12669617083,4,19,0
1940,588.4292896226492,588.4292896226492,0.0,59706.7484478158,0,19,0
1941,529.3005359765551,529.3005359765556,0.0,51528.42436575001,0,19,0
1942,840.7561682128854,840.7561682128862,0.0,110025.71749092799,0,19,0
1943,363.2074497152263,363.2074497152278,0.0,33418.9091751641,0,14,0
1944,610.204968145636,610.204968145636,0.0,62755.560582668135,0,14,0
1945,480.4972340963807,480.4972340963809,0.0,44965.23041638528,0,16,2
1946,346.96839738413377,346.9683973841336,0.0,30437.880981996008,0,16,0
1947,270.0021666736829,270.002166673683,0.0,23728.459032692474,0,16,1
1948,855.135338852945,855.1353388529454,0.0,116350.6506148851,0,19,3
1949,459.1776035912879,459.1776035912883,0.0,47718.463226201355,0,19,0
1950,952.4988963383578,916.674885143742,35.82401119461446,114109.5017854827,2,19,0
1951,452.29262690488525,452.29262690488565,0.0,47062.26374986169,0,19,0
1952,661.375828313922,661.3758283139229,0.0,68842.192301999,0,19,1
1953,956.5502880460173,903.9413712623724,52.608916783646656,123432.3889818582,1,19,0
1954,412.938665544607,412.93866554460703,0.0,42668.105257035866,0,19,0
1955,1531.1932357134356,959.778665544607,571.4145701688287,130490.04770586589,1,19,0
1956,442.05087649350355,442.05087649350344,0.0,44852.421812524735,0,19,0
1957,960.6597034968897,960.6597034968902,0.0,127577.51489780268,0,19,0
1958,600.4286510358279,600.4286510358284,0.0,63347.803653054674,0,19,0
1959,222.10201965865534,222.10201965865534,0.0,25794.746585824243,0,15,0
1960,393.6918565728195,393.6918565728196,0.0,46680.706413669584,0,16,1
1961,1348.7572724745917,987.9599999999999,360.7972724745921,143942.81515086006,1,20,4
1962,510.4405476463893,510.4405476463897,0.0,62382.50473457678,0,20,0
1963,673.4030113539728,673.4030113539733,0.0,80445.43503194956,0,20,0
1964,907.2357126538151,907.2357126538159,0.0,115756.72138047694,0,20,0
1965,1560.8864961760567,962.0403641482005,598.8461320278562,141275.50918162952,2,19,0
1966,579.2514616192894,579.25146161929,0.0,70360.91887309925,0,19,0
1967,1112.1311598156738,1100.5595333414658,11.571626474208077,158783.89735598612,1,19,0
1968,846.943850775244,846.9438507752442,0.0,103035.42676538983,0,14,0
1969,466.1952395863131,466.195239586315,0.0,42240.11989085315,0,24,0
1970,561.8773364073851,561.8773364073853,0.0,54334.03658293452,0,24,0
1971,1929.5573624595092,1139.3007309864315,790.256631473078,141352.2081260564,3,24,0
1972,823.2552322335629,823.2552322335632,0.0,89568.95900512667,1,24,0
1973,1269.4707129152866,910.1153836329916,359.35532928229657,101319.85548498818,3,24,0
1974,1231.6733891552324,1141.5219328780731,90.15145627715265,141343.26526544115,2,24,0
1975,1334.4168461081024,1135.311675864952,199.10517024315135,140558.3082729794,4,24,0
1976,501.28244030064064,501.2824403006416,0.0,46675.031922420996,0,24,0
1977,549.205707355167,549.2057073551679,0.0,52732.38244697783,0,24,0
1978,1192.8749105767681,1130.9634058110219,61.91150476574694,140008.70058738237,2,24,0
1979,1556.2317428701647,1122.761610933454,433.47013193671114,151739.4086174346,1,24,0
1980,988.0454334349752,988.0454334349757,0.0,111308.98672699394,1,24,0
1981,426.3944469251973,426.39444692519726,0.0,37209.42463317604,0,24,0
1982,862.0708972710244,862.0708972710247,0.0,94377.8332203907,1,24,0
1983,1333.276565039357,1182.8698295087777,150.4067355305801,146569.50960851464,4,24,0
1984,450.45016100896174,450.45016100896294,0.0,40249.991382477514,0,24,0
1985,1024.500370982805,1014.3078923465174,10.192478636288484,137871.83063212578,1,24,0
1986,554.2169750908367,554.2169750908371,0.0,53365.79095839699,0,24,0
1987,946.3640421736153,946.3640421736152,0.0,111324.7179582643,1,24,0
1988,781.9204297461343,781.9204297461343,0.0,84431.62308229644,1,24,0
1989,548.3417206568438,548.3417206568448,0.0,52623.177240364035,0,24,0
1990,845.1153736779667,845.1153736779672,0.0,92192.65720480909,1,24,0
1991,1526.1905434505454,1111.7847657892753,414.40577766127166,137584.58069038464,2,24,0
1992,636.469384808475,636.4693848084745,0.0,63961.84780029703,1,24,0
1993,461.13510827923096,461.1351082792314,0.0,43935.96164030773,0,17,0
1994,476.4794275587335,476.4794275587333,0.0,45837.09629279883,0,17,0
1995,1502.356713650573,826.2816992603455,676.0750143902296,101063.17181966495,4,17,0
1996,1241.1496083943223,817.2948248898309,423.8547835044932,109813.18873540626,3,17,0
1997,568.3411794606536,555.4897366490067,12.851442811646894,66305.23227855566,1,16,0
1998,254.2723171787256,254.27231717872576,0.0,24237.35351653336,0,15,0
1999,392.83033106504894,392.83033106504945,0.0,39266.28725412926,0,15,0
2000,913.1861038740061,800.29320376539,112.89290010861635,107346.06093944958,1,15,0
2001,1141.6042385478715,866.8859170173703,274.7183215305015,113021.97108001156,1,21,6
2002,1055.1240748917633,994.9500000000002,60.17407489176231,137939.47119205003,1,21,0
2003,657.8777862226232,657.8777862226234,0.0,71758.25720060687,0,18,0
2004,621.2680409718861,621.2680409718863,0.0,67039.72133044885,1,18,0
2005,527.1332749338069,527.1332749338075,0.0,57903.73647644151,0,18,0
2006,744.0229872794436,744.022987279444,0.0,91971.67761642777,0,18,0
2007,775.362425782528,775.3624257825286,0.0,116765.18082546233,0,17,0
2008,370.3527302454356,370.35273024543557,0.0,41857.55860874021,0,17,0
2009,386.9300731256455,386.93007312564504,0.0,44027.75172211695,0,17,0
2010,246.877930130701,246.87793013070086,0.0,26949.365736217915,0,17,0
2011,1021.7816066573296,960.507930130701,61.27367652663229,136809.29037318792,0,23,6
2012,813.2008913719308,813.2008913719325,0.0,91364.43030267424,0,22,0
2013,1397.409759827309,1119.6136662614967,277.7960935658124,142424.141477956,2,22,0
2014,577.8257012260415,577.8257012260416,0.0,65542.32782575666,0,13,0
2015,739.0050182055888,739.0050182055892,0.0,81891.20714742401,0,13,0
2016,489.37141082502006,489.3714108250203,0.0,48639.98246537253,0,8,0
2017,1437.3337854297079,892.5941430822601,544.7396423474478,123488.94795988215,2,17,9
2018,862.2815681238664,797.7948179699343,64.48675015393209,103726.18739516576,1,17,0
2019,587.6106635003673,587.6106635003678,0.0,62351.172682108736,0,17,0
2020,475.4208861816724,475.4208861816727,0.0,48800.1478651274,0,17,0
2021,207.0124572025117,207.0124572025117,0.0,23612.66180662002,0,14,0
2022,853.2680898824699,745.0724572025117,108.19563267995834,109279.30873912004,1,16,2
2023,436.92355824203054,436.92355824203185,0.0,47647.31717345345,0,16,0
2024,755.4928130918458,755.4928130918458,0.0,87524.70957298914,1,19,3
2025,902.2857280701095,902.2857280701095,0.0,118398.97000248735,0,19,0
2026,431.94560216847395,431.9456021684741,0.0,48725.87121504992,0,18,0
2027,436.17053611824656,436.17053611824656,0.0,46589.74362023351,0,18,0
2028,321.18248113086037,321.18248113086054,0.0,35651.4091329086,0,18,0
2029,394.1638932799589,394.163893279959,0.0,43950.381808325816,0,18,0
2030,912.2463532055195,912.2463532055189,0.0,123279.9233980855,0,20,2
2031,760.2918014919783,760.2918014919788,0.0,87929.06625148914,0,20,0
2032,700.5796070720787,700.5796070720787,0.0,79898.8162884394,0,20,0
2033,799.3759640023936,799.3759640023941,0.0,93218.51045387394,1,20,0
2034,881.2972944709217,881.2972944709217,0.0,105101.4347839736,1,20,0
2035,981.463792931673,981.4637929316733,0.0,125424.68324464123,1,20,0
2036,1097.0939696448763,996.6527266162641,100.44124302861306,124893.74010251199,2,20,0
2037,1545.3798639786226,904.7093501782897,640.6705138003334,114414.23027831271,2,20,0
2038,481.40629790798727,481.40629790798755,0.0,56955.68609889959,0,20,0
2039,1901.7070574442807,1110.4662979079876,791.2407595362932,156824.60936709965,2,23,3
2040,514.8006658194718,514.800665819472,0.0,61074.85569773444,0,21,0
2041,535.8839579054957,535.8839579054961,0.0,69319.38349030394,0,20,0
2042,211.77768932141652,211.77768932141663,0.0,24760.201996822558,0,16,0
2043,499.60695186675,499.60695186674985,0.0,70834.60357308359,0,16,0
2044,357.3512669420215,357.35126694202154,0.0,42909.6548912846,0,16,0
2045,705.3811820808278,705.3811820808279,0.0,80190.15121654667,0,18,2
2046,615.9472264304512,615.9472264304512,0.0,62638.77664976792,0,18,0
2047,520.8346389240851,520.8346389240855,0.0,49816.65133376388,0,18,0
2048,674.8471276012752,674.8471276012757,0.0,69712.21299311877,0,19,1
2049,1221.025660992479,880.9935714498488,340.0320895426308,120862.33698022862,2,19,0
2050,283.9664286365248,283.9664286365251,0.0,28778.25912686578,0,15,0
2051,625.7660041988022,625.7660041988021,0.0,74578.69239707018,0,18,3
2052,331.4493641176288,331.4493641176289,0.0,33719.88886833816,0,18,0
2053,368.3784290564299,368.37842905643015,0.0,40130.2027262957,0,18,0
2054,821.0892457811507,819.1070340211306,1.982211760021027,105142.62490843772,1,20,2
2055,1689.8084846690792,1120.1501860976764,569.6582985714035,154509.0764313122,1,20,0
2056,1147.7506942824098,1100.8386126323967,46.91208165001365,141896.78544842778,1,20,0
2057,720.3075050194518,720.3075050194525,0.0,79969.88911641744,0,20,0
2058,449.55225161502693,449.5522516150271,0.0,47203.080400399536,0,20,0
2059,658.6556538317496,658.6556538317496,0.0,71972.7721988913,1,20,0
2060,2047.5698668751818,1092.4833769088411,955.0864899663418,149986.2104939075,4,20,0
2061,545.4005483478014,545.4005483478015,0.0,62203.19363730085,0,19,0
2062,1242.266103358073,1025.496600741404,216.76950261666948,132411.79088696832,2,19,0
2063,773.9538563115525,773.9538563115532,0.0,86706.49132440246,1,11,0
2064,776.7819191853713,776.7819191853715,0.0,86412.22242340025,0,11,0
2065,339.8838917172234,339.8838917172245,0.0,26274.762011521078,0,24,0
2066,1221.1216293622201,1132.8981661128619,88.22346324935808,144867.16266405137,3,24,0
2067,414.5662767772764,414.56627677727727,0.0,35714.38105510505,0,24,0
2068,717.8239313383211,717.8239313383218,0.0,75107.04488055088,1,24,0
2069,380.8743283286109,380.87432832861134,0.0,31455.82453021985,0,24,0
2070,503.4581495552957,503.45814955529613,0.0,46950.034742657976,0,24,0
2071,583.572501415212,583.5725014152127,0.0,57208.54192025168,1,24,0
2072,1046.1059510038217,899.8890971741052,146.2168538297169,99877.09612783746,2,24,0
2073,638.0155427319993,638.0155427319996,0.0,66191.7623377722,1,24,0
2074,1153.520997318025,1110.9932986224862,42.52769869553913,137484.54172491792,2,24,0
2075,339.7449845656187,339.744984565619,0.0,26257.20458358769,0,24,0
2076,383.7746208581213,383.7746208581217,0.0,31822.41240193171,0,24,0
2077,189.87797393979488,189.87797393979497,0.0,10837.92534505943,0,24,0
2078,1045.34556534854,1045.3455653485403,0.0,127383.13593242638,1,24,0
2079,407.48851180073194,407.4885118007327,0.0,34819.77377917407,0,24,0
2080,605.9599481949776,605.9599481949778,0.0,60094.69869037743,1,24,0
2081,593.6170142167292,593.6170142167296,0.0,58948.39303747901,1,24,0
2082,642.878582622035,642.8785826220351,0.0,64892.25970461824,1,24,0
2083,1105.6021363813088,1105.6021363813088,0.0,148782.8425373331,1,24,0
2084,1127.099510091155,1120.9090105084222,6.190499582732855,151720.88261318428,1,24,0
2085,3746.65856210115,1118.5292754797865,2628.1292866213644,138437.06554424932,3,24,0
2086,545.3920204161997,545.3920204162004,0.0,52250.34438905563,0,24,0
2087,433.07957860064687,433.0795786006471,0.0,38054.40429232457,0,24,0
2088,1288.7668716153646,1088.8328721080018,199.93399950736335,150491.3733063005,2,24,0
2089,790.6903353071,790.6903353071009,0.0,98775.38576627123,0,22,0
2090,530.2387437850089,530.2387437850095,0.0,66006.61519624428,0,22,0
2091,1559.380145110715,1163.5587437850095,395.8214013257063,167065.81151390428,4,22,0
2092,573.3954303101256,573.3954303101258,0.0,71461.48490417998,0,21,0
2093,923.8951805374062,923.8951805374066,0.0,118984.89910334999,0,21,0
2094,555.7441170742926,555.7441170742928,0.0,72249.08508626714,0,20,0
2095,1223.4717288723593,936.4405173458917,287.03121152646816,143730.16294993061,2,20,0
2096,873.3608896268007,763.6370574911323,109.72383213566837,122014.13046721571,0,20,0
2097,205.91705749113237,205.91705749113243,0.0,27172.854361155674,0,17,0
2098,736.4244264822082,711.4070574911323,25.017368991076893,112074.7399371857,0,18,1
2099,274.0498099996202,274.0498099996202,0.0,32720.84780038245,0,17,0
2100,1290.4538333555547,810.6998099996201,479.75402335593526,121561.25956517247,2,18,1
2101,431.0518385775036,431.0518385775037,0.0,52858.891280846234,0,18,0
2102,902.846508025917,902.846508025917,0.0,127134.70547704617,0,18,0
2103,513.8685633088545,513.8685633088548,0.0,62200.5994479378,0,18,0
2104,1046.013523694391,989.3337278565157,56.67979583787573,144000.53697618554,2,18,0
2105,782.6304798728839,782.6304798728838,0.0,96360.60067956049,0,18,0
2106,602.9314066915309,602.9314066915316,0.0,71684.38318571346,0,18,0
2107,430.57060727064777,430.5706072706488,0.0,49266.53669003531,0,18,0
2108,307.9950692372671,307.99506923726693,0.0,37161.39722211119,0,18,0
2109,1374.4597423967018,1007.295069237267,367.16467315943476,146560.2584285512,3,22,4
2110,714.4714101325565,714.471410132556,0.0,85430.20418859133,1,22,0
2111,927.7442938880093,927.7442938880097,0.0,126064.82937756812,1,22,0
2112,316.12563043366066,316.12563043366094,0.0,37378.497746795394,0,13,0
2113,214.33560181823276,214.3356018182329,0.0,27342.974845650533,0,13,1
2114,484.0925714271122,484.09257142711226,0.0,59372.837073454626,0,14,1
2115,367.30744512991004,367.3074451299102,0.0,39927.11772363039,0,15,1
2116,348.89399446481247,348.89399446481286,0.0,37788.43604084372,0,15,0
2117,1052.6457677131364,834.968468772383,217.67729894075413,115002.857453385,4,16,1
2118,736.6650298894682,736.6650298894682,0.0,83100.18370282986,1,16,0
2119,526.4552137726631,526.4552137726637,0.0,53556.25183668865,0,16,0
2120,1595.465674136431,952.1189965864845,643.3466775499459,130990.15965847966,3,21,5
2121,402.40879410659505,402.40879410659517,0.0,43621.99311291158,0,19,0
2122,430.9266923270587,430.9266923270591,0.0,44466.113646944184,0,19,0
2123,508.70278249308114,508.7027824930808,0.0,52017.63665901117,0,19,0
2124,578.844862435995,578.8448624359954,0.0,61550.91188380663,0,20,1
2125,398.67827983901265,398.6782798390128,0.0,43466.30745405081,0,20,0
2126,1307.1865596616874,905.1996528534163,401.9869068082718,111400.98667357388,2,22,2
2127,2043.4018702815006,1122.6883779671412,920.7134923143603,140139.49704691058,1,21,0
2128,680.9249315129439,680.9249315129442,0.0,74723.7345627361,0,21,0
2129,369.3976863998167,369.39768639981673,0.0,38645.86584075817,0,20,0
2130,583.9113508597121,583.9113508597121,0.0,65715.44784762933,0,20,0
2131,732.572515906411,732.5725159064116,0.0,90346.32220888881,0,20,0
2132,382.85359974418054,382.8535997441807,0.0,38688.297077454845,0,8,0
2133,515.7099722194913,515.7099722194918,0.0,52143.24304218096,0,9,1
2134,656.9976345520494,656.9976345520498,0.0,66785.77247833008,0,9,0
2135,682.0490490867351,682.0490490867357,0.0,70182.39305905417,1,9,0
2136,691.9970663901722,691.9970663901715,0.0,71517.88061681292,1,9,0
2137,1264.472982432939,899.7322991938815,364.7406832390583,115288.97037884868,4,18,9
2138,801.6936398548565,801.6936398548568,0.0,95065.64934892925,1,18,0
2139,878.0800855516541,878.080085551654,0.0,106834.63955076634,1,18,0
2140,641.1847213433161,641.1847213433157,0.0,68298.18693415255,0,18,0
2141,265.99797670666237,265.99797670666226,0.0,28033.094218348917,0,16,0
2142,450.924160583801,450.92416058380184,0.0,48074.44919136349,0,17,1
2143,852.4392106441284,852.4392106441301,0.0,121959.58448261792,1,17,0
2144,325.817337257153,325.817337257153,0.0,35384.88063016815,0,16,0
2145,282.21454457299694,282.214544572997,0.0,29718.139904276213,0,16,0
2146,532.3431607974908,532.3431607974912,0.0,58417.264989596064,0,18,2
2147,449.3850560691032,449.3850560691045,0.0,51349.65054736381,0,20,2
2148,836.6044700303559,836.6044700303561,0.0,101991.6494091045,0,20,0
2149,1126.2156421154345,1099.58161395196,26.634028163475293,155401.17930684157,3,20,0
2150,547.5028440833531,547.5028440833538,0.0,64610.61946156835,0,20,0
2151,263.81829297456966,263.8182929745697,0.0,31232.276666283975,0,17,0
2152,242.9246507589688,242.92465075896894,0.0,28591.385875374945,0,17,0
2153,415.0244397667239,415.0244397667236,0.0,51203.44748565745,0,19,2
2154,750.102717045008,750.1027170450084,0.0,101053.69579178242,1,20,1
2155,1204.0731806698911,1109.5009014533466,94.57227921654464,159742.80026319568,2,21,1
2156,699.6291327418234,699.6291327418238,0.0,81260.11628409901,0,13,0
2157,393.4476454020672,393.44764540206745,0.0,44331.2946624103,0,12,0
2158,524.2448158344322,524.2448158344318,0.0,60129.99803033467,1,12,0
2159,762.94442362494,762.9444236249404,0.0,89097.5026057167,0,12,0
2160,764.6117587017263,764.6117587017266,0.0,88552.8795532456,0,10,0
2161,452.73001240340295,452.7300124034026,0.0,40538.15744228116,0,24,0
2162,1239.8947231036473,1145.601593726842,94.29312937680493,154466.9423556702,2,24,0
2163,837.8632727967154,837.8632727967163,0.0,91174.95243455895,1,24,0
2164,738.7216286563591,738.7216286563596,0.0,78084.2981760499,1,24,0
2165,1007.3548123495704,1007.3548123495714,0.0,114277.78731056329,1,24,0
2166,795.611402893657,795.6114028936576,0.0,85732.29385832035,1,24,0
2167,1038.4254440737404,1038.4254440737404,0.0,127557.56658778872,1,24,0
2168,236.750795787877,236.75079578787722,0.0,15340.261108591925,0,24,0
2169,352.5871209263598,352.58712092636006,0.0,27880.410308119324,0,24,0
2170,636.6881098182338,636.6881098182346,0.0,64075.1830964274,2,24,0
2171,498.89253123583126,498.89253123583194,0.0,46372.95491855361,0,24,0
2172,402.47287265949257,402.47287265949296,0.0,34185.81273581264,0,24,0
2173,537.6193371203404,537.6193371203403,0.0,51267.9016189118,0,24,0
2174,342.0559194211433,342.05591942114336,0.0,26549.299495301457,0,24,0
2175,497.8958051408769,497.89580514087675,0.0,46246.97186887448,0,24,0
2176,851.8222655647685,851.8222655647689,0.0,92797.909423779,1,24,0
2177,937.7110674853492,937.7110674853495,0.0,104403.48892032947,1,24,0
2178,248.8057847666437,248.80578476664357,0.0,16498.19455207012,0,24,0
2179,615.4837553849133,615.4837553849135,0.0,61109.71967114491,0,24,0
2180,581.2479986568694,581.2479986568707,0.0,56782.427486760665,0,24,0
2181,293.33137851906275,293.3313785190628,0.0,20775.068980363965,0,24,0
2182,332.62938697188866,332.6293869718884,0.0,25357.815383600984,0,24,0
2183,591.6160668982511,591.616066898253,0.0,58092.918767105184,0,24,0
2184,1159.2398043991263,1127.9328534196463,31.30695097948103,139625.64827801645,2,24,0
2185,416.7582190350673,416.7582190350671,0.0,35991.43567598293,0,24,0
2186,1238.4878197722285,970.0316047699677,268.4562150022616,116063.74480593805,2,24,0
2187,286.64373142640574,286.6437314264058,0.0,20132.69176704529,0,24,0
2188,593.3620297065687,593.3620297065688,0.0,58552.70566812655,1,24,0
2189,850.8387211674426,850.8387211674428,0.0,93006.92848114329,1,24,0
2190,624.1291868332129,624.1291868332136,0.0,62404.78247315261,1,24,0
2191,865.1458015611487,865.1458015611497,0.0,94940.74986205847,1,24,0
2192,541.8946683165677,541.8946683165673,0.0,51808.29006185026,0,24,0
2193,413.3828424158888,413.3828424158904,0.0,35564.79866662621,0,24,0
2194,465.47834755041885,465.4783475504187,0.0,42149.50698783996,0,24,0
2195,573.0258574621822,573.0258574621829,0.0,55804.86520765858,1,24,0
2196,174.09563112051305,174.09563112051313,0.0,9321.963563669688,0,24,0
2197,1160.298781023228,1155.4372985377465,4.861482485481247,155710.1445694911,1,24,0
2198,377.8317059414395,377.8317059414396,0.0,31071.246611273018,0,24,0
2199,690.168000901415,690.168000901415,0.0,72301.3536127027,1,24,0
2200,488.92067850432517,488.92067850432477,0.0,45112.54403493683,0,24,0
2201,314.0047321125402,314.00473211254007,0.0,23003.717472170963,0,24,0
2202,644.7599965291138,644.7599965291141,0.0,65290.16265995668,1,24,0
2203,1591.9729089412594,1107.1098989581474,484.86300998311407,136993.69219733705,4,24,0
2204,365.91201865548214,365.91201865548305,0.0,29564.635554226497,0,24,0
2205,481.07651292255144,481.0765129225515,0.0,44121.066128236445,0,24,0
2206,473.2592751560441,473.25927515604485,0.0,43132.991812859356,0,24,0
2207,572.8239807735555,572.8239807735567,0.0,55768.40443380399,1,24,0
2208,1347.4992671399675,1105.7707758793888,241.72849126057997,151569.50026689394,1,24,0
2209,691.1785514665864,691.1785514665866,0.0,89367.57246476349,0,21,0
2210,563.8044977375014,563.8044977375018,0.0,72540.28303041731,0,21,0
2211,418.16112853606666,418.16112853606626,0.0,54540.36676249572,0,19,0
2212,584.9748643778354,584.9748643778354,0.0,82111.15841733487,1,18,0
2213,323.8497205257101,323.84972052571004,0.0,42619.700833496456,0,18,0
2214,548.7887991201833,548.7887991201835,0.0,67943.64305939402,0,19,1
2215,688.4170770718939,688.4170770718941,0.0,82268.18563209099,0,19,0
2216,1187.6683352007494,1080.5968385839933,107.07149661675658,156185.69522408902,0,19,0
2217,512.0468385839933,512.0468385839933,0.0,63313.22359339897,0,19,0
2218,295.1572032736507,295.15720327365034,0.0,35739.98794390778,0,18,0
2219,328.9677613750344,328.96776137503434,0.0,39495.18884301897,0,18,0
2220,807.2064879061288,807.206487906128,0.0,102933.10863883686,0,21,3
2221,1359.2087601269232,928.3866899384949,430.8220701884288,135555.41849552887,1,21,0
2222,268.17668993849475,268.17668993849503,0.0,30887.747891908843,0,15,0
2223,454.9726259361536,454.97262593615454,0.0,52495.1175589408,0,15,0
2224,749.6935589834254,749.6935589834249,0.0,98598.11253794565,0,15,0
2225,405.10860716360315,405.10860716360384,0.0,47705.46448960471,0,15,0
2226,758.6225217345982,758.6225217345983,0.0,101658.22573968499,1,15,0
2227,585.5633079200894,585.5633079200895,0.0,67918.25702022808,0,14,0
2228,591.6817294979923,591.6817294979923,0.0,69703.63449356734,0,14,0
2229,342.648582797426,342.6485827974254,0.0,39430.0671312691,0,14,0
2230,242.60670542851088,242.60670542851108,0.0,28266.113094154894,0,14,1
2231,651.7598063163779,651.7598063163778,0.0,78741.15930692675,0,19,5
2232,955.6091724696913,955.609172469692,0.0,123678.41946112635,0,19,0
2233,170.5320646074171,170.53206460741734,0.0,8979.667701695795,0,24,0
2234,382.0652099789932,382.06520997899383,0.0,31606.348232650696,0,24,0
2235,745.9777888327159,745.9777888327161,0.0,79013.42825779195,1,24,0
2236,1192.1144865896274,1146.233828145917,45.88065844371181,141938.83403665735,2,24,0
2237,981.6323162907141,981.6323162907144,0.0,111277.06576990445,1,24,0
2238,742.6706278329312,742.6706278329315,0.0,78240.70148336464,1,24,0
2239,268.01233216193936,268.01233216193964,0.0,18343.065883096275,0,24,0
2240,1061.8031436164115,1061.8031436164115,0.0,127197.23020056888,1,24,0
2241,181.8688436393733,181.86884363937335,0.0,10068.613996507554,0,24,0
2242,475.9594721098864,475.9594721098865,0.0,43474.28823190671,0,24,0
2243,1248.322215302357,1114.2658360940145,134.0563792083433,138214.3641106393,2,24,0
2244,217.5783873144661,217.57838731446623,0.0,13498.668967571222,0,24,0
2245,365.60304917044976,365.6030491704496,0.0,29525.58278117348,0,24,0
2246,256.08422208771424,256.08422208771447,0.0,17197.319703090398,0,24,0
2247,483.86233916216196,483.8623391621618,0.0,44473.18582021462,0,24,0
2248,664.0573623628903,664.0573623628908,0.0,67521.32501136232,1,24,0
2249,707.1802542768762,707.1802542768766,0.0,73918.7574030733,1,24,0
2250,736.7771423046507,736.7771423046506,0.0,77916.24057073929,1,24,0
2251,266.2960976216364,266.29609762163653,0.0,18178.214187705278,0,24,0
2252,454.8238257365334,454.82382573653433,0.0,40802.80887510895,0,24,0
2253,505.7691272735863,505.7691272735872,0.0,47242.13507209091,0,24,0
2254,1527.3186841674508,1152.1448069912506,375.17387717620045,142685.9632081449,3,24,0
2255,1469.5674982707153,1059.0117434312776,410.5557548394388,129635.02200092904,4,24,0
2256,244.26461795211378,244.26461795211367,0.0,16061.995984305386,0,24,0
2257,685.4588863385559,571.7999999999998,113.65888633855684,79076.26040199999,0,12,0
2258,589.4973226913415,571.7999999999998,17.69732269134176,79076.26040199999,0,12,0
2259,754.2848035179406,571.7999999999998,182.48480351794097,79076.26040199999,1,12,0
2260,797.2672096022408,571.7999999999998,225.4672096022407,79076.26040199999,0,12,0
2261,906.6511479124098,571.7999999999998,334.8511479124103,79076.26040199999,0,12,0
2262,1037.8501541030867,571.7999999999998,466.0501541030878,79076.26040199999,3,12,0
2263,1180.3147799695942,571.7999999999998,608.5147799695948,79076.26040199999,2,12,0
2264,914.0493494937458,571.7999999999998,342.24934949374625,79076.26040199999,1,12,0
2265,291.48665122015416,291.48665122015416,0.0,23487.701180209497,0,14,3
2266,480.3211393480686,480.3211393480679,0.0,46049.94307623315,0,17,3
2267,742.0558619485502,742.0558619485498,0.0,83292.05515201477,0,17,0
2268,714.6346050299529,714.634605029953,0.0,75668.60231100908,0,17,0
2269,500.50454364071237,500.50454364071254,0.0,48656.322014498975,0,17,0
2270,630.5114730192205,630.5114730192219,0.0,63707.87489732533,0,17,0
2271,552.9011925706243,552.901192570625,0.0,54713.95053390824,0,17,0
2272,768.5831162919169,768.5831162919173,0.0,85320.83617353422,0,17,0
2273,634.6134099492215,634.6134099492216,0.0,64726.54965234834,0,18,1
2274,501.56502425294093,501.56502425294144,0.0,47185.54306664067,0,17,0
2275,308.119474458083,308.11947445808244,0.0,25085.355256922667,0,14,0
2276,418.56153797046375,418.5615379704636,0.0,37122.61087685312,0,13,0
2277,237.51050752029147,237.5105075202916,0.0,18897.191712252792,0,13,1
2278,618.6515642166032,618.6515642166034,0.0,78371.05046425865,0,14,1
2279,539.4828278055973,539.4828278055979,0.0,61278.42533999638,0,13,0
2280,225.35054424838847,225.35054424838853,0.0,15779.400184163886,0,12,0
2281,706.9750990447004,541.0146404200411,165.96045862465934,52723.01921539628,1,18,6
2282,963.0945340267926,896.178800936394,66.91573309039725,111458.61597091661,2,18,0
2283,711.6258802305032,711.6258802305044,0.0,77987.18358216924,0,18,0
2284,495.5276413768895,495.527641376889,0.0,53770.57633986688,0,17,0
2285,316.16235593296057,316.16235593296085,0.0,32624.616567730987,0,17,0
2286,742.1720684735814,667.494793173583,74.67727529999893,87268.0055181914,2,18,1
2287,568.3475094377261,568.3475094377268,0.0,64071.197421911544,0,18,0
2288,436.9290026686732,436.9290026686739,0.0,45700.65386131015,0,19,1
2289,1087.626740587299,1039.3735117225258,48.25322886477424,140710.91357499285,2,24,5
2290,434.8951345440439,434.89513454404437,0.0,45750.963870143634,0,21,0
2291,860.5058913208024,860.505891320803,0.0,102868.44597702949,0,21,0
2292,679.9078506602893,679.9078506602893,0.0,70928.39011332042,0,21,0
2293,947.6949606634014,841.243301586406,106.45165907699605,106406.38342457164,2,21,0
2294,428.7614736153202,428.7614736153205,0.0,44944.77453883023,0,21,0
2295,1882.8044578057973,999.4514736153205,883.3529841904765,136085.70944286027,0,21,0
2296,470.42025838306995,470.42025838307,0.0,48946.27965693558,0,21,0
2297,231.77721746977733,231.7772174697774,0.0,27257.86422884672,0,16,0
2298,1165.8327355974602,852.7572174697775,313.07551812768355,126379.88191884676,1,19,3
2299,679.3652876058475,679.3652876058485,0.0,79934.57281338245,0,18,0
2300,515.9135705167696,515.9135705167698,0.0,59180.93144734137,0,18,0
2301,755.8296945331089,755.8296945331094,0.0,92605.60948249993,0,18,0
2302,354.12905770953176,354.12905770953165,0.0,41911.17280221265,0,16,0
2303,744.4322726199498,744.43227261995,0.0,94898.70986298432,0,16,0
2304,630.2996429254185,630.2996429254184,0.0,73480.58539403377,0,16,0
2305,1182.6019163487858,876.4353063337292,306.16661001505724,127896.26632349617,1,19,3
2306,331.3405023564606,331.34050235646066,0.0,40201.56258541973,0,18,0
2307,975.870563291023,918.2905023564607,57.58006093456255,135284.02981961973,1,19,1
2308,1307.2065172519176,878.3070545016267,428.89946275029087,130089.54737727622,1,19,0
2309,277.63705450162666,277.63705450162666,0.0,33272.91521015622,0,17,0
2310,454.64487024651504,454.64487024651487,0.0,54841.705046284755,0,18,1
2311,890.7329117116923,890.7329117116925,0.0,126117.73102357898,1,18,0
2312,699.3966254090748,699.3966254090751,0.0,90273.95541134707,0,18,0
2313,328.73919739260583,328.73919739260623,0.0,39359.50482600481,0,18,0
2314,395.948721996253,395.9487219962531,0.0,48138.133596958876,0,18,0
2315,1671.861219521278,1009.1287219962531,662.7324975250251,146651.6971340789,2,20,2
2316,944.0758028441945,944.075802844195,0.0,122439.36024872346,1,20,0
2317,623.0184417439244,623.0184417439248,0.0,74076.98359040343,0,20,0
2318,1510.1965098779792,899.470721726763,610.7257881512162,135931.20467861788,0,20,0
2319,307.3707217267626,307.3707217267629,0.0,40082.086971377896,0,19,0
2320,534.3818626570222,534.3818626570225,0.0,69859.0147458561,0,19,0
2321,1179.2071606045442,923.5599999999998,255.64716060454498,143087.07690316002,1,19,0
2322,646.595768672025,644.7749126375052,1.8208560345195723,99774.22446600712,1,19,0
2323,206.4406707150706,206.44067071507078,0.0,27258.125149093168,0,17,0
2324,1452.0793740114293,890.2206707150708,561.858703296359,126687.20303601319,1,22,5
2325,473.5265721216745,473.5265721216746,0.0,48638.49377123271,0,21,0
2326,857.5401146273405,857.5401146273402,0.0,95059.12033907937,0,21,0
2327,905.0235096273013,905.023509627303,0.0,100038.02011341372,1,21,0
2328,1589.5134125516731,1077.278969559526,512.2344429921476,130761.3226447612,2,21,0
2329,1445.8240468861295,978.1114247849781,467.71262210115253,110348.40881255845,3,24,0
2330,282.9031669516338,282.90316695163364,0.0,19773.394491000134,0,24,0
2331,757.7769797996358,757.7769797996365,0.0,80162.7367915605,1,24,0
2332,422.3579116118938,422.3579116118948,0.0,36699.21924025896,0,24,0
2333,393.8770928469365,393.87709284693676,0.0,33099.33314965836,0,24,0
2334,1836.364792336694,1118.9111220600544,717.4536702766399,142291.3933716943,4,24,0
2335,505.6505021496174,505.6505021496182,0.0,47227.14122878549,0,24,0
2336,941.8529396870962,941.2942783239848,0.5586613631116535,128643.13900941207,2,24,0
2337,642.7167398713574,642.7167398713581,0.0,65104.06996018822,1,24,0
2338,384.98214085728085,384.98214085728125,0.0,31975.0391394202,0,24,0
2339,731.0801337697067,731.0801337697072,0.0,77078.35280415152,1,24,0
2340,1087.8754342522486,1087.8754342522493,0.0,142736.3689511585,1,24,0
2341,595.1022010566196,595.1022010566203,0.0,58914.56888505361,1,24,0
2342,638.2562460555438,638.256246055544,0.0,64674.26675958411,1,24,0
2343,360.33159433648876,360.3315943364894,0.0,28859.287437257633,0,24,0
2344,265.63227642064226,265.6322764206425,0.0,18114.451311565386,0,24,0
2345,390.7928078719338,390.79280787193386,0.0,32709.489210388532,0,24,0
2346,655.0631799699454,655.0631799699456,0.0,66477.86518498672,1,24,0
2347,209.5943866315955,209.59438663159574,0.0,12731.77142666658,0,24,0
2348,1106.3735356715865,1106.3735356715863,0.0,133193.44576175808,1,24,0
2349,818.4416512095764,818.4416512095779,0.0,88643.89256013128,1,24,0
2350,784.20968446752,784.2096844675202,0.0,83967.56260871798,1,24,0
2351,525.1342259277644,525.1342259277642,0.0,49689.822754934205,0,24,0
2352,1260.149210319182,1151.108466696533,109.04074362264959,142554.97304796483,2,24,0
2353,942.2770350796462,942.2770350796468,0.0,106083.42170356632,1,22,0
2354,1154.4282111498806,1103.3538253378222,51.074385812058836,137579.29296307004,1,22,0
2355,1559.2429800358905,1131.0428780379864,428.20010199790516,149717.02509147415,3,22,0
2356,573.5744118663589,573.5744118663592,0.0,61608.5835391982,0,22,0
2357,441.4179917127486,441.41799171274903,0.0,42498.74232056798,0,20,0
2358,625.5053424703164,625.5053424703168,0.0,64001.60868050178,0,20,0
2359,467.40309212838974,467.4030921283895,0.0,46474.85660912631,0,20,0
2360,304.4852078215753,304.4852078215748,0.0,36746.42977337944,0,18,0
2361,671.9082858885739,671.9082858885747,0.0,81732.66309925794,0,19,1
2362,1512.014591310189,1048.6,463.4145913101903,152216.37544260005,0,19,0
2363,565.1596073166595,565.1596073166593,0.0,71109.77476234805,0,19,0
2364,194.4082908789723,194.40829087897225,0.0,25718.182387397024,0,16,0
2365,1558.5333871967746,718.7182908789722,839.8150963178022,116336.53936744704,1,19,3
2366,525.0656396413192,525.06563964132,0.0,67963.54291548498,0,19,0
2367,478.0085441666956,478.0085441666962,0.0,61564.36418177027,0,19,0
2368,613.5458927231077,613.5458927231084,0.0,86633.56725338304,0,19,0
2369,257.39708872240936,257.39708872240953,0.0,33679.76871297107,0,18,0
2370,675.3251617784246,675.3251617784256,0.0,91417.30388148164,0,19,1
2371,1431.6056820861595,1114.6108634035077,316.99481868265224,159501.18710984924,4,19,0
2372,680.0369079412353,680.0369079412337,0.0,81879.05031626126,0,20,1
2373,583.1090935665343,583.109093566535,0.0,68173.3787552853,0,20,1
2374,778.4881538916924,778.4881538916928,0.0,93727.8671864549,0,20,0
2375,1142.783904460287,1051.1133217407032,91.67058271958408,146388.3294476555,3,20,0
2376,569.7293000685216,569.7293000685218,0.0,67558.27599217054,0,17,0
2377,848.2084347026658,848.2084347026662,0.0,114812.68937861976,0,18,1
2378,619.9672644672262,619.9672644672263,0.0,73551.66187439492,0,18,0
2379,552.5396768270144,552.5396768270145,0.0,64483.825925363126,0,16,0
2380,454.1391228693845,454.1391228693846,0.0,51525.98876680758,0,15,0
2381,370.8850009426214,370.88500094262145,0.0,41133.21475986726,0,15,0
2382,223.51874698087965,223.51874698087977,0.0,25844.265321774295,0,15,0
2383,349.59321743204254,349.5932174320428,0.0,41255.94339944015,0,16,1
2384,842.1898958640056,842.1898958640057,0.0,111515.13173700808,0,19,3
2385,860.1997348303695,860.1997348303713,0.0,128669.14498999988,1,19,0
2386,258.72205447972686,258.7220544797268,0.0,33372.19050635335,0,16,0
2387,672.0889257723416,672.0889257723419,0.0,85563.82865657017,0,20,4
2388,491.7427362401005,491.74273624010084,0.0,53472.673852024585,0,21,1
2389,684.7513930836377,684.7513930836383,0.0,78545.06977400898,0,21,0
2390,1278.3774518210898,1113.7477895909435,164.62966223014666,149537.17621064815,1,22,1
2391,652.5552584594212,652.5552584594216,0.0,71238.17128609201,0,22,0
2392,398.0390349136855,398.03903491368544,0.0,38170.58483239638,0,20,0
2393,413.740619135213,413.74061913521314,0.0,42533.13001335214,0,18,0
2394,978.8305102211224,978.1799999999998,0.6505102211235677,133179.72637172003,0,20,2
2395,535.0462824900599,535.0462824900596,0.0,54978.355792620976,0,18,0
2396,356.99351459650006,356.9935145965002,0.0,34082.521233685,0,17,0
2397,337.166634767611,337.1666347676114,0.0,31903.548991796117,0,16,0
2398,641.2747807096614,641.2747807096629,0.0,67573.41687216127,0,16,0
2399,547.166962981432,547.1669629814321,0.0,53201.11255271621,0,9,0
2400,498.70545174809564,498.70545174809615,0.0,46669.82655970631,0,7,0
2401,839.6934319384021,773.268083135577,66.42534880282562,93663.23657168308,1,19,12
2402,1812.6668871022928,880.601722092686,932.0651650096067,118120.93964509878,2,20,1
2403,315.75115860711657,315.7511586071165,0.0,31012.317848991166,0,17,0
2404,566.3507493811439,566.3507493811442,0.0,65630.05566710471,0,18,1
2405,566.2685923596655,566.2685923596658,0.0,62292.88493586034,0,18,0
2406,521.6399651205348,521.6399651205354,0.0,56411.57811622515,0,18,0
2407,714.0831728746866,714.0831728746867,0.0,96023.59694620458,0,18,0
2408,338.74877891659304,338.74877891659366,0.0,35296.732284680416,0,18,0
2409,823.8366333921058,823.8366333921051,0.0,114251.15342245616,0,20,4
2410,732.8663170921651,732.8663170921674,0.0,77951.28017594058,0,20,0
2411,1029.487440921506,989.1230574131548,40.36438350835212,115848.17502796905,2,21,1
2412,1372.4456717942553,1099.4231449497993,273.02252684445557,138162.4777863503,1,21,0
2413,927.7757913724702,927.7757913724713,0.0,116595.40108773454,1,21,0
2414,1901.3438074851902,1219.3999999999999,681.9438074851909,163794.82925540005,3,21,0
2415,939.6172506497164,923.7789847686583,15.838265881058742,118174.449199576,1,21,0
2416,377.30172818478763,377.3017281847881,0.0,46409.88060690903,0,19,0
2417,1700.9416561660983,1052.6252289697322,648.3164271963674,151636.04602909487,5,22,3
2418,1094.5770746365238,1020.1312697150819,74.44580492144178,142737.0193693553,2,22,0
2419,838.734333383171,827.202367406174,11.531965976998226,112087.95149076634,1,19,0
2420,915.5498288625759,915.549828862576,0.0,121492.10710934682,0,19,0
2421,2025.711349102357,1115.862727041213,909.8486220611446,159285.84907343698,3,19,0
2422,674.4658385622895,674.46583856229,0.0,80579.77305486618,0,19,0
2423,739.5134826872245,739.5134826872246,0.0,99561.86787421445,0,19,0
2424,241.79607439548303,241.79607439548312,0.0,27224.58232571154,0,10,0
2425,929.8943409589484,704.2060743954831,225.68826656346607,105822.10262892155,1,13,3
2426,1126.4098261644576,774.5,351.90982616445785,114707.0341727,1,13,0
2427,1055.5851008892605,768.7288051232237,286.85629576603776,101369.55249105621,3,16,3
2428,2693.514370206169,763.6738956384758,1929.8404745676935,101692.31283811934,3,16,0
2429,323.01585761224385,323.0158576122441,0.0,38092.02336385277,0,16,0
2430,605.4155496227208,605.4155496227215,0.0,70937.53621515095,1,16,0
2431,535.6967515384464,535.6967515384466,0.0,61035.02288235657,0,16,0
2432,1320.8783932387248,886.9298309772406,433.9485622614849,115008.96131466205,3,22,6
2433,1119.6571562170955,916.6500001867762,203.00715603032,117032.66114012814,3,22,0
2434,478.29991822488535,478.299918224886,0.0,56020.995364994116,0,20,0
2435,521.568497820888,521.5684978208881,0.0,61766.19402604846,0,20,0
2436,850.3819588471737,850.3819588471739,0.0,106245.88362898382,0,20,0
2437,449.7797813808614,449.7797813808618,0.0,54870.579623024256,0,20,0
2438,404.6558347332399,404.65583473324,0.0,45617.44700353632,0,17,0
2439,483.0380350432793,483.03803504327914,0.0,56910.4861076806,0,17,0
2440,410.0884695038054,410.08846950380575,0.0,42951.71364308313,0,19,2
2441,765.5128988465702,763.1484597925796,2.3644390539913904,94984.25124747818,1,19,0
2442,435.0080329898873,435.00803298988717,0.0,45921.10391951394,0,19,0
2443,452.81960477857945,437.38092747026315,15.438677308316453,44591.279894922634,1,20,2
2444,494.2521312896705,494.2521312896712,0.0,49357.02861413002,0,20,0
2445,942.8647608656922,910.4548494339147,32.4099114317778,123641.57362108974,1,20,0
2446,331.6034763328759,331.603476332876,0.0,31715.061444094103,0,17,0
2447,504.24677453561753,504.24677453561793,0.0,48254.38527384685,0,15,0
2448,656.3347782323114,656.3347782323115,0.0,72168.21824175247,1,15,0
2449,628.4487221281171,628.4487221281178,0.0,63551.80489199931,0,17,2
2450,808.8791350342962,808.8791350342962,0.0,93985.444093618,0,17,0
2451,679.0154925858208,679.0154925858213,0.0,79102.4930257196,1,17,0
2452,398.71589522134224,398.71589522134207,0.0,38023.09545002254,0,17,0
2453,600.6055090202809,600.6055090202808,0.0,82723.74776377091,0,16,0
2454,325.4539239077029,325.45392390770326,0.0,31126.224336066545,0,14,0
2455,321.58397359454,321.58397359454005,0.0,31415.942655825165,0,14,0
2456,173.04045368439128,173.04045368439148,0.0,13833.449286709047,0,13,0
2457,413.62085176768716,413.62085176768744,0.0,39987.71660238202,0,14,1
2458,739.4990437973535,739.4990437973538,0.0,95463.88648648957,0,14,0
2459,410.85613601894653,410.85613601894653,0.0,36541.17580609174,0,14,0
2460,470.8736293107212,470.87362931072255,0.0,42831.453666552916,0,14,0
2461,592.2104194098519,592.2104194098517,0.0,73188.98096759377,0,14,0
2462,201.6923721306889,201.69237213068902,0.0,14449.332783226238,0,13,0
2463,359.2005436537625,359.20054365376257,0.0,33825.49022802198,0,19,6
2464,1391.638442706727,859.3626376562568,532.2758050504711,118775.04647986694,2,19,0
2465,280.96263765625656,280.9626376562568,0.0,33043.111168046926,0,17,0
2466,1203.3320284001786,904.0426376562568,299.2893907439221,132933.81741670694,1,20,3
2467,468.7610470647578,468.76104706475775,0.0,57884.4135436384,0,20,0
2468,959.8449843278535,944.623430383213,15.22155394464143,139041.46137220995,1,19,0
2469,973.2777424812502,973.2777424812509,0.0,140791.35336913826,1,19,0
2470,422.2748613096887,422.27486130968873,0.0,52265.31973747276,0,19,0
2471,382.6085046873293,382.6085046873293,0.0,47123.54960245414,0,19,0
2472,2095.448777433366,1031.075521667014,1064.373255766353,149622.75301691014,1,21,2
2473,708.1923972844265,708.1923972844259,0.0,87682.24492585458,0,21,0
2474,497.7526393619283,497.75263936192846,0.0,64320.579902241705,0,20,0
2475,891.7145364471269,891.7145364471264,0.0,124406.72436145693,0,20,0
2476,510.79847719967273,510.79847719967256,0.0,65969.53285404757,0,20,0
2477,440.6975463951476,440.69754639514736,0.0,57266.129744751044,0,19,0
2478,350.83132325747147,350.8313232574715,0.0,46348.751169080715,0,17,0
2479,790.3591961086208,786.0413145797779,4.317881528843255,119399.70515896866,1,18,1
2480,431.01820699903635,431.01820699903607,0.0,53436.56844172008,0,18,0
2481,458.0173520689841,458.01735206898445,0.0,52652.30464730516,0,18,0
2482,413.82414639756115,413.8241463975611,0.0,50255.67062206172,0,18,0
2483,806.2189990574811,806.218999057481,0.0,101395.95873244008,0,19,1
2484,774.4337255553722,774.4337255553726,0.0,101662.78822207071,1,19,0
2485,1198.4994042723197,1138.9762985430548,59.52310572926491,160987.4682351099,2,20,1
2486,704.0766595122236,704.0766595122237,0.0,84322.48787457086,0,20,0
2487,844.5860972175054,844.5860972175062,0.0,102324.8233332246,1,20,0
2488,1110.4721257357894,988.7155345292389,121.75659120655108,140976.46140181174,4,20,0
2489,451.1234116814651,451.1234116814649,0.0,56070.78233648555,0,20,0
2490,932.4461140076197,932.4461140076206,0.0,125261.30346297933,0,20,0
2491,1117.2113129935026,916.5796255804349,200.63168741306754,135225.80980791338,0,20,0
2492,301.0896255804346,301.0896255804348,0.0,36420.26952188339,0,18,0
2493,352.8776132302479,352.8776132302487,0.0,41394.72806147899,0,18,0
2494,361.81044389890275,361.8104438989026,0.0,43714.758411117575,0,18,0
2495,1163.001771247013,1045.9404438989027,117.06132734811045,143188.07519938756,2,22,4
2496,1621.0880480730405,1121.3834250874186,499.70462298562245,138797.82109547843,2,22,0
2497,1177.419445001067,1108.0175671764391,69.40187782462934,137108.4186109586,4,24,0
2498,249.70402091891035,249.70402091891043,0.0,16584.47399062315,0,24,0
2499,570.3988360933173,570.3988360933176,0.0,55414.25364430889,1,24,0
2500,430.11875017460227,430.11875017460204,0.0,37680.164873312904,0,24,0
2501,823.9946491738556,823.9946491738569,0.0,88705.00798254235,1,24,0
2502,291.51143946275306,291.5114394627532,0.0,20600.256021007055,0,24,0
2503,401.75621686704415,401.7562168670448,0.0,34095.229693229725,0,24,0
2504,1345.7712804205555,1115.3343069167793,230.43697350377698,141279.41435651743,2,24,0
2505,1215.6410364563399,1120.7683584165463,94.87267803979402,140294.44798385105,2,24,0
2506,508.9564809508459,508.95648095084607,0.0,47645.00657179324,0,24,0
2507,474.51163444190206,474.51163444190206,0.0,43291.286095435906,0,24,0
2508,1495.669127343803,1129.5601149545212,366.10901238928216,141804.7504847678,4,24,0
2509,576.3819850930893,576.3819850930901,0.0,56167.37864671537,0,24,0
2510,1016.8677689780607,1016.8677689780613,0.0,117255.18614832757,1,24,0
2511,423.92700374806844,423.92700374806816,0.0,36897.54756089105,0,24,0
2512,644.9915393046857,644.9915393046863,0.0,65327.69528855211,1,24,0
2513,618.231596609435,618.2315966094344,0.0,61457.03817645075,0,24,0
2514,1876.2132554230611,1107.3947543466256,768.8185010764356,137029.69702427962,2,24,0
2515,560.3488409476126,560.3488409476128,0.0,54140.83955476651,0,24,0
2516,216.51308688827243,216.51308688827248,0.0,13396.342288300584,0,24,0
2517,585.1836016774554,585.1836016774554,0.0,57279.87535470469,0,24,0
2518,645.6761376236275,645.676137623628,0.0,66589.0190009055,1,24,0
2519,595.6750811613122,595.6750811613125,0.0,58734.79498578224,1,24,0
2520,720.9415065493648,720.9415065493649,0.0,75571.67029056782,1,24,0
2521,566.4042788526203,566.4042788526195,0.0,57863.09029076321,0,19,0
2522,1087.6689820560177,905.1978590670351,182.47112298898443,122538.91628243098,2,19,0
2523,498.4288238404062,498.42882384040684,0.0,53820.597203789395,0,18,0
2524,1078.7958716295047,797.74,281.0558716295051,115496.71568554004,0,18,0
2525,1092.5962774254754,640.315094319703,452.28118310577247,97244.63270876942,1,18,0
2526,155.3650943197031,155.36509431970313,0.0,20112.453650659412,0,15,0
2527,305.2538890933751,305.2538890933752,0.0,35720.24432912476,0,16,1
2528,768.9871797261217,768.9871797261209,0.0,111768.69997924587,0,16,0
2529,923.4527567178823,923.4527567178823,0.0,127001.75690848115,0,19,3
2530,607.9452079742804,607.9452079742808,0.0,71314.8564069875,0,19,0
2531,474.22333348173197,474.2233334817321,0.0,54610.54490225101,0,19,0
2532,722.091928240886,722.0919282408863,0.0,86067.27273253264,0,19,0
2533,501.54456894437567,501.54456894437624,0.0,57360.62372352724,0,19,0
2534,494.0579580771658,494.0579580771662,0.0,56515.74574468584,0,19,0
2535,714.864419953332,714.8644199533322,0.0,85308.58556862696,0,21,2
2536,878.1639898296962,878.1639898296964,0.0,106837.98599023868,1,21,0
2537,847.2879581031681,847.2879581031686,0.0,103113.10209980274,0,21,0
2538,468.7843607644882,468.7843607644884,0.0,56479.88480612987,0,21,0
2539,811.4198575129109,811.4198575129112,0.0,97866.47712839869,0,21,0
2540,587.6793822636388,587.679382263639,0.0,70988.86542918009,0,21,0
2541,896.4502014710515,896.4502014710522,0.0,110342.92643729119,1,21,0
2542,810.3889530928956,810.3889530928961,0.0,97855.92677650403,1,21,0
2543,1760.275748365946,1138.2253048887533,622.0504434771935,157714.80065360086,3,21,0
2544,1350.8216150106884,953.1022310174639,397.71938399322704,132882.85404896474,2,18,0
2545,706.6407008696715,706.6407008696718,0.0,88739.9835769879,0,18,0
2546,615.5578219236718,615.5578219236722,0.0,81063.87374505895,0,17,0
2547,547.4714220947562,547.471422094756,0.0,80000.82022694573,0,17,0
2548,223.33079081590387,223.3307908159039,0.0,29122.268016417882,0,16,0
2549,863.6044531214142,683.9707908159038,179.6336623055111,111504.21617513789,0,17,1
2550,1253.530354911019,970.0399999999998,283.49035491102023,144995.25158424,3,18,1
2551,620.6834573719494,620.6834573719492,0.0,73567.14443893821,0,18,0
2552,435.6038385604637,435.60383856046394,0.0,50265.3875085315,0,18,0
2553,461.69347280374126,461.69347280374154,0.0,52807.5056962951,0,18,0
2554,247.78383005837543,247.78383005837546,0.0,29107.68079564941,0,16,0
2555,797.8991509545724,732.6638300583754,65.235320896197,111215.80638500942,0,16,0
2556,547.5203038715956,547.5203038715954,0.0,69818.73677590556,0,16,0
2557,220.65871151421584,220.65871151421587,0.0,25447.64125390746,0,15,0
2558,349.04071917896675,349.04071917896727,0.0,42157.85276914725,0,16,1
2559,970.2074076649101,911.8999999999999,58.30740766491061,134749.20386244002,0,19,3
2560,932.1444297412488,920.1369670254097,12.007462715839964,135759.33825296405,1,19,0
2561,1007.8513470236984,779.0902538848939,228.76109313880406,120538.15521756561,0,19,0
2562,220.88025388489376,220.88025388489402,0.0,28934.462535935578,0,17,0
2563,575.1695668338077,575.1695668338081,0.0,66891.39268640974,0,21,4
2564,395.4530460473467,395.45304604734656,0.0,42282.913888033465,0,21,0
2565,674.105592710783,674.1055927107833,0.0,76866.79190828532,0,22,1
2566,945.5440890543114,841.6030951795216,103.94099387478981,120846.8159739758,0,22,0
2567,237.36309517952125,237.36309517952142,0.0,21993.84611113574,0,13,0
2568,575.2166517220603,575.2166517220596,0.0,65886.97192878799,0,14,1
2569,316.33513409838525,316.3351340983854,0.0,23298.272968049983,0,24,0
2570,815.134216373591,815.1342163735909,0.0,88349.64417276894,1,24,0
2571,438.4362329978435,438.43623299784474,0.0,38731.468593592195,0,24,0
2572,1429.9332912436346,1115.75918086536,314.17411037827503,138086.9342803128,2,24,0
2573,1366.3534870877795,1138.308091566541,228.04539552123867,140937.04581191135,2,24,0
2574,1367.5934498991087,1118.5668140630887,249.02663583602134,138441.81030334512,4,24,0
2575,842.4081558161844,842.4081558161847,0.0,92019.79206297002,1,24,0
2576,540.0762501024523,540.0762501024528,0.0,51578.447707600964,0,24,0
2577,702.3307355336206,702.3307355336208,0.0,72695.50230771652,1,24,0
2578,922.6865257880064,881.8928569796471,40.79366880835937,97220.75009311647,2,24,0
2579,467.0919888238317,467.0919888238327,0.0,42353.46617957954,0,24,0
2580,1379.4875538187432,1047.4148733963457,332.0726804223994,142056.4491140106,3,24,0
2581,498.05656825939866,498.0565682593997,0.0,46267.29182242035,0,24,0
2582,686.5570425878042,686.5570425878045,0.0,70684.27999990598,1,24,0
2583,1046.9340210105659,1046.9340210105663,0.0,120886.5361374409,1,24,0
2584,407.8516937910091,407.85169379101,0.0,34865.67884271686,0,24,0
2585,580.4773109780355,580.4773109780361,0.0,56685.014983344605,0,24,0
2586,439.78675421654395,439.78675421654395,0.0,38902.17023634967,0,24,0
2587,309.0371556981015,309.03715569810174,0.0,22375.831406608322,0,24,0
2588,715.3267897195616,715.3267897195616,0.0,77071.29707751275,1,24,0
2589,339.4035530190693,339.40355301906925,0.0,26214.048707857426,0,24,0
2590,1372.358643642726,1115.7278655339037,256.6307781088243,138082.97612071555,4,24,0
2591,585.4564389660321,585.4564389660324,0.0,57510.22853655514,1,24,0
2592,445.55786450256005,445.55786450255926,0.0,39631.62046098682,0,24,0
2593,684.810035781898,684.8100357818978,0.0,88563.75151775933,0,14,0
2594,488.3849978556786,488.38499785567865,0.0,45597.220177076975,0,14,0
2595,705.1640057591552,702.6615647143433,2.502441044811917,92811.92030937795,1,14,0
2596,865.717839451865,727.8,137.9178394518655,98794.17071800002,1,14,0
2597,943.2253880524748,727.8,215.4253880524755,98794.17071800002,1,14,0
2598,546.6592908684204,546.6592908684204,0.0,56752.71289056374,0,14,0
2599,697.1065454657897,697.1065454657903,0.0,91489.97979112618,0,14,0
2600,859.0055445487467,727.8,131.20554454874664,98794.17071800002,0,14,0
2601,619.0056206102769,619.0056206102772,0.0,62700.457048415934,0,21,7
2602,1553.6461907463263,945.155076954924,608.4911137914027,118447.17963537763,2,21,0
2603,683.6908522487433,683.6908522487444,0.0,70952.05361484786,0,21,0
2604,801.3881277635029,801.3881277635032,0.0,86687.80828910552,0,21,0
2605,1594.0281912857126,1125.289726405459,468.73846488025345,147569.31409072716,1,21,0
2606,661.8515666095878,661.8515666095872,0.0,70758.1203909663,0,21,0
2607,430.31634420800106,430.31634420800106,0.0,42425.03348540409,0,21,0
2608,908.822539463833,908.8225394638326,0.0,121801.55365094621,0,21,0
2609,313.3080319737686,313.3080319737689,0.0,37432.47744782177,0,18,0
2610,362.43808513852696,362.43808513852684,0.0,43631.53669488875,0,18,0
2611,1614.8328729554103,1028.898085138527,585.9347878168835,148879.52498608874,3,21,3
2612,1368.1431283691038,962.2812107226457,405.8619176464582,118674.90343947044,2,21,0
2613,702.1324497702751,702.132449770276,0.0,84231.3957920033,0,19,0
2614,2302.0576303461694,912.6991095591761,1389.3585207869946,116512.29299521499,2,19,0
2615,408.4991095591759,408.4991095591762,0.0,49126.21117401497,0,9,0
2616,545.1315646140441,545.1315646140441,0.0,62702.34705891385,0,9,0
2617,987.3044384142092,810.3820751395529,176.9223632746568,107753.24605387193,1,16,7
2618,487.51274297325,487.5127429732501,0.0,56400.17193057553,0,17,1
2619,564.6813954431576,564.6813954431583,0.0,66097.67812550117,0,17,0
2620,866.4221863218501,866.4221863218506,0.0,110908.0151446403,1,17,0
2621,597.782680660314,597.7826806603143,0.0,69713.37792006915,0,17,0
2622,711.0250997902044,711.025099790205,0.0,84317.66815822473,1,17,0
2623,1015.866061035298,909.7843422799838,106.0817187553146,133647.31867778883,1,19,2
2624,340.5843422799838,340.58434227998407,0.0,41195.782523628885,0,17,0
2625,519.7059464548828,519.7059464548831,0.0,61057.40641680808,0,18,1
2626,698.474588775861,698.4745887758618,0.0,84303.42226391693,0,18,0
2627,462.2631789708916,462.2631789708919,0.0,55616.73803895711,0,18,0
2628,1295.2282188079325,901.6278719443209,393.6003468636088,133456.07763090194,2,18,0
2629,335.247871944321,335.24787194432093,0.0,40857.8871885819,0,16,0
2630,235.5582322196167,235.5582322196168,0.0,28070.899158345113,0,16,0
2631,759.6307090744305,759.6307090744298,0.0,113046.80532655766,0,18,2
2632,959.4007371009068,897.8197798324661,61.58095726844104,124881.91652460817,1,19,1
2633,885.9541567752965,885.9541567752924,0.0,113477.33352790592,0,19,0
2634,562.8567063127848,562.8567063127853,0.0,67964.46966140323,0,19,0
2635,430.06439848434377,430.06439848434405,0.0,53526.50178183534,0,19,0
2636,1465.1145537509321,1105.124398484344,359.99015526658894,151853.3990408354,1,22,3
2637,710.6816013883707,710.6816013883711,0.0,75091.93436316149,0,20,0
2638,620.2004861867996,620.200486186801,0.0,62851.48430660551,0,20,0
2639,798.6657098873818,798.6657098873832,0.0,91614.78520428439,1,20,0
2640,338.28564599548326,338.2856459954826,0.0,29985.123546224357,0,10,0
2641,947.5420481938966,906.8856459954826,40.656402198414355,122382.16788194438,0,18,8
2642,813.467523261142,813.4675232611436,0.0,88215.7379838032,1,18,0
2643,1713.9711474377614,968.5707679207947,745.4003795169673,118150.50498527632,3,18,0
2644,1102.3486980123764,912.1846829665724,190.16401504580358,114361.16332298328,1,18,0
2645,1494.5354880954694,915.7167582427626,578.818729852708,111469.92407070944,4,18,0
2646,642.0451794361212,642.045179436118,0.0,65347.69680838707,0,18,0
2647,723.1329463688801,723.1329463688805,0.0,76115.39624648888,1,18,0
2648,728.5751552342795,728.5751552342796,0.0,77216.59314579656,1,22,4
2649,542.646156898743,542.6461568987424,0.0,59198.154192467424,0,21,0
2650,1260.7890735025571,1121.15877528596,139.63029821659765,150604.09262613475,2,21,0
2651,690.4129866398364,690.4129866398371,0.0,72585.31246777035,0,21,0
2652,785.9901906238762,785.9901906238766,0.0,85753.64303108075,0,21,0
2653,507.7572962515477,507.7572962515484,0.0,55404.68162361256,0,21,0
2654,1312.5105806218387,1155.3095555503935,157.20102507144665,155765.62211636835,2,23,2
2655,1052.3419440608238,1029.0750618147895,23.26688224603464,141820.54115515828,1,23,0
2656,397.56443509971723,397.5644350997185,0.0,43432.72287405271,0,22,0
2657,431.5058989741195,431.50589897411976,0.0,47730.18331007043,0,22,0
2658,1195.6865149578584,1008.2058989741199,187.4806159837396,142968.44582871045,2,23,1
2659,1696.599967128037,942.8254264433957,753.7745406846415,136779.55558067164,2,23,0
2660,284.52735462657756,284.52735462657745,0.0,37111.21316267323,0,15,0
2661,201.81901275977916,201.8190127597792,0.0,26165.20322823504,0,15,0
2662,857.2856176759202,726.4790127597792,130.80660491614094,113122.86327265507,0,16,1
2663,796.8550351831495,796.8550351831502,0.0,108530.6482481894,1,16,0
2664,387.1255628783716,387.12556287837174,0.0,45411.102434048866,0,11,0
2665,1786.4375387104628,728.7280411018564,1057.7094976086069,110115.7969250738,3,14,3
2666,244.3880411018562,244.38804110185646,0.0,28368.952097213765,0,14,0
2667,502.42536462228867,502.4253646222889,0.0,58850.716964380765,0,14,0
2668,803.4398431515093,803.4398431515096,0.0,117378.34265716939,0,15,1
2669,365.2289827065954,365.228982706596,0.0,42651.005803111286,0,15,0
2670,197.6154306575307,197.61543065753077,0.0,22482.207386797356,0,13,0
2671,783.3942951090934,754.2454306575307,29.148864451562844,113269.01009677739,1,16,3
2672,865.0495664976605,865.0495664976609,0.0,124897.4959844616,0,16,0
2673,350.5675623430132,350.56756234301344,0.0,41295.0920135387,0,16,0
2674,1509.8309941241396,773.7549333859148,736.0760607382249,115534.79245660616,0,16,0
2675,222.3549333859145,222.35493338591482,0.0,25447.614209286145,0,14,0
2676,884.003419445657,796.9149333859148,87.08848605974252,118782.33822976616,0,18,4
2677,537.4100186058505,537.4100186058511,0.0,61893.903979091156,0,18,0
2678,761.615082554777,761.6150825547774,0.0,101741.82638051422,0,18,0
2679,328.502214333846,328.50221433384615,0.0,39169.09959053206,0,18,0
2680,416.3712572044153,416.37125720441526,0.0,50701.89485364984,0,19,1
2681,1160.5814209215825,948.88706519471,211.69435572687289,131261.8767578312,2,20,1
2682,661.622097972389,661.6220979723898,0.0,78956.36456080452,0,20,0
2683,1409.7326514404913,1031.1668521706056,378.56579926988627,150012.88027961564,3,19,0
2684,1162.622380878428,986.7871212312182,175.8352596472103,126267.0434405589,1,21,2
2685,943.7463303841633,943.7463303841649,0.0,116210.0989962833,1,20,0
2686,636.1348216940322,636.1348216940329,0.0,69825.16960766038,0,20,0
2687,316.6903422043312,316.6903422043316,0.0,32335.479325488763,0,18,0
2688,814.593453730195,814.5934537301957,0.0,118221.34846362738,0,20,2
2689,617.0593110980928,617.059311098093,0.0,73830.65935528594,0,20,0
2690,301.05817626271516,301.0581762627153,0.0,30616.849897631924,0,18,0
2691,530.6102490320841,530.6102490320839,0.0,64251.846784126574,0,17,0
2692,573.0792080055778,573.0792080055783,0.0,75270.47018934284,0,17,0
2693,260.1108732098449,260.1108732098443,0.0,24832.382103418444,0,17,0
2694,433.6583064537912,433.6583064537913,0.0,42511.75255296626,0,18,1
2695,659.8344215478714,659.834421547872,0.0,81253.52675730208,1,19,1
2696,705.9026840036673,705.9026840036673,0.0,76585.96570696644,1,20,1
2697,3661.8672616026574,966.3648942707188,2695.5023673319374,131159.85809108446,4,20,0
2698,350.82489427071886,350.8248942707188,0.0,34654.45129155446,0,17,0
2699,814.2382522881834,814.2382522881836,0.0,95887.10025294856,0,21,4
2700,911.9957887161139,911.9957887161136,0.0,102160.35459874787,0,21,0
2701,617.2089704688233,617.2089704688236,0.0,64502.61421814492,0,21,0
2702,885.4930307454405,885.4930307454393,0.0,98255.63931577343,0,21,0
2703,1237.2243525739977,920.3547965104634,316.8695560635345,128474.94821627635,0,21,0
2704,332.95479651046344,332.9547965104633,0.0,35221.92176493633,0,20,0
2705,346.0494364233149,346.049436423315,0.0,34875.01713664609,0,20,0
2706,650.4269662603954,648.9891087759125,1.437857484483477,85923.80615502538,1,22,2
2707,939.1118567037431,857.4936077447776,81.61824895896544,125952.43098648572,0,22,0
2708,236.05360774477762,236.05360774477765,0.0,31065.250934305684,0,17,0
2709,1928.265340541612,812.4136077447776,1115.8517327968345,124924.8820494057,2,19,2
2710,1078.3098137580153,1051.0865068459702,27.223306912046013,152530.66210278566,1,19,0
2711,584.9167181962523,584.9167181962524,0.0,69492.24929053758,0,10,0
2712,643.8734174200192,643.8734174200197,0.0,76428.74904901309,0,10,0
2713,1236.511341300763,1048.6590406738483,187.85230062691542,149922.19925408336,2,19,9
2714,576.1055200891751,576.1055200891759,0.0,70988.75155242308,0,19,0
2715,1233.2251365755733,1108.6468917284376,124.57824484713686,157613.31055497302,2,19,0
2716,1185.7382502173111,1097.7940129100455,87.9442373072668,146889.10188446735,1,22,3
2717,682.3644900640616,682.3644900640624,0.0,84761.24037962903,0,22,0
2718,723.9842251646159,723.9842251646165,0.0,85979.55318224472,0,22,0
2719,855.4156450129697,855.4156450129698,0.0,103967.9909608393,1,22,0
2720,641.604744947873,641.6047449478741,0.0,75567.04547203689,0,22,0
2721,759.2040956294439,759.2040956294446,0.0,90488.34212047498,1,22,0
2722,511.5156039560975,511.51560395609897,0.0,61642.7529317511,0,22,0
2723,523.5294261275936,523.529426127594,0.0,63074.23967314409,0,22,0
2724,2039.0804496454498,954.9458160852544,1084.134633560196,142857.27455531945,2,22,0
2725,269.7858160852543,269.7858160852543,0.0,35245.66496341946,0,18,0
2726,694.8453177176946,694.845317717695,0.0,109277.7537224621,0,18,0
2727,463.3257951166346,463.32579511663454,0.0,60567.699291931756,0,18,0
2728,888.007354843918,783.3816124804144,104.62574236350383,125368.96874064287,1,18,0
2729,506.3511992386632,506.351199238663,0.0,62668.29283621261,0,19,1
2730,386.28819916305633,386.28819916305656,0.0,46158.71145629059,0,19,0
2731,703.5506196178923,703.5506196178927,0.0,84830.27324656927,0,19,0
2732,1874.567428444012,877.737042461262,996.8303859827506,121007.84669088725,1,21,2
2733,254.73704246126186,254.73704246126206,0.0,21004.83440544724,0,14,0
2734,533.8390732973554,533.8390732973561,0.0,51661.48284108938,0,16,2
2735,432.0581102021851,432.05811020218556,0.0,41508.77372227024,0,16,0
2736,771.6601880090714,771.6601880090725,0.0,89726.9345253799,1,16,0
2737,742.2228104652784,742.2228104652786,0.0,88979.69336826593,1,16,0
2738,795.9973898988287,795.9973898988299,0.0,94857.6363181865,1,16,0
2739,668.2846911419124,668.2846911419132,0.0,71719.13901900852,0,16,0
2740,378.288055835606,378.28805583560677,0.0,34619.26866013343,0,16,0
2741,574.9819897064876,574.981989706488,0.0,56338.39123700925,1,17,1
2742,521.1136948438924,521.1136948438929,0.0,53664.907394299946,0,21,4
2743,488.5673107253954,488.56731072539526,0.0,55718.59532611366,0,20,0
2744,1269.8869833666763,1081.2673107253952,188.61967264128145,152979.20762075367,1,23,3
2745,679.0630469607096,679.0630469607092,0.0,77794.63241094128,0,23,0
2746,1107.481545352954,1107.4815453529548,0.0,146419.7427965,1,23,0
2747,641.3509382056682,641.3509382056691,0.0,73014.92924506457,0,22,0
2748,1022.0936047357392,1022.0936047357391,0.0,142829.61733220576,1,22,0
2749,496.43223339358445,496.4322333935848,0.0,56666.57778320594,0,21,0
2750,832.3984234412235,832.3984234412244,0.0,102600.31199400035,0,21,0
2751,612.761483414177,612.7614834141771,0.0,69368.20381909299,0,21,0
2752,389.75139585824337,389.7513958582434,0.0,40939.890558902436,0,21,0
2753,707.2431473771877,707.2431473771877,0.0,78050.27443509687,0,22,1
2754,1482.3335728122884,1225.6128026528963,256.72077015939203,155409.12126153315,1,22,0
2755,1227.0809365908608,942.5682179167296,284.51271867413345,121535.84869923862,2,22,0
2756,1260.9523089388545,1115.4601048252698,145.4922041135863,138195.30748411693,3,22,0
2757,671.5599082589562,671.5599082589563,0.0,71586.57327605892,0,12,0
2758,431.2222083834013,431.22220838340195,0.0,41406.5192083263,0,11,0
2759,573.9001689830005,573.9001689829964,0.0,57114.24983926935,0,11,0
2760,404.430480733284,404.43048073328225,0.0,34587.52376992784,0,6,0
2761,719.8745595254819,719.8745595254834,0.0,89271.83101033031,0,17,11
2762,797.1367283548238,797.1367283548248,0.0,97001.23932687432,0,17,0
2763,875.9829232374977,846.2555671592605,29.727356078238017,103157.1363665044,2,17,0
2764,929.5397488614929,773.456800444825,156.0829484166684,94112.99750866977,1,17,0
2765,881.0793401708869,841.8827683903528,39.196571780534285,105328.70830072138,2,18,1
2766,727.7833484575234,727.7833484575243,0.0,78222.78082586765,1,18,0
2767,772.1362516920581,772.1362516920587,0.0,90987.49694282541,1,18,0
2768,553.9792972066942,553.979297206694,0.0,54425.9262480422,0,19,1
2769,350.45152227224526,350.45152227224565,0.0,34138.18737034188,0,17,0
2770,1371.3126461018448,961.0515222722456,410.2611238296001,130533.28369055192,2,21,4
2771,545.8777231986558,545.8777231986562,0.0,60323.75385019703,0,21,0
2772,1067.5914903459568,1048.264921498561,19.32656884739572,133650.6920976068,1,21,0
2773,757.637537383475,757.6375373834753,0.0,84654.43308287617,0,21,0
2774,1052.4850475639005,975.428307770613,77.05673979328782,139632.93814474746,3,20,0
2775,844.8100542149017,844.8100542149016,0.0,119212.99136290363,0,20,0
2776,403.19828280346087,403.19828280346087,0.0,44737.942139259074,0,20,0
2777,169.4788214200883,169.4788214200884,0.0,22791.949159932752,0,15,0
2778,575.6115937575973,575.6115937575973,0.0,74670.6304854724,0,19,4
2779,1053.7037281646087,1043.6243409601711,10.07938720443795,151150.37106122577,1,19,0
2780,895.4487318714099,895.4487318714104,0.0,114585.4560475367,0,19,0
2781,491.5434396861164,491.5434396861166,0.0,60348.608403413775,0,19,0
2782,1464.3017227702167,1062.8234396861167,401.4782830841008,153566.1434646338,3,19,0
2783,541.4393299338886,541.439329933889,0.0,65141.32286476916,0,10,0
2784,423.3272529635111,423.3272529635115,0.0,47390.43245886081,0,7,0
2785,1039.497916701775,861.3172529635115,178.18066373826406,126657.94499784081,1,17,10
2786,894.9576439198856,894.9576439198863,0.0,124282.65621258653,0,17,0
2787,821.3064224556962,821.3064224556967,0.0,120094.46741527042,1,16,0
2788,684.5910438817131,684.5910438817144,0.0,81782.96751585678,0,16,0
2789,556.463991439512,556.4639914395126,0.0,64637.41938739527,0,16,0
2790,1033.4233896707542,945.922477790701,87.500911880054,137695.10612668784,3,16,0
2791,678.2949703740944,678.294970374095,0.0,81022.61112639244,0,16,0
2792,472.3805963066892,472.38059630668937,0.0,54285.82623609929,0,16,0
2793,272.3639082916386,272.3639082916387,0.0,32313.026251950196,0,16,0
2794,698.7807326195511,698.7807326195516,0.0,84357.55637964871,0,21,5
2795,572.535155918842,572.5351559188427,0.0,69462.8389666203,0,22,1
2796,1863.7170820419474,1114.6152025260728,749.1018795158757,160553.74954386486,4,22,0
2797,436.9052025260723,436.9052025260724,0.0,53883.7965664148,0,20,0
2798,1018.51262466489,1018.5126246648907,0.0,147065.26137419796,0,20,0
2799,489.30812108035724,489.3081210803577,0.0,60245.06439551167,0,20,0
2800,2116.7013795588473,1082.9381210803576,1033.7632584784901,156287.5693000817,2,20,0
2801,845.2043419814778,845.2043419814783,0.0,94582.0620859824,1,21,2
2802,732.8553591567469,732.8553591567487,0.0,77949.89512730062,0,20,0
2803,969.7680913218477,969.7680913218478,0.0,117862.96883429088,1,20,0
2804,728.9523647980915,728.9523647980916,0.0,77456.56889186567,0,20,0
2805,960.0888700593507,917.2151517280079,42.87371833134295,110159.00521204551,3,20,0
2806,725.574841915298,725.5748419152986,0.0,77029.66060152494,0,12,0
2807,548.4870542784017,548.487054278402,0.0,53787.13162184663,0,12,0
2808,660.0084061717739,660.008406171774,0.0,68194.87669131519,0,11,0
2809,681.060736161946,681.0607361619466,0.0,70444.115234073,1,22,11
2810,1144.168973445672,941.1223242209821,203.04664922469212,129571.60279398093,1,22,0
2811,330.5547802331996,330.5547802332002,0.0,34705.06205397376,0,20,0
2812,547.701173420142,547.7011734201421,0.0,60970.15873777268,0,20,0
2813,499.74012705913503,499.74012705913503,0.0,54428.146527980294,0,20,0
2814,370.22125295269564,370.2212529526957,0.0,40039.51164479114,0,20,0
2815,1101.2729578683488,1005.2583972934885,96.01456057486048,138876.9869059187,3,22,2
2816,1085.5139770173857,1073.5975866819801,11.916390335406032,134644.83966240342,2,23,1
2817,1169.9964558525069,1096.283506657696,73.7129491948109,137322.53713902584,1,23,0
2818,1059.7668952606505,941.336500800782,118.43039445987084,118193.36640723312,2,21,0
2819,1045.3410132218785,1033.0741950171946,12.266818204684512,139387.21906487268,2,21,0
2820,443.4690053703927,443.46900537039284,0.0,46129.370844418714,0,20,0
2821,753.6897381306738,753.6897381306742,0.0,85200.140082272,0,18,0
2822,830.0923201217005,830.0923201217005,0.0,108496.2456063026,0,18,0
2823,334.91516893476614,334.9151689347665,0.0,30107.64254948325,0,15,0
2824,289.7822573235826,289.782257323583,0.0,23551.46329460084,0,15,0
2825,281.8288974519955,281.82889745199566,0.0,25109.564173899802,0,15,0
2826,1519.849761012438,854.6288974519956,665.2208635604433,116149.94309765981,1,18,3
2827,405.42100679819094,405.4210067981913,0.0,40731.21883962769,0,18,0
2828,200.28538795247132,200.28538795247167,0.0,25971.357866639635,0,15,0
2829,558.7329494092259,558.732949409226,0.0,84729.12472729779,0,17,2
2830,432.70150445304324,432.7015044530433,0.0,56409.810643942365,0,17,0
2831,338.1175402323578,338.1175402323579,0.0,44411.32295809691,0,17,0
2832,1421.3650437189444,1028.4575402323578,392.90750348658656,152719.55231439695,1,22,5
2833,178.2288173762622,178.2288173762622,0.0,9718.973847302983,0,24,0
2834,783.0266312205396,783.0266312205404,0.0,83644.20181745104,1,24,0
2835,633.1239488379202,633.123948837921,0.0,63571.082314133026,1,24,0
2836,1324.6802596635484,879.9070969379054,444.7731627256437,97717.03640628433,3,24,0
2837,965.9099900472952,965.0214509036783,0.8885391436175496,126726.77963178021,2,24,0
2838,580.9540480957272,580.9540480957277,0.0,56790.17211144633,1,24,0
2839,2030.4290093583336,1126.891930563831,903.5370787945036,139494.07889649825,4,24,0
2840,659.679319659199,659.679319659199,0.0,67352.48529134496,1,24,0
2841,452.9353453746963,452.9353453746975,0.0,40564.110885312635,0,24,0
2842,859.329239386732,859.3292393867323,0.0,94249.91708873276,1,24,0
2843,452.08568043418836,452.0856804341887,0.0,40456.71590393057,0,24,0
2844,939.9930868410671,939.9930868410668,0.0,105884.90664099657,1,24,0
2845,498.75959987003466,498.7595998700342,0.0,46356.15281118833,0,24,0
2846,932.7732516014715,932.7732516014721,0.0,103945.46410988948,1,24,0
2847,341.28634887974545,341.2863488797466,0.0,26452.028194550832,0,24,0
2848,428.8240820295257,428.8240820295265,0.0,37516.52288373866,0,24,0
2849,754.8096606428712,754.8096606428729,0.0,79847.68839501007,1,24,0
2850,279.351082173656,279.351082173656,0.0,19432.201498975428,0,24,0
2851,531.7325242206657,531.7325242206662,0.0,50523.82694709867,0,24,0
2852,1440.7159929538986,1155.7864225259052,284.9295704279928,143146.2519806941,4,24,0
2853,973.7421993578743,886.7985646913633,86.94363466651066,117381.13584715137,2,24,0
2854,847.8152710125618,847.8152710125622,0.0,92672.50134162657,1,24,0
2855,1214.2717611886355,1120.6072240085373,93.66453718009865,138699.71171560299,2,24,0
2856,470.58201332436164,470.5820133243619,0.0,42794.59432125952,0,24,0
2857,1694.3134753767538,758.0673309458122,936.246144430942,102619.86634039883,1,15,0
2858,317.89531762145134,317.8953176214503,0.0,28835.183757149298,0,15,0
2859,2141.9989210045514,719.9208380673723,1422.0780829371797,98843.00263048896,2,15,0
2860,238.6908380673723,238.69083806737237,0.0,21824.186677258946,0,14,0
2861,638.1779115017179,638.1779115017175,0.0,84497.03192458847,0,14,0
2862,753.7639112961007,753.7639112960994,0.0,102195.74422085576,0,14,0
2863,448.3216250055056,448.3216250055059,0.0,43240.06322111505,0,14,0
2864,784.9695744024367,747.6287017470615,37.34087265537573,100735.73450208639,1,14,0
2865,1143.1433620503462,903.1917328276813,239.95162922266684,118074.65266698175,2,21,7
2866,521.3272074294312,521.3272074294342,0.0,56951.006822896365,0,21,0
2867,729.7028489364313,729.7028489364318,0.0,80175.0878558918,1,22,1
2868,622.6755880467392,622.6755880467392,0.0,69789.64406549494,0,22,0
2869,1526.1394071660332,1077.086358652727,449.0530485133082,152159.15289541834,5,22,0
2870,419.3563586527257,419.3563586527267,0.0,49364.812788348245,0,19,0
2871,583.1148426151715,583.1148426151718,0.0,68839.37335105648,0,20,1
2872,790.4304709190699,790.43047091907,0.0,96123.80130349274,0,20,0
2873,534.6698110325773,534.6698110325765,0.0,62483.58099868336,0,20,0
2874,714.047033342679,714.0470333426807,0.0,82169.37637173715,0,21,1
2875,1616.356961245451,1090.993300998431,525.3636602470197,139522.47115622056,1,21,0
2876,2157.690522838008,993.5570298094527,1164.1334930285543,139236.1795183469,2,21,0
2877,311.5870298094526,311.5870298094526,0.0,37428.5902634369,0,18,0
2878,1747.0502019409587,895.7904470015486,851.2597549394113,131047.07774047332,2,20,2
2879,1228.8272695236858,1118.4999999999998,110.32726952368608,161051.51602650003,1,20,0
2880,913.1542696029976,913.1542696029982,0.0,111894.28966766228,0,20,0
2881,275.0716324084108,275.0716324084111,0.0,19021.14197734582,0,24,0
2882,189.70878994216025,189.7087899421602,0.0,10821.67449577971,0,24,0
2883,489.9231129138448,489.92311291384453,0.0,45239.248597658516,0,24,0
2884,515.4940147046289,515.4940147046295,0.0,48471.33031695301,0,24,0
2885,1161.5662740445161,990.9857546638193,170.58051938069863,111311.74348073022,3,24,0
2886,774.0178761949416,774.0178761949417,0.0,82705.58627141056,1,24,0
2887,461.218913305469,461.21891330546975,0.0,41611.127869642514,0,24,0
2888,505.524616705713,505.5246167057144,0.0,47211.22970383046,0,24,0
2889,617.872654090535,617.8726540905357,0.0,61842.74412448156,1,24,0
2890,372.10975312602585,372.1097531260268,0.0,30348.009736614724,0,24,0
2891,456.75216343360495,456.7521634336057,0.0,41046.54470696674,0,24,0
2892,1999.063383626374,1124.0482108763676,875.0151727500079,139134.64165443898,4,24,0
2893,531.6838650940961,531.6838650940967,0.0,50517.6765862413,0,24,0
2894,537.8685254248568,537.8685254248571,0.0,51299.39823840063,0,24,0
2895,1306.6357555775749,1136.0262708597786,170.6094847177968,140648.6308372118,3,24,0
2896,352.59376495000424,352.59376495000515,0.0,27881.25009185247,0,24,0
2897,823.9298013084173,823.9298013084177,0.0,89753.35056214419,1,24,0
2898,728.3574315268196,728.3574315268197,0.0,76496.7094590324,1,24,0
2899,1269.0325590117154,1114.8516618858177,154.18089712589781,137972.22673000075,2,24,0
2900,625.9233909388746,625.9233909388748,0.0,62812.80074371911,1,24,0
2901,284.0621916600619,284.06219166006156,0.0,19884.72378993771,0,24,0
2902,471.6316272469537,471.6316272469535,0.0,42927.26222633699,0,24,0
2903,1953.9632976692235,1129.8380242238397,824.1252734453846,142916.33268081347,5,24,0
2904,261.69978401402847,261.69978401402864,0.0,17736.718533720225,0,24,0
2905,1181.9069035530179,571.7999999999998,610.1069035530168,79076.26040199999,0,12,0
2906,289.7027667048235,289.7027667048238,0.0,20426.525237975788,0,12,0
2907,247.9650009838687,247.96500098386886,0.0,16417.43366024983,0,12,0
2908,973.395234914488,571.7999999999998,401.5952349144877,79076.26040199999,1,12,0
2909,801.8939432889883,571.7999999999998,230.09394328898912,79076.26040199999,0,12,0
2910,270.894513207113,270.8945132071132,0.0,18619.911745688423,0,12,0
2911,412.62572596059965,412.62572596060085,0.0,41918.879875091974,0,12,0
2912,373.54748340452414,373.5474834045243,0.0,37620.8081226169,0,12,0
2913,117.1371949139473,117.13719491394735,0.0,9323.91427826241,0,11,0
2914,1684.2545810367928,835.3942226357424,848.8603584010508,120950.77490656085,2,22,11
2915,453.9942226357422,453.9942226357424,0.0,53244.486734560836,0,22,0
2916,1649.0394734748943,999.08,649.9594734748952,145828.40717854002,1,22,0
2917,358.647782177521,358.6477821775212,0.0,46477.53853977044,0,20,0
2918,416.8475409837058,416.8475409837058,0.0,53833.80536382928,0,20,0
2919,922.030667051313,879.2433800164922,42.7872870348219,136626.40674617473,0,20,0
2920,355.9233800164919,355.92338001649216,0.0,46133.182658514736,0,20,0
2921,586.5407463091932,586.5407463091933,0.0,71944.81136999937,0,20,1
2922,560.5766533711038,560.5766533711053,0.0,67694.06368818061,0,20,0
2923,946.5623808424194,946.5623808424201,0.0,116027.07370882844,1,20,0
2924,1548.8752571171872,1132.846603907885,416.02865320930243,153165.3877156648,2,20,0
2925,790.204242895026,790.204242895027,0.0,96063.75745082389,0,15,0
2926,652.5830962380614,652.5830962380621,0.0,77011.86059313032,1,12,0
2927,570.4345949137183,570.4345949137183,0.0,66403.50238438057,0,11,0
2928,255.97093454619062,255.9709345461907,0.0,25678.557673874962,0,2,0
2929,547.3603871395879,547.3603871395879,0.0,82761.55227627532,0,12,10
2930,1051.8286986358542,618.4299999999998,433.39869863585426,94980.27607643002,0,12,0
2931,310.9896428028583,310.9896428028582,0.0,33185.298695351084,0,12,0
2932,948.4186271799356,641.7999999999998,306.6186271799359,97934.17071800002,1,12,0
2933,527.5344746166974,527.5344746166973,0.0,70761.92428253354,0,12,0
2934,363.7224552970117,363.72245529701195,0.0,39298.01166475513,0,12,0
2935,810.3281642101717,523.4200802913734,286.9080839187983,86309.0029413976,0,12,0
2936,100.82008029137356,100.82008029137361,0.0,12743.341674597592,0,11,0
2937,219.08446917151014,219.08446917151034,0.0,28013.400813330176,0,15,4
2938,391.42836778180435,391.4283677818047,0.0,50457.97442404364,0,18,3
2939,1003.7827230247132,912.0083677818046,91.77435524290878,140705.9426000637,0,20,2
2940,572.3572176277693,572.3572176277695,0.0,71199.82077577083,0,21,1
2941,1158.9370187787863,1033.8436803684467,125.09333841034058,148937.29682834548,1,21,0
2942,415.999849098136,415.9998490981362,0.0,51601.166598088035,0,19,0
2943,1183.3469015141952,987.2798490981362,196.06705241605948,144818.7016593081,1,19,0
2944,763.1498143101419,763.1498143101425,0.0,92844.30103119487,0,19,0
2945,495.1765212926183,495.17652129261865,0.0,57729.3448859348,0,19,0
2946,360.71483750997567,360.7148375099757,0.0,44166.29560438231,0,19,0
2947,1587.0713006243166,981.5051567006603,605.5661439236561,143422.0116643928,1,20,1
2948,1031.2975268626312,932.7234546567397,98.57407220589204,136986.76106302068,0,20,0
2949,295.53345465673965,295.5334546567396,0.0,35354.559987260676,0,16,0
2950,1116.9615583783225,908.3234546567397,208.6381037215833,130959.99234410071,1,19,3
2951,384.31249305693603,384.3124930569363,0.0,43847.927834011425,0,19,0
2952,1421.731269556166,1011.1024930569363,410.6287764992302,137777.5691592514,2,20,1
2953,1279.9610141466187,1002.4607377000234,277.500276446595,126558.04009953424,1,20,0
2954,1226.8884529098996,976.6699999999998,250.21845290990095,138951.39508457005,2,19,0
2955,536.1158601388337,536.1158601388338,0.0,59179.187954601504,0,19,0
2956,323.92774904016864,323.9277490401686,0.0,31743.509667273076,0,18,0
2957,255.30843570553338,255.3084357055335,0.0,25072.269866999755,0,17,0
2958,827.8222631239541,825.8984357055334,1.9238274184210595,116116.87789327979,0,20,3
2959,531.2099088018066,531.2099088018061,0.0,51949.77697328075,0,20,0
2960,381.57147074738344,381.5714707473831,0.0,38331.053103770064,0,20,0
2961,1263.745857935303,991.8114707473832,271.9343871879206,134512.8678847701,3,22,2
2962,741.1095878354971,741.1095878354981,0.0,80223.30393512016,0,22,0
2963,1144.5436430339216,1133.170543475242,11.37309955867996,140443.31674334017,1,22,0
2964,674.6984410445195,674.6984410445186,0.0,73844.22818279339,0,22,0
2965,539.2577052968267,539.2577052968263,0.0,53790.04307940901,0,22,0
2966,559.5426267865139,559.542626786514,0.0,55738.496871661475,0,22,0
2967,637.1470659140618,637.1470659140616,0.0,67276.12618233955,0,22,0
2968,1701.8371707956715,1119.263331283339,582.5738395123353,147294.46764565524,4,22,0
2969,562.2239487759055,562.2239487759055,0.0,61097.982156278886,0,21,0
2970,727.674386656895,727.6743866568951,0.0,76858.60482404685,0,21,0
2971,697.4293428927011,697.429342892701,0.0,75152.02324878499,0,21,0
2972,1382.7478764066666,1109.4426653047967,273.3052111018702,137288.54654099996,2,21,0
2973,1440.8450079990812,1117.2842379031797,323.5607700959021,138279.6967027392,5,21,0
2974,740.5342400627097,740.5342400627075,0.0,79530.36712108104,0,13,0
2975,626.8292135254433,626.8292135254377,0.0,63689.33463463407,0,13,0
2976,574.148709010145,574.1487090101389,0.0,55885.09956008396,0,7,0
2977,392.91474276751876,392.91474276751853,0.0,36315.3776004368,0,15,8
2978,1019.7949663372747,757.554732920846,262.24023341642913,90421.24916669188,4,16,1
2979,1039.799935458906,780.8801797139803,258.9197557449261,107548.74924361934,3,16,0
2980,238.69017971398043,238.69017971398034,0.0,26875.391406629326,0,14,0
2981,649.2873056093936,649.2873056093937,0.0,81277.51259138915,0,16,2
2982,935.7688726871174,739.6784275259006,196.09044516121776,100470.42752863214,1,16,0
2983,1252.4077271565645,754.3924773188293,498.01524983773595,104446.95973853243,4,16,0
2984,263.5231561510622,263.5231561510626,0.0,30638.353754307154,0,14,0
2985,1231.8530916237087,907.751227652052,324.10186397165876,133241.97562577762,2,20,6
2986,447.422746470565,447.4227464705658,0.0,53747.21858759668,0,20,0
2987,767.9100504746485,767.9100504746498,0.0,92363.4732773605,0,20,0
2988,461.7546887867486,461.7546887867494,0.0,56172.24540259703,0,20,0
2989,521.0240813191306,521.0240813191307,0.0,67336.4603356144,0,19,0
2990,886.6605724828878,559.6670122034072,326.9935602794806,71885.73821567938,1,19,0
2991,867.0724072812344,867.0724072812372,0.0,126968.96036865092,0,19,0
2992,627.2446554828412,627.2446554828427,0.0,81286.52870091776,0,19,0
2993,822.0916620779924,822.0916620779922,0.0,114394.65479573995,0,19,0
2994,476.95627118055927,476.9562711805596,0.0,62290.5486803475,0,19,0
2995,218.48010047881343,218.48010047881394,0.0,28760.78355940668,0,17,0
2996,470.8595847038716,470.85958470387163,0.0,57632.51277441518,0,20,3
2997,874.4036260664159,874.403626066416,0.0,110985.97193974462,0,20,0
2998,663.5085085521978,663.508508552198,0.0,78645.04954387168,0,20,0
2999,729.0771579699627,729.0771579699635,0.0,87482.4724030645,0,20,0
3000,1734.9628980226387,1107.4477018912996,627.5151961313393,153199.6466470651,4,20,0
3001,380.2646865656859,380.2646865656859,0.0,31378.76772505157,0,24,0
3002,1419.0569165980116,1113.279980949913,305.77693564809954,137773.57119320883,2,24,0
3003,725.0895996682427,704.6780781235117,20.41152154473147,73775.61777260405,2,24,0
3004,990.9356170320295,990.9356170320316,0.0,113826.88182295521,1,24,0
3005,612.3414200601374,612.3414200601374,0.0,61084.18399322332,1,24,0
3006,581.3482952808278,581.3482952808282,0.0,56795.104665197796,0,24,0
3007,493.9521274201873,493.95212742018794,0.0,45748.50338418379,0,24,0
3008,689.1240805574379,689.1240805574383,0.0,71320.12645967718,1,24,0
3009,285.11728138200226,285.1172813820024,0.0,19986.0696872303,0,24,0
3010,474.1740893567982,474.17408935679987,0.0,43248.62145623301,0,24,0
3011,436.20001858305994,436.20001858306034,0.0,38448.8181110405,0,24,0
3012,1101.3080073394347,938.642812079968,162.6651952594667,104221.90383619927,2,24,0
3013,422.42056583534827,422.42056583534884,0.0,36707.138537431936,0,24,0
3014,683.8906698597989,683.8906698597993,0.0,70871.07706192383,1,24,0
3015,734.1892761529361,734.1892761529364,0.0,77289.88867860634,1,24,0
3016,597.2822423911272,597.2822423911272,0.0,58809.105563279605,0,24,0
3017,1259.5728128170256,1096.5760960853765,162.9967167316491,151477.55346895382,1,24,0
3018,657.9147848126158,657.9147848126157,0.0,66694.27355214932,1,24,0
3019,367.6594066211898,367.65940662119056,0.0,29785.4999080411,0,24,0
3020,625.5043380568418,625.5043380568419,0.0,62376.28986626765,0,24,0
3021,795.7575233436369,795.757523343638,0.0,85789.6683073371,1,24,0
3022,433.9642501095405,433.96425010954033,0.0,38166.22399406481,0,24,0
3023,429.27120251275267,429.271202512752,0.0,37573.03750930716,0,24,0
3024,455.9941396030422,455.9941396030421,0.0,40950.73287422031,0,24,0
3025,291.7255658747059,291.7255658747057,0.0,25093.765109947057,0,14,0
3026,967.7730413706993,727.8,239.9730413707003,98794.17071800002,2,14,0
3027,499.76007206788523,499.76007206788523,0.0,47273.13730881545,0,14,0
3028,648.0585205091759,648.0585205091764,0.0,79817.91014937623,0,14,0
3029,420.5902443230025,420.59024432300237,0.0,38333.26550315591,0,14,0
3030,199.77503172135772,199.77503172135806,0.0,17089.70647904762,0,13,0
3031,762.0745666215756,633.9750317213579,128.0995349002191,90771.36774584764,1,13,0
3032,776.5125213533453,699.8,76.7125213533454,98514.17071800002,0,13,0
3033,594.2234173927789,594.2234173927793,0.0,63284.93469230436,0,18,5
3034,566.4892862053483,566.4892862053483,0.0,59132.21516869366,0,18,0
3035,427.3482057385867,427.34820573858633,0.0,42061.948907358455,0,18,0
3036,497.84317737161683,497.84317737161746,0.0,50141.7615093987,0,18,0
3037,385.0443742830287,385.0443742830289,0.0,37998.48428570377,0,18,0
3038,579.6664748179116,579.6664748179121,0.0,61196.12365549694,0,18,0
3039,931.8942692815189,931.8942692815208,0.0,123463.7429489374,0,18,0
3040,543.9252951633783,543.9252951633788,0.0,57763.029912794766,0,18,0
3041,333.5770850702526,333.5770850702527,0.0,33054.83020774403,0,18,0
3042,481.307495491848,481.3074954918483,0.0,48761.74652552119,0,18,0
3043,1359.609275267434,854.7703045215377,504.83897074589675,120895.35679192208,2,18,0
3044,291.3103045215345,291.31030452153686,0.0,34444.50089704194,0,16,0
3045,147.9230161730172,147.92301617301865,0.0,16465.149749566925,0,13,0
3046,566.9300056534131,566.9300056534134,0.0,69611.86100664815,0,18,5
3047,1404.39403014486,975.767918934828,428.62611121003306,141928.2290286438,1,18,0
3048,568.7052727500376,568.7052727500374,0.0,66541.33998475358,0,17,0
3049,512.6119898904366,512.6119898904368,0.0,62592.94499205986,0,18,1
3050,302.7781665047214,302.7781665047216,0.0,39423.13767261454,0,17,0
3051,414.0191277700267,404.8171246814601,9.202003088566336,53806.68939679954,1,17,0
3052,516.4812491076706,516.4812491076705,0.0,67257.52590453223,0,18,1
3053,1792.901754095796,925.1399999999971,867.7617540958004,143035.47979701968,4,21,3
3054,421.8122509283992,421.8122509283993,0.0,55194.86554429402,0,19,0
3055,597.2977440740938,597.2977440740922,0.0,73696.73041149582,0,20,1
3056,507.17795756025447,507.1779575602551,0.0,59790.71864762944,0,20,0
3057,867.5115787161816,867.5115787161819,0.0,111030.96739614854,0,20,0
3058,437.21402621805413,437.2140262180552,0.0,53070.38268705389,0,20,0
3059,608.9252931949585,608.9252931949591,0.0,71643.07544951688,0,20,0
3060,1314.7010261826154,1004.0757277302789,310.62529845235093,145670.84429900802,3,20,0
3061,392.142815115242,392.142815115243,0.0,47580.133180439465,0,18,0
3062,993.4916115902613,993.491611590217,0.0,143000.37564675725,0,20,2
3063,691.7947938917681,691.7947938917746,0.0,82396.97374876041,0,20,0
3064,625.3509516004378,625.3509516004293,0.0,74371.80551451718,0,20,0
3065,1107.1901321687526,1011.6612866059058,95.52884556284697,145826.72036596385,2,20,0
3066,1507.1136687222158,1029.6733023650104,477.44036635715815,153161.78275244124,3,20,0
3067,472.0087225930773,472.0087225930773,0.0,61665.19406924477,0,19,0
3068,352.1857035412788,352.1857035412793,0.0,45884.38429269898,0,19,0
3069,810.2426185195295,691.517677453883,118.7249410656469,113122.09942132603,0,19,0
3070,169.3376774538791,169.33767745387914,0.0,22772.967755205496,0,15,0
3071,515.2261652693214,515.2261652693214,0.0,55828.580239244766,0,20,5
3072,1096.9879100464136,1058.383998616636,38.60391142977687,142062.05474314126,1,20,0
3073,892.0213254615081,892.0213254615081,0.0,99731.37102454202,1,20,0
3074,774.6910238482917,774.6910238482932,0.0,83350.59588075998,0,20,0
3075,1666.4232600156693,1096.0122948139988,570.4109652016712,144094.40752874743,2,20,0
3076,1858.2920324167446,910.2623735658783,948.029658850867,127478.07082110438,1,20,0
3077,348.96237356587847,348.96237356587824,0.0,37524.002441864366,0,19,0
3078,706.3858726874603,706.3858726874604,0.0,83216.40091857404,1,22,3
3079,514.5462077561369,514.546207756137,0.0,56451.25330665755,0,22,0
3080,589.5258230821851,589.5258230821853,0.0,66508.85663888957,0,22,0
3081,1276.1631677972414,1107.9316662680494,168.231501529193,156380.94673078106,3,22,0
3082,1189.2259910035266,1108.2082668223059,81.01772418122104,156415.90817258996,2,22,0
3083,978.4698028060757,932.144563591547,46.32523921452991,131083.23013476474,1,22,0
3084,1178.9994716440815,885.5573078765614,293.4421637675208,127414.33736226796,2,22,0
3085,327.1473078765609,327.14730787656134,0.0,34487.87343131792,0,20,0
3086,667.7316342444767,667.7316342444774,0.0,87714.74039620152,0,20,0
3087,297.2370955884432,297.23709558844416,0.0,30200.164236684446,0,19,0
3088,458.5001468556725,458.50014685567305,0.0,46048.40283303078,0,20,1
3089,659.1872988833408,659.1872988833425,0.0,69359.85932877235,1,20,0
3090,639.8552309062374,639.8552309062368,0.0,69021.8291852703,0,21,1
3091,1356.137035150426,1107.6279567349457,248.50907841548252,140137.31051996513,2,21,0
3092,793.0061568343001,793.0061568343001,0.0,85552.76714038922,0,20,0
3093,1200.6234941322066,1146.5550943725825,54.06839975962494,142523.0307874635,2,22,2
3094,813.3042079473285,813.3042079473288,0.0,89440.61088811734,1,20,0
3095,548.0685668771677,548.0685668771667,0.0,55811.22839218947,0,16,0
3096,481.21643179638875,481.2164317963892,0.0,44138.75143468418,0,9,0
3097,332.68825954272495,332.68825954272495,0.0,28123.752358576945,0,15,6
3098,1232.4721501175402,767.2704074922818,465.20174262525893,104096.53269049306,3,15,0
3099,286.0704074922819,286.07040749228184,0.0,25126.041378293034,0,15,0
3100,426.66268908532237,426.66268908532317,0.0,39826.61424596953,0,15,0
3101,921.2308202314138,768.3146312196442,152.91618901177048,91832.76834407868,1,16,1
3102,675.2305945406625,675.2305945406634,0.0,73551.13294772732,1,16,0
3103,698.6493506097241,698.6493506097247,0.0,78330.65831632302,1,16,0
3104,524.9214391555433,524.9214391555462,0.0,52442.059618006715,0,21,5
3105,605.9666618393892,605.9666618393891,0.0,64582.38212232166,0,22,1
3106,1059.713276857033,1059.7132768570334,0.0,129625.87196783262,1,22,0
3107,1029.3119878708396,1029.3119878708399,0.0,138524.02439734642,1,22,0
3108,369.1352870278999,369.1352870279006,0.0,44879.24020340805,0,18,0
3109,981.5687290745446,981.5687290745462,0.0,143288.78341996804,0,20,2
3110,705.6287703119542,705.6287703119543,0.0,87939.75932788911,1,20,0
3111,1488.315236842649,922.5265476048002,565.7886892378497,115069.84628637251,3,20,0
3112,608.8393328831206,608.8393328831211,0.0,73916.61177836287,0,20,0
3113,1723.2294681019716,1140.7789519172245,582.4505161847476,163447.94056888763,2,20,0
3114,552.6193240737897,552.6193240737906,0.0,68516.43857972887,0,20,0
3115,792.4238315140099,792.4238315140104,0.0,104239.2889293104,0,20,0
3116,309.93704097736867,309.93704097736884,0.0,36731.3436998078,0,17,0
3117,240.6274001495059,240.62740014950592,0.0,28307.400627388888,0,16,0
3118,359.99039738435226,359.9903973843527,0.0,43057.9308321648,0,18,2
3119,703.214957252983,703.2149572529831,0.0,85957.13598029646,0,18,0
3120,1372.759000343153,958.4849571022686,414.27404324088553,129316.7675483397,2,18,0
3121,1069.5338821718979,965.9538642198398,103.58001795205922,141012.49552193988,2,18,0
3122,419.09386421983953,419.09386421983993,0.0,51070.29248779988,0,18,0
3123,1451.8343326254196,965.9538642198398,485.88046840557945,141012.49552193988,1,18,0
3124,843.9549650467603,843.9549650467604,0.0,116285.29692208486,1,18,0
3125,900.0763862243599,900.0763862243596,0.0,119862.4125139441,0,18,0
3126,770.9333401893041,770.9333401893043,0.0,93408.11612061635,0,18,0
3127,462.69038013830476,462.69038013830516,0.0,56545.29793168004,0,18,0
3128,887.5590791835403,887.5590791835403,0.0,120375.76724012673,0,18,0
3129,607.7539652031103,607.7539652031107,0.0,71607.58856034453,0,17,0
3130,700.7364267255208,700.7364267255213,0.0,95731.49162055677,0,17,0
3131,286.96533958058905,286.9653395805891,0.0,34541.94616321375,0,17,0
3132,1006.7445905842718,921.2387645216609,85.50582606261193,135784.55929444433,1,20,3
3133,423.0032673166055,423.0032673166053,0.0,51356.06454196187,0,20,0
3134,550.692557010609,550.6925570106094,0.0,64111.290546815435,0,20,0
3135,843.6919881642835,843.6919881642831,0.0,113810.05761162248,0,20,0
3136,323.6229952623208,323.6229952623206,0.0,39081.10082806456,0,18,0
3137,794.5071663965538,794.5071663965542,0.0,107434.27546554992,0,19,1
3138,1659.847198366062,1109.750506830395,550.0966915356676,159933.56393129914,3,19,0
3139,538.4705068303952,538.4705068303947,0.0,66716.02887007911,0,19,0
3140,584.2286175029102,584.2286175029109,0.0,68503.60374811759,0,19,0
3141,796.3496557494187,796.3496557494191,0.0,99179.92408593364,0,19,0
3142,782.529854080635,781.2708627028469,1.258991377788355,117342.25460992205,0,19,0
3143,161.33086270284696,161.33086270284707,0.0,17750.759019282043,0,12,0
3144,1032.2761600421825,769.3108627028471,262.96529733933613,106928.48702292207,1,17,5
3145,822.0973359486735,822.0973359486736,0.0,98638.86413379663,0,17,0
3146,678.9543606120409,678.9543606120413,0.0,72058.96479020825,1,17,0
3147,986.9640651840864,844.8341845120276,142.12988067205802,101607.97244321514,2,17,0
3148,1350.9106671723634,838.3267626486603,512.583904523704,102914.69097259591,1,17,0
3149,704.4624150134949,694.7633819062172,9.699033107277915,85739.49162293071,1,17,0
3150,1068.3691766280479,816.2944347371562,252.07474189089237,100798.39129191221,1,17,0
3151,1190.1769364601773,898.2938582751696,291.88307818500834,110709.62559570363,1,22,5
3152,1118.5479197031568,906.3298902666769,212.21802943648245,114006.69370945815,2,22,0
3153,358.66560452793567,358.6656045279361,0.0,35537.390810748504,0,19,0
3154,332.91822255769375,332.918222557694,0.0,31868.35594755595,0,18,0
3155,1221.2157221018733,931.5282225576941,289.68749954417865,126349.57052924596,1,20,2
3156,766.5080356126663,766.5080356126662,0.0,91651.45164536273,1,20,0
3157,500.7502298566409,500.75022985664106,0.0,54847.552065027914,0,19,0
3158,496.38875865918544,496.3887586591848,0.0,54679.16105425236,0,19,0
3159,267.04371087959197,267.04371087959214,0.0,26219.879226475925,0,18,0
3160,315.9693495785578,315.96934957855797,0.0,31107.024198726398,0,18,0
3161,723.3328808027067,723.3328808027064,0.0,89159.57312158846,1,20,2
3162,921.4661606480747,921.4661606480751,0.0,108761.13866903141,0,21,1
3163,566.3325600105051,566.3325600105053,0.0,62409.36124322917,0,21,0
3164,1548.308594319002,1101.6686143569289,446.63997996207405,143152.1111330868,3,21,0
3165,861.5783730628724,788.3807485348525,73.19762452802084,101528.66210859423,2,21,0
3166,399.5007330738289,399.500733073829,0.0,41497.768656939865,0,19,0
3167,959.0414039851955,959.0414039851969,0.0,128074.1857657184,0,21,2
3168,906.1410551075688,906.1410551075693,0.0,101749.0209879642,0,20,0
3169,1016.3267584593121,944.158604152697,72.16815430661583,118177.34675837567,3,21,1
3170,464.13435297290073,464.1343529729047,0.0,48783.055919327366,0,21,0
3171,1023.4230550284976,1023.4230550285018,0.0,137040.08774653665,1,21,0
3172,852.5848486896983,852.584848689698,0.0,108113.76445984849,0,21,0
3173,340.92229458340734,340.9222945834076,0.0,32968.52226966695,0,19,0
3174,1372.9562860316396,947.9622945834076,424.9939914482346,128515.26238958696,1,21,2
3175,660.7611474157611,660.76114741576,0.0,67994.19940053523,0,21,0
3176,899.48536033207,897.2262333151198,2.2591270169517657,123479.43178250971,1,18,0
3177,305.10623331511925,305.1062333151198,0.0,36066.21214002968,0,15,0
3178,244.2657744231075,244.26577442310807,0.0,28738.91005670913,0,15,0
3179,948.2419826778682,787.5857744231078,160.65620825476103,117992.06691918914,0,16,1
3180,586.5690878561836,586.5690878561842,0.0,68465.8150880949,0,16,0
3181,850.3830188027189,850.3830188027189,0.0,110996.55319849268,1,16,0
3182,675.7564642063584,675.7564642063594,0.0,81090.6552753033,0,16,0
3183,361.84977109170154,361.8497710917021,0.0,43292.690636030355,0,16,0
3184,1068.5882982485687,1029.359771091702,39.22852715686641,148816.83628634037,2,21,5
3185,670.7372583729843,670.7372583729855,0.0,80252.37538848569,0,21,0
3186,404.50284504296286,404.5028450429631,0.0,50068.603838397896,0,19,0
3187,944.4162387740004,944.4162387740005,0.0,136901.69634091802,1,19,0
3188,703.2238571527492,703.2238571527494,0.0,83820.78310781787,0,18,0
3189,572.4369599419117,572.436959941912,0.0,70740.44560938969,0,18,0
3190,1458.8686148909749,1119.2870902248185,339.58152466615627,156113.0475651466,1,20,2
3191,868.4304312456895,868.43043124569,0.0,105521.76273590299,0,11,0
3192,752.1086975574876,752.1086975574879,0.0,89970.15639306139,1,11,0
3193,453.8611097246085,453.8611097246086,0.0,54724.335229885655,0,11,1
3194,726.1754999816072,726.1754999816083,0.0,86482.59307540735,0,12,1
3195,802.646551016054,802.6465510160546,0.0,96485.52840404064,0,15,3
3196,824.4012272174632,824.401227217464,0.0,99411.15338667078,0,16,1
3197,925.2123977180102,925.2123977180104,0.0,131742.54307493626,1,19,3
3198,390.30807217412354,390.3080721741237,0.0,47239.58714892584,0,19,0
3199,690.8231305085011,690.8231305085014,0.0,82347.44508623256,0,20,1
3200,1294.9808854178648,1051.9894986059867,242.99138681187856,139407.70772356066,2,20,0
3201,915.8493211532702,915.8493211532708,0.0,112168.01821259013,1,20,0
3202,1009.6213889135673,918.2732688082641,91.34812010530368,119737.9253541374,4,20,0
3203,446.4178550362276,446.41785503622725,0.0,54173.79597583525,0,20,0
3204,699.7511791489961,699.7511791489961,0.0,99486.79576764743,1,20,0
3205,343.8935811164487,343.8935811164489,0.0,44365.01722201933,0,20,1
3206,832.1991508748788,832.1991508748788,0.0,107771.91282909308,0,23,3
3207,463.0647418206438,463.06474182064403,0.0,49669.375386036154,0,23,0
3208,662.9471188620149,662.947118862015,0.0,75138.06403812248,0,23,0
3209,578.578855974456,578.5788559744568,0.0,64266.005858062446,0,23,0
3210,446.52875725753586,446.5287572575363,0.0,49203.82462221537,0,23,0
3211,909.0062342818527,909.0062342818536,0.0,109813.19123095465,1,24,1
3212,1221.1198177775773,965.7909501418892,255.3288676356904,130327.18202013742,2,24,0
3213,206.05095014188865,206.05095014188913,0.0,15067.43127089741,0,13,0
3214,270.48125695193204,270.4812569519323,0.0,19776.104999709194,0,13,0
3215,242.61235941714767,242.61235941714767,0.0,17694.522584305316,0,13,0
3216,609.1754126465507,609.1754126465509,0.0,80731.22433114504,0,13,0
3217,522.959827502619,522.9598275026192,0.0,59615.34578178027,0,13,0
3218,885.6853156930349,649.5999999999999,236.0853156930351,89539.005126,0,13,0
3219,346.9782884577663,346.97828845776667,0.0,28020.88949618084,0,13,0
3220,2357.9601226662685,649.5999999999999,1708.3601226662684,89539.005126,1,13,0
3221,413.59667764730995,413.59667764730983,0.0,36071.883018901324,0,14,1
3222,301.6923403511691,301.6923403511689,0.0,24328.816733706903,0,14,0
3223,558.40592422934,558.4059242293401,0.0,55260.87530702388,0,16,2
3224,657.89118541251,657.8911854125104,0.0,72304.17203541208,0,16,0
3225,328.2226155249767,328.22261552497673,0.0,30044.98228536977,0,16,0
3226,693.1457856789774,693.1457856789777,0.0,72071.54118712153,0,22,6
3227,558.2582820241164,558.2582820241172,0.0,58359.86661702115,0,22,0
3228,543.3969614245149,543.396961424516,0.0,59819.12482291692,0,21,0
3229,606.356532520312,606.3565325203131,0.0,68205.23114681446,0,21,0
3230,1231.581224891266,960.6441621424399,270.937062748827,136509.58386803372,1,21,0
3231,454.8693184579457,454.86931845794675,0.0,51059.7488168963,0,21,0
3232,1313.0302514888926,1079.2293184579466,233.80093303094685,148984.4032507963,1,22,1
3233,1762.908449937297,925.4606003423237,837.4478495949735,128069.56800329748,1,22,0
3234,200.45060034232353,200.45060034232355,0.0,23303.33374970745,0,15,0
3235,336.8495577990418,336.84955779904215,0.0,40280.24371606412,0,16,1
3236,637.7213077466731,637.721307746673,0.0,76569.03356425662,0,17,1
3237,601.8934469811929,601.8934469811934,0.0,70702.6931673641,0,17,0
3238,1462.9029766550054,910.0060937669745,552.8968828880318,133265.80060670467,1,17,0
3239,400.46609376697455,400.4660937669745,0.0,48229.44910654466,0,8,0
3240,162.41261981444785,162.41261981444814,0.0,21003.23875101265,0,6,0
3241,627.7323665932963,546.412619814448,81.31974677884813,93383.75872797267,0,15,9
3242,696.9261941344429,696.9261941344404,0.0,97483.03966892487,0,20,5
3243,503.33612085859477,503.3361208585935,0.0,64839.75555840286,0,20,0
3244,1461.5178074924709,798.9522251638233,662.5655823286469,125917.51648003251,1,19,0
3245,257.24222516382395,257.24222516382343,0.0,33339.99997288249,0,16,0
3246,375.1107857245349,375.110785724535,0.0,48550.33114489264,0,16,0
3247,556.2178403703316,556.2178403703308,0.0,72146.09239326061,0,16,0
3248,807.0824442066888,807.0824442066887,0.0,122117.35473418381,0,16,0
3249,452.43456626466883,452.43456626467145,0.0,58630.74182591098,0,16,0
3250,1049.7893421708368,697.3555979824429,352.43374418839306,113076.02171611875,0,16,0
3251,254.52559798244263,254.52559798244297,0.0,32996.62682464873,0,16,0
3252,1015.6486796107897,846.9555979824429,168.69308162834488,128967.50411411874,0,19,3
3253,1240.5361567185478,1059.8867935591609,180.64936315938766,153402.844864933,3,19,0
3254,751.7891727696432,751.7891727696438,0.0,90534.7772082692,0,19,0
3255,536.3860110808774,536.3860110808777,0.0,62267.72779285415,0,19,0
3256,938.8336611764653,855.8239360659577,83.00972511050843,127351.2478619528,0,19,0
3257,239.8039360659572,239.8039360659573,0.0,28478.717239592734,0,16,0
3258,1175.3375010165805,889.5439360659573,285.7935649506236,123605.24597807277,1,21,5
3259,901.4553792397805,872.9096451473322,28.54573409244917,122926.06634145552,1,21,0
3260,364.77082087428505,364.7708208742855,0.0,39691.40370117178,0,20,0
3261,589.1622746804347,589.1622746804348,0.0,67471.41675250982,0,20,0
3262,1000.6961436421896,903.9090944216408,96.78704922054897,130593.13407624805,2,20,0
3263,467.3876707328504,467.3876707328509,0.0,51070.97757359395,0,18,0
3264,846.9925660214448,846.9925660214452,0.0,101349.75335407846,0,19,1
3265,492.41132548177654,492.41132548177643,0.0,45553.75085574586,0,24,0
3266,849.24329391961,849.2432939196106,0.0,93362.02062344612,1,24,0
3267,846.4562106781858,846.4562106781863,0.0,92489.93278688462,1,24,0
3268,767.6201758839105,754.9162869914109,12.70388889250006,80856.82775461228,2,24,0
3269,843.9963453198648,843.9963453198654,0.0,92058.51028898204,1,24,0
3270,2326.384448842699,1123.736598278261,1202.6478505644384,139582.29904319617,4,24,0
3271,465.8671951860926,465.86719518609425,0.0,42198.65610839662,0,24,0
3272,1162.6576872724052,951.1214442099409,211.5362430624648,123549.69605818803,2,24,0
3273,475.11570216974116,475.11570216974087,0.0,43367.638360066136,0,24,0
3274,395.80848528700216,395.8084852870023,0.0,33343.45509144178,0,24,0
3275,385.2829476957501,385.2829476957502,0.0,32013.06017957001,0,24,0
3276,1039.8534486673807,1039.8534486673816,0.0,122890.07337964233,1,24,0
3277,699.0294428278713,699.0294428278715,0.0,72887.72930940763,1,24,0
3278,1184.7517450100404,1013.5277398351795,171.22400517486105,117474.34844796575,4,24,0
3279,291.1824430899217,291.18244308992166,0.0,20568.654507015162,0,24,0
3280,922.8929815221229,922.892981522124,0.0,102568.99413626922,1,24,0
3281,624.9958878959479,624.9958878959484,0.0,62583.935207711205,1,24,0
3282,573.5259224043255,573.5259224043253,0.0,55806.38128803629,0,24,0
3283,855.4256930536649,813.8992244850699,41.52646856859502,100033.11466835484,1,24,0
3284,596.2757672840551,596.2757672840555,0.0,58921.819934157495,1,24,0
3285,716.7441094492159,716.7441094492175,0.0,74941.25518672299,1,24,0
3286,1510.8345367610646,1120.4609943365099,390.37354242455496,138681.22874407368,2,24,0
3287,645.660168119673,645.660168119673,0.0,67353.03993115267,1,24,0
3288,1189.7362004382392,1119.8462732594583,69.88992717878256,143928.5698018559,2,24,0
3289,492.9488549391307,492.94885493913125,0.0,45621.69289185054,0,24,0
3290,949.0057285998079,949.0057285998089,0.0,105965.85081223298,1,24,0
3291,417.60162704971947,417.6016270497197,0.0,36098.039801577266,0,24,0
3292,806.0916920775169,806.0916920775176,0.0,87217.80529337526,1,24,0
3293,1355.7915943504827,1147.4506009651363,208.34099338534696,146310.35095589823,2,24,0
3294,1020.3403263371378,1020.3403263371381,0.0,119206.61958740777,1,24,0
3295,865.5252754985046,733.4821613930218,132.04311410548286,92181.09441171863,1,24,0
3296,573.8691397550574,573.869139755058,0.0,55849.76288380963,1,24,0
3297,487.4035432193019,487.4035432193027,0.0,44920.7828971977,0,24,0
3298,377.6720462101373,377.6720462101375,0.0,31051.06612240833,0,24,0
3299,388.97279137671194,388.9727913767123,0.0,32479.444838424304,0,24,0
3300,531.4987733666807,531.4987733666812,0.0,50494.28157289891,0,24,0
3301,576.8242498975965,576.8242498975969,0.0,56265.564088807114,1,24,0
3302,984.506489096433,984.5064890964334,0.0,111479.29067787247,1,24,0
3303,1030.7646151163271,981.1095871270348,49.65502798929219,133675.66906186327,1,24,0
3304,338.84694549093206,338.84694549093274,0.0,26143.695263492,0,24,0
3305,414.9426661736288,414.94266617362894,0.0,35761.95549331758,0,24,0
3306,624.3449406060895,624.3449406060895,0.0,62462.20386375646,1,24,0
3307,1641.9803221298364,1140.613128146749,501.36719398308793,144056.47905778638,2,24,0
3308,857.7708539934666,857.7708539934674,0.0,92668.19665773898,1,24,0
3309,1057.4012351466963,1057.4012351466965,0.0,128201.41546815187,1,24,0
3310,1165.964943503635,1027.0703701197094,138.89457338392722,119978.92083753551,3,24,0
3311,734.6378234281339,651.3245173363085,83.31330609182527,65988.037061196,2,24,0
3312,677.1427750273738,677.1427750273737,0.0,68903.22620628921,0,24,0
3313,499.6566899630892,499.6566899630896,0.0,49057.56024272476,0,17,0
3314,844.4764106056283,764.0926092035277,80.38380140210191,91440.95832982563,2,17,0
3315,805.6445333340336,726.1341222308129,79.51041110322072,90501.78533071824,1,17,0
3316,657.6567411823413,657.6567411823414,0.0,67652.07048272234,1,17,0
3317,740.0503865904817,709.4216319182198,30.62875467226211,89324.98007384672,1,15,0
3318,910.7391903786121,761.7863062032164,148.95288417539484,92142.85801764931,1,15,0
3319,1586.275354373783,742.7722652725048,843.5030891012774,99789.2521944301,2,15,0
3320,266.4097689904958,266.40976899049576,0.0,25602.398205733803,0,14,0
3321,1103.9710999947702,912.6797689904957,191.29133100427543,127067.09035504384,4,20,6
3322,725.180306104121,725.1803061041211,0.0,80798.8219066599,1,20,0
3323,1545.8296961466633,970.6504348592817,575.1792612873827,117259.3528476368,2,20,0
3324,911.8392669234815,855.9125169173512,55.9267500061307,123295.57029708261,1,20,0
3325,223.94251691735144,223.9425169173517,0.0,23882.865402632648,0,16,0
3326,853.8753099748009,717.5125169173517,136.36279305744898,109307.46331236268,0,19,3
3327,311.5276342612555,311.5276342612557,0.0,35034.15608299177,0,19,0
3328,566.9959338101526,566.9959338101525,0.0,67970.25093156398,0,19,0
3329,1073.9926143571736,1073.9926143571734,0.0,151119.15943584076,0,20,1
3330,1549.4639896177898,1068.3955153535505,481.06847426423894,135681.195038656,1,20,0
3331,1386.2345528022272,1035.9350450655945,350.2995077366333,136292.4871240717,2,20,0
3332,1258.9312300965419,1009.3986205786636,249.5326095178802,139818.50477837888,2,20,0
3333,960.4181744515669,960.4181744515702,0.0,124042.90962596351,0,21,1
3334,875.4466895662998,846.1899163776397,29.256773188660294,120195.26133929334,0,21,0
3335,145.26991637763953,145.26991637763965,0.0,15748.020283063299,0,12,0
3336,690.3258426410615,643.6699163776394,46.65592626342243,99020.4582584933,0,14,2
3337,671.146946829389,671.1469468293888,0.0,91703.0644802712,0,14,0
3338,741.5539482858998,741.5539482858998,0.0,106197.12884379947,0,14,0
3339,716.0007881112979,621.3646408334129,94.63614727788325,87238.8692545105,1,14,0
3340,885.5101608297354,784.2629720711561,101.2471887585794,116360.69201262483,1,14,0
3341,348.1413219877557,348.1413219877558,0.0,39695.4138084404,0,14,0
3342,367.418106233733,367.4181062337326,0.0,39932.98986894833,0,14,0
3343,856.495512257632,773.900756141081,82.59475611655137,115998.48539102914,0,18,4
3344,275.500756141081,275.50075614108107,0.0,32726.04741559912,0,16,0
3345,794.8529655005173,751.8127603967753,43.040205103742274,103366.6298848368,1,20,4
3346,1257.0899619019856,1136.9,120.1899619019866,162948.35173314,1,20,0
3347,580.8346941280821,580.8346941280823,0.0,70475.86532912421,0,20,0
3348,390.95982464624973,390.9598246462497,0.0,47951.52907422399,0,20,0
3349,1156.7125169930155,985.8498246462498,170.86269234676575,144153.29402365402,1,20,0
3350,512.7309770907871,512.7309770907873,0.0,59648.17103007926,0,20,0
3351,611.9502137864337,611.9502137864336,0.0,72178.37947135115,0,19,0
3352,675.699888084057,675.6998880840579,0.0,82288.40092077876,0,19,0
3353,318.12709059956694,318.12709059956677,0.0,38622.37664632834,0,18,0
3354,1027.0102500026226,969.7570905995669,57.25315940305727,139388.60980249837,0,21,3
3355,773.5991774183648,773.5991774183653,0.0,89556.19021689409,1,20,0
3356,760.546990127426,760.5469901274262,0.0,87867.19145715701,1,20,0
3357,568.3351005244297,568.335100524429,0.0,63212.78129026961,0,17,0
3358,302.9686100409964,302.96861004099634,0.0,33490.313429489965,0,16,0
3359,542.0878874870556,542.0878874870557,0.0,57656.471506964226,0,18,2
3360,894.4245617364139,894.424561736413,0.0,111503.30937834756,1,18,0
3361,268.25977215667615,268.25977215667626,0.0,18366.833556850623,0,24,0
3362,655.848709179924,655.8487091799243,0.0,66861.20397820351,1,24,0
3363,394.6165648368579,394.61656483685795,0.0,33192.80008798183,0,24,0
3364,313.9666916531491,313.96669165314916,0.0,22998.909277512954,0,24,0
3365,763.2675733546304,763.2675733546316,0.0,81017.58414511546,1,24,0
3366,587.7283314800947,587.7283314800952,0.0,57955.37345118774,1,24,0
3367,780.8434878983506,759.5124535710614,21.331034327289387,94681.41572346367,1,24,0
3368,686.8409558332828,686.8409558332827,0.0,70736.10992191178,1,24,0
3369,1177.5445612363205,1114.6553655253151,62.88919571100678,137947.4154862075,2,24,0
3370,575.7917716859919,575.7917716859915,0.0,56304.990594960895,1,24,0
3371,522.057302391831,522.057302391831,0.0,49300.90927845523,0,24,0
3372,2276.1814365788814,1185.2365892446455,1090.9448473342372,146868.66060986952,2,24,0
3373,812.4144470304973,812.4144470304984,0.0,87470.82357893113,1,24,0
3374,377.96916754351474,377.96916754351537,0.0,31088.62132628342,0,24,0
3375,372.45110350228384,372.4511035022854,0.0,30391.155352674978,0,24,0
3376,733.260317257121,733.2603172571212,0.0,77166.39677680064,1,24,0
3377,387.7215418128966,387.72154181289704,0.0,32321.29082123044,0,24,0
3378,545.9116030220982,545.9116030220995,0.0,52316.017999471485,0,24,0
3379,1210.9878114385288,1088.3852202315775,122.60259120695116,147234.97234806512,2,24,0
3380,1173.631367321517,1114.8438471800605,58.787520141452205,137971.2389757234,2,24,0
3381,502.39477774552427,502.3947777455246,0.0,46815.627883826965,0,24,0
3382,493.50531142031423,493.5053114203138,0.0,45692.027244355115,0,24,0
3383,244.35219953918033,244.3521995391804,0.0,16070.408571730899,0,24,0
3384,1224.8222377334387,1121.6542458851811,103.16799184825781,143504.41872224407,2,24,0
3385,311.7007493876671,311.70074938766743,0.0,22712.501287948835,0,24,0
3386,891.5714233589799,891.5714233589808,0.0,98248.74548275133,1,24,0
3387,792.1128624683832,792.112862468384,0.0,85088.61579872695,1,24,0
3388,1732.7898573862387,1145.2200706959004,587.5697866903389,141810.6982771599,2,24,0
3389,682.7165815752859,682.7165815752866,0.0,70244.40027776675,1,24,0
3390,898.0383817711684,898.0383817711687,0.0,99400.97738247301,1,24,0
3391,503.09046935480774,503.0904693548084,0.0,46903.56111946448,0,24,0
3392,646.0067821990684,646.00678219907,0.0,65298.37302165451,1,24,0
3393,379.4032169701245,379.40321697012416,0.0,31269.880672325624,0,24,0
3394,333.04515939527295,333.04515939527323,0.0,25410.367712807194,0,24,0
3395,1731.1594861380038,907.8454121495743,823.3140739884298,100823.36490291388,2,24,0
3396,1347.5592824035386,1113.7030413094465,233.856241094092,139874.00834247857,2,24,0
3397,618.9501526119818,618.9501526119822,0.0,61707.68355273324,1,24,0
3398,550.6117577670283,550.6117577670284,0.0,53529.5351323912,1,24,0
3399,357.5249910481894,357.5249910481898,0.0,28504.54159154429,0,24,0
3400,569.1411013658497,569.1411013658509,0.0,55252.15367272636,0,24,0
3401,172.58771614816118,172.58771614816135,0.0,9177.121857096321,0,24,0
3402,838.4307016753207,833.6081201152591,4.822581560062417,104723.28522182847,1,24,0
3403,346.6466444740477,346.6466444740479,0.0,27129.55273170265,0,24,0
3404,1093.7573554485907,1026.6892534688864,67.06810197970549,125063.4136172539,2,24,0
3405,465.6011374104923,465.60113741049236,0.0,42165.0272407159,0,24,0
3406,388.2624715322019,388.2624715322023,0.0,32389.662639772236,0,24,0
3407,270.8377103987653,270.83771039876535,0.0,18614.455592092156,0,24,0
3408,1350.2811858434793,1086.9930567958281,263.2881290476514,147059.0072597874,3,24,0
3409,614.6353345222952,614.6353345222965,0.0,64479.01121673768,0,20,0
3410,615.6400258490085,615.6400258490074,0.0,64575.51613180814,0,20,0
3411,1044.2042841531547,1041.0037251073502,3.2005590458049937,136671.9241202373,1,20,0
3412,605.4824964654603,605.4824964654605,0.0,63599.84182824481,0,20,0
3413,1093.1651583454357,1053.5299999999997,39.635158345436245,142599.18150140002,0,20,0
3414,624.5206935162947,624.520693516295,0.0,64626.4218109526,0,20,0
3415,346.2775683415576,346.27756834155764,0.0,31739.935981647504,0,18,0
3416,483.38191802065546,483.3819180206556,0.0,45982.57911468258,0,18,0
3417,682.4788506979573,682.478850697955,0.0,72100.4800975992,0,18,0
3418,583.0815555809638,583.0815555809639,0.0,58182.17801397145,0,18,0
3419,422.52887459694773,422.5288745969479,0.0,43337.26284452401,0,18,0
3420,983.9061867388007,940.1188745969479,43.78731214185228,127536.32400952403,0,18,0
3421,686.9091905419431,686.9091905419436,0.0,97281.93061830298,0,18,0
3422,138.17123443449879,138.17123443449884,0.0,18303.061087695765,0,14,0
3423,1713.9992753169656,713.5912344344987,1000.4080408824658,115458.2951067658,2,20,6
3424,1002.7633677337233,967.8999999999999,34.86336773372387,148461.31329997006,0,20,0
3425,614.4278704156743,614.4278704156752,0.0,79589.04434039653,0,20,0
3426,366.49056305186065,366.4905630518607,0.0,47468.84142379778,0,20,0
3427,560.9837741091608,560.9837741091613,0.0,72492.43391303308,0,20,0
3428,355.27455001641016,355.27455001641033,0.0,46051.17258318177,0,20,0
3429,756.7018521242679,756.7018521242684,0.0,95271.13527813762,0,21,1
3430,1923.418067104258,853.2045115652109,1070.2135555390478,126016.52424068669,3,22,1
3431,134.0445115652109,134.04451156521094,0.0,13821.025207806659,0,11,0
3432,509.59329248081343,509.59329248081326,0.0,78804.01299018016,0,11,0
3433,499.83103354863783,499.8310335486383,0.0,72863.53320039152,0,11,0
3434,959.1040730941589,563.6999999999998,395.40407309415946,88062.5758739,0,11,0
3435,560.5272094788742,560.5272094788754,0.0,87307.5397240447,0,11,0
3436,639.6223384675948,563.6999999999998,75.92233846759498,88062.5758739,0,11,0
3437,487.5725733169222,487.57257331692233,0.0,69946.3596413792,0,11,0
3438,964.4078507074386,563.6999999999998,400.70785070743875,88062.5758739,0,11,0
3439,1596.0220259023044,878.2919205334597,717.7301053688451,125761.78167565932,1,22,11
3440,1174.051600821942,941.9520179943736,232.0995828275698,141214.89926416433,4,22,0
3441,405.09754768892367,405.09754768892367,0.0,52348.643094597755,0,21,0
3442,493.4854996485398,493.4854996485401,0.0,63595.347491008295,0,21,0
3443,983.6426598853434,943.8156998216143,39.82696006372865,134111.50630411835,2,21,0
3444,548.7113326358447,548.7113326358452,0.0,70589.78339050915,0,21,0
3445,355.30793310248663,355.3079331024868,0.0,46055.39210047232,0,20,0
3446,423.10324598269614,423.1032459826972,0.0,46616.402802243785,0,22,2
3447,487.014440420126,487.01444042012565,0.0,49884.818601905856,0,22,1
3448,842.1525528621992,842.1525528622002,0.0,95814.35542460524,1,22,0
3449,703.9828279145135,703.9828279145147,0.0,74808.95344264935,0,22,0
3450,991.2517315905579,991.251731590559,0.0,122430.59189054495,1,22,0
3451,957.7688553660307,957.7688553660354,0.0,107196.55540067545,0,22,0
3452,1473.6913768101049,1107.6578615175702,366.03351529253564,138195.65660908935,2,22,0
3453,590.4759497741549,590.4759497741544,0.0,63291.26719030678,0,20,0
3454,700.6012756876935,700.6012756876953,0.0,73512.0205716901,0,20,0
3455,518.7448189105558,518.7448189105551,0.0,56123.04085695182,0,20,0
3456,1668.2719907979274,991.1618604075725,677.1101303903534,122234.56152002158,2,20,0
3457,821.3078470399322,821.3078470399247,0.0,89130.0119433746,0,22,2
3458,1180.400382904404,1151.9630489193473,28.437333985059123,155271.01032339502,1,22,0
3459,894.060706307337,846.2569296097512,47.803776697585576,106147.7714017781,2,21,0
3460,1031.4601478699792,1022.6582652630749,8.801882606904435,138927.29155695805,1,21,0
3461,746.1719512965202,746.1719512965207,0.0,82039.19875463846,0,21,0
3462,361.49209261959254,361.49209261959265,0.0,35559.4574926571,0,19,0
3463,845.2235634434857,845.2235634434861,0.0,105625.08627552193,0,20,1
3464,1042.7133522018457,1012.0024843738436,30.710867828003074,137580.43430105544,2,20,0
3465,565.2463866749108,565.2463866749116,0.0,58929.09214316326,0,20,0
3466,725.4086279101422,410.08285121744234,315.3257766927004,42300.51979093474,1,20,0
3467,563.8424119392339,563.8424119392341,0.0,61920.50797285882,0,20,0
3468,2299.9299587740265,1125.0824119392337,1174.8475468347938,151866.99254043878,3,20,0
3469,760.9349023327974,760.934902332797,0.0,82353.6403249304,0,20,0
3470,530.3519793191264,530.3519793191266,0.0,54323.643515883516,0,20,0
3471,233.79292917894756,233.79292917894756,0.0,27901.334222842885,0,16,0
3472,1657.830728992188,866.0529291789476,791.7777998132407,128826.54986784291,1,20,4
3473,711.5920431727668,711.592043172767,0.0,85736.88774184295,1,20,0
3474,422.9801511709929,422.98015117099294,0.0,50631.032789522855,0,20,0
3475,507.6823511311938,507.6823511311941,0.0,58767.0427222446,0,20,0
3476,417.7106322111764,417.71063221117663,0.0,50124.8728713876,0,20,0
3477,446.69984112915654,446.69984112915665,0.0,55477.182870839104,0,20,0
3478,1074.7273239947067,834.2215826981484,240.50574129655865,114920.10641111851,2,20,0
3479,462.93052922224405,462.9305292222442,0.0,57036.21014052415,0,20,0
3480,983.6151592441453,983.6151592441453,0.0,135599.23861979757,0,20,0
3481,540.725699549084,540.7256995490843,0.0,67111.87258114423,0,20,0
3482,165.56444045876532,165.56444045876532,0.0,21820.782659849338,0,15,0
3483,282.74115397634034,282.74115397634046,0.0,37298.71343618553,0,15,0
3484,979.146374007144,752.5311539763404,226.6152200308042,120837.19287305554,0,17,2
3485,564.1980458378613,564.1980458378614,0.0,78454.69989150457,0,17,0
3486,283.3773405623101,283.3773405623101,0.0,36716.06563146812,0,17,0
3487,221.8164984651047,221.8164984651048,0.0,28679.238641360567,0,16,0
3488,937.5743982785369,757.6064984651048,179.96789981343284,117033.50774277058,0,17,1
3489,1281.8619952512904,909.0767277924723,372.7852674588189,121047.04276673985,1,17,0
3490,1703.6877296861303,1050.3400000000001,653.347729686131,151178.16810434003,5,18,1
3491,683.5904158932725,683.590415893273,0.0,80852.3944739742,0,18,0
3492,705.9422965431754,705.9422965431756,0.0,83956.82047184135,0,18,0
3493,1495.0078253466409,783.3257090511046,711.6821162955366,117259.94526077759,1,18,0
3494,185.44570905110442,185.44570905110461,0.0,21015.730178267557,0,14,0
3495,1974.4716373368021,827.4457090511046,1147.0259282856973,115163.8663554176,0,20,6
3496,522.6521783930747,522.6521783930752,0.0,56381.88258642982,0,20,0
3497,1107.177061710257,1080.562178393075,26.61488331718187,145781.57096204982,1,20,0
3498,879.5956884124346,879.5956884124344,0.0,97927.74122286012,0,20,0
3499,1311.3107354654235,922.5664440926275,388.7442913727973,123782.33470786273,2,20,0
3500,386.0627318145266,386.0627318145265,0.0,36427.03006592099,0,19,0
3501,648.8542448996482,648.8542448996484,0.0,68433.38087970816,0,19,0
3502,378.0522794147454,378.0522794147451,0.0,38347.79025989582,0,19,0
3503,1390.7156211757592,1048.9771778411762,341.73844333458305,140169.94074220347,1,23,4
3504,725.8034289578892,725.8034289578894,0.0,76572.04944204217,1,23,0
3505,782.3193803413193,782.3193803413224,0.0,100834.15693234552,1,22,0
3506,286.2926734383665,286.2926734383666,0.0,28854.45979536902,0,18,0
3507,456.77552848636,456.77552848635946,0.0,49143.944120153596,0,18,0
3508,1300.5207461520804,916.3399999999999,384.18074615207934,130906.22364434002,2,19,1
3509,928.9141416836699,923.6813070404756,5.232834643194721,130039.03937701379,1,19,0
3510,559.7658044976805,559.7658044976806,0.0,61866.58719302651,0,19,0
3511,771.2397598010805,771.2397598010803,0.0,99756.47860215479,0,19,0
3512,430.8995465945828,430.8995465945826,0.0,45610.415516915724,0,18,0
3513,284.3753710611525,284.3753710611529,0.0,26576.35371919997,0,18,0
3514,439.19146555939,439.1914655593905,0.0,46158.255382376774,0,20,2
3515,467.87257943473713,467.8725794347379,0.0,49769.82485988403,0,20,0
3516,403.43748305236807,403.43748305236863,0.0,41877.05851420009,0,21,1
3517,691.8978284582811,691.8978284582817,0.0,80059.80011994673,0,22,1
3518,449.7459437062783,449.7459437062786,0.0,47981.930153876325,0,22,0
3519,738.7783110650824,738.7783110650823,0.0,86348.92083497133,0,22,0
3520,1579.4469105211256,1060.5181314749168,518.9287790462089,139288.294993172,1,22,0
3521,934.3400480058767,934.3400480058777,0.0,107592.09599746508,1,23,1
3522,893.9149061116209,893.9149061116215,0.0,98743.45797148162,1,23,0
3523,886.1388140183984,886.1388140183975,0.0,111847.3475193548,0,23,0
3524,273.5003384659804,273.50033846598035,0.0,23904.50408693045,0,15,0
3525,506.3407540414568,506.34075404145744,0.0,48898.8104842283,0,15,0
3526,285.9855579486829,285.98555794868304,0.0,24771.115160966812,0,15,0
3527,803.4384577969851,803.4384577969859,0.0,109042.2527941241,0,16,1
3528,534.7510046784548,534.7510046784552,0.0,51395.09956389448,1,16,0
3529,358.29920999092167,358.29920999092224,0.0,34562.92404186099,0,16,0
3530,891.852868462287,857.6478179881342,34.2050504741521,115073.78325202328,1,16,0
3531,1461.73863788128,883.3970329718305,578.3416049094483,117733.38332713002,3,16,0
3532,361.81164398883584,361.81164398883607,0.0,43694.15588283535,0,14,0
3533,435.16944361973367,435.16944361973395,0.0,50169.46748458606,0,14,0
3534,155.34216182175282,155.34216182175282,0.0,16476.03471120006,0,11,0
3535,1004.4002416957547,789.5321618217528,214.86807987400192,117512.42879195006,1,19,8
3536,834.3544559731736,834.3544559731724,0.0,111686.33680622924,0,19,0
3537,365.65416660709985,365.6541666070992,0.0,44077.97789250911,0,19,0
3538,611.6910423139244,611.6910423139238,0.0,72383.39993831888,0,19,0
3539,1284.1153529815745,926.547342336759,357.5680106448163,135741.3934548588,2,19,0
3540,795.1738475758553,795.1738475758574,0.0,96419.35838121228,0,19,0
3541,590.025351750612,590.0253517506123,0.0,69173.22415287825,0,18,0
3542,537.280669101294,537.280669101294,0.0,66263.30798452329,0,20,2
3543,1101.7425116167876,1083.053900948735,18.688610668053574,152477.05349029214,2,20,0
3544,1327.2061851659544,1108.0837280597846,219.12245710617015,158706.62267561478,2,20,0
3545,693.7069360467788,693.7069360467791,0.0,84932.55907951399,0,20,0
3546,307.6461101070408,307.64611010704067,0.0,37001.49989885195,0,18,0
3547,1127.7629309367558,828.5403342238458,299.22259671291044,124176.78891051524,0,18,0
3548,296.8903342238457,296.8903342238458,0.0,35968.36145072522,0,18,0
3549,741.3654300562649,741.3654300562654,0.0,93172.38496046267,0,20,2
3550,1317.7475221227794,1095.203814216548,222.54370790623182,148081.21094965495,1,20,0
3551,1018.8391245294357,1018.8391245294367,0.0,127280.26310223264,1,19,0
3552,612.3432434628475,612.3432434628478,0.0,76056.75205696071,0,19,0
3553,568.2584011795201,568.2584011795201,0.0,66296.29785389005,0,20,1
3554,504.4502219634208,504.4502219634212,0.0,59051.393794841686,0,20,0
3555,833.1477767635758,833.1477767635758,0.0,126359.15761853923,0,20,0
3556,205.76318436765754,205.7631843676577,0.0,26833.210808956203,0,15,0
3557,614.2833319630312,614.283331963032,0.0,97697.88781652196,0,16,1
3558,830.1169226131218,830.1169226131219,0.0,129900.72236184133,0,16,0
3559,794.8486017286272,794.8486017286284,0.0,118759.7378977933,0,16,0
3560,897.7062847174656,897.7062847174662,0.0,134325.6633708295,1,17,1
3561,886.7547018164187,874.7567893073381,11.997912509080933,128911.59990229407,1,17,0
3562,307.9167893073381,307.91678930733804,0.0,36495.41275821405,0,16,0
3563,1031.0185139427028,923.4767893073382,107.54172463536526,127061.55093341407,1,19,3
3564,413.5782090481847,413.5782090481865,0.0,41178.95314438253,0,19,0
3565,543.2185737343542,543.2185737343542,0.0,52801.01774643943,0,19,0
3566,427.03247471073485,427.0324747107348,0.0,41044.35253798001,0,19,0
3567,412.68907455277053,412.68907455277025,0.0,39666.60737659064,0,19,0
3568,633.7411805647628,633.7411805647629,0.0,65231.928644261825,0,19,0
3569,402.8422951664999,402.8422951665001,0.0,39107.46650936913,0,19,0
3570,1220.5772865013664,924.6262433543204,295.95104314704764,125168.59731844133,3,21,2
3571,389.06491701307885,389.06491701307937,0.0,39913.23554166148,0,19,0
3572,1313.5060387058024,1044.2949170130796,269.2111216927235,141739.76107463147,2,22,3
3573,784.87922222636,784.8792222263603,0.0,84849.19269446429,0,22,0
3574,582.4635154894105,582.4635154894106,0.0,63829.29522327622,0,22,0
3575,1200.5690883199952,1048.6371625063277,151.93192581367035,145543.11859781732,2,22,0
3576,433.41898413370006,433.4189841337005,0.0,48773.96172143912,0,20,0
3577,203.81865198082022,203.8186519808204,0.0,12176.987318230753,0,24,0
3578,625.9175125009796,625.9175125009804,0.0,62989.146474271416,1,24,0
3579,521.2254161637272,521.2254161637284,0.0,49195.76147051393,0,24,0
3580,1101.670631075144,1072.4513642984696,29.219266776674317,147434.23593982408,2,24,0
3581,571.941395827624,571.9413958276265,0.0,55606.102102570476,0,24,0
3582,821.9571199582906,800.3517140484367,21.605405909854312,98604.20201526082,1,24,0
3583,346.1096221641503,346.1096221641503,0.0,27061.674797444626,0,24,0
3584,1215.675446528238,1138.6046655562748,77.07078097196612,140974.53183326795,3,24,0
3585,462.92924851544325,462.9292485154442,0.0,41827.30887144106,0,24,0
3586,1113.7795471188747,1054.1389130878179,59.640634031057516,142906.3466242521,1,24,0
3587,1080.250768504663,996.6027647787952,83.64800372586944,113135.64893459393,2,24,0
3588,1304.1935546537518,1050.5524199479014,253.64113470585085,141914.75338023502,2,24,0
3589,593.7371284350613,593.7371284350613,0.0,58662.241606839714,1,24,0
3590,711.2774719958252,711.2774719958257,0.0,73927.77773002726,1,24,0
3591,749.1636322948352,749.1636322948357,0.0,78967.20775253554,1,24,0
3592,931.6903248908786,931.6903248908785,0.0,104047.05238523072,1,24,0
3593,543.6102810891883,543.6102810891884,0.0,52025.13813100108,0,24,0
3594,794.556382779751,794.5563827797512,0.0,85410.25836120415,1,24,0
3595,717.7307797622848,717.7307797622852,0.0,75256.83237809798,1,24,0
3596,1072.087578846269,1010.7217034898879,61.36587535638171,120106.57217291123,2,24,0
3597,808.5155468513786,808.515546851379,0.0,87480.70923873065,1,24,0
3598,456.2566220761478,456.25662207614835,0.0,40983.90983488846,0,24,0
3599,784.6578982610746,784.6578982610758,0.0,83910.87006223634,1,24,0
3600,701.7928779981198,701.7928779981203,0.0,72738.7690707619,1,24,0
3601,1062.270557349921,853.4097361703724,208.86082117954982,109596.39595368573,1,18,0
3602,460.2697021925727,460.26970219257316,0.0,44988.74019146816,0,18,0
3603,139.8085127877147,139.80851278771544,0.0,15151.183842885466,0,12,0
3604,620.5356683774904,554.3985127877153,66.13715558977566,87818.90003411548,0,12,0
3605,661.769245265681,615.0999999999999,46.66924526568113,94941.0204661,0,12,0
3606,583.7621928490474,583.7621928490478,0.0,87483.49148691692,0,12,0
3607,428.50289465301614,428.50289465301597,0.0,51686.372569974264,0,12,0
3608,393.7892946937302,393.78929469372997,0.0,44487.37124009315,0,12,0
3609,403.1024650807839,403.1024650807839,0.0,48608.61250805012,0,18,6
3610,605.7716055719845,605.7716055719845,0.0,72882.58222534183,0,18,0
3611,1399.2697380986535,1128.4292341835164,270.84050391513773,158493.4708348661,2,20,2
3612,964.1893920736343,905.8907153913882,58.298676682246295,136656.86381157587,0,20,0
3613,287.790715391388,287.7907153913882,0.0,37521.42771833586,0,18,0
3614,621.55255494084,621.55255494084,0.0,82725.77095189586,0,20,2
3615,1176.0605703821946,1073.1999999999998,102.86057038219487,162001.1031832,1,20,0
3616,745.9458561807967,745.9458561807983,0.0,97683.75590702606,0,20,0
3617,1057.7661748437738,946.2113233432755,111.5548515004993,142612.45059124607,2,21,1
3618,552.0337848139274,552.0337848139269,0.0,67066.8848068759,0,20,0
3619,680.8512800032042,680.8512800032048,0.0,81386.87280909714,0,20,0
3620,1637.0437952469447,1002.449683717023,634.5941115299231,146383.12033027457,2,20,0
3621,882.2623601374543,882.262360137455,0.0,107728.96830436499,0,20,1
3622,882.0779921747547,882.077992174756,0.0,107601.59976697873,0,20,0
3623,592.5823392601374,592.5823392601374,0.0,71479.82394652575,0,18,0
3624,996.7266104648057,996.726610464807,0.0,135468.94461149722,1,18,0
3625,993.9908826249338,993.9908826249346,0.0,137938.23176520577,0,19,1
3626,583.2690557658032,583.2690557658037,0.0,69373.43327066186,0,19,0
3627,256.7179665178404,256.71796651784064,0.0,30374.30635098886,0,16,0
3628,1177.8091150499665,869.2879665178406,308.52114853212646,120688.16998505888,1,19,3
3629,1463.577701828709,963.1825236965097,500.3951781322001,131028.09858049701,2,19,0
3630,491.4822280092265,491.4822280092261,0.0,50918.74902497227,0,19,0
3631,450.93270584912705,450.93270584912716,0.0,44131.45163827492,0,20,1
3632,678.2605520063987,678.2605520063992,0.0,70170.77397061473,0,21,1
3633,679.7387804722215,679.7387804722222,0.0,70224.27943885697,0,21,0
3634,680.773629618795,680.7736296187959,0.0,74437.4583224924,0,21,0
3635,1209.9144521787848,1024.600777614662,185.31367456412227,139576.35924644323,1,22,2
3636,728.7174322897342,728.7174322897346,0.0,84552.87844530704,1,22,0
3637,822.9066776423339,822.9066776423336,0.0,97319.81013516361,0,22,0
3638,528.0905111678726,528.0905111678732,0.0,57936.675435324396,0,22,0
3639,486.1818786998639,486.18187869986536,0.0,53439.390171778796,0,21,0
3640,761.0361589719213,761.0361589719206,0.0,95864.0849506527,0,20,0
3641,441.994773778305,441.99477377830505,0.0,49480.150861257556,0,20,0
3642,1088.2568913998034,1078.6619851971307,9.594906202674581,149343.66844094585,1,22,2
3643,1345.6668135241932,1110.1541702226575,235.51264330153623,139235.50640602058,2,22,0
3644,576.683295804886,576.6832958048867,0.0,64217.48152893214,0,21,0
3645,791.4275544671636,791.4275544671642,0.0,89213.17386381945,0,21,0
3646,378.265038071114,378.26503807111465,0.0,36025.19450087439,0,19,0
3647,405.31832840996026,405.31832840996066,0.0,41880.37593977881,0,19,0
3648,993.0292052758892,981.4765899459225,11.55261532996743,130689.55199879227,1,21,2
3649,1157.060580063761,1008.2614404736834,148.7991395900783,119088.57439023544,3,24,0
3650,197.93319098351068,197.93319098351077,0.0,11611.663523155103,0,24,0
3651,323.246145003952,323.24614500395205,0.0,24171.80305285037,0,24,0
3652,285.25765044737,285.2576504473701,0.0,19999.55273856327,0,24,0
3653,670.9340779844111,670.9340779844122,0.0,68977.84899473022,1,24,0
3654,451.9212112125796,451.9212112125796,0.0,40435.927510588066,0,24,0
3655,823.8465944349384,823.8465944349385,0.0,89697.89467948525,1,24,0
3656,104.28079234919213,104.28079234919221,0.0,2615.948584581467,0,24,0
3657,198.63060363158732,198.6306036315874,0.0,11678.65300199536,0,24,0
3658,224.5429734287195,224.54297342871916,0.0,14167.647362813406,0,24,0
3659,1120.131110340173,954.6138998361128,165.5172105040608,106840.78956519223,2,24,0
3660,391.0500921675069,391.0500921675074,0.0,32742.00913773362,0,24,0
3661,1100.6163768494584,898.6795718960034,201.93680495345473,99624.00244032733,2,24,0
3662,1496.264533812051,1015.2085677012061,481.05596611084457,133708.97085080054,2,24,0
3663,762.0847224514686,762.0847224514688,0.0,81239.59676814682,1,24,0
3664,595.0300121421357,595.0300121421369,0.0,58687.33311719055,1,24,0
3665,577.9487181195346,577.9487181195345,0.0,57815.90241664998,1,24,0
3666,968.4801597435513,968.4801597435523,0.0,108965.47792578637,1,24,0
3667,530.3780591322682,530.3780591322693,0.0,50352.626811591224,0,24,0
3668,1273.160709641661,1115.2436819915047,157.91702765015611,138021.77684080845,2,24,0
3669,438.3197884915513,438.31978849155155,0.0,38716.75037351604,0,24,0
3670,419.2605687772596,419.2605687772599,0.0,36307.72482852026,0,24,0
3671,490.93209837437354,490.93209837437325,0.0,45366.781192663984,0,24,0
3672,586.7170611368173,586.717061136818,0.0,57473.699816838875,0,24,0
3673,410.76229612399965,410.7622961239991,0.0,38223.35485925529,0,16,0
3674,947.6783985146149,759.6866396254901,187.99175888912544,90216.52110950017,2,16,0
3675,1218.7737934312042,682.5675513213039,536.206242109901,98416.63967886924,2,16,0
3676,140.37755132130394,140.37755132130397,0.0,17743.281841879223,0,13,0
3677,693.8079419503333,503.76755132130387,190.04039062902973,87162.66744886924,0,13,0
3678,1593.6988547935523,591.0999999999999,1002.5988547935526,98201.21482530002,4,13,0
3679,486.68999494558284,486.68999494558255,0.0,73354.52932942889,0,13,0
3680,725.5419872907391,701.0999999999999,24.441987290739178,108767.1870553,0,14,1
3681,745.7017335368193,745.7017335368198,0.0,94971.17375406121,0,18,4
3682,492.2375712699723,492.2375712699725,0.0,60129.06791382978,0,18,0
3683,746.9586852284648,746.9586852284649,0.0,100328.90327825597,1,18,0
3684,1492.8462560809355,775.4560023543105,717.3902537266256,116152.57223578966,2,18,0
3685,200.7760023543107,200.77600235431063,0.0,22808.50230966965,0,14,0
3686,184.31537118699492,184.31537118699498,0.0,21227.388020559374,0,14,0
3687,803.8763739057259,781.5953711869948,22.281002718731198,117832.31295527938,0,18,4
3688,351.7781439439877,351.7781439439881,0.0,42351.109196512014,0,18,0
3689,1570.803691418212,910.8781439439881,659.9255474742242,134029.130490752,2,18,0
3690,616.0328589196541,616.0328589196544,0.0,72334.83934822015,0,15,0
3691,550.1178517782754,550.1178517782754,0.0,64518.716637124846,0,15,0
3692,795.4020426990091,795.4020426990099,0.0,97084.71464343302,0,15,0
3693,718.3729335042278,718.3729335042283,0.0,86096.03718185652,0,10,0
3694,534.4501685706709,534.4501685706716,0.0,61876.368433513744,0,7,0
3695,476.06512092593556,476.06512092593584,0.0,53749.399531903706,0,4,0
3696,530.8259195831943,530.8259195831947,0.0,60856.20341722056,0,4,0
3697,729.4969518259851,729.4969518259852,0.0,99550.2375165565,0,13,9
3698,541.7368773339969,541.736877333997,0.0,67688.02155533385,0,13,0
3699,237.24530045140426,237.24530045140435,0.0,27101.10647883223,0,13,0
3700,383.052132219156,383.0521322191567,0.0,42192.94984663121,0,14,1
3701,370.2719671354251,370.2719671354255,0.0,42430.45204803175,0,15,1
3702,677.5370515170039,677.5370515170041,0.0,80898.61177066965,0,17,2
3703,499.5274808383325,499.5274808383328,0.0,60690.28622522711,0,20,3
3704,938.3066337282914,918.4655772532116,19.841056475080965,123905.20479140483,1,22,2
3705,1391.497452445527,1131.7785951046667,259.71885734086044,161622.87731281988,2,22,0
3706,465.25470916535755,465.25470916535784,0.0,58134.85063342697,0,20,0
3707,1090.7676445807658,1085.774714904008,4.992929676758251,149553.7521426055,0,22,2
3708,497.4047149040076,497.4047149040081,0.0,54176.09472689546,0,21,0
3709,729.9360265065787,729.936026506579,0.0,78501.73058782314,0,21,0
3710,754.832403245361,754.8324032453612,0.0,93521.9179753843,1,21,0
3711,472.33973380889597,472.33973380889626,0.0,48664.1910255736,0,21,0
3712,543.0168749282552,543.0168749282554,0.0,53763.2546188811,0,21,0
3713,605.3584901846665,605.3584901846679,0.0,63128.03200674222,0,21,0
3714,891.3545901243652,891.3545901243662,0.0,99434.36184406727,0,21,0
3715,796.2727237657551,796.2727237657549,0.0,86333.8313373518,0,21,0
3716,1027.379485075702,1027.3794850757029,0.0,136847.50250454282,1,21,0
3717,1024.402317698627,1024.4023176986273,0.0,128169.1880584088,0,21,0
3718,674.3509780588325,674.3509780588332,0.0,70705.53599314213,0,18,0
3719,503.1601219258912,503.16012192589164,0.0,50711.45735872477,0,18,0
3720,818.7017741721604,818.7017741721611,0.0,89855.76433415205,0,18,0
3721,649.4382074491147,649.4382074491151,0.0,70660.9928523327,0,19,1
3722,338.38877561637815,338.3887756163789,0.0,35748.09602608379,0,17,0
3723,506.6100477699874,506.6100477699879,0.0,55531.291579801225,0,17,1
3724,743.5681907581283,743.5681907581273,0.0,86923.65741030285,0,17,0
3725,579.3801580785588,579.3801580785586,0.0,64959.324273913604,0,18,1
3726,898.2243576358449,898.2243576358446,0.0,103652.86504654353,1,20,2
3727,1006.2204119555624,1006.220411955564,0.0,116674.32044525699,1,21,1
3728,855.3821594501028,855.3821594501027,0.0,95419.37563960938,1,21,0
3729,1539.9631833411868,1042.1892941075128,497.77388923367477,141307.51643361745,1,21,0
3730,420.4042128781682,420.4042128781688,0.0,44197.14385127631,0,18,0
3731,940.0224427836245,940.0224427836237,0.0,126036.71013518643,0,19,1
3732,640.0997929588259,640.0997929588261,0.0,68694.34639100428,0,19,0
3733,301.0222212937573,301.02222129375724,0.0,33751.85624785757,0,18,0
3734,412.36558286755326,412.36558286755326,0.0,46673.97718010213,0,20,2
3735,914.7357239804776,914.7357239804787,0.0,123492.87697222471,1,20,0
3736,1337.895974746916,1065.6979695778002,272.198005169116,139994.09859502813,1,20,0
3737,876.4547470190306,876.4547470190315,0.0,105394.79420118376,0,20,0
3738,589.3669868373894,589.3669868373911,0.0,69194.83348961841,0,22,2
3739,1394.1862443546909,951.3800176671409,442.80622668755103,139799.2791419112,3,22,0
3740,278.7300176671403,278.7300176671407,0.0,36376.18396752114,0,18,0
3741,538.2197181639738,538.2197181639733,0.0,70486.2577260268,0,19,1
3742,865.6999560442662,865.6999560442663,0.0,120217.30721798193,0,19,0
3743,649.8315021418471,649.8315021418485,0.0,84141.43521850441,0,19,0
3744,1077.3829106652047,1074.6923103046454,2.6906003605593156,151252.90097997172,1,20,1
3745,1214.1111514084826,1088.0139177569538,126.0972336515287,152629.59521736,4,20,0
3746,879.3006040681033,879.300604068104,0.0,106519.64972927234,1,20,0
3747,1116.142602003309,878.8241657114593,237.31843629185025,112493.7550836259,2,20,0
3748,447.2949592937959,447.29495929379584,0.0,55436.57696954465,0,20,0
3749,725.4180851628394,723.6900995371115,1.727985625727917,100427.89617744232,1,21,1
3750,1139.4309529674242,1004.3416011539049,135.08935181351978,146589.41721826815,2,21,0
3751,346.6016011539049,346.6016011539049,0.0,42443.609554988114,0,19,0
3752,831.5641692816403,831.564169281641,0.0,113270.0695433649,0,20,1
3753,1841.463233247313,1140.6699999999998,700.7932332473137,163853.73443487,1,20,0
3754,1045.2726565741593,1045.2726565741598,0.0,138513.54429215976,0,20,0
3755,687.2425149417445,687.2425149417446,0.0,86408.6743279123,0,20,0
3756,331.53610701563906,331.536107015639,0.0,43050.707902856855,0,19,0
3757,769.1565631218286,769.156563121829,0.0,119138.06932129046,0,19,0
3758,820.9390683306697,820.93906833067,0.0,116418.05796107126,0,19,0
3759,699.9220389291237,699.9220389291243,0.0,91759.45699310784,0,19,0
3760,506.27828825628717,506.2782882562875,0.0,66244.41132919925,0,19,0
3761,317.7563533306119,317.756353330612,0.0,41680.580451012305,0,19,0
3762,1415.9644696046043,1037.3428402838408,378.6216293207646,147218.1213911416,1,23,4
3763,882.1867373920117,882.1867373920126,0.0,100276.84009266192,1,23,0
3764,666.1417996235788,666.1417996235775,0.0,70458.69701009066,0,23,1
3765,940.3945309997027,940.394530999713,0.0,105632.63452621641,1,23,0
3766,601.8035802815775,601.8035802815672,0.0,61790.58020135494,0,21,0
3767,447.02609185136936,447.0260918513694,0.0,46755.93436991074,0,21,0
3768,1649.480838789772,936.1374835541397,713.3433552356322,115249.96776342254,2,21,0
3769,1184.032086988012,1108.0754932305692,75.95659375744401,142536.80145956881,4,21,0
3770,857.049549850343,857.0495498503442,0.0,94434.77487284923,1,21,0
3771,784.7882605595182,784.7882605595186,0.0,84486.2219092463,0,21,0
3772,555.6004583792071,555.6004583792077,0.0,55473.922728090714,0,21,0
3773,282.4947521229351,282.4947521229353,0.0,25862.583928498807,0,17,0
3774,809.3080033658307,809.3080033658304,0.0,108762.76462707786,0,19,2
3775,711.4469774381326,711.4469774381325,0.0,77449.51364439384,0,19,0
3776,379.6514961317199,379.65149613172025,0.0,37730.37188637376,0,19,0
3777,811.8749592662194,811.8749592662194,0.0,99965.147812988,0,19,0
3778,1001.2321710610372,1001.2321710610353,0.0,131530.51174979424,0,19,0
3779,719.7335575088771,719.7335575088775,0.0,77318.87296932861,0,19,0
3780,416.2556560398919,416.2556560398919,0.0,40243.644341178035,0,19,0
3781,393.4346886186639,393.4346886186638,0.0,38780.712332044386,0,20,1
3782,1275.2938557289726,930.1234331275286,345.17042260144456,127039.52723692307,1,20,0
3783,381.27343312752816,381.2734331275286,0.0,38659.09977713303,0,20,0
3784,745.9256697971905,745.9256697971907,0.0,92280.87611593753,0,21,1
3785,747.7399000574543,747.7399000574541,0.0,91718.60982536087,0,20,0
3786,861.0874365535487,861.0874365535461,0.0,123959.0139526213,0,20,0
3787,381.35210066708726,381.35210066708777,0.0,47096.5197777097,0,19,0
3788,260.24472947926586,260.24472947926586,0.0,34039.701565893374,0,18,0
3789,1271.9549318161867,898.9247294792659,373.0302023369213,135776.38505851338,1,21,3
3790,872.0849091841396,872.0849091841401,0.0,108858.31832021814,0,21,0
3791,799.955583324563,793.3468773766226,6.608705947940741,116974.96220317374,1,21,0
3792,200.75914197290444,200.75914197290447,0.0,22950.654869502483,0,11,0
3793,675.8581840996743,675.8581840996744,0.0,100126.6852758794,0,14,3
3794,308.9113647429466,308.9113647429468,0.0,34901.1755646974,0,14,0
3795,523.4396781359259,523.4396781359255,0.0,60361.39042197415,0,14,0
3796,699.7204463512516,699.7204463512519,0.0,87753.69705939904,0,14,0
3797,822.603214282262,772.1290663304997,50.47414795176314,104125.6359056333,1,14,0
3798,525.826269754671,525.8262697546711,0.0,60113.34328793279,0,14,0
3799,313.1307444859373,313.1307444859375,0.0,36357.034942166196,0,14,0
3800,1979.0723523402883,877.2396272872767,1101.8327250530122,128399.43435691023,3,18,4
3801,374.908373870195,374.9083738701951,0.0,44736.19839728709,0,17,0
3802,2814.9189231440173,948.1883738701952,1866.730549273822,137776.44778689713,3,18,1
3803,550.101490573999,550.1014905739988,0.0,64614.98686247871,0,18,0
3804,757.6536981586554,757.6536981586551,0.0,91353.61728537633,1,18,0
3805,544.3492766309995,544.3492766309988,0.0,66353.1181765089,0,17,0
3806,641.0663527142527,641.0663527142531,0.0,96669.20873026611,0,15,0
3807,622.9068495234529,622.9068495234528,0.0,97874.08041616715,0,15,0
3808,517.7225506347354,517.7225506347355,0.0,87446.24066883788,0,15,0
3809,118.75919440462602,118.75919440462614,0.0,15430.27648935351,0,13,0
3810,561.1224085020956,561.1224085020956,0.0,82192.17737469151,0,17,4
3811,695.9089835911493,695.9089835911507,0.0,90107.17312213458,0,17,0
3812,1083.122169646235,763.8643349213918,319.2578347248447,115128.12413512955,0,17,0
3813,231.88433492139194,231.88433492139185,0.0,26992.479492249506,0,14,0
3814,520.4782405243635,520.4782405243641,0.0,56174.187576871744,0,19,5
3815,1218.20052338686,1037.9971860812018,180.20333730566128,134770.8335463273,2,20,1
3816,1052.094870144416,1048.8506841509331,3.244185993483029,130265.56636208424,1,19,0
3817,511.17168712284644,511.1716871228473,0.0,47925.00167840202,0,24,0
3818,1050.3466292644807,1050.3466292644812,0.0,122818.09239414132,1,24,0
3819,248.06270992177303,248.06270992177315,0.0,16426.819023200005,0,24,0
3820,389.87880730297377,389.87880730297445,0.0,32593.962407519848,0,24,0
3821,512.2444692982723,512.2444692982726,0.0,48060.597977912534,0,24,0
3822,1084.4108412291162,912.0876011609248,172.3232400681919,100937.60005111521,3,24,0
3823,1020.8281897307727,1020.8281897307725,0.0,120078.46765781441,1,24,0
3824,937.733517684667,937.7335176846672,0.0,104431.83315865214,1,24,0
3825,692.7238155641151,692.7238155641153,0.0,72047.8830874686,1,24,0
3826,534.977186173614,534.9771861736137,0.0,50933.94203295738,0,24,0
3827,338.1655453536152,338.1655453536156,0.0,26057.568425050144,0,24,0
3828,561.4917951135349,561.4917951135347,0.0,55185.331988389895,1,24,0
3829,632.6592580213315,632.659258021332,0.0,63415.386236524864,1,24,0
3830,404.7083279805368,404.7083279805387,0.0,34468.367271298564,0,24,0
3831,1472.7463372451298,984.4880855568719,488.2582516882584,110791.86327151342,4,24,0
3832,649.406287771424,649.406287771425,0.0,65898.12918641136,1,24,0
3833,557.5416696791759,557.5416696791763,0.0,53820.522292037116,1,24,0
3834,562.5807675664737,562.5807675664743,0.0,54572.11876472081,1,24,0
3835,364.8367232760582,364.83672327605814,0.0,29428.721593619382,0,24,0
3836,476.31497340028034,476.31497340028045,0.0,43519.22247909394,0,24,0
3837,562.3942767306436,562.3942767306445,0.0,54399.3762171188,0,24,0
3838,712.9174653841126,712.9174653841129,0.0,75040.17210552839,1,24,0
3839,1201.3515765959753,1062.89916492359,138.45241167238555,144013.61495786317,1,24,0
3840,457.9828741530527,457.98287415305356,0.0,41202.102678704,0,24,0
3841,751.9976404262762,727.8,24.197640426276646,98794.17071800002,0,14,0
3842,300.6366963543315,300.63669635433195,0.0,25182.87641474332,0,14,0
3843,281.6099526295697,281.6099526295699,0.0,21542.551946796826,0,14,0
3844,1095.3920467006578,653.9560966345814,441.4359500660771,90763.01864627443,3,14,0
3845,197.35609663458183,197.35609663458166,0.0,16857.357379474426,0,13,0
3846,606.6929778077119,606.6929778077118,0.0,84622.28591921697,0,13,0
3847,567.8491285368707,567.8491285368707,0.0,67409.71603035259,0,13,0
3848,490.65802091553974,490.6580209155393,0.0,50246.83388976421,0,13,0
3849,623.7363779200323,623.736377920031,0.0,66467.08918340165,0,17,4
3850,449.59199446737824,449.5919944673783,0.0,45735.32412053617,0,17,0
3851,589.1032140529421,589.1032140529413,0.0,64104.226971162956,0,23,6
3852,820.116387955618,820.1163879556144,0.0,92238.52736310786,0,23,0
3853,1076.3689406924157,1076.3689406924166,0.0,129112.38262210676,1,23,0
3854,1224.613810208132,1121.1354829797885,103.47832722834417,154133.14751193306,3,23,0
3855,790.3613791095809,681.3053303288588,109.05604878072307,79505.6331504163,1,23,0
3856,2115.448553749131,1114.3488005817953,1001.0997531673372,155162.58360866026,2,23,0
3857,353.83679832568987,353.83679832568987,0.0,43515.452979337744,0,16,0
3858,781.6964652627113,781.6964652627116,0.0,112557.6840251861,0,16,0
3859,424.4052381011864,424.4052381011862,0.0,50293.85457008613,0,16,0
3860,709.8171414295969,709.8171414295972,0.0,95138.6403759728,0,16,0
3861,750.9384723639022,750.938472363902,0.0,104655.8166930162,0,16,0
3862,637.1220013920596,637.1220013920598,0.0,78975.40397342846,0,16,0
3863,769.7537910875121,769.7537910875124,0.0,109133.34072518599,0,16,0
3864,447.8489108904421,447.84891089044265,0.0,52545.71998518148,0,14,0
3865,869.4289073856429,869.4289073856436,0.0,116573.00535956357,0,20,6
3866,1029.1711076128295,977.1802794848907,51.99082812793987,142721.3691019636,1,20,0
3867,385.26027948489036,385.2602794848906,0.0,46895.00282970357,0,20,0
3868,758.1995852550889,758.1995852550896,0.0,92535.05445407181,0,20,0
3869,431.3024318568642,431.30243185686453,0.0,53021.84897623977,0,20,0
3870,1378.4818186548493,1131.9824318568644,246.49938679798558,159987.8481644598,1,23,3
3871,614.0415718703637,614.0415718703636,0.0,72721.99663359058,0,23,0
3872,713.814926632202,707.6177416235226,6.197185008679414,98584.53643394611,1,22,0
3873,471.81245819088116,471.81245819088133,0.0,58082.36560169186,0,22,0
3874,616.3688895370603,616.3688895370612,0.0,76110.67833574899,0,22,0
3875,847.2002127138549,847.2002127138552,0.0,105930.29796449341,1,22,0
3876,717.2007413698088,717.2007413698092,0.0,89721.73483113611,1,22,0
3877,556.501949691337,556.501949691337,0.0,68550.72349554434,0,22,0
3878,1450.9562201681033,839.8702114204023,611.0860087477022,115448.11540003843,2,22,0
3879,404.7243992801249,404.7243992801252,0.0,49757.292800181385,0,22,0
3880,1318.0969006151645,942.3162343322601,375.7806662829048,133405.7844263369,2,23,1
3881,1396.944434355435,1136.3638359434417,260.58059841199383,151016.54278666736,2,23,0
3882,948.7832066499546,924.1572323592732,24.62597429068188,108270.48595575757,2,24,1
3883,834.5491900822518,834.5491900822522,0.0,90971.99454966951,1,24,0
3884,553.9693287183428,553.9693287183435,0.0,59858.01945873999,1,24,0
3885,939.4055863069455,939.4055863069464,0.0,111553.26892261932,1,24,0
3886,1151.3460068134289,1008.5400000000001,142.806006813429,135927.50357924006,1,24,0
3887,253.72069855417743,253.72069855417737,0.0,21039.369697741753,0,12,0
3888,480.00828974770013,480.0082897476997,0.0,47789.80525269263,0,12,0
3889,249.61082061938313,249.61082061938328,0.0,16575.521701744685,0,24,0
3890,510.0443042610919,510.0443042610925,0.0,47782.504023531015,0,24,0
3891,1698.1933843367078,1108.4110481787548,589.7823361579531,137158.1533745144,2,24,0
3892,169.97278553161388,169.97278553161402,0.0,8925.946545479814,0,24,0
3893,547.5497183639885,547.5497183639897,0.0,52523.07063664234,0,24,0
3894,1071.5989176064088,1039.7729269960505,31.825990610358758,141090.53107708297,1,24,0
3895,558.2102561327579,558.2102561327589,0.0,53870.52914718672,0,24,0
3896,800.7227277090047,800.7227277090054,0.0,86110.23350182877,1,24,0
3897,650.8641213711821,650.8641213711828,0.0,66269.66876303521,1,24,0
3898,800.9296658227213,800.9296658227214,0.0,86454.22413993155,1,24,0
3899,658.0373439151333,658.0373439151335,0.0,67254.90028039236,1,24,0
3900,1182.969600357988,1124.3698187414507,58.599781616537086,139175.29187905838,2,24,0
3901,716.4445886265885,716.4445886265892,0.0,75433.6523294488,1,24,0
3902,945.071516974291,945.0715169742912,0.0,105475.00061844641,1,24,0
3903,577.7276113902735,577.7276113902736,0.0,56337.46158675843,0,24,0
3904,1259.3153955995665,1000.59031047044,258.72508512912725,136137.9713424791,2,24,0
3905,620.3461964181666,620.3461964181673,0.0,62128.372060035756,1,24,0
3906,486.43276922071885,486.4327692207196,0.0,44798.080111036375,0,24,0
3907,825.5926347543821,825.5926347543823,0.0,89557.54153810891,1,24,0
3908,1426.6082842352093,1057.4146596902956,369.1936245449136,143320.3907122367,3,24,0
3909,641.862695609342,641.8626956093426,0.0,65006.662916622285,1,24,0
3910,744.7072166035665,744.7072166035666,0.0,78336.74134782115,1,24,0
3911,456.8118177246602,456.8118177246607,0.0,41054.084822101286,0,24,0
3912,1265.0680169080433,1143.0132626562145,122.05475425182931,141531.76466811405,2,24,0
3913,718.2962611811852,718.2962611811857,0.0,81056.67768605663,0,22,0
3914,336.3105700344418,336.310570034442,0.0,36903.16710339413,0,20,0
3915,376.27236875930066,376.27236875930055,0.0,41954.21302213006,0,20,0
3916,606.8025607781459,606.8025607781464,0.0,72510.25870735994,0,20,0
3917,1361.2719789981224,1003.2999999999998,357.9719789981229,146414.94466130005,3,20,0
3918,1153.2500607360225,1105.105313292503,48.1447474435207,155945.13421459403,2,21,1
3919,1089.511215312378,1005.1226682515573,84.38854706082172,126493.09651625738,2,21,0
3920,535.5311583481566,535.5311583481569,0.0,60219.17324592654,0,21,0
3921,1000.1072066265602,1000.1072066265596,0.0,127050.46867820513,0,22,1
3922,507.0770734410911,507.07707344109133,0.0,57005.53369408745,0,21,0
3923,903.178525906382,903.1785259063824,0.0,107426.9025517957,0,21,0
3924,1020.2832175149077,1006.0268009033638,14.256416611542981,139457.9438135044,1,20,0
3925,771.8299214914364,771.8299214914368,0.0,86515.45944583585,0,20,0
3926,941.2013548497753,941.2013548497762,0.0,119213.82489982864,1,20,0
3927,689.0170270210427,689.0170270210433,0.0,75667.97966187204,0,20,0
3928,755.9174940122713,755.9174940122725,0.0,84123.98868899753,0,21,1
3929,1722.824834030983,1194.1216969492632,528.7031370817198,165209.04679398017,2,21,0
3930,543.3712213906715,543.3712213906718,0.0,67300.49087964589,0,20,0
3931,793.1613621311034,793.1613621311036,0.0,95724.0120239702,0,20,0
3932,506.27766297934625,506.2776629793472,0.0,61836.516039939845,0,18,0
3933,257.608921272418,257.60892127241766,0.0,33287.38000938972,0,17,0
3934,782.0128761950924,782.0128761950915,0.0,123565.7454764203,0,19,2
3935,947.8315688606111,947.8315688606111,0.0,136864.00196114474,0,19,0
3936,720.9070157120664,720.9070157120666,0.0,92391.62060006289,0,19,0
3937,915.9122271201209,542.4219122919369,373.4903148281842,69800.49250952706,2,19,0
3938,818.7159153864789,818.7159153864795,0.0,111597.92420231,1,21,2
3939,1249.8646000698116,1038.0769821378126,211.787617932,134318.9918226367,1,21,0
3940,1052.5560345391193,989.5750448540555,62.980989685064635,137856.60092704478,3,22,2
3941,397.0938939288556,397.09389392885583,0.0,46303.57345793326,0,19,0
3942,431.4466727205484,431.4466727205486,0.0,46532.10331849469,0,19,0
3943,318.64251642148366,318.6425164214837,0.0,34500.89154628651,0,18,0
3944,496.93270088130106,496.93270088130123,0.0,53930.81776219566,0,18,0
3945,463.45629685329715,463.4562968532972,0.0,49538.90115758095,0,18,0
3946,572.2607224578228,572.2607224578228,0.0,63760.5273602856,0,18,0
3947,836.9308450790564,836.9308450790568,0.0,120491.7110161532,0,18,0
3948,331.1107156937935,331.1107156937936,0.0,36148.51761179896,0,18,0
3949,470.4696771566706,470.46967715667074,0.0,50425.37041292659,0,18,0
3950,383.83343258540015,383.8334325854004,0.0,40762.758908433796,0,18,0
3951,538.9681635572889,538.9681635572892,0.0,59952.10466078463,0,18,0
3952,301.0972302442627,301.09723024426285,0.0,33297.495527850886,0,18,0
3953,826.3675315052417,826.3675315052419,0.0,100490.91708679157,0,23,5
3954,567.8275872344609,567.8275872344614,0.0,60649.321273782014,0,24,1
3955,817.4190856833368,817.4190856833376,0.0,91898.30408893652,1,24,0
3956,620.6062719502412,620.6062719502426,0.0,70437.32781428301,0,23,0
3957,1794.3105737935548,1123.5259306135063,670.7846431800493,157350.3429067429,4,23,0
3958,568.8596096805769,568.8596096805773,0.0,65870.08543620515,0,14,0
3959,527.2166268824263,527.216626882426,0.0,57773.98132686686,0,14,0
3960,801.07160369445,801.0716036944508,0.0,93190.69604541812,0,14,0
3961,650.2719363024219,650.2719363024229,0.0,70095.66525036636,0,21,7
3962,878.3807901344827,878.3807901344828,0.0,104948.36968661529,1,22,3
3963,826.5226556065991,826.5226556065999,0.0,89962.42032530029,1,22,0
3964,1008.4646792027519,1008.464679202753,0.0,131356.9539626995,1,22,0
3965,454.80904668334585,454.8090466833456,0.0,48059.94259575285,0,21,0
3966,462.50011910378146,462.5001191037811,0.0,45469.2455809295,0,21,0
3967,697.562273138895,697.5622731388954,0.0,73251.09636662334,0,21,0
3968,887.6819957673846,887.6819957673846,0.0,98343.89006946936,0,21,0
3969,984.9483575458519,984.9483575458519,0.0,121454.79722198108,1,21,0
3970,1146.9035945011033,1057.5182808354218,89.38531366568156,134576.20486122975,1,23,2
3971,667.9270374548923,667.9270374548927,0.0,76958.49249871139,1,22,0
3972,488.81910110742325,488.81910110742376,0.0,53303.81225965987,0,22,0
3973,830.9654903877056,830.965490387706,0.0,105416.97550565348,0,22,0
3974,426.49570540024285,426.4957054002434,0.0,46987.03872325609,0,21,0
3975,1108.2171945323648,948.4486126202348,159.76858191213134,121204.86858932595,4,22,1
3976,528.8158426751834,528.8158426751838,0.0,55583.0178800055,0,22,0
3977,706.9893890482534,706.9893890482534,0.0,74686.36793814744,0,23,1
3978,892.0574333951736,892.0574333951746,0.0,98270.03981994704,1,23,0
3979,740.7297643655498,740.7297643655513,0.0,79310.27382074395,0,23,0
3980,1363.0388654719584,1100.7977521560108,262.2411133159485,145300.51138317428,1,23,0
3981,445.60165938540035,445.60165938540007,0.0,50256.46383716578,0,19,0
3982,914.4096713102408,914.4096713102387,0.0,117285.30796271471,0,20,1
3983,1146.536488811629,1083.3773072416566,63.15918156997465,149861.099973978,2,20,0
3984,1445.3755112494118,1080.1591180205232,365.2163932288905,142643.6698299054,2,20,0
3985,663.138237409293,663.138237409293,0.0,73399.55381671576,0,20,0
3986,468.6026592486518,468.6026592486519,0.0,48416.39285524918,0,20,0
3987,512.9129109295906,512.912910929591,0.0,53217.320173792905,0,20,0
3988,381.97101304705893,381.9710130470593,0.0,41424.1876074622,0,20,0
3989,1767.0251833949346,1032.9110130470594,734.1141703478768,143360.2930283422,4,22,2
3990,521.7708079460169,521.7708079460173,0.0,59543.03688286489,0,22,0
3991,1505.6982429421362,1068.554061091092,437.144181851045,139044.73477289008,1,22,0
3992,834.6125094092713,834.6125094092706,0.0,94999.74239474119,0,22,0
3993,449.70012158548315,449.7001215854819,0.0,50141.772767107504,0,19,0
3994,1343.0533309794064,1044.3983618906477,298.65496908875843,143277.2585799704,2,20,1
3995,664.836248213609,664.8362482136095,0.0,72171.25686733707,0,20,0
3996,542.8659611966741,542.8659611966744,0.0,56460.801450192,0,20,0
3997,467.62372328804406,467.62372328804406,0.0,49659.799852101365,0,19,0
3998,520.9975287492955,520.9975287492956,0.0,60589.031792200156,0,18,0
3999,655.3790670517318,655.379067051732,0.0,84531.34240938869,0,17,0
4000,407.1267548577496,407.1267548577497,0.0,45949.495861141906,0,17,0
4001,243.93327176516922,243.93327176516928,0.0,26073.91501153733,0,17,0
4002,1431.262986560054,874.5832717651693,556.6797147948855,125319.61433508735,1,21,4
4003,749.1725266710007,749.1725266710012,0.0,82579.55101468331,0,21,0
4004,960.639311870401,960.6393118704017,0.0,118963.67391802203,1,21,0
4005,969.4331674420001,912.3176165041922,57.1155509378082,128439.40635194532,1,21,0
4006,231.99761650419197,231.99761650419208,0.0,26945.243693115306,0,15,0
4007,1642.7041424352242,814.1976165041921,828.5065259310334,118747.10296578535,3,18,3
4008,950.1390533705866,949.2402711684658,0.8987822021213713,135371.29575872293,1,18,0
4009,960.1484756139993,960.1484756139995,0.0,130295.40954355926,0,18,0
4010,1426.7952315531688,965.0934187861683,461.70181276700066,127164.24248843147,1,18,0
4011,999.369370360526,886.70255457564,112.66681578488652,127298.05225950705,0,18,0
4012,341.9525545756401,341.95255457563997,0.0,38337.195060307015,0,18,0
4013,672.0064376983343,672.0064376983322,0.0,77795.79323273456,0,18,0
4014,1542.7961233329502,1074.8230958150273,467.9730275179229,148984.11020315718,2,20,2
4015,880.8968123502203,880.8968123502211,0.0,104351.45417159628,0,20,0
4016,907.6803703067393,907.6803703067401,0.0,108138.58862321288,0,20,0
4017,572.9999483754173,572.9999483754173,0.0,67681.84661719293,0,20,0
4018,290.4117247414383,290.4117247414388,0.0,35245.42538643391,0,19,0
4019,750.7261791872309,706.6817247414385,44.044454445792844,111556.04308244392,0,19,0
4020,231.09639990498903,231.0963999049894,0.0,27096.332096311362,0,17,0
4021,558.2250069066185,558.2250069066179,0.0,83732.90247286392,0,17,0
4022,311.14384490273306,311.14384490273324,0.0,35195.75431269634,0,18,1
4023,953.6441400978098,952.6538449027333,0.9902951950767449,136638.31850034633,0,21,3
4024,651.75245772498,651.7524577249812,0.0,73590.5724053928,0,19,0
4025,665.7010984541718,665.7010984541719,0.0,75353.63680877927,0,19,0
4026,792.8510199126544,792.8510199126549,0.0,91939.1668754652,0,19,0
4027,806.7245227236915,806.7245227236917,0.0,94221.16414125069,0,18,0
4028,779.6258222091217,779.6258222091217,0.0,90890.22062133791,0,18,0
4029,615.5061470916245,615.5061470916255,0.0,71183.66554247576,0,18,0
4030,963.4138811742333,963.4138811742334,0.0,111802.0810234891,1,19,1
4031,712.030878670415,712.0308786704136,0.0,75464.131397291,0,12,0
4032,576.9281417711298,576.9281417711279,0.0,57381.99580435356,0,11,0
4033,800.6682717992571,800.6682717992577,0.0,88302.70899836383,0,19,8
4034,642.7892701151251,642.7892701151258,0.0,65885.081605639,0,19,0
4035,577.5809779128437,577.580977912844,0.0,58085.29151230685,0,20,1
4036,652.1140717287005,652.1140717287003,0.0,70376.5052454824,0,20,0
4037,1101.0668803570154,1101.066880357015,0.0,135306.6977396096,1,21,1
4038,746.8278552915503,746.8278552915507,0.0,83239.53059737435,0,21,0
4039,934.1847972175484,921.8999999999999,12.284797217549837,132867.12806790002,0,19,1
4040,919.1436392718743,919.143639271874,0.0,132211.1906595145,0,19,0
4041,702.070513798198,702.0705137981977,0.0,95865.55120448211,0,19,0
4042,322.9372291749179,322.9372291749181,0.0,33955.732698867265,0,19,0
4043,1050.5179772643883,969.4472291749181,81.07074808947081,134680.07760391728,0,22,3
4044,506.2014390840031,506.20143908400337,0.0,52961.56567723811,0,22,0
4045,739.8248365750139,739.824836575015,0.0,79102.35228234639,0,22,0
4046,419.82499011243016,419.8249901124301,0.0,43564.11707695409,0,21,0
4047,1266.8145820431955,1024.9574400372708,241.85714200592437,133909.53794723994,4,23,2
4048,1412.6219121629117,1062.0990121362875,350.5229000266255,147181.737430842,5,23,0
4049,410.0190121362873,410.0190121362874,0.0,47708.82927482199,0,21,0
4050,563.70553819202,563.7055381920208,0.0,66504.36578664705,0,21,0
4051,1992.9294340831095,1069.540000000001,923.3894340831099,154787.47273394017,2,21,0
4052,652.6368059379963,652.6368059379965,0.0,82712.51706149195,0,21,0
4053,288.12883956751125,288.12883956751244,0.0,32027.301945755335,0,19,0
4054,489.7751605354974,489.77516053549743,0.0,55006.36599081717,0,20,1
4055,1715.8128771461925,1109.0751605354974,606.7377166106954,152943.27472965722,3,21,1
4056,2564.073115178115,1107.1951506716766,1456.877964506439,140263.57985432202,4,21,0
4057,952.7716391425494,952.7716391425496,0.0,110469.92568400744,0,21,0
4058,1231.3223983513146,1076.903309890739,154.4190884605764,149042.80703069968,2,21,0
4059,982.8198929847913,909.507070522024,73.31282246276797,131713.1453979495,1,21,0
4060,260.067070522024,260.06707052202404,0.0,34017.246031369476,0,18,0
4061,528.2164681667181,528.2164681667182,0.0,68769.6766736396,0,20,2
4062,933.9075435973248,913.3237172470075,20.583826350317082,138077.0809076637,1,20,0
4063,1178.4079929219947,1080.7538602145466,97.65413270744857,161184.50067635297,1,20,0
4064,745.3974861760613,745.3974861760613,0.0,93938.14495960505,0,21,1
4065,417.3767299732538,417.3767299732542,0.0,50974.78230387905,0,20,0
4066,634.2900457912518,634.2900457912526,0.0,75913.45055331566,0,19,0
4067,1648.6219847892517,1042.2160379361576,606.4059468530946,151409.46267698728,5,19,0
4068,550.4675539061943,550.4675539061942,0.0,66467.37159795887,0,19,0
4069,734.9206819960032,734.9206819960039,0.0,88484.27116501213,0,19,0
4070,501.64833557186927,501.6483355718698,0.0,59179.05609431402,0,19,0
4071,810.0171236025203,810.017123602521,0.0,103144.01591757256,0,19,0
4072,392.7975984674462,392.7975984674465,0.0,47775.57367489979,0,18,0
4073,1261.445685937296,1038.2975984674467,223.14808746985062,147766.9940731398,4,21,3
4074,715.748714931791,715.748714931792,0.0,82538.68693302231,0,21,0
4075,1287.1801036671627,1115.6807094298401,171.49939423732255,154625.11146998068,3,21,0
4076,646.293688771785,646.2936887717859,0.0,76287.94140314685,0,20,0
4077,1952.4387355193305,1113.7139851099919,838.7247504093395,144579.44589470376,4,20,0
4078,778.3593284330418,778.359328433042,0.0,90452.47194486455,0,20,0
4079,1007.6356575758665,1007.6356575758663,0.0,133041.69247211414,0,21,1
4080,464.22625783824316,464.22625783824344,0.0,53812.1205198322,0,13,0
4081,585.227735480803,585.2277354808035,0.0,65027.78081631189,0,18,5
4082,724.0279517053403,724.027951705342,0.0,83200.09797195981,0,18,0
4083,624.634376924514,624.6343769245154,0.0,70371.6585043397,0,19,1
4084,764.3844546804934,764.3844546804942,0.0,88779.11151925132,0,19,0
4085,621.9002520758627,621.9002520758627,0.0,70406.55366094777,0,19,0
4086,1128.1517887968664,1034.4882310471817,93.66355774968491,146787.89123950654,2,20,1
4087,553.7788324471004,553.778832447102,0.0,62976.27794908185,0,20,0
4088,470.1332883787785,470.13328837877884,0.0,53703.53047794873,0,22,2
4089,1679.7593730721724,952.0961916813195,727.6631813908523,136261.99305268162,0,22,0
4090,290.9861916813194,290.98619168131944,0.0,32303.885795751627,0,17,0
4091,420.5917425526565,420.5917425526569,0.0,42903.83658804483,0,19,2
4092,995.8547126372687,959.391742552657,36.46297008461211,129710.76113228484,1,19,0
4093,391.166620891003,391.16662089100316,0.0,38735.687481828296,0,18,0
4094,282.13453257113673,282.1345325711369,0.0,26392.08796861397,0,17,0
4095,346.0772080145273,346.07720801452774,0.0,34474.24142860035,0,17,0
4096,626.3550826008947,626.3550826008947,0.0,79578.53617271595,0,17,0
4097,766.2112621095446,766.2112621095449,0.0,104190.3030069284,0,17,0
4098,705.7811245334249,705.7811245334249,0.0,91606.94292400693,0,17,1
4099,436.08692151846805,436.08692151846856,0.0,46753.31428647911,1,15,0
4100,614.8304355522519,614.8304355522523,0.0,65941.16785024854,0,16,1
4101,723.0402371644622,723.0402371644626,0.0,76345.38240165848,0,16,0
4102,408.70499449512977,408.7049944951302,0.0,38369.733766675476,0,12,0
4103,654.8958006251186,654.8958006251189,0.0,67483.57082323164,0,12,0
4104,539.6316994259977,539.631699425998,0.0,51744.90464383639,0,10,0
4105,1027.3054629256615,842.514003858886,184.79145906677726,103646.30069149967,3,17,7
4106,618.0902621644074,618.0902621644083,0.0,62044.47299037601,0,17,0
4107,518.4424119935838,518.442411993584,0.0,49873.66377783843,0,17,0
4108,942.2953375854693,845.7161836220685,96.57915396340118,114709.1210639291,2,17,0
4109,722.219573768271,722.2195737682716,0.0,75731.95734464959,0,18,1
4110,1033.3219279103619,770.5815670680869,262.7403608422753,108898.63181816718,0,18,0
4111,169.77156706808685,169.7715670680869,0.0,16462.06476405716,0,14,0
4112,470.47185252854024,470.47185252854035,0.0,55142.270862114616,0,20,6
4113,592.7476528842581,592.7476528842584,0.0,70242.37126731951,0,20,0
4114,772.4821983939713,772.4821983939704,0.0,112155.22445178576,0,20,0
4115,340.70690852969767,340.7069085296978,0.0,37458.850489087934,0,20,0
4116,469.98531212069867,469.98531212069895,0.0,54355.208936521616,0,20,0
4117,972.4346337799061,919.3986875622574,53.03594621764917,132169.18519288913,2,21,1
4118,1342.7303079552319,964.4835724139718,378.2467355412608,135070.79153555055,1,21,0
4119,309.00357241397177,309.0035724139718,0.0,36510.38364103055,0,16,0
4120,601.7725652172123,601.7725652172127,0.0,71068.07656715166,0,17,1
4121,701.2627418809424,701.2627418809429,0.0,83949.1267248755,0,17,0
4122,707.2975401570585,707.2975401570582,0.0,84367.82212007478,0,17,0
4123,899.2314704298077,899.2314704298076,0.0,121183.07566419335,0,17,0
4124,629.5276869896669,629.527686989666,0.0,74192.23134444431,0,14,0
4125,689.6760382388263,689.6760382388269,0.0,82145.3547604588,0,14,0
4126,461.17246437166517,461.1724643716648,0.0,54380.298354874925,0,14,0
4127,728.6114782073669,728.6114782073671,0.0,87881.80708224051,0,14,0
4128,439.4007453875729,439.40074538757375,0.0,52289.03128046336,0,11,0
4129,234.19324800850487,234.19324800850524,0.0,26676.608006310627,0,11,3
4130,660.7146144192875,660.7146144192881,0.0,81724.64727395399,0,16,5
4131,417.31589692936035,417.3158969293606,0.0,48808.123103170605,0,17,1
4132,473.2916807972633,473.2916807972637,0.0,54184.83744772285,0,17,0
4133,637.324023764815,637.3240237648151,0.0,74946.72358852578,1,18,1
4134,1016.6120443628736,855.5420981769,161.06994618597443,126561.96612069754,1,18,0
4135,249.52209817689953,249.52209817690004,0.0,29393.671507887535,0,15,0
4136,605.0156180211958,605.0156180211958,0.0,72089.03552690211,0,17,2
4137,712.5392472759606,712.5392472759609,0.0,81692.75289629425,0,20,3
4138,1310.7575192632657,1053.6321358228056,257.12538344046015,142690.83295487284,4,20,0
4139,640.2585812434771,640.2585812434774,0.0,72855.01409095527,0,20,0
4140,637.0773816465215,637.0773816465224,0.0,72747.04195540547,0,20,0
4141,943.1615357471665,900.9195048113536,42.242030935813574,107470.64316344223,2,20,0
4142,687.8704820894446,687.8704820894465,0.0,79467.05499560555,0,20,0
4143,1062.836366695867,1062.8363666958676,0.0,130712.19351278275,1,22,2
4144,1082.774708601796,1082.7747086017964,0.0,141528.44672772265,1,22,0
4145,559.9830485496916,510.49545344030395,49.487595109388145,55544.56901371005,1,21,0
4146,900.4404528007394,900.4404528007399,0.0,103123.01665895265,0,21,0
4147,800.3141605627577,800.3141605627584,0.0,86826.62114568398,0,21,0
4148,1108.5837432823869,1032.1616914523997,76.42205182998735,140128.4947960339,1,20,0
4149,471.8903171484904,471.89031714849096,0.0,48686.68507268479,0,17,0
4150,600.1748183263213,600.1748183263219,0.0,61111.19220802627,0,17,0
4151,560.676086732653,560.6760867326535,0.0,57641.413586451716,0,17,0
4152,830.9271916890362,830.9271916890369,0.0,96311.7321312642,0,17,0
4153,219.28908701746172,219.28908701746184,0.0,13662.989018077777,0,24,0
4154,783.1419122898874,783.1419122898884,0.0,84266.51181123791,1,24,0
4155,2554.0426980110187,1138.4408065286175,1415.6018914824012,144897.26411388244,3,24,0
4156,560.2905926688339,560.2905926688346,0.0,54133.4771551703,0,24,0
4157,276.05298227946065,276.0529822794607,0.0,19115.404845395125,0,24,0
4158,898.6869084547878,898.68690845479,0.0,99449.40016955571,1,24,0
4159,739.958829071673,739.9588290716739,0.0,78223.8772032784,1,24,0
4160,1254.3269548174933,1121.2187855815012,133.1081692359925,143490.05679914518,5,24,0
4161,564.7929280174476,564.7929280174486,0.0,54702.55821040445,0,24,0
4162,424.18165560783916,424.1816556078394,0.0,36929.73475661395,0,24,0
4163,326.83865246659485,326.838652466595,0.0,24625.884719247515,0,24,0
4164,403.94219212125853,403.9421921212587,0.0,34371.53010358603,0,24,0
4165,582.1091067289605,582.1091067289606,0.0,57353.41595183506,1,24,0
4166,160.307635295577,160.30763529557703,0.0,7997.5673728184975,0,24,0
4167,651.3102493108444,651.3102493108452,0.0,66194.56682798876,1,24,0
4168,719.9259943857364,719.9259943857364,0.0,76174.57531420192,1,24,0
4169,301.8676861647985,301.86768616479856,0.0,21595.017976105606,0,24,0
4170,1970.5060088448854,1136.0544051693541,834.4516036755316,142802.02084231534,2,24,0
4171,695.4727093739345,695.4727093739365,0.0,71615.0513873626,1,24,0
4172,192.28436053460948,192.2843605346095,0.0,11069.069108109019,0,24,0
4173,516.4566544168905,516.4566544168906,0.0,48593.00495485676,0,24,0
4174,607.391139001408,607.3911390014092,0.0,60086.83836299279,0,24,0
4175,867.108822853857,867.1088228538581,0.0,95195.03586049995,1,24,0
4176,1108.2977049538792,1108.2977049538792,0.0,142841.36964772656,1,24,0
4177,794.4998966535309,794.4998966535303,0.0,89634.52577488791,0,24,0
4178,583.4914564386286,583.4914564386281,0.0,61660.177229252724,1,24,0
4179,505.85879475696925,505.85879475696913,0.0,55094.451123979095,0,23,0
4180,908.6313517024947,908.6313517024956,0.0,118483.72064012908,0,23,0
4181,451.1066948968081,451.1066948968082,0.0,50175.33670557565,0,23,0
4182,868.6087285099425,868.6087285099438,0.0,113247.28912188335,0,23,0
4183,399.86113742631426,399.8611374263146,0.0,43698.70597323072,0,22,0
4184,1225.8810913382658,1035.3211374263146,190.55995391195262,143026.3655642307,3,23,1
4185,728.2305573688683,728.2305573688689,0.0,77116.56512111239,1,23,0
4186,561.6896056978167,561.6896056978173,0.0,58741.57027100258,0,23,0
4187,935.6655897559032,935.665589755905,0.0,105219.31194858068,1,23,0
4188,853.6051778500281,853.6051778500281,0.0,106646.6798466671,1,23,0
4189,1280.156193055561,1031.3095139371176,248.84667911844426,144859.8190716395,4,23,0
4190,336.45951393711715,336.4595139371174,0.0,44031.52793344952,0,19,0
4191,453.3104682882651,453.31046828826527,0.0,58442.604917996774,0,20,1
4192,518.0479470700743,518.0479470700748,0.0,66662.62959602698,0,20,0
4193,362.1612007095604,362.16120070956015,0.0,46921.623613599375,0,20,0
4194,912.7937621468775,912.793762146879,0.0,128303.50280676238,0,21,1
4195,718.5843384867068,718.5843384867072,0.0,86247.52427885463,1,21,0
4196,1047.7101909953735,950.5864318636652,97.12375913170823,139614.4159968538,1,21,0
4197,261.9664318636656,261.9664318636654,0.0,31422.436896783747,0,13,0
4198,537.6707813067968,537.6707813067966,0.0,66690.56561966399,0,13,0
4199,286.55114492495534,286.55114492495534,0.0,33871.39800177743,0,13,0
4200,595.2634081248915,595.2634081248914,0.0,76478.59661200561,0,13,0
4201,1713.4458237248707,822.3599999999999,891.0858237248718,122189.98591886002,3,15,2
4202,580.168309256339,580.1683092563387,0.0,68094.67529620664,0,15,0
4203,538.7339799695328,538.7339799695326,0.0,62422.437607275795,0,15,0
4204,970.6749039928574,869.0999999999999,101.57490399285814,128097.77520200003,1,15,0
4205,880.3202373289307,880.320237328931,0.0,123211.9940776235,0,17,2
4206,471.62793374348183,471.6279337434817,0.0,57278.12649018209,0,17,0
4207,243.95520853909167,243.95520853909184,0.0,31408.611775421607,0,16,0
4208,265.1043765355159,265.1043765355159,0.0,34081.80022293127,0,16,0
4209,380.25637164103716,380.25637164103716,0.0,48636.65094215652,0,17,1
4210,728.4657360340805,621.5340413934684,106.93169464061249,85698.22786014226,1,18,1
4211,801.0675147019438,801.0675147019441,0.0,110178.74790892121,1,21,3
4212,1385.954355028515,983.6277991755105,402.32655585300506,148612.53350274326,2,21,0
4213,740.9974339904113,740.9974339904114,0.0,101673.41132377702,1,21,0
4214,1449.9759367374263,1111.6708264449192,338.3051102925075,156602.64650597266,1,22,1
4215,809.917322149479,809.9173221494792,0.0,97700.41539807993,0,21,0
4216,771.7839950190677,771.7839950190678,0.0,93200.5428587538,0,21,0
4217,518.2975924847758,518.2975924847758,0.0,64551.00687102369,0,21,0
4218,1646.3694590834884,1061.0149184264578,585.3545406570315,148295.97727348463,1,22,1
4219,391.9780738594051,391.97807385940536,0.0,43303.943846483395,0,18,0
4220,406.16146488666453,406.1614648866648,0.0,39617.05364789292,0,17,0
4221,463.1182303219718,463.11823032197174,0.0,46781.54804550685,0,17,0
4222,221.59784270831895,221.59784270831915,0.0,20161.8210907928,0,14,0
4223,718.9938712347456,718.9938712347462,0.0,98838.32339947729,0,16,2
4224,459.1367518334381,459.13675183343804,0.0,41752.23514548257,0,16,0
4225,1545.7386874858669,771.4399999999999,774.2986874858669,105017.63014454,0,16,0
4226,940.4048968200906,753.1876387771546,187.21725804293777,102710.58898013424,0,16,0
4227,266.8176387771543,266.8176387771546,0.0,22783.411434064226,0,15,0
4228,551.3125226579751,551.3125226579763,0.0,54359.00685796049,0,17,2
4229,1649.4204529566775,904.9,744.5204529566778,122483.52384737002,0,17,0
4230,415.76294761032455,415.76294761032545,0.0,39993.933708205856,0,17,0
4231,519.8921956504859,519.8921956504852,0.0,49599.39205905917,0,17,0
4232,569.1353194640283,569.1353194640279,0.0,64910.42572166458,0,17,0
4233,230.95407094335982,230.95407094336,0.0,21755.911042052016,0,16,0
4234,551.2171347054999,551.2171347054997,0.0,70407.59643898171,0,18,2
4235,673.4466117735799,673.446611773581,0.0,96388.28694057198,0,18,0
4236,280.8143248808231,280.8143248808233,0.0,26461.967713010265,0,17,0
4237,252.85877129219952,252.85877129220017,0.0,24930.49950109102,0,17,0
4238,1470.7029968646934,944.4887712922003,526.2142255724946,131399.75479888107,2,23,6
4239,1195.647898695165,1124.0128315086638,71.6350671865019,139672.05423615704,2,23,0
4240,1430.5454000460998,1111.5620897000017,318.9833103461019,143563.68011688069,2,23,0
4241,1012.9238204785149,1012.9238204785154,0.0,115840.57884165982,1,23,0
4242,662.8537130416042,662.8537130416066,0.0,70606.96165067345,0,22,0
4243,732.3171381689283,732.3171381689295,0.0,77219.21787190413,0,22,0
4244,461.1083468041038,461.10834680410414,0.0,43396.64986442703,0,18,0
4245,362.61429255672397,362.61429255672397,0.0,35606.1024162765,0,18,0
4246,852.7048800283171,852.7048800283172,0.0,114369.03715568276,1,18,0
4247,660.3766010547763,658.5787562838619,1.7978447709139742,91071.85600153237,1,17,0
4248,161.70601909787663,161.7060190978766,0.0,12910.119848578768,0,13,0
4249,1208.0980455340955,514.2399999999998,693.8580455340955,79524.13122524,3,14,1
4250,444.43688225770893,444.436882257709,0.0,54958.3645861658,0,15,1
4251,967.9753966970342,631.4990514460334,336.4763452510014,94170.08205138534,2,15,0
4252,334.5590514460331,334.55905144603355,0.0,32167.275128325324,0,16,1
4253,979.49394888626,782.7775290924955,196.716419793764,108494.43433210764,0,16,0
4254,253.03752909249553,253.0375290924956,0.0,27124.87739504762,0,15,0
4255,1428.8440585514086,877.6975290924955,551.1465294589138,126619.25972358765,2,20,5
4256,1094.7877491882641,909.9125611737056,184.8751880145594,118861.41278002309,2,20,0
4257,426.23354543944043,426.23354543944106,0.0,49075.19469796622,0,20,0
4258,633.5169019164946,633.5169019164937,0.0,75168.57479855913,0,20,0
4259,2128.2238449300607,1139.439405373946,988.7844395561151,152912.13586203058,2,20,0
4260,779.2416587986113,779.2416587986123,0.0,90921.59260722456,1,20,0
4261,1577.4482084616839,889.207537858502,688.2406706031818,128953.42840742915,1,20,0
4262,254.2775378585012,254.27753785850197,0.0,30235.115936139147,0,16,0
4263,1537.036860584727,848.8875378585019,688.1493227262258,126212.76908302917,2,19,3
4264,623.856997631311,623.8569976313112,0.0,73742.62616560215,0,19,0
4265,907.1948404850231,886.7704741708163,20.424366314207532,131132.5624224728,1,18,0
4266,412.2305974741774,412.23059747417744,0.0,50331.39596101056,0,17,0
4267,818.9818463689086,818.981846368909,0.0,108811.75741743344,0,17,0
4268,533.9531974710427,533.953197471043,0.0,63657.94734179577,0,15,0
4269,753.9112222665309,753.911222266531,0.0,91676.49113963285,0,15,0
4270,645.2112598510962,645.2112598510967,0.0,76543.7863675419,0,11,0
4271,464.68296958257696,464.6829695825772,0.0,52661.02868896651,0,9,0
4272,552.3145264248832,552.3145264248836,0.0,63856.01248429652,0,9,0
4273,689.0327118692276,689.0327118692278,0.0,82226.25149860028,1,12,3
4274,790.1593841472417,790.159384147242,0.0,95134.03853208711,0,17,5
4275,875.2953683004727,875.295368300472,0.0,120384.86404889156,0,18,1
4276,386.7661518402402,386.76615184024035,0.0,46386.995828335756,0,18,0
4277,794.284902630641,794.2849026306416,0.0,101801.52834762447,0,18,0
4278,603.8521115590017,603.8521115590019,0.0,65218.6235738239,0,19,1
4279,587.0633064948821,587.063306494882,0.0,62551.14900016399,0,19,2
4280,1003.5308750033262,966.1692654881275,37.36160951519887,134816.17099244503,1,19,0
4281,867.6077649387365,867.6077649387363,0.0,100802.23154161256,1,20,1
4282,712.4267842596561,712.4267842596562,0.0,79087.59724966479,0,20,0
4283,1519.2529678238245,1131.2882713908948,387.96469643292994,149801.2546316143,3,20,0
4284,743.6205126133257,743.6205126133259,0.0,83146.11987670885,0,20,0
4285,408.6154180662116,408.61541806621165,0.0,44197.54313452939,0,20,0
4286,656.0900280113906,656.0900280113913,0.0,68320.1991812808,0,21,1
4287,517.4660213080625,517.4660213080631,0.0,53725.7539002833,0,21,0
4288,1030.8964065943899,1030.8964065943908,0.0,133487.9804408138,0,21,0
4289,1027.7702449206681,993.861260185954,33.908984734715325,130001.13842586715,2,21,0
4290,1462.736158644142,1110.702552669974,352.0336059741696,144677.04765430815,4,22,1
4291,1197.557056196573,1104.6364532299494,92.92060296662427,140964.4922471403,2,22,0
4292,592.998762020045,592.9987620200452,0.0,63610.14273907973,0,20,0
4293,950.8626535955445,950.8626535955472,0.0,109731.0086044281,0,20,0
4294,650.76050370996,650.7605037099603,0.0,67364.57356239314,0,13,0
4295,381.2678934721759,381.26789347217584,0.0,33222.39369666917,0,8,0
4296,340.217512214206,340.2175122142063,0.0,26316.930595104834,0,4,0
4297,699.1858595511742,658.469336554003,40.71652299717219,86490.46246118187,1,15,11
4298,1043.032799683433,778.4015093047689,264.63129037866497,105190.04265598509,2,15,0
4299,515.3116843486285,515.3116843486288,0.0,48448.284332289506,0,15,0
4300,610.9471367645698,610.94713676457,0.0,62775.06092865319,1,15,0
4301,1173.1103527936693,754.2274176321018,418.8829351615685,101309.51058465423,4,15,0
4302,263.7056388402568,263.70563884025717,0.0,28054.129307008185,0,14,0
4303,1726.0554615148212,830.4135401982824,895.6419213165402,110718.46022304194,1,19,5
4304,789.2307141065842,789.2307141065851,0.0,91591.1875478509,1,22,4
4305,1014.5636611777586,1014.5636611777595,0.0,131486.58451703918,1,22,0
4306,514.5703621571175,514.5703621571176,0.0,60311.28957558696,0,21,0
4307,889.3430194533363,889.3430194533366,0.0,105348.70838640262,2,21,0
4308,578.561794944574,578.5617949445743,0.0,64725.40537717207,0,21,0
4309,658.3449159153959,658.3449159153976,0.0,74423.8384269352,0,21,0
4310,748.0049317012772,748.0049317012778,0.0,86263.54924670189,0,21,0
4311,838.9953823383773,838.9953823383778,0.0,98623.64508914677,1,21,0
4312,960.5526577434057,960.5526577434058,0.0,114292.82143187866,1,21,0
4313,819.6261918759432,819.626191875944,0.0,95596.29526037768,1,21,0
4314,590.2750886746923,590.2750886746925,0.0,67721.00970768284,1,19,0
4315,759.5831147427066,759.5831147427073,0.0,89218.21983802874,0,19,0
4316,345.90244797879467,345.9024479787946,0.0,37375.81662401543,0,15,0
4317,454.9491397852914,454.94913978529144,0.0,47821.29369079105,0,15,0
4318,482.5714224065696,482.5714224065694,0.0,51645.84713695732,0,15,0
4319,767.8077894553711,767.8077894553714,0.0,97946.55123242456,0,15,0
4320,350.7121551244411,350.7121551244422,0.0,37983.748509554556,0,14,0
4321,580.1572403304245,580.1572403304244,0.0,73054.57170673438,1,15,1
4322,557.9789924050127,557.9789924050128,0.0,61383.06957372839,0,17,2
4323,411.2264041951906,411.2264041951911,0.0,47326.60141816132,0,17,0
4324,1429.8350681846819,1023.0087017450356,406.8263664396471,138864.5572915441,3,22,5
4325,1256.630103674441,1091.2788111406494,165.3512925337924,144770.44889636646,2,22,0
4326,995.2430419994799,991.8031320023208,3.439909997159152,133276.62109848947,1,22,0
4327,651.0105110070742,651.010511007074,0.0,75719.25724513321,0,22,0
4328,1071.3807510128195,974.4133536175319,96.96739739528775,139119.49394521935,1,22,0
4329,293.9426722064259,293.94267220642644,0.0,35643.930808814526,0,18,0
4330,867.6311581230865,867.6311581230872,0.0,119925.59795875137,0,20,2
4331,671.1906817826231,671.1906817826234,0.0,74064.70270015787,0,20,0
4332,1450.1212356883686,1119.1416028622564,330.9796328261125,152489.4546475033,1,20,0
4333,729.4318255442178,729.4318255442179,0.0,82243.4318356892,0,19,0
4334,387.8283433848558,387.8283433848561,0.0,40898.12443686558,0,19,0
4335,515.3305449295505,515.3305449295508,0.0,54701.27909465946,0,19,0
4336,804.2563340501271,804.256334050128,0.0,91289.0181549636,0,19,0
4337,924.3905676213799,924.3905676213802,0.0,106803.97458398757,1,22,3
4338,1413.9703999779051,1095.5857303166322,318.3846696612735,144151.6081270149,1,22,0
4339,672.0928278030746,672.0928278030754,0.0,77697.32643064928,0,22,0
4340,1317.675748700835,1151.2077039623323,166.4680447385044,146494.16493085606,3,22,0
4341,1154.4308561994465,1060.0839445458419,94.3469116536051,129471.43714241612,3,22,0
4342,597.7156086844926,597.715608684493,0.0,66125.04804883365,0,19,0
4343,974.2543868501471,962.9024961394482,11.351890710699514,115997.84020172503,3,19,0
4344,982.2535059708524,982.2535059708531,0.0,122644.63939193734,1,19,0
4345,475.0074140126046,475.0074140126055,0.0,43353.951076920755,0,24,0
4346,355.7494822731236,355.7494822731237,0.0,28280.12285569798,0,24,0
4347,482.10128195436175,482.10128195436187,0.0,44250.59371710729,0,24,0
4348,256.0435534717516,256.0435534717518,0.0,17193.413307936815,0,24,0
4349,428.4254646957062,428.42546469570686,0.0,37466.138904003674,0,24,0
4350,1694.5187228048774,1117.863705829881,576.6550169749958,138352.9396297244,2,24,0
4351,243.7234151094871,243.72341510948706,0.0,16010.011127887297,0,24,0
4352,517.9937663669629,517.993766366963,0.0,48787.2910803515,0,24,0
4353,341.1201296454268,341.1201296454267,0.0,26431.018605094974,0,24,0
4354,629.3685065826993,629.3685065826995,0.0,63881.34571643743,1,24,0
4355,1624.161474888235,1115.0765882070014,509.08488668123414,150608.67747595464,4,24,0
4356,387.77767050803607,387.77767050803584,0.0,32328.38531210801,0,24,0
4357,968.595272154362,968.5952721543625,0.0,110170.73818965239,1,24,0
4358,694.1650666001583,694.1650666001589,0.0,71425.36792551038,1,24,0
4359,245.45022865238667,245.4502286523866,0.0,16175.878981893338,0,24,0
4360,521.095751556311,521.0957515563107,0.0,49179.37227115354,0,24,0
4361,698.6155995981901,698.6155995981914,0.0,72703.43730264311,1,24,0
4362,517.8337362141548,517.8337362141551,0.0,48767.063771371235,0,24,0
4363,1249.1444426622572,1121.157441786353,127.98700087590468,151377.2782805853,2,24,0
4364,1032.7798247071753,1032.7798247071755,0.0,118350.04354540921,1,24,0
4365,1325.7053098398194,1119.655597124155,206.0497127156651,151187.44982957386,4,24,0
4366,394.35545742397727,394.35545742397824,0.0,33159.79693061,0,24,0
4367,666.5989641501542,666.598964150155,0.0,67970.16129137589,1,24,0
4368,160.93020672328367,160.93020672328373,0.0,8057.368031148865,0,24,0
4369,331.00599249206397,331.0059924920642,0.0,28200.234566805186,0,12,0
4370,236.2386769785322,236.23867697853171,0.0,15291.06989842824,0,12,0
4371,794.1573150042798,571.7999999999998,222.35731500428042,79076.26040199999,1,12,0
4372,647.0113427303502,571.7999999999998,75.21134273035022,79076.26040199999,0,12,0
4373,674.6791496175416,571.7999999999998,102.87914961754039,79076.26040199999,0,12,0
4374,444.6207732396235,444.62077323962393,0.0,49032.74625755436,0,12,0
4375,1151.0424007126417,571.7999999999998,579.2424007126414,79076.26040199999,0,12,0
4376,425.079436208694,425.0794362086943,0.0,44687.87189745802,0,12,0
4377,459.195997292748,459.19599729274876,0.0,43398.69731607439,0,15,3
4378,444.63087718336965,444.63087718336936,0.0,40799.20748183838,0,15,0
4379,794.5291765978966,794.5291765978959,0.0,106176.0648905155,0,15,0
4380,741.6761433440047,741.6761433440038,0.0,93598.50880211343,0,15,0
4381,557.9630322547764,557.963032254777,0.0,58406.60506922242,0,15,0
4382,277.0068133749078,277.00681337490744,0.0,23918.63274468112,0,15,0
4383,1216.242006655533,741.3468133749075,474.89519328062585,100946.79366188114,0,15,0
4384,559.9188687981015,559.9188687981017,0.0,55053.01877885474,0,15,0
4385,792.2531838856597,792.2531838856587,0.0,107398.59760268782,0,15,0
4386,328.2133171517892,328.21331715178934,0.0,30441.86007893088,0,15,0
4387,187.33512497582242,187.33512497582188,0.0,21252.130390320406,0,13,0
4388,1137.8684247845083,913.437037414298,224.43138737021107,134275.45117256616,1,22,9
4389,494.64055514275935,494.6405551427608,0.0,61105.194545218175,0,22,0
4390,1132.3631221429348,1015.9564523364035,116.406669806532,150483.47940289404,2,22,0
4391,343.6964523364029,343.69645233640347,0.0,44439.482424074,0,18,0
4392,651.970283271457,651.9702832714573,0.0,87403.27198784916,0,18,0
4393,341.8785441344045,341.8785441344048,0.0,26526.87981583873,0,24,0
4394,214.60284490005324,214.60284490005333,0.0,13212.855344663278,0,24,0
4395,940.7951358421915,860.3371285453219,80.45800729686994,99428.22754477223,2,24,0
4396,1526.7673410230336,1115.5841351025256,411.1832059205093,138064.8090453592,4,24,0
4397,1358.5474247462548,1150.2904448191994,208.25697992705707,142451.5776504405,4,24,0
4398,470.69008436009403,470.6900843600956,0.0,42808.25416094128,0,24,0
4399,397.1488497948486,397.14884979484884,0.0,33512.87295782939,0,24,0
4400,1016.2953190410635,1016.2953190410642,0.0,117501.71639675995,1,24,0
4401,470.94744279579356,470.94744279579345,0.0,42840.78345936535,0,24,0
4402,562.9555511446516,562.9555511446523,0.0,54506.398735942865,1,24,0
4403,1183.8015639817118,1138.7080793397754,45.09348464193715,151898.8733014978,1,24,0
4404,795.0107427959446,795.0107427959447,0.0,85861.59704254573,1,24,0
4405,619.0460938803164,619.0460938803182,0.0,61559.98807478352,0,24,0
4406,693.832854088706,693.8328540887068,0.0,72114.08628609577,1,24,0
4407,504.8816578571052,504.8816578571045,0.0,47129.961723614,0,24,0
4408,902.3672647941319,902.367264794133,0.0,99923.11523404697,1,24,0
4409,362.6739482696706,362.67394826967086,0.0,29155.353621762777,0,24,0
4410,321.3142961085497,321.3142961085498,0.0,23927.623416545208,0,24,0
4411,379.4946868912313,379.49468689123114,0.0,31281.44218322946,0,24,0
4412,1071.4825966852688,1071.4825966852698,0.0,124783.26153864097,1,24,0
4413,1121.0699033290798,967.0392618114513,154.03064151762885,131897.22410872468,2,24,0
4414,396.5760660370745,396.57606603707484,0.0,33440.47488881497,0,24,0
4415,954.154581412333,954.1545814123338,0.0,105796.69521482632,1,24,0
4416,252.9790941525902,252.97909415259005,0.0,16899.058834607473,0,24,0
4417,779.3372455415274,571.7999999999998,207.53724554152808,79076.26040199999,0,12,0
4418,742.3508892825961,571.7999999999998,170.55088928259624,79076.26040199999,0,12,0
4419,632.5844716397396,571.7999999999998,60.78447163973989,79076.26040199999,0,12,0
4420,618.4767627387695,571.7999999999998,46.67676273876975,79076.26040199999,0,12,0
4421,970.9319217799829,571.7999999999998,399.1319217799829,79076.26040199999,2,12,0
4422,2846.173577068871,571.7999999999998,2274.37357706887,79076.26040199999,1,12,0
4423,982.9934385770567,571.7999999999998,411.1934385770573,79076.26040199999,1,12,0
4424,521.6171678153714,521.6171678153706,0.0,67134.13811272605,0,12,0
4425,357.85756021365756,357.8575602136574,0.0,34308.16595529658,0,19,7
4426,1058.0926721362023,969.4764482027608,88.61622393344277,131346.08831731806,1,22,3
4427,549.4698127825311,549.4698127825304,0.0,54770.95984398833,0,22,0
4428,775.4995288084449,775.499528808445,0.0,83290.253329454,0,22,0
4429,1048.9908536557432,1012.9558420901463,36.03501156559858,140946.85599545704,1,22,0
4430,435.51132360533524,435.51132360533524,0.0,48952.171157380406,0,21,0
4431,952.2107581674924,952.210758167494,0.0,134573.6682744691,1,23,2
4432,1587.794579427134,1131.780342966459,456.0142364606765,156647.3653420085,3,23,0
4433,777.0948941576694,777.0948941576702,0.0,90549.53154986078,1,23,0
4434,1391.7611035505465,1142.9697210884517,248.79138246209538,150283.59204825695,1,23,0
4435,978.2408392542304,978.2408392542322,0.0,138309.54046795086,0,23,0
4436,373.16906197440716,373.16906197440744,0.0,48542.64141378364,0,19,0
4437,1045.6863450731955,979.0690619744074,66.61728309878873,146136.03580282367,1,20,1
4438,665.8496871895223,665.8496871895223,0.0,78861.18875649161,0,18,0
4439,571.2508329461836,560.3999999999999,10.850832946183118,66006.45515952,0,15,0
4440,201.37566822222598,201.37566822222584,0.0,19342.99743848847,0,5,0
4441,772.5707165718443,485.79999999999995,286.77071657184473,78216.26040199999,0,10,5
4442,761.3403809363482,485.79999999999995,275.54038093634864,78216.26040199999,1,10,0
4443,544.2670887104314,485.79999999999995,58.46708871043228,78216.26040199999,0,10,0
4444,284.357114933701,284.3571149337011,0.0,29368.520339436403,0,12,2
4445,444.83478716177456,444.83478716177467,0.0,55971.260316001484,0,12,0
4446,1470.928711207118,655.0999999999999,815.8287112071188,99615.24896930001,1,12,0
4447,265.29307169606506,265.29307169606506,0.0,29078.436173243837,0,12,0
4448,621.0478615539257,621.0478615539265,0.0,73122.55147674991,0,20,8
4449,1050.74467526359,926.675704687008,124.06897057658307,122807.00567487768,2,20,0
4450,761.1462008590754,761.1462008590761,0.0,90960.58899036878,1,20,0
4451,1311.6014080214618,916.2920794466208,395.30932857484186,129140.41828480666,2,20,0
4452,383.5412605253804,383.5412605253805,0.0,46850.040248174235,0,20,0
4453,626.701620141759,626.7016201417589,0.0,74411.44951834262,0,20,0
4454,668.0900777017138,668.0900777017141,0.0,79263.52694059699,0,20,0
4455,414.01666656038,414.01666656038026,0.0,49777.33382875407,0,20,0
4456,806.7509402175211,806.7509402175216,0.0,97808.94825872619,0,21,1
4457,620.617722661614,620.617722661615,0.0,75260.39516655149,0,21,0
4458,1532.3460401371253,1090.2874791883078,442.0585609488184,157485.54195500497,2,21,0
4459,1155.3471586610146,1020.1761254618422,135.17103319917288,128310.88370394186,2,22,1
4460,1207.1604074730164,989.9375458522798,217.22286162073712,122503.06846208569,3,23,2
4461,612.3532905213834,612.3532905213848,0.0,65008.66567187522,0,20,0
4462,585.6170062206174,585.617006220617,0.0,62674.97648279066,0,20,0
4463,1660.283994425761,1046.5763892301584,613.7076051956037,128532.64060212983,2,20,0
4464,636.8713804713337,636.8713804713341,0.0,67598.17916460069,0,19,0
4465,647.9759822737066,647.9759822737069,0.0,70923.71602000749,1,18,0
4466,496.95272441608796,496.9527244160888,0.0,49749.47673531726,0,18,0
4467,541.3768445289766,541.3768445289774,0.0,52888.423428467766,0,19,1
4468,578.7503564805899,578.7503564805893,0.0,61733.26698562939,0,20,1
4469,1016.2244923096381,1016.2244923096368,0.0,126168.11495109962,0,20,0
4470,623.2226674560924,623.222667456093,0.0,66005.02337445754,0,20,0
4471,467.3330921677493,467.33309216774956,0.0,47837.33850491884,0,20,0
4472,1170.7711563123733,1005.4184507695546,165.35270554281902,137034.3925406867,1,20,0
4473,444.35845076955343,444.3584507695542,0.0,47110.65940808665,0,20,0
4474,603.4057135891178,603.4057135891169,0.0,70888.75538212658,0,19,0
4475,454.68044889344225,454.6804488934422,0.0,49275.137282948264,0,19,0
4476,465.70239429486645,465.70239429486605,0.0,51742.41932395436,0,19,0
4477,222.07342464339646,222.07342464339638,0.0,21300.605591479525,0,17,0
4478,1001.8404527492514,820.2934246433962,181.5470281058551,115921.24607883954,0,21,4
4479,481.45334915348724,481.45334915348764,0.0,51526.30696523599,0,21,0
4480,1084.0775357677724,1054.9333491534876,29.14418661428398,143019.889111456,1,21,0
4481,888.1136163469879,888.1136163469863,0.0,98908.83630023774,0,21,0
4482,1223.5349472085202,930.0650421275369,293.46990508098446,126664.10241693753,1,21,0
4483,334.02935545401135,334.02935545401135,0.0,32174.87600495252,0,17,0
4484,416.44344871017313,416.44344871017324,0.0,37524.626721617475,0,17,0
4485,425.9342224596726,425.9342224596732,0.0,37958.93271492751,0,16,0
4486,290.5542131295839,290.554213129584,0.0,26187.03298265353,0,16,0
4487,1772.5421997596386,800.2342131295851,972.3079866300544,110759.33290533371,2,19,3
4488,226.89139640730724,226.89139640730625,0.0,25856.15567352659,0,12,0
4489,199.33440394561651,199.33440394561666,0.0,25195.24294803196,0,12,1
4490,1018.6562299192309,565.5444039456165,453.1118259736143,94971.06770304198,2,12,0
4491,674.4090295904265,674.4090295904269,0.0,107489.71015571497,0,16,4
4492,1399.0481580915712,742.4549478507231,656.5932102408485,118629.27788681012,1,16,0
4493,307.48494785072285,307.4849478507231,0.0,39606.430931000104,0,16,0
4494,395.8606212055609,395.8606212055609,0.0,47926.73003040654,0,18,2
4495,667.5382691119315,667.5382691119319,0.0,79634.67717617658,0,18,0
4496,649.8007547896589,649.8007547896593,0.0,83796.79327988683,1,17,0
4497,506.39971081746216,506.39971081746296,0.0,59193.75975169587,0,17,0
4498,509.2560522859984,509.25605228599863,0.0,58586.9585868421,0,17,0
4499,396.58278531520233,396.5827853152027,0.0,45458.89905510258,0,17,0
4500,451.2683671945221,451.26836719452217,0.0,51257.49721462298,0,17,0
4501,618.1470613437903,618.14706134379,0.0,73542.35122027961,0,17,0
4502,337.76687102848774,337.76687102848734,0.0,39809.37799114354,0,17,0
4503,542.4928129531783,542.4928129531784,0.0,63048.12112996084,0,17,0
4504,695.9094831277446,695.9094831277446,0.0,88460.1400447923,0,17,0
4505,328.0731948879784,328.0731948879785,0.0,39023.69662472173,0,17,0
4506,564.8219172205471,564.8219172205472,0.0,67365.17126800539,0,19,2
4507,862.6464164028761,862.646416402875,0.0,105686.99725254296,0,19,0
4508,1447.0583322308512,966.2701768557486,480.7881553751031,124268.97237549716,2,19,0
4509,553.6327521082721,553.6327521082717,0.0,68480.1792444427,0,19,0
4510,881.197804777271,881.1978047772708,0.0,115914.14201045016,0,19,0
4511,835.2098238903676,835.2098238903683,0.0,116730.24000406437,1,17,0
4512,562.2165479357518,562.2165479357523,0.0,66524.23123499364,0,16,0
4513,1540.818496682749,889.867976138307,650.9505205444427,124261.6960983819,1,20,4
4514,921.9578569916151,896.4675729090743,25.49028408254184,132493.83738112712,0,20,0
4515,301.24757290907417,301.24757290907434,0.0,36187.45457374709,0,18,0
4516,512.3686639793632,512.3686639793631,0.0,59752.32995911447,0,18,0
4517,994.96381092366,756.4538480000671,238.50996292359372,117328.16459889965,0,18,0
4518,223.513848000067,223.51384800006707,0.0,29145.405869879614,0,17,0
4519,362.47561141846285,362.47561141846285,0.0,47233.220271555096,0,17,0
4520,242.9433984998582,242.94339849985863,0.0,31601.24006369425,0,17,0
4521,264.9362781862578,264.93627818625816,0.0,34829.15147384572,0,17,0
4522,1551.8084964034463,939.7797226219591,612.0287737814909,135547.24579422624,2,21,4
4523,748.8428516468458,748.8428516468556,0.0,83437.63524379685,1,21,0
4524,413.3137932356707,413.313793235671,0.0,43071.28513120086,0,19,0
4525,608.184248367583,608.1842483676063,0.0,65043.22125146628,0,19,0
4526,412.6406667399921,412.6406667399925,0.0,45114.634862959465,0,20,1
4527,720.0715127202687,717.4397895764231,2.631723143845077,89164.6501640083,2,20,0
4528,1035.2885568317595,889.0076293854567,146.2809274463031,113911.99197231924,2,20,0
4529,502.19888905088146,502.19888905088146,0.0,57283.22123705629,0,20,0
4530,965.527714575654,965.5277145756309,0.0,133117.5791599965,0,20,0
4531,384.70850612099986,384.7085061209781,0.0,40455.06630157594,0,19,0
4532,391.534418516667,391.53441851663877,0.0,42817.030539397565,0,19,0
4533,1059.2375623585133,1004.4171677513609,54.820394607186024,137284.5112995261,1,23,4
4534,431.45870556222536,431.4587055622376,0.0,45291.01038314996,0,21,0
4535,1001.8155308854112,981.6161131507702,20.1994177346416,131375.0473745201,1,21,0
4536,740.7162959376765,740.7162959376343,0.0,78487.26664493688,0,18,0
4537,291.4403189896165,291.44031898961646,0.0,20593.424594242082,0,24,0
4538,152.82103430510176,152.8210343051017,0.0,7278.447207705291,0,24,0
4539,362.3629277766375,362.36292777663766,0.0,29116.041607736708,0,24,0
4540,1349.8385106712187,1095.7990218657787,254.0394888054411,148172.05360270484,4,24,0
4541,794.4296096876171,794.4296096876178,0.0,85557.96302641805,1,24,0
4542,1342.4343983789927,1108.4298772048012,234.00452117419184,137160.53330430237,2,24,0
4543,594.8194516469167,594.8194516469172,0.0,58545.11770430405,1,24,0
4544,1021.3370725155276,1008.3375526775721,12.999519837956313,118934.86541722725,2,24,0
4545,280.25782555095356,280.25782555095384,0.0,19519.298093014208,0,24,0
4546,851.2092046690142,851.209204669014,0.0,93923.96103258627,1,24,0
4547,405.0726722934911,405.07267229349156,0.0,34514.419248779006,0,24,0
4548,878.3043568910057,878.3043568910059,0.0,98195.41726672638,1,24,0
4549,1059.9199983770523,1059.9199983770527,0.0,131720.15282940795,1,24,0
4550,1242.9615653178291,1006.4016897343644,236.559875583465,116413.47408611646,3,24,0
4551,345.65926293869035,345.6592629386903,0.0,27004.750805024087,0,24,0
4552,230.93247213319646,230.93247213319637,0.0,14781.38614349638,0,24,0
4553,603.9839198888235,603.9839198888243,0.0,59661.95104191073,1,24,0
4554,601.7927243439688,601.7927243439691,0.0,59581.296196988194,1,24,0
4555,724.1997230949327,724.199723094933,0.0,76085.70542500919,1,24,0
4556,1118.1577500425112,1117.0701480209702,1.0876020215413291,141191.08100492193,2,24,0
4557,341.48839263028384,341.48839263028435,0.0,26477.565890403475,0,24,0
4558,1199.4631491616597,1086.4018450093172,113.0613041523435,146984.27994578623,2,24,0
4559,598.7714161118995,598.7714161119001,0.0,59374.32078632509,1,24,0
4560,925.561842233499,920.9316357772516,4.630206456248175,102621.54779825803,2,24,0
4561,1398.4999979091815,1104.4880590120347,294.0119388971476,151377.1503744198,2,22,0
4562,470.2072312754846,470.2072312754848,0.0,58204.61248369812,0,20,0
4563,635.3264495371546,635.3264495371551,0.0,77463.0485725516,0,20,0
4564,2884.5570304834446,1131.084048548881,1753.4729819345644,158824.4416211313,3,20,0
4565,1274.7818220830484,1098.8051751976507,175.97664688539783,151142.964985812,1,20,0
4566,728.8149036308143,728.8149036308148,0.0,97272.69328650234,0,20,0
4567,307.96492315963917,307.96492315963934,0.0,40071.38425340462,0,19,0
4568,757.9052991605413,757.9052991605419,0.0,119090.54492612145,0,19,0
4569,611.8153215798337,611.8153215798341,0.0,79648.21853888575,0,19,0
4570,812.3490284719337,812.349028471933,0.0,109591.85830170059,0,20,1
4571,740.3370748451306,740.3370748451313,0.0,92243.37303120663,0,21,1
4572,1249.3521423580708,1117.0118507208267,132.34029163724273,159255.94047504687,3,21,0
4573,504.6189519441319,504.61895194413216,0.0,62449.342215708166,0,20,0
4574,1091.8607159260423,1042.7040924076177,49.156623518424695,152006.8139782482,1,20,0
4575,443.3009855957627,443.300985595763,0.0,55315.70989630106,0,19,0
4576,624.2708354571441,624.2708354571445,0.0,74736.74480750225,0,19,0
4577,505.14274348604886,505.14274348604897,0.0,62487.79955851795,0,19,0
4578,1345.74958197364,1123.912743486049,221.83683848759148,161707.92154862796,2,20,1
4579,1146.1664680088998,1065.2661411818813,80.90032682701906,142804.92473698384,1,20,0
4580,733.2605853031598,733.2605853031597,0.0,88011.2444862021,0,20,0
4581,484.4244147714513,484.42441477145053,0.0,56985.729203130446,0,20,0
4582,339.0376741773179,339.03767417731797,0.0,40270.06714802664,0,18,0
4583,386.493214835499,386.4932148354999,0.0,46521.7760765783,0,18,0
4584,969.3815625568317,969.3815625568323,0.0,137786.4410872498,1,20,2
4585,619.088816939112,619.0888169391125,0.0,72583.4475848799,0,20,0
4586,624.0554956162504,624.0554956162507,0.0,73764.78436433332,0,20,0
4587,582.6289136287234,582.6289136287239,0.0,72536.74473863079,0,20,0
4588,1087.822167662923,1076.180894794377,11.641272868546025,144430.80377049066,1,20,0
4589,1161.8720313904996,1003.5054523902953,158.36657900020492,136304.465063395,1,20,0
4590,846.367325386257,846.3673253862572,0.0,107469.43904827142,0,20,0
4591,419.455459439223,419.4554594392224,0.0,50574.12801507053,0,20,0
4592,798.2550587118523,798.2550587118526,0.0,96426.17668162019,0,21,1
4593,838.091315702144,838.0913157021423,0.0,107642.7208462305,0,21,0
4594,363.45578891299857,363.4557889129991,0.0,43811.420186795374,0,19,0
4595,970.6266377089071,970.6266377089092,0.0,130310.59225689145,0,21,2
4596,1119.8603214310076,1027.9155828718644,91.94473855914417,138256.86531332842,2,21,0
4597,440.99680537276083,440.9968053727615,0.0,44740.15116892762,0,18,0
4598,455.93382121303443,455.93382121303455,0.0,42155.431565987616,0,18,0
4599,516.2306713082263,516.2306713082261,0.0,53268.165622527056,0,19,1
4600,910.2965104688053,910.2965104688035,0.0,112968.02868380393,0,19,0
4601,878.1747842773933,878.1747842773938,0.0,104070.25344840037,0,19,0
4602,531.1338820585662,531.1338820585672,0.0,54968.83166424106,0,19,0
4603,324.5531513014719,324.55315130147187,0.0,30545.278499454722,0,18,0
4604,539.0405763653907,539.0405763653906,0.0,53452.218305574774,0,18,0
4605,523.722606015686,523.7226060156864,0.0,50405.35552176249,0,18,0
4606,379.791972299798,379.79197229979775,0.0,37589.30682238768,0,18,0
4607,870.0499741088156,870.0499741088161,0.0,118273.9784971079,1,18,0
4608,349.6829329864937,349.68293298649394,0.0,33414.31853965467,0,17,0
4609,930.9516416429552,913.5811208997271,17.3705207432306,122445.74501923958,1,19,2
4610,664.100399000721,664.1003990007213,0.0,68021.19367766097,0,19,0
4611,792.4039684595273,792.4039684595276,0.0,85563.88706966922,1,20,1
4612,605.2693728851849,604.0611391131407,1.2082337720446992,66967.70286383548,1,20,0
4613,938.4530252967728,938.4530252967733,0.0,116713.98810576022,1,20,0
4614,801.6072437431588,801.6072437431594,0.0,86824.04890931358,0,20,0
4615,576.0637531456821,576.063753145682,0.0,57117.686051874436,0,18,0
4616,637.0398977967186,637.0398977967184,0.0,64806.57443343902,0,18,0
4617,1004.169192005755,541.0020505769141,463.1671414288406,54476.53331087573,1,18,0
4618,739.7037726221123,739.7037726221138,0.0,86419.00198573645,0,18,0
4619,1154.2468389307044,781.7702871603218,372.4765517703835,109435.41152538171,4,18,0
4620,184.24028716032194,184.2402871603218,0.0,21212.490220061693,0,14,0
4621,829.897896901973,694.6502871603217,135.24760974165167,106683.44860714172,0,16,2
4622,254.9115200080405,254.91152000804058,0.0,30255.0025899677,0,16,0
4623,1736.1548837153018,881.5415200080406,854.6133637072622,130507.17278716773,3,20,4
4624,1274.7514132058823,1057.987408542403,216.76400466348,153287.20777639438,3,20,0
4625,1240.7634026643454,1119.437388553489,121.32601411085676,155624.96641156366,2,20,0
4626,575.6850130939032,575.685013093904,0.0,71431.86926867337,0,20,0
4627,1376.9062906108447,858.3099010274307,518.5963895834141,130276.75773301792,0,20,0
4628,249.76990102743034,249.76990102743065,0.0,32227.66213122791,0,16,0
4629,656.0516538849229,656.051653884923,0.0,94644.78035773034,0,18,2
4630,818.1606193306486,818.1606193306495,0.0,124443.19000536815,0,18,0
4631,840.9363362438921,781.7399999999999,59.19633624389278,123563.89771612002,0,18,0
4632,235.7789165872031,235.77891658720313,0.0,30512.045360753313,0,13,0
4633,1186.406231678658,712.0999999999999,474.3062316786585,111172.31026080002,1,14,1
4634,777.2241544941387,777.2241544941389,0.0,111059.07584710437,0,14,0
4635,419.7974681132545,419.7974681132544,0.0,48176.62334983871,0,14,0
4636,426.8271804154762,426.82718041547633,0.0,47680.15392779688,0,14,0
4637,481.29929097607555,481.29929097607584,0.0,55074.49629732161,0,16,2
4638,627.3823439109689,627.3823439109691,0.0,74419.18799391892,0,16,0
4639,941.8752822499556,854.8491911346991,87.02609111525544,126142.4782075075,1,16,0
4640,343.6591911346991,343.6591911346992,0.0,40795.934398867474,0,15,0
4641,223.1791858298497,223.1791858298497,0.0,25950.235630617633,0,14,0
4642,946.1913172342265,891.2949463951066,54.896370839120664,131207.87045772374,1,20,6
4643,823.978038981989,823.9780389819894,0.0,99947.01325581086,1,20,0
4644,793.903870436747,793.9038704367472,0.0,90516.03806999183,1,20,1
4645,643.8537551132238,643.8537551132239,0.0,73979.9682497226,1,20,0
4646,877.0126880940107,877.012688094011,0.0,111993.89855472096,0,20,0
4647,599.9833411031705,599.9833411031709,0.0,74308.8430491189,0,19,0
4648,295.1862906940859,295.186290694086,0.0,32649.487777685976,0,18,0
4649,561.5617511037516,561.5617511037498,0.0,63367.22528581772,0,21,3
4650,692.8690638362389,692.8690638362399,0.0,82950.18300954733,0,21,0
4651,548.3554199282974,548.3554199282983,0.0,58025.059434620984,0,21,1
4652,925.4418216785626,921.7247242014813,3.7170974770817735,125692.59316845161,1,18,0
4653,613.1835450809932,613.1835450809934,0.0,62986.28757969705,0,19,1
4654,378.4816189206142,378.4816189206142,0.0,36879.590757886144,0,19,0
4655,763.6085886045748,763.6085886045755,0.0,89529.55890002835,0,19,0
4656,1286.8180448516912,998.4028785629116,288.41516628878026,130460.01018315647,2,19,0
4657,1530.0103165101543,819.3616606831783,710.6486558269764,115709.7328651609,4,19,0
4658,281.4916606831782,281.4916606831784,0.0,28717.142939150872,0,18,0
4659,623.265774686312,623.2657746863126,0.0,84655.3275512091,0,18,0
4660,340.8533493129295,340.8533493129295,0.0,36545.993888533994,0,18,0
4661,1298.8255010089133,883.9633493129295,414.8621516959842,127538.58584618401,2,21,3
4662,505.0190917690014,505.0190917690012,0.0,55294.00240951589,0,21,0
4663,558.2901966284488,558.2901966284498,0.0,61759.18933729508,0,21,0
4664,1738.751418692243,862.9283135234315,875.8231051688119,124569.58587704886,2,21,0
4665,335.75831352343175,335.7583135234315,0.0,35591.759883738836,0,20,0
4666,632.7551174839272,632.7551174839275,0.0,74347.47483143964,0,21,1
4667,358.87477945291374,358.874779452914,0.0,38513.60861463887,0,21,0
4668,677.6079612770126,676.5103470570257,1.0976142199870704,82155.33061933114,1,22,1
4669,1342.9677424631839,1133.0158398734561,209.95190258972877,159551.5075352835,5,22,0
4670,780.590216599375,780.5902165993765,0.0,90914.95355761294,0,22,0
4671,670.3892613355566,670.3892613355574,0.0,77542.3972605851,0,22,0
4672,368.57331403454333,368.5733140345434,0.0,39918.50442518586,0,21,0
4673,1302.2844165114489,1016.9033140345433,285.3811024769068,140872.89161725587,2,23,2
4674,1025.1562348975813,997.3833952531413,27.772839644440147,136075.53504770188,1,23,0
4675,290.6062929356244,290.6062929356244,0.0,35001.51208937855,0,17,0
4676,358.5902140334137,358.59021403341364,0.0,41313.14506889823,0,17,0
4677,502.6588297104089,502.65882971040895,0.0,58013.75843918073,0,17,0
4678,933.4812240260037,858.9399999999998,74.54122402600386,126651.38357110003,0,17,0
4679,315.7674977717628,315.767497771763,0.0,37009.30056270577,0,4,0
4680,255.95316738992102,255.95316738992125,0.0,28401.672998669535,0,4,0
4681,349.7375504982541,349.7375504982542,0.0,37781.99117208832,0,9,5
4682,441.2434394079621,441.2434394079621,0.0,49445.349299409514,0,13,4
4683,826.753783589739,826.7537835897392,0.0,118907.7479937423,1,16,3
4684,386.4972198353957,386.4972198353959,0.0,46303.62973056039,0,16,0
4685,1598.2194611251016,904.8077152117202,693.4117459133824,123010.07632901837,2,18,2
4686,877.9803909022895,824.9430457333731,53.03734516891757,125112.53512469782,1,18,0
4687,198.46304573337298,198.4630457333731,0.0,25336.733580477805,0,14,0
4688,597.3318420726382,597.3318420726391,0.0,91193.38860084552,0,18,4
4689,493.5114835473447,493.5114835473447,0.0,63592.55574899383,0,18,0
4690,662.7373291617057,662.7373291617054,0.0,89492.0797314047,0,18,0
4691,390.5379614464629,390.5379614464632,0.0,50577.025789328276,0,18,0
4692,721.2625896183507,721.2625896183508,0.0,90767.51780592705,0,19,1
4693,558.4673872973111,558.4673872973113,0.0,66566.58962192036,0,19,0
4694,755.6597065120268,755.6597065120268,0.0,91891.26568308019,0,18,0
4695,761.5469190874917,761.5469190874916,0.0,92035.36163603712,0,19,1
4696,2669.822186908555,1025.8930848117777,1643.9291020967776,146067.90693454907,2,19,0
4697,633.3949894191779,633.3949894191776,0.0,75199.82596311225,0,19,0
4698,1630.7722182100538,1001.7456142353867,629.0266039746679,140880.69741129468,2,19,0
4699,497.1026078070137,497.102607807014,0.0,61276.8828668854,0,19,0
4700,436.69712940101823,436.6971294010181,0.0,50332.51129378817,0,19,0
4701,367.6729089246538,367.6729089246538,0.0,45556.334763349754,0,18,0
4702,1309.989036112075,1076.2263753082814,233.762660803794,147762.30491683015,1,23,5
4703,542.7540997041774,542.7540997041776,0.0,59680.33493535504,0,13,0
4704,584.5727177488563,584.5727177488568,0.0,58693.64766265449,0,11,0
4705,1270.5401448581006,947.8045608236429,322.73558403445986,115435.07268697204,2,20,9
4706,626.2838828150002,626.2838828149994,0.0,65194.818530611126,0,20,0
4707,820.6235848249697,820.6235848249705,0.0,97259.7414209812,1,20,0
4708,595.4570665603961,595.4570665603959,0.0,63357.12838768211,0,20,0
4709,387.85723251693537,387.85723251693537,0.0,41839.282292447766,0,19,0
4710,1582.8424277022268,873.807232516935,709.0351951852922,125365.42839161774,4,19,0
4711,393.71646099774176,393.71646099774216,0.0,41897.87457725583,0,19,0
4712,298.32789320173765,298.32789320173737,0.0,30523.054835602845,0,18,0
4713,1930.5968090240226,959.7678932017375,970.8289158222765,133215.03863662283,1,23,5
4714,2203.118804270176,1103.67540311122,1099.4434011589567,142193.16573182394,2,23,0
4715,1034.4696590131343,1013.6987776445585,20.770881368576106,137606.1197643492,2,21,0
4716,559.5067491719583,559.5067491719582,0.0,57976.049811920784,0,21,0
4717,370.72637623622677,370.7263762362277,0.0,36561.46895572228,0,20,0
4718,509.91400840008447,509.9140084000845,0.0,49512.70646554619,0,17,0
4719,841.0907408426542,841.0907408426541,0.0,105248.66029054514,0,17,0
4720,571.0356975289826,571.0356975289827,0.0,56055.361009288856,0,17,0
4721,516.2291117971674,516.2291117971622,0.0,48886.379326939365,0,17,0
4722,807.4246359043891,807.4246359043887,0.0,103276.95530916439,0,17,0
4723,382.6017899967112,382.60178999671086,0.0,35333.98778752545,0,17,0
4724,893.3320483995485,713.5250026729121,179.807045726637,97821.56724611971,1,17,0
4725,186.9150026729123,186.91500267291224,0.0,12831.224312559696,0,13,0
4726,398.8999650307971,398.8999650307985,0.0,40821.94376010808,0,19,6
4727,1102.8260375089174,987.1211568262927,115.7048806826274,133513.1258662026,3,20,1
4728,1555.6325068518113,911.2919541833542,644.3405526684579,101025.69925456133,2,19,0
4729,942.7816646126622,942.7816646126622,0.0,116245.0078548427,1,24,0
4730,729.3148583174004,729.314858317401,0.0,76191.28452137588,1,24,0
4731,666.0320865497987,666.0320865497991,0.0,67681.08943135361,1,24,0
4732,1143.1419315024036,1097.5736928181595,45.5682386842451,148396.36644039367,2,24,0
4733,188.55478492039478,188.55478492039492,0.0,10710.827359295596,0,24,0
4734,374.4352261036728,374.4352261036727,0.0,30641.942221329486,0,24,0
4735,742.0873743323573,742.0873743323576,0.0,78416.05347024386,1,24,0
4736,326.94219903538226,326.9421990353824,0.0,24638.97268050956,0,24,0
4737,770.5807618362898,770.5807618362899,0.0,82237.97315107522,1,24,0
4738,505.72452460176123,505.72452460176146,0.0,47236.497434379926,0,24,0
4739,313.1092256182818,313.10922561828204,0.0,22890.52826229163,0,24,0
4740,991.1731290045025,991.1731290045034,0.0,115127.72372699056,1,24,0
4741,462.17579568988367,462.1757956898841,0.0,41732.074799378686,0,24,0
4742,1169.7095483126886,1062.186274517878,107.52327379481278,126595.79094213225,3,24,0
4743,1319.2201413930388,1116.0487608817257,203.17138051131326,150731.55705038976,3,24,0
4744,1177.8886434925255,1108.8762337227568,69.01240976976686,137216.95136705885,2,24,0
4745,1172.8180103065536,1146.473921412712,26.344088893841786,151976.53172222717,1,24,0
4746,807.355616905848,807.3556169058488,0.0,87037.0212908433,1,24,0
4747,485.27802455716045,485.2780245571605,0.0,44652.124010306004,0,24,0
4748,399.25849902748445,399.2584990274851,0.0,33779.525998645666,0,24,0
4749,960.4134072888511,960.4134072888517,0.0,108450.99009957786,1,24,0
4750,547.6909211879653,547.6909211879648,0.0,52540.918230357136,0,24,0
4751,1447.2971313674987,1139.4382077258906,307.85892364160844,144057.67607751174,4,24,0
4752,1214.8238477224704,1171.9634275595777,42.860420162893206,157798.99540233152,1,24,0
4753,122.47215829785159,122.47215829785156,0.0,4363.307379484215,0,24,0
4754,712.6750876079377,712.6750876079383,0.0,74246.42837249888,1,24,0
4755,370.34259087885016,370.34259087885016,0.0,30124.64597569389,0,24,0
4756,1104.4048167175338,1067.915698111282,36.489118606252305,144647.6890058897,1,24,0
4757,748.489178756827,748.4891787568275,0.0,79303.52723354145,1,24,0
4758,835.156886186976,835.1568861869762,0.0,91056.2190678806,1,24,0
4759,372.8847931677068,372.88479316770713,0.0,30445.972365032427,0,24,0
4760,1151.8191146253764,1121.3778392254767,30.441275399899553,138797.11506006296,2,24,0
4761,191.23942692488768,191.2394269248877,0.0,10968.698748995253,0,24,0
4762,254.7733174047431,254.77331740474324,0.0,17071.401680577204,0,24,0
4763,1193.2849329642086,1039.1012369460293,154.18369601817994,125778.32479134122,2,24,0
4764,862.0374499976126,862.037449997614,0.0,94482.70880669187,1,24,0
4765,814.4336456411577,814.4336456411578,0.0,88808.79269390619,1,24,0
4766,986.8519454402146,906.0597543664376,80.7921910737773,100686.2351534187,2,24,0
4767,882.2994652826226,882.299465282623,0.0,97491.88509603453,1,24,0
4768,411.90538524092597,411.90538524092733,0.0,35378.05271744895,0,24,0
4769,974.5555332813826,974.5555332813831,0.0,110130.75290979311,1,24,0
4770,1069.006677477624,1069.0066774776246,0.0,131336.79966996502,1,24,0
4771,391.48961160424255,391.4896116042422,0.0,32797.563014885396,0,24,0
4772,1599.7158329679116,1113.6233635000149,486.09246946789744,137816.9736696639,4,24,0
4773,654.9551192312796,654.9551192312807,0.0,66207.4186828737,1,24,0
4774,489.2329259552526,489.232925955253,0.0,45152.0111325894,0,24,0
4775,717.2098560597309,717.2098560597306,0.0,76965.79559041483,1,24,0
4776,273.187928878504,273.1879288785043,0.0,18840.20416655901,0,24,0
4777,853.5861799725905,571.7999999999998,281.78617997259147,79076.26040199999,0,12,0
4778,784.0521055267081,571.7999999999998,212.25210552670774,79076.26040199999,2,12,0
4779,248.1380786167227,248.13807861672268,0.0,16434.058509907714,0,12,0
4780,464.58093492885655,464.58093492885627,0.0,53561.0965286185,0,12,0
4781,616.3485921042713,555.7698503621882,60.57874174208322,75261.52936837086,1,12,0
4782,621.7141296901439,571.7999999999998,49.9141296901444,79076.26040199999,0,12,0
4783,530.0490095123142,530.0490095123138,0.0,69140.6825879009,0,12,0
4784,718.6016022148748,571.7999999999998,146.8016022148758,79076.26040199999,0,12,0
4785,747.3817229757917,745.8399999999999,1.5417229757931628,102067.29638364002,0,18,6
4786,671.6365811113862,671.6365811113865,0.0,72023.44788180823,0,18,0
4787,739.8948500328983,739.8948500328979,0.0,83157.80042065353,0,18,0
4788,400.8379172456478,400.8379172456478,0.0,40874.618706291265,0,18,0
4789,1099.1742131108567,1042.1279172456477,57.04629586520964,140977.3365906013,3,22,4
4790,904.3393843533403,904.339384353341,0.0,100286.092048129,1,22,0
4791,1462.7979491974506,961.3829614720238,501.414987725428,116317.74836119832,2,22,0
4792,941.8981053690212,894.179382554002,47.71872281502071,126979.76338454404,2,22,0
4793,210.13938255400163,210.13938255400194,0.0,27454.915419944013,0,17,0
4794,234.7710011483246,234.7710011483246,0.0,30568.274691615632,0,17,0
4795,750.7801645627449,740.3710011483246,10.409163414420163,118633.02572089566,0,19,2
4796,822.2862308435092,822.2862308435091,0.0,124014.61827113804,1,19,0
4797,666.0063440585574,666.0063440585575,0.0,82950.62177650344,0,19,1
4798,511.73432824996615,511.73432824996627,0.0,61170.796054827886,0,18,0
4799,898.3603956768455,898.360395676845,0.0,118703.87366406196,1,18,0
4800,610.3484599100229,610.348459910023,0.0,72035.18940093125,0,17,0
4801,419.12379752027647,419.1237975202762,0.0,48671.78891900529,0,16,0
4802,604.1234026134348,604.1234026134356,0.0,71081.67051699069,0,16,0
4803,785.0474750618372,785.0474750618376,0.0,95134.61272387468,0,16,0
4804,575.619257560674,575.6192575606743,0.0,67980.5576171015,0,17,1
4805,317.90476276271625,317.90476276271596,0.0,38240.16028306551,0,17,0
4806,648.9302430914216,648.9302430914221,0.0,78116.84941273782,0,18,1
4807,789.2593424297403,789.2593424297406,0.0,95898.68636712698,0,18,0
4808,2042.2711337037715,855.0023603722398,1187.2687733315306,127186.16918792679,1,19,1
4809,266.88236037223777,266.88236037223623,0.0,31777.204093646305,0,17,0
4810,925.689741516498,891.3623603722378,34.32738114426223,131530.3314786065,1,20,3
4811,910.8226922856041,910.158064185498,0.6646281001066675,130361.84587039641,1,20,0
4812,755.1140862212351,755.1140862212378,0.0,98646.77696823173,1,20,0
4813,595.4636224864985,595.4636224864955,0.0,70153.79267410205,0,20,0
4814,658.1440055879723,658.1440055879729,0.0,77483.39281059713,0,20,0
4815,882.5489463441869,869.2521363783127,13.296809965874786,131585.51417608262,0,20,0
4816,266.7221363783105,266.7221363783124,0.0,34606.7978900726,0,18,0
4817,592.704966035465,592.7049660354658,0.0,71360.86371174901,0,21,3
4818,538.8752416539837,538.8752416539843,0.0,63365.89424654007,0,21,0
4819,967.0024906688938,816.9785569789024,150.02393368999236,100166.6403530483,2,21,0
4820,2104.0100666611334,1040.4622918148377,1063.547774846296,146915.27071332146,2,22,1
4821,483.5422918148375,483.5422918148377,0.0,54192.85217966148,0,22,0
4822,646.3529060782882,646.3529060782889,0.0,70083.71669244356,0,22,0
4823,1085.6095498377017,930.1934243517504,155.4161254859514,129543.45918341655,1,22,0
4824,220.08342435175248,220.0834243517453,0.0,19904.96222400583,0,9,0
4825,797.91777713182,722.9934243517451,74.92435278007478,99852.78280517586,0,15,6
4826,1165.6437397832156,832.8299999999988,332.8137397832168,112698.70196702988,0,15,0
4827,604.0883627107806,604.0883627107805,0.0,61535.73863952374,0,15,0
4828,846.842717285763,743.5352935565138,103.30742372924928,101223.4106871969,0,15,0
4829,252.3452935565138,252.3452935565138,0.0,20801.49405214687,0,14,0
4830,352.2515079358761,352.2515079358764,0.0,29678.029258598828,0,14,0
4831,718.3047325258221,710.8911276255301,7.413604900293503,97286.01126501741,0,14,0
4832,412.98112762552495,412.9811276255302,0.0,42188.0370166874,0,20,6
4833,1405.9275283683335,1062.3463466958751,343.5811816724602,142280.95968035902,2,23,3
4834,1173.8758173155695,1104.825470298099,69.0503470174732,150615.82799549313,1,23,0
4835,786.8002468163888,756.2526690341051,30.547577782284844,99321.80463578284,1,21,0
4836,791.9881742599808,791.9881742599816,0.0,96459.03174438207,0,21,0
4837,802.4248686694234,802.4248686694228,0.0,94170.47723032517,0,21,0
4838,977.0440361029439,869.8471489346999,107.1968871682453,110110.37483631795,3,21,0
4839,621.7657660666473,621.7657660666465,0.0,67762.7416425098,0,22,1
4840,458.76483658537774,458.76483658537813,0.0,47279.9266064538,0,22,0
4841,718.0697208413478,718.0697208413491,0.0,76748.57335235277,0,22,0
4842,1351.2858145033244,1075.9271295597428,275.3586849435821,138231.18300968345,4,22,0
4843,848.5884684654793,848.5884684654798,0.0,93123.99440632538,0,21,0
4844,603.6081002883623,603.6081002883593,0.0,60754.25881254181,0,21,0
4845,776.2920682558737,776.2920682558743,0.0,83066.38810410058,0,21,0
4846,702.0173155477471,702.0173155477479,0.0,73723.29410537414,1,21,0
4847,910.6074962809571,910.6074962809583,0.0,109215.78271256464,1,21,0
4848,413.8790967524728,413.8790967524731,0.0,39245.29434727167,0,15,0
4849,542.4338344246938,542.4338344246953,0.0,52169.62713641522,0,16,1
4850,1536.146309750458,820.8205306007753,715.3257791496842,98362.49327369247,3,17,1
4851,992.0320684292976,835.1667795227582,156.86528890654014,100512.21309174297,3,17,0
4852,405.65329872978333,405.6532987297833,0.0,40557.10425506711,0,17,0
4853,802.0637947969226,802.0637947969236,0.0,93116.91393672099,1,17,0
4854,505.1541420317709,505.15414203177033,0.0,48634.45357174329,0,17,0
4855,1926.1284067014271,842.1011962722521,1084.0272104291762,101052.30261455759,2,18,1
4856,1287.3711801889106,963.2450911107612,324.1260890781491,124507.51623642677,1,24,6
4857,437.7529567404889,437.75295674048897,0.0,48593.73232984661,0,21,0
4858,478.028577947214,478.02857794721433,0.0,52449.39184023595,0,21,0
4859,965.3331765403468,965.333176540348,0.0,137962.67050073727,0,21,0
4860,474.62022709586824,474.62022709586853,0.0,53344.3000045858,0,21,0
4861,1360.4657655574267,1082.79600124131,277.66976431611835,149532.26265061056,4,22,1
4862,646.3082638531599,646.3082638531594,0.0,68583.94668164186,0,22,0
4863,857.7476344384576,844.7664396492617,12.981194789196916,116911.67806241973,1,21,0
4864,197.10194066979133,197.10194066979133,0.0,23125.088248280503,0,14,0
4865,677.3450163501157,677.3450163501163,0.0,98325.5013953772,0,16,2
4866,600.7368003470353,600.7368003470386,0.0,71743.14511009761,0,16,0
4867,477.60295521279767,477.6029552127999,0.0,54585.32179898177,0,16,0
4868,878.2590208112064,874.6399999999982,3.61902081120982,128808.8486753998,0,16,0
4869,612.2523512098467,612.252351209847,0.0,82109.85415046298,0,16,0
4870,189.0897597324086,189.08975973240877,0.0,20714.086302076394,0,12,0
4871,366.9051199917737,366.90511999177374,0.0,41269.452755049984,0,13,1
4872,739.6899134840357,739.6899134840359,0.0,101031.84849528989,0,15,2
4873,756.2032953783864,756.2032953783871,0.0,99038.36669097186,0,15,0
4874,858.2180232311923,810.8695355916898,47.348487639503325,120104.51548851737,1,15,0
4875,525.6635078826829,525.6635078826829,0.0,60327.192705319874,0,15,0
4876,896.0622916119381,824.1770944375864,71.88519717435265,121786.54915421152,1,15,0
4877,562.9763729615162,562.9763729615163,0.0,65179.87933570695,0,14,0
4878,597.9410826855805,597.9410826855806,0.0,70166.53292329912,0,14,0
4879,1312.5229501469596,721.4500185710351,591.0729315759248,108968.91664405768,0,14,0
4880,238.9100185710352,238.91001857103524,0.0,27586.88167461766,0,14,0
4881,1584.4948297491433,796.1700185710351,788.3248111781079,118735.42514293767,1,17,3
4882,853.1481289714413,853.1481289714435,0.0,121306.7897182747,0,17,0
4883,905.1862085128857,771.2153991890352,133.9708093238508,115942.83417683559,0,17,0
4884,206.95539918903478,206.95539918903523,0.0,23990.046442755556,0,15,0
4885,956.9993528654239,825.9753991890349,131.02395367638906,123367.58143575555,1,20,5
4886,1091.2216606493216,1047.1899999999998,44.03166064932218,151660.71450567,2,20,0
4887,685.7333697772764,679.3300798708846,6.4032899063921604,85289.75116915265,1,20,0
4888,1146.4978377546654,1139.1399999999999,7.35783775466619,163660.34723754006,0,20,0
4889,1186.1757164661649,828.6676195944218,357.50809687174393,126896.10690613704,4,20,0
4890,240.29761959442135,240.2976195944219,0.0,31518.449490427025,0,18,0
4891,399.43067952912605,399.4306795291261,0.0,52341.51104557069,0,18,0
4892,367.900300092732,367.90030009273175,0.0,47856.142670213674,0,19,1
4893,1184.1897690723954,918.0622528948112,266.1275161775852,139134.8156487667,1,21,2
4894,435.96225289480975,435.96225289481015,0.0,53851.67017152649,0,21,0
4895,336.24392699755646,336.2439269975565,0.0,41038.47188432431,0,20,0
4896,1135.1245972340027,995.4039269975559,139.72067023644502,139311.12631822418,0,22,2
4897,1083.9832769383204,910.813262231729,173.17001470659167,114250.27344466485,1,22,0
4898,340.2613241607664,340.26132416076655,0.0,32729.967070116218,0,17,0
4899,909.0784606582238,801.2792528372391,107.79920782098495,106890.22994416283,1,17,0
4900,676.0062477101438,676.0062477101442,0.0,72357.65742287345,0,16,0
4901,439.67260444538283,439.67260444538255,0.0,41764.20934399988,0,16,0
4902,980.295178268591,865.7983326494341,114.49684561915788,116211.69011040762,1,16,0
4903,724.810545408916,724.810545408916,0.0,95457.18945102203,0,16,0
4904,278.46548798772324,278.4654879877239,0.0,24788.66299832081,0,16,0
4905,931.2469727521762,827.8354879877238,103.4114847644534,112605.82874482083,1,18,2
4906,768.6400001086395,768.6400001086406,0.0,82904.8290232007,1,21,3
4907,590.2929022293181,590.292902229318,0.0,59277.60436183381,0,21,0
4908,690.3932217754599,690.3932217754603,0.0,71893.1298374113,0,24,3
4909,1695.812858850003,1058.037924479881,637.7749343701236,144914.300986689,4,24,0
4910,373.0467109183723,373.04671091837247,0.0,40388.113931976906,0,21,0
4911,1272.8630956074976,875.0767109183724,397.78638468912635,126188.32283974694,3,21,0
4912,1399.0759975126082,867.5317167880626,531.5442807245454,125385.174972058,1,21,0
4913,356.7817167880623,356.78171678806257,0.0,38482.78543636797,0,20,0
4914,755.1613050883242,755.1613050883242,0.0,89531.04329739438,1,21,1
4915,905.9765895977647,895.6614108958569,10.315178701907284,121696.23967159497,0,21,0
4916,265.3614108958568,265.3614108958569,0.0,22894.97409571495,0,16,0
4917,461.3069034741098,461.30690347411064,0.0,42995.79258000267,0,16,0
4918,805.6361944809225,805.6361944809219,0.0,104966.99843144172,0,18,2
4919,724.8089055293998,724.8089055294,0.0,80032.6875437413,0,18,0
4920,976.7728033948114,976.5999999999997,0.17280339481249027,131847.5335282,0,18,0
4921,659.1592926688882,659.1592926688883,0.0,67754.24714170779,0,19,1
4922,644.1691529533908,644.1691529533902,0.0,65666.61455284347,0,19,0
4923,832.4318774404651,824.7199100223585,7.711967418107122,117797.14941295465,0,19,0
4924,232.5199100223582,232.51991002235846,0.0,30320.937419334627,0,16,0
4925,803.2782399620836,803.2782399620838,0.0,125449.90711250585,1,21,5
4926,835.6324878705736,835.6324878705747,0.0,109791.05025425692,0,21,0
4927,544.4765607677184,544.4765607677186,0.0,70824.9013379754,0,21,0
4928,1258.2469438737596,1139.0337614179512,119.21318245580933,160052.10924301797,2,22,1
4929,718.6558185012008,718.6558185012015,0.0,87555.56679482984,0,22,0
4930,1020.701823456427,1020.7018234564272,0.0,128498.54308768891,1,22,0
4931,691.3665281545246,691.366528154525,0.0,83905.93638832265,1,21,0
4932,434.1786904906473,434.1786904906477,0.0,53407.132288963774,0,21,0
4933,1069.1455932377792,961.0708629589298,108.07473027885096,141014.18528356525,1,21,0
4934,1441.2300964817728,1104.034953321732,337.1951431600422,159566.40476969202,1,21,0
4935,447.521608766599,447.5216087665996,0.0,55899.95376262828,0,18,0
4936,930.0356070871435,930.0356070871428,0.0,137137.24670017825,0,17,0
4937,469.58879066401545,469.5887906640157,0.0,57354.74683929703,0,17,0
4938,861.1385105274395,861.1385105274403,0.0,116587.56010757992,0,17,0
4939,773.4568816086746,773.4568816086739,0.0,96997.80767375762,0,17,0
4940,877.3056054839055,877.3056054839059,0.0,120434.8803290072,0,17,0
4941,816.3459474411445,816.3459474411462,0.0,106533.8799583227,0,17,0
4942,775.8980529489208,775.89805294892,0.0,105486.65523821597,0,17,0
4943,361.5868265548497,361.5868265548487,0.0,43956.42010328976,0,17,0
4944,1600.3245179504447,1063.6768265548485,536.6476913955956,153707.92855191976,4,22,5
4945,271.4189806265679,271.418980626568,0.0,18670.289092865685,0,24,0
4946,696.910975354103,696.9109753541032,0.0,72322.50224001924,1,24,0
4947,751.34282126605,751.3428212660504,0.0,79629.83882094415,1,24,0
4948,851.1771911308363,851.1771911308379,0.0,92872.3181595785,1,24,0
4949,653.6039978879203,653.6039978879209,0.0,66508.44810979576,1,24,0
4950,956.0192040459438,956.019204045944,0.0,106929.35444682142,1,24,0
4951,607.3861973157804,607.3861973157809,0.0,60202.00416745749,1,24,0
4952,600.2181784402501,600.218178440251,0.0,59421.863122321025,1,24,0
4953,570.3090330554252,570.3090330554252,0.0,56068.39857615035,1,24,0
4954,640.2944279303185,640.2944279303197,0.0,65040.82814465375,1,24,0
4955,473.0350772290567,473.0350772290569,0.0,43104.653898645374,0,24,0
4956,722.505864231656,722.5058642316568,0.0,75575.14936522528,2,24,0
4957,199.92046575059183,199.92046575059186,0.0,11802.549795903815,0,24,0
4958,1488.1640287661867,1090.7120773785489,397.4519513876385,151184.8180522635,2,24,0
4959,924.8393896435059,924.8393896435065,0.0,103308.99091024075,1,24,0
4960,543.6930244398804,543.6930244398809,0.0,52035.59663079723,0,24,0
4961,600.73214291476,600.7321429147602,0.0,59245.16216022907,0,24,0
4962,457.7104080331253,457.71040803312496,0.0,41167.663816416185,0,24,0
4963,378.00054353849544,378.0005435384969,0.0,31092.58715355984,0,24,0
4964,442.6914278001425,442.6914278001424,0.0,39269.311859546135,0,24,0
4965,772.7461781769216,772.7461781769227,0.0,82463.3881453994,1,24,0
4966,380.9632357594388,380.96323575943984,0.0,31467.062150396145,0,24,0
4967,631.7871431778075,631.7871431778084,0.0,63821.19249554674,1,24,0
4968,1356.3506387842187,837.8340437764884,518.5165950077308,91351.14721457087,3,24,0
4969,806.6210400868804,806.6210400868813,0.0,86973.1990413454,1,21,0
4970,739.8375813543244,739.8375813543252,0.0,78014.1738372917,1,21,0
4971,632.9212286904443,632.921228690445,0.0,67553.98193036104,0,20,0
4972,632.2004268126577,632.2004268126584,0.0,74004.14860939831,0,19,0
4973,398.2810039960067,398.28100399600675,0.0,41057.75964998371,0,19,0
4974,477.69267634160707,477.69267634160656,0.0,57002.91422544735,0,19,0
4975,165.7374876944233,165.73748769442318,0.0,13415.387577481215,0,15,0
4976,571.5753396728738,571.5753396728746,0.0,77127.52548907594,0,16,1
4977,380.73969913261067,380.73969913261044,0.0,32587.139151012812,0,16,0
4978,457.83821365417487,457.83821365417487,0.0,42895.42873941471,0,18,2
4979,581.2968364497758,581.2968364497764,0.0,57932.05723188396,0,20,2
4980,719.3635074114483,719.3635074114487,0.0,76244.41496115465,1,20,0
4981,1090.1939804267945,902.5505756488678,187.6434047779276,100642.5244068011,3,20,0
4982,623.8167939828683,623.8167939828686,0.0,65051.36001473715,0,20,0
4983,568.2157378604874,568.2157378604876,0.0,56437.68801254247,0,21,1
4984,727.8035323181639,727.8035323181641,0.0,76516.39768577593,1,22,1
4985,803.1929704090895,803.19297040909,0.0,86300.07137823568,1,22,0
4986,742.3683124125924,742.3683124125924,0.0,78163.13602674555,1,22,0
4987,634.2817542739339,634.2817542739344,0.0,68098.0379297393,0,23,1
4988,951.1618069175933,951.1618069175943,0.0,107242.19275523134,1,24,1
4989,1146.0412442236761,1104.165039582902,41.87620464077243,141052.77707830808,2,24,0
4990,1272.2408729293861,1137.8453596267072,134.39551330267932,141612.66256027872,1,24,0
4991,1074.7602533983977,1074.7292450304335,0.031008367965422192,145508.89994874672,1,22,0
4992,522.3731125065885,522.3731125065884,0.0,53299.87021792983,0,19,0
4993,1204.9460972676413,983.4699999999998,221.47609726764267,133974.01783967,0,19,0
4994,3121.4765899563445,1008.0999999999998,2113.376589956345,137087.1725261,2,19,0
4995,486.7305130199932,486.730513019994,0.0,51886.81584706995,0,19,0
4996,371.8891685854913,371.8891685854918,0.0,34761.851600117225,0,19,0
4997,323.25776553093834,323.25776553093874,0.0,29914.289178549392,0,18,0
4998,558.0856911262579,558.0856911262581,0.0,56295.86097126431,0,18,0
4999,891.0286081408984,891.0286081409002,0.0,103582.50108642831,0,20,2
5000,1135.8641085228805,1067.0783180071066,68.78579051577418,135950.29488351985,1,20,0
5001,713.7078906023481,713.7078906023486,0.0,75262.56305016823,0,20,0
5002,508.97319178285744,508.97319178285807,0.0,51977.72754170425,0,20,0
5003,1552.9344492487771,762.4148271981622,790.5196220506155,113584.38820220517,1,19,0
5004,225.83482719816226,225.83482719816234,0.0,29537.73955552515,0,16,0
5005,886.1160009562195,776.9348271981622,109.18117375805828,123580.43303544518,2,20,4
5006,398.2760084802192,398.2760084802194,0.0,51902.045366471044,0,20,0
5007,1961.5923193575509,1030.3360084802196,931.256310877332,152801.98163927108,0,21,1
5008,596.6701630269647,596.670163026965,0.0,70973.80230083612,1,21,0
5009,626.9885922455542,626.9885922455547,0.0,78584.01712750705,0,21,0
5010,1530.7475696646675,1079.9309245294512,450.81664513521673,146242.20151502787,1,21,0
5011,1155.2818443988172,1077.5133752239453,77.76846917487056,149897.72179087295,3,21,0
5012,876.8440661681148,876.8440661681149,0.0,107214.89757978602,0,21,0
5013,484.3787517722608,484.37875177226067,0.0,58297.72705384952,0,21,0
5014,694.294256050751,694.2942560507512,0.0,83085.29623853267,0,21,0
5015,509.151580484429,509.15158048442925,0.0,63689.78873128073,0,20,0
5016,1678.5307682715431,1128.8164542897844,549.7143139817601,160583.4096508352,1,21,1
5017,469.57442007411504,469.57442007411555,0.0,42667.23769726359,0,24,0
5018,491.7732222490319,491.77322224903196,0.0,45473.096610133,0,24,0
5019,1063.902286265004,1063.9022862650038,0.0,133669.94380596554,1,24,0
5020,653.0766916551771,653.0766916551777,0.0,66818.59211812464,1,24,0
5021,824.967542586026,824.967542586026,0.0,89981.21120056945,1,24,0
5022,599.8106397697795,599.8106397697799,0.0,59165.74449555907,1,24,0
5023,1569.2656386065155,1120.0860535549564,449.17958505155985,139034.72156661208,4,24,0
5024,707.0811156184276,707.0811156184282,0.0,74301.09734114491,1,24,0
5025,414.74421465469914,414.74421465469925,0.0,35736.871844264184,0,24,0
5026,591.9983971770948,591.9983971770945,0.0,58141.244114215995,0,24,0
5027,706.7299299811328,706.7299299811332,0.0,73275.13240125723,1,24,0
5028,740.0407487217624,740.040748721764,0.0,78057.2197950328,1,24,0
5029,1191.0143585641306,1108.3004300604284,82.71392850370289,151594.79680870433,1,24,0
5030,660.1214890065435,660.1214890065434,0.0,66751.78908307308,0,24,0
5031,389.139491065707,389.13949106570715,0.0,32500.51515584293,0,24,0
5032,735.8054496676507,735.8054496676515,0.0,77392.31989480343,1,24,0
5033,904.004965609744,904.0049656097436,0.0,102099.5130232673,1,24,0
5034,330.5552222997783,330.5552222997786,0.0,25095.647479849216,0,24,0
5035,641.6651531594101,641.6651531594101,0.0,66705.36775573982,1,24,0
5036,1431.226986107169,1107.8336998639356,323.3932862432322,137085.17835981763,3,24,0
5037,1056.269311225388,1056.2693112253883,0.0,127230.45487040587,1,24,0
5038,1043.7475030301443,1043.7475030301443,0.0,121224.31856065676,1,24,0
5039,610.0067230842544,610.0067230842549,0.0,60591.37362504272,1,24,0
5040,570.4272627799993,570.4272627799988,0.0,55414.72043821398,0,24,0
5041,655.6694341757017,655.6694341757019,0.0,68077.23368839776,0,16,0
5042,782.8090341270329,724.7217887714867,58.08724535554802,87339.2491174565,1,16,0
5043,1097.8700888368533,788.5102026518958,309.3598861849576,94351.79914589088,2,16,0
5044,786.2842393070966,754.157209514921,32.12702979217738,90426.15965680862,1,16,0
5045,599.1623130273588,599.1623130273588,0.0,59046.740590157555,0,16,0
5046,1161.3811849798399,732.2684775789303,429.11270740091186,89108.36993532829,1,16,0
5047,752.2064032061005,702.7241768387404,49.48222636736044,96829.5060836522,1,16,0
5048,171.0141768387403,171.01417683874047,0.0,13430.176587142189,0,12,0
5049,632.3024790646272,615.9277580985301,16.374720966096916,83884.81960502955,1,17,6
5050,507.74596321693866,507.7459632169388,0.0,52341.338813527065,0,19,2
5051,682.3710658900401,682.3710658900403,0.0,74639.31983080259,0,19,0
5052,769.3986525216966,769.3986525216967,0.0,86195.48518412592,0,19,0
5053,568.5438072091038,568.543807209104,0.0,59581.35434213992,0,19,0
5054,619.9757017920456,619.9757017920465,0.0,66248.23028686503,0,19,0
5055,520.4994550981634,520.4994550981637,0.0,53566.366459459365,0,19,0
5056,611.6358380540174,611.6358380540179,0.0,65720.13520448649,0,20,1
5057,448.09229259860757,448.09229259860797,0.0,48361.87996867759,0,20,0
5058,890.6903058836645,890.6903058836648,0.0,111746.7179546995,0,23,3
5059,776.7649545709058,776.7649545709062,0.0,96646.22361508106,1,22,0
5060,1375.8156832549926,1132.9428014884622,242.87288176653107,157449.03568682584,1,22,0
5061,629.2605987545469,629.2605987545479,0.0,75367.98789740248,0,15,0
5062,384.16042540950525,384.16042540950536,0.0,42951.23862210612,0,14,0
5063,596.4780229145458,596.4780229145448,0.0,70619.25575170637,0,14,0
5064,445.83054365339035,445.83054365338774,0.0,50242.89283507169,0,10,0
5065,749.1764164248649,700.3283031676606,48.84811325720409,107616.09800198868,0,19,9
5066,166.2783031676604,166.27830316766062,0.0,21506.726715438665,0,15,0
5067,633.2913485373242,633.2913485373253,0.0,98192.85726554865,0,16,1
5068,850.6283269338833,839.8407115344969,10.787615399386487,124190.07286276693,1,16,0
5069,399.5361844317314,399.53618443173156,0.0,46431.06551683144,0,16,0
5070,602.6263096571108,602.6263096571116,0.0,70533.76909301928,0,17,1
5071,928.7808480040092,900.6301021631541,28.150745840855716,131825.57482259523,2,17,0
5072,369.37010216315406,369.37010216315406,0.0,44158.37728255517,0,17,0
5073,412.974261444538,412.97426144453857,0.0,49853.89413358301,0,19,2
5074,1708.6562993396742,994.0225274152685,714.6337719244063,142584.53433272833,3,20,1
5075,1585.2287635349915,856.9580347054962,728.2707288294957,127273.46782758592,2,20,0
5076,225.90803470549594,225.90803470549608,0.0,26378.77459873589,0,14,0
5077,389.9488983335547,389.948898333555,0.0,44313.217619654184,0,17,3
5078,845.4127936679351,845.4127936679356,0.0,111833.76450092354,0,17,0
5079,1839.468466497001,978.6319963379553,860.8364701590464,138850.95842125884,1,17,0
5080,420.3219963379553,420.3219963379554,0.0,48291.86642578879,0,16,0
5081,620.9694415775126,620.9694415775131,0.0,69828.98192380322,0,16,0
5082,617.8676233395307,617.8676233395313,0.0,69411.84140446839,0,16,0
5083,578.6132683313093,578.6132683313097,0.0,65142.63571846835,0,16,0
5084,398.65094139982426,398.6509413998244,0.0,41613.01872354456,0,16,0
5085,534.2689817425209,534.2689817425211,0.0,58439.585984177145,0,17,1
5086,444.36274010767545,444.36274010767545,0.0,46949.30764906551,0,17,0
5087,527.8508703260042,527.8508703260044,0.0,59750.33741541215,0,17,0
5088,944.9305766845757,944.9305766845757,0.0,128220.13469344114,1,17,0
5089,484.3837916582232,484.3837916582232,0.0,55575.13790520304,0,17,0
5090,402.67293890327835,402.6729389032786,0.0,46097.207988539194,0,20,3
5091,1295.7843549648007,1042.3729389032785,253.4114160615227,147310.9938577792,4,22,2
5092,1880.5269719766004,1062.165296990452,818.361674986149,152886.00898938853,1,22,0
5093,448.30943935120564,448.30943935120604,0.0,56034.97425246372,0,21,0
5094,405.1042410781761,405.10424107817596,0.0,49090.377009988704,0,21,0
5095,496.0515889896633,496.05158898966386,0.0,60585.8363022757,0,21,0
5096,811.9411482660997,755.4458583265443,56.4952899395562,117530.95581552597,0,21,0
5097,204.66585832654457,204.66585832654465,0.0,24155.789452585974,0,17,0
5098,727.8095495968462,727.8095495968461,0.0,95327.65130816391,0,20,3
5099,1718.776416496113,1044.94023583841,673.8361806576996,141114.59375637473,2,20,0
5100,596.898026014037,596.8980260140372,0.0,63505.23117927399,0,20,0
5101,675.6479900899419,649.8324813223873,25.815508767556377,68033.12966977764,1,20,0
5102,594.6325389548324,594.632538954833,0.0,60101.14786346146,0,20,0
5103,455.6300325057888,455.6300325057892,0.0,45136.35045269972,0,20,0
5104,488.1037920282303,488.1037920282302,0.0,53029.82771984718,0,19,0
5105,541.8029729386768,541.8029729386773,0.0,60522.38481909352,0,20,1
5106,755.8288554956475,755.8288554956475,0.0,106957.72690192572,0,20,0
5107,451.13714023022095,450.4465161666613,0.6906240635594995,52365.491291277714,1,17,0
5108,578.2331376725111,578.2331376725119,0.0,61881.37762137457,0,21,4
5109,1437.9689425986346,1127.4705147714594,310.49842782717553,151754.64904815066,3,21,0
5110,930.5418648724636,930.5418648724636,0.0,103611.2129552603,0,21,0
5111,850.1120602997017,850.1120602997029,0.0,93127.97421137337,1,20,0
5112,2036.731699450233,1133.3775961818806,903.3541032683529,143346.19797303516,2,21,1
5113,767.5477298696723,767.5477298696724,0.0,83247.98331245658,0,21,0
5114,482.125872444306,482.12587244430654,0.0,51943.147326741244,0,21,0
5115,1263.207892672002,1090.758440366957,172.44945230504518,141039.50215093335,2,23,2
5116,1062.6170630242812,1062.6170630242818,0.0,128983.58277610457,1,23,0
5117,1091.030328139599,1074.8369147890985,16.19341335050086,141591.87927246658,1,22,0
5118,788.00635347368,788.0063534736811,0.0,94418.2075922877,1,22,0
5119,531.147806612453,531.147806612453,0.0,58798.663976547155,0,22,0
5120,746.681831628814,746.6818316288147,0.0,86571.37788853199,0,22,0
5121,1471.3507661442864,1154.4636469130216,316.88711923126687,146316.73977541827,2,23,1
5122,875.9741197029479,875.9741197029482,0.0,96923.09111613962,0,23,0
5123,484.8344231330356,484.8344231330352,0.0,49624.443068426546,0,22,0
5124,500.1452542331706,500.14525423317036,0.0,51095.11412499244,0,22,0
5125,732.7220787924176,732.7220787924186,0.0,77154.4122106291,0,22,0
5126,693.9749779919681,693.9749779919683,0.0,72514.1740227744,0,22,0
5127,791.5683020511887,658.2576122917899,133.31068975939954,71337.29359508277,2,22,0
5128,709.1383341556849,709.1383341556865,0.0,74430.77464409337,0,22,0
5129,647.4440022422483,647.4440022422486,0.0,66294.97921861718,0,22,0
5130,615.6780152443151,615.6780152443146,0.0,66458.99728439233,0,22,0
5131,1123.5121314716196,1123.5121314716193,0.0,140715.4310947515,1,22,0
5132,2233.9029799025307,1109.3145414862925,1124.5884384162403,143156.3557292451,3,22,0
5133,535.1550482306361,535.1550482306355,0.0,58466.725567394606,0,19,0
5134,1373.5812108076839,916.6758846386836,456.9053261689995,105210.17934002614,2,19,0
5135,822.0151842380241,822.015184238027,0.0,89219.41714488328,0,12,0
5136,798.489683458681,798.4896834586821,0.0,86068.56373298293,1,12,0
5137,1427.7169102755333,1049.061702421688,378.6552078538469,140198.52822157677,4,21,9
5138,1225.5571237839242,894.8380240416501,330.71909974227515,124568.90437565772,2,21,0
5139,230.09802404165004,230.09802404165,0.0,27546.422722177696,0,16,0
5140,820.6567220412591,779.87802404165,40.778697999609264,118046.42527189771,0,18,2
5141,1446.0852433023242,994.2099999999999,451.8752433023239,145215.99809955002,0,19,1
5142,483.97938935390755,483.9793893539078,0.0,59714.914218630765,0,19,0
5143,1724.0013279446969,1055.2593893539076,668.7419385907887,152932.4492798508,1,19,0
5144,619.3728027281534,619.3728027281535,0.0,73999.58936661753,0,19,0
5145,333.14306874597133,333.143068745971,0.0,40257.65942104464,0,18,0
5146,453.77174108444837,453.77174108444893,0.0,52167.062471225785,0,18,0
5147,567.7187100245682,567.7187100245688,0.0,66124.82825908386,0,18,0
5148,631.6199794286025,631.619979428603,0.0,74786.54883281297,0,18,0
5149,462.1248081157003,462.1248081157004,0.0,52713.80874629185,0,18,0
5150,397.11989790310895,397.11989790310923,0.0,46402.90851411534,0,18,0
5151,335.0945669183119,335.09456691831235,0.0,40445.109198279686,0,18,0
5152,863.149050837375,863.1490508373757,0.0,121507.71034933976,0,19,1
5153,527.6281117260543,527.6281117260542,0.0,60993.220707770546,0,19,0
5154,527.9249693486029,527.924969348603,0.0,61198.27867710464,0,20,1
5155,598.2694309863116,598.2694309863112,0.0,72258.38881800242,0,20,0
5156,1070.9126893216235,1069.4330412529785,1.4796480686449769,148529.19909784285,1,20,0
5157,741.6507141227925,741.6507141227927,0.0,95093.61318651134,0,19,0
5158,281.3621223102168,281.3621223102167,0.0,33416.0338565274,0,16,0
5159,645.1768344077979,645.1768344077979,0.0,85057.06813063065,0,16,0
5160,568.27163618121,568.271636181211,0.0,67338.53512437062,0,16,0
5161,826.7058786287269,826.7058786287271,0.0,117839.10650831943,0,17,1
5162,445.28020012380887,445.2802001238089,0.0,52526.01653520214,0,17,0
5163,702.1523019830744,702.1523019830748,0.0,90819.8747522954,0,17,0
5164,357.1589276793806,357.15892767938067,0.0,43363.62823728653,0,17,0
5165,1032.074723372686,945.3089276793806,86.765795693306,138713.47834357654,0,19,2
5166,1047.746039264901,1047.7460392648982,0.0,144727.28252489291,0,20,1
5167,789.9843911996585,789.9843911996584,0.0,95180.95549549283,0,20,0
5168,726.4567624446325,726.4567624446325,0.0,86551.90492878896,0,20,0
5169,676.7422304822015,676.7422304822024,0.0,80867.50184794888,0,20,0
5170,797.1625342108189,797.1625342108193,0.0,103244.80303133749,1,20,0
5171,646.0007370736735,601.5298182055117,44.47091886816179,83002.61518280598,1,19,0
5172,914.475559476617,914.475559476616,0.0,141077.93206430814,0,20,1
5173,764.9749011725069,721.9330886755772,43.04181249693087,116597.60432142044,0,20,0
5174,150.81308867557735,150.81308867557746,0.0,19999.70338414044,0,15,0
5175,404.77736438850167,404.77736438850184,0.0,49475.574020362874,0,17,2
5176,1118.0394531795391,906.87,211.16945317954054,133673.07939487003,1,17,0
5177,692.9425495838815,692.9425495838803,0.0,97353.49725122967,0,17,0
5178,266.5136192642333,266.5136192642331,0.0,31903.207388977087,0,17,0
5179,429.584584160072,429.58458416007215,0.0,49195.62623324896,0,17,0
5180,304.00714133007386,304.00714133007415,0.0,36642.27088593364,0,17,0
5181,1052.244707804674,882.3171413300742,169.92756647460106,122551.55116172366,2,19,2
5182,466.7825530661262,466.7825530661261,0.0,47889.06159633415,0,20,2
5183,747.1217607215372,747.1217607215383,0.0,87584.50715399349,0,22,3
5184,1118.0227773018516,1089.9000000000003,28.122777301852455,141305.05926944007,1,22,0
5185,665.8100439194505,665.8100439194517,0.0,67902.64267211244,1,24,0
5186,1059.13500441522,1059.135004415221,0.0,120342.14237993404,1,24,0
5187,600.6045451767635,600.6045451767632,0.0,60522.34186423172,1,24,0
5188,380.56508645204093,380.565086452041,0.0,31416.737327731607,0,24,0
5189,608.1996288744307,608.1996288744313,0.0,60506.32361148684,1,24,0
5190,136.04082071645504,136.04082071645504,0.0,5666.6356550588425,0,24,0
5191,683.9302473299088,683.9302473299089,0.0,70981.45797560125,1,24,0
5192,1316.2602970492692,911.8108754404624,404.44942160880703,105952.82005111795,3,24,0
5193,924.6539469104367,924.6539469104366,0.0,104453.24119520055,1,24,0
5194,492.7541673665931,492.7541673665937,0.0,45597.084993806086,0,24,0
5195,1610.9035252142487,1197.8987421694187,413.0047830448316,148469.1169930628,4,24,0
5196,733.8061155143772,733.806115514377,0.0,77625.23176726051,1,24,0
5197,827.3093668057518,827.3093668057533,0.0,89831.52538455163,1,24,0
5198,343.1697398916431,343.16973989164285,0.0,26690.082906490134,0,24,0
5199,434.09802929089466,434.09802929089517,0.0,38183.13326265521,0,24,0
5200,914.0913120815321,914.0913120815325,0.0,101543.82516210663,1,24,0
5201,563.7773060727341,563.7773060727346,0.0,54574.18678462989,0,24,0
5202,635.4861852272559,635.4861852272556,0.0,63846.60263528553,1,24,0
5203,372.64541915504645,372.64541915504697,0.0,30415.71624122721,0,24,0
5204,335.69282475446045,335.6928247544604,0.0,25745.02430318689,0,24,0
5205,777.9003088174675,777.9003088174685,0.0,83122.59770691527,1,24,0
5206,579.3284455471606,579.3284455471609,0.0,56539.80199917056,0,24,0
5207,652.5647554244965,652.5647554244974,0.0,66148.25726017142,1,24,0
5208,532.7251919470959,532.7251919470968,0.0,50649.29703173552,0,24,0
5209,930.8019331221653,794.7706247535615,136.03130836860487,105570.98129554073,2,15,0
5210,466.9215045338428,466.92150453384295,0.0,42506.34161505458,0,15,0
5211,938.4667692857188,738.4450887119468,200.0216805737732,92167.06585005301,1,15,0
5212,372.2759697404178,372.27596974041774,0.0,33415.23168486522,0,15,0
5213,784.1801063381776,757.9473804888739,26.23272584930451,96808.07041640153,2,15,0
5214,701.7020517999396,658.2772405319457,43.42481126799423,81059.17253746421,1,15,0
5215,1048.6281326610654,784.0385154002023,264.5896172608659,103017.03691376204,1,15,0
5216,495.17585762213497,495.1758576221346,0.0,45903.179040420735,0,15,0
5217,453.48987871518045,453.4898787151805,0.0,41158.61670914652,0,15,0
5218,286.76523345543666,286.7652334554368,0.0,24516.232425511414,0,16,1
5219,1057.9885337073615,861.406869901157,196.58166380620537,119227.95197848864,0,22,6
5220,305.9968699011567,305.99686990115697,0.0,36757.73299424862,0,17,0
5221,1162.6881168695388,869.8845956159097,292.8035212536299,125470.12615157205,1,19,2
5222,504.3032597157048,504.3032597157054,0.0,61819.75768056816,0,19,0
5223,1031.5238110645523,1031.5238110645528,0.0,142992.5417456627,1,19,0
5224,1060.361729312073,1060.3617293120744,0.0,140074.30214229983,0,18,0
5225,643.2281370501008,643.228137050102,0.0,78619.22379523463,0,17,0
5226,541.6591673442989,541.6591673442992,0.0,62934.23819211313,0,17,0
5227,774.6678617141566,774.6678617141579,0.0,93737.9991626239,0,17,0
5228,900.9711821253148,900.9711821253153,0.0,110207.43267642516,0,17,0
5229,850.8415751182488,850.8415751182489,0.0,106489.26895893182,1,17,0
5230,438.78862093420497,438.78862093420554,0.0,52920.83882705598,0,14,0
5231,496.5106738662113,496.5106738662116,0.0,56861.89349609526,0,14,0
5232,716.7540528241179,716.7540528241188,0.0,86284.51125129718,1,14,0
5233,601.3424028154523,601.3424028154523,0.0,70112.2949684821,0,17,3
5234,2113.5974764629154,737.2642084361672,1376.333268026749,114609.46622336128,1,17,0
5235,178.07420843616728,178.0742084361673,0.0,23234.441966351267,0,15,0
5236,1717.4495903172092,671.2642084361671,1046.1853818810425,109604.95587736128,2,18,3
5237,632.1935614587965,632.1935614587965,0.0,84752.51643641786,0,18,0
5238,353.4103145595187,353.41031455951884,0.0,45535.45231054566,0,18,0
5239,928.3129959251573,928.3129959251577,0.0,133032.04620788273,0,21,3
5240,823.7930869220297,823.7930869220303,0.0,101608.82579135022,0,21,0
5241,415.19409459121124,415.1940945912115,0.0,50835.905264693945,0,21,0
5242,857.1699629742469,857.169962974247,0.0,109029.93176530986,0,21,0
5243,995.7640075610377,992.2778217760018,3.486185785036305,144217.2274396681,1,22,1
5244,320.06782177600167,320.0678217760019,0.0,38102.81683058809,0,15,0
5245,387.56185496055207,387.5618549605522,0.0,36709.44020596439,0,17,2
5246,392.16668899337685,392.16668899337594,0.0,36807.84915092597,0,17,0
5247,717.9749065157565,717.9749065157571,0.0,80595.56112285356,0,17,0
5248,548.6408615102393,548.6408615102389,0.0,54753.88315190691,0,17,0
5249,914.0443749574017,914.0443749574005,0.0,117715.36713086632,0,17,0
5250,502.4684166537948,502.46841665379463,0.0,50318.82160513967,0,16,0
5251,424.6569707769015,424.6569707769014,0.0,41354.78618091907,0,16,0
5252,861.3151091589187,861.3151091589189,0.0,103191.07949237165,0,18,2
5253,654.1685687143629,654.1685687143636,0.0,68508.0173186976,1,18,0
5254,464.96655822732174,464.9665582273218,0.0,46843.8527731848,0,18,0
5255,848.4290530930605,848.4290530930612,0.0,98502.00447391177,1,18,0
5256,789.6960397180121,789.6960397180128,0.0,85111.20821175497,1,17,0
5257,487.7886619819092,487.78866198190985,0.0,44969.460699903444,0,24,0
5258,1133.2473424106172,1069.643050922436,63.604291488181616,144866.02097905916,1,24,0
5259,202.62859744740098,202.62859744740086,0.0,12062.677471391695,0,24,0
5260,493.55392936478876,493.5539293647894,0.0,45698.172399925104,0,24,0
5261,269.7352283535525,269.73522835355254,0.0,18508.557458694042,0,24,0
5262,2328.643993435797,1141.9370540632217,1186.7069393725749,154003.75604517857,2,24,0
5263,744.3676112625639,744.3676112625657,0.0,78214.66201876476,1,24,0
5264,674.8607553121377,674.8607553121377,0.0,70393.63859163864,1,24,0
5265,284.8551956407394,284.8551956407397,0.0,19960.895226647932,0,24,0
5266,229.49512655981204,229.49512655981204,0.0,14643.322930648268,0,24,0
5267,288.5008896104856,288.50088961048573,0.0,20311.07978340625,0,24,0
5268,1080.5341436002254,1080.5341436002263,0.0,143583.59299284016,1,24,0
5269,117.09146114011203,117.09146114011196,0.0,3846.4683181504283,0,24,0
5270,1617.0824626055023,1133.4905555566465,483.59190704885555,140328.12438250627,2,24,0
5271,1517.5697908161217,943.1370079630494,574.4327828530722,106235.02594583904,2,24,0
5272,817.6481409876845,817.6481409876853,0.0,88436.31208665928,1,24,0
5273,200.45831815044096,200.45831815044096,0.0,11854.212827909674,0,24,0
5274,913.1078196498909,913.1078196498914,0.0,103634.26342822355,1,24,0
5275,370.46358340420016,370.46358340420056,0.0,30139.939051102643,0,24,0
5276,884.0122262354217,884.0122262354225,0.0,97026.21302255032,1,24,0
5277,1085.1008503352275,1031.8567151876493,53.24413514757839,117634.880626029,2,24,0
5278,1078.962803807482,1078.9628038074832,0.0,132436.70896030086,1,24,0
5279,1487.6694751110126,1183.068563040727,304.60091207028836,146594.62890312847,3,24,0
5280,282.42058252432486,282.4205825243249,0.0,19727.040185022186,0,24,0
5281,852.4280943267072,571.7999999999998,280.62809432670787,79076.26040199999,1,12,0
5282,241.46288332605215,241.46288332605212,0.0,15792.877345625426,0,12,0
5283,1589.4255911770224,571.7999999999998,1017.6255911770213,79076.26040199999,1,12,0
5284,1147.9545891592613,571.7999999999998,576.1545891592618,79076.26040199999,0,12,0
5285,1027.7095017255751,571.7999999999998,455.9095017255754,79076.26040199999,1,12,0
5286,475.4824528748033,475.4824528748029,0.0,56155.35545705509,0,12,0
5287,840.444724712823,571.7999999999998,268.64472471282284,79076.26040199999,0,12,0
5288,247.98270891301314,247.98270891301343,0.0,16419.134582864303,0,12,0
5289,628.8851554018946,628.885155401895,0.0,85511.87667907112,0,15,3
5290,442.6305373130051,442.6305373130052,0.0,40761.68991052509,0,15,0
5291,295.92513868910515,295.92513868910413,0.0,27149.940234738846,0,15,0
5292,1363.1199701652868,959.8151386891041,403.304831476181,130217.81838381889,0,22,7
5293,567.3734302667905,567.3734302667907,0.0,62470.610703578415,0,22,0
5294,1487.2782134480572,1146.164092400193,341.1141210478645,151251.4357174446,3,22,0
5295,648.4878493847623,648.4878493847629,0.0,72608.98310159204,0,22,0
5296,309.18287562090075,309.1828756209007,0.0,40225.32962135528,0,19,0
5297,620.0050534947214,620.0050534947216,0.0,80546.1138334005,0,21,2
5298,616.1902531708677,616.1902531708679,0.0,79878.369973,1,21,0
5299,984.9328731408445,984.932873140845,0.0,131994.04440737562,0,21,0
5300,1050.9783325148676,1050.9783325148676,0.0,142926.71662045186,0,21,0
5301,1214.3561959117571,1095.0069502322488,119.34924567950907,153239.7852977071,1,21,0
5302,651.5444307225273,651.5444307225275,0.0,84357.94401421942,0,20,0
5303,987.8080269845799,857.7505932636417,130.0574337209401,119437.10193132603,2,20,0
5304,412.8066156181306,412.80661561813093,0.0,52979.17473603044,0,15,0
5305,548.1672592475426,548.1672592475429,0.0,66779.26087597264,0,18,3
5306,1927.8836830645355,973.763293375316,954.1203896892209,128500.82024514677,4,18,0
5307,1029.272273925245,895.9407195192639,133.3315544059816,120988.2618718342,1,18,0
5308,575.664003977191,575.6640039771919,0.0,68884.06781000835,0,18,0
5309,918.8822054518711,859.4823038698295,59.39990158204169,123890.55090549067,1,18,0
5310,313.38975227975413,313.38975227975425,0.0,37771.65745783853,0,16,0
5311,338.82566985885745,338.82566985885796,0.0,37803.33257898401,0,16,0
5312,416.1639455216267,416.16394552162683,0.0,46400.92140622865,0,16,0
5313,311.8768852025576,311.8768852025577,0.0,35214.78612161384,0,16,0
5314,566.8147393278416,566.8147393278416,0.0,66211.09093852692,0,17,1
5315,391.22842991481986,391.22842991482,0.0,44391.59583172809,0,17,0
5316,465.10098470561866,465.1009847056192,0.0,52754.26907215929,0,18,1
5317,691.9776168263013,691.9776168263013,0.0,82415.76549504529,0,20,2
5318,941.8446139788598,941.8446139788604,0.0,115893.07402914003,1,20,0
5319,1093.1343703399564,1093.1343703399566,0.0,144338.76575315764,0,20,0
5320,1607.0796676342927,1123.7253427885446,483.354324845748,159753.31496461682,3,20,0
5321,746.5381626115518,746.538162611552,0.0,96665.21217137796,0,20,0
5322,286.10001489166814,286.100014891668,0.0,34480.40754418865,0,17,0
5323,282.439367468719,282.43936746871896,0.0,34187.1733332014,0,17,0
5324,1622.9037276080614,833.299367468719,789.6043601393427,116815.58045600144,3,19,2
5325,324.4557993342605,324.45579933426075,0.0,31687.562230433665,0,18,0
5326,836.5652040399532,801.9168103486908,34.648393691263024,108612.41454782858,1,18,0
5327,661.4089083976787,661.4089083976794,0.0,69120.0475981436,0,20,2
5328,1229.5414826688357,1056.397352807049,173.14412986178726,141953.57715424916,2,20,0
5329,1269.497448037597,1089.569084934274,179.92836310332473,142932.08581380988,1,20,0
5330,1339.267688907607,1120.3352972346904,218.93239167291654,138863.42053292293,1,23,3
5331,746.062499127765,746.062499127766,0.0,81180.58888175066,0,23,0
5332,824.493853770652,824.4938537706531,0.0,89458.04811916803,1,23,0
5333,936.2958943054466,936.2958943054473,0.0,114532.24698665823,1,22,0
5334,585.3253374381483,585.3253374381491,0.0,65107.282459550464,0,21,0
5335,306.7107865229091,306.71078652290953,0.0,28757.150605336876,0,15,0
5336,297.691799690821,297.6917996908214,0.0,27617.178980360604,0,15,0
5337,270.8409295562276,270.84092955622816,0.0,24223.313280229362,0,15,0
5338,496.35094165289405,496.35094165289433,0.0,51826.26393878904,1,16,1
5339,502.46683857226236,502.4668385722622,0.0,47132.967009848224,0,16,0
5340,298.7616355622713,298.76163556227147,0.0,26724.97726921764,0,16,0
5341,746.6275844596425,746.6275844596437,0.0,89044.18682873555,0,18,2
5342,560.5571351799477,560.5571351799481,0.0,54987.362162618105,0,18,0
5343,361.72328453179284,361.72328453179136,0.0,34649.97645067792,0,18,0
5344,523.6757576056178,523.6757576056185,0.0,56596.49739429819,0,23,5
5345,1567.5272502191121,1105.1557576056182,462.3714926134953,149143.13845293818,1,24,1
5346,419.0623599125949,419.0623599125952,0.0,43579.93152625435,0,20,0
5347,982.331787787927,973.1571077358735,9.174680052054036,130145.71864289856,1,20,0
5348,1084.7370709584038,954.619599341057,130.11747161734823,122059.63554360351,2,20,0
5349,650.7170536332283,650.7170536332292,0.0,67621.94077788503,0,15,0
5350,784.2306995601353,784.2306995601364,0.0,85504.92610809294,0,15,0
5351,703.7483222932681,703.7483222932692,0.0,74617.38668241889,0,13,0
5352,537.4130327608246,537.4130327608252,0.0,52384.5237265903,0,9,0
5353,652.528558325388,652.5285583253884,0.0,68200.99857517875,0,15,7
5354,474.6294198048685,474.6294198048689,0.0,46012.995880221155,0,18,3
5355,1685.7197479809297,675.8455650614048,1009.8741829195255,98579.62130382561,4,18,0
5356,92.04556506140497,92.04556506140499,0.0,12126.5740629756,0,13,0
5357,310.37795259665745,310.37795259665734,0.0,40085.03858944618,0,17,4
5358,592.4942733150119,592.4942733150124,0.0,82004.62311778596,0,17,0
5359,413.35564239985973,413.35564239985996,0.0,53100.95017395081,0,17,0
5360,431.15014348407544,431.15014348407544,0.0,52264.06434933674,0,19,2
5361,1614.9447993310648,1028.5517475014578,586.3930518296072,147151.87540570792,3,20,1
5362,739.6174172580377,739.6174172580377,0.0,88167.3045708732,0,20,0
5363,983.2898376852718,983.2898376852725,0.0,142423.1903888557,0,20,0
5364,382.9862925521944,382.98629255219475,0.0,46908.82047725393,0,19,0
5365,1053.844627648872,893.2462925521947,160.59833509667806,132452.18795988394,1,20,1
5366,283.2542288344258,283.25422883442593,0.0,34458.47237200399,0,17,0
5367,877.9321174580734,820.7451889478529,57.18692851022166,123405.17885535739,1,18,1
5368,364.6976974814598,364.69769748145984,0.0,43843.50257300251,0,18,0
5369,440.4262706583651,440.42627065836484,0.0,53832.06092547521,0,18,0
5370,819.0273105898066,819.0273105898063,0.0,105050.50077541822,0,18,0
5371,765.4355619277045,765.435561927705,0.0,94444.4604363202,0,18,0
5372,456.6796760907071,456.67967609070774,0.0,55765.909817762695,0,19,1
5373,730.9639998806947,730.963999880695,0.0,87756.4281203745,0,19,0
5374,449.61298687668466,449.61298687668386,0.0,54082.893428390445,0,19,0
5375,851.1224324563525,851.122432456353,0.0,103963.76381882752,0,21,2
5376,1227.40108351904,1131.4089139238538,95.99216959518715,150208.91076700846,2,21,0
5377,1214.8859402250064,1073.3395327543096,141.5464074706968,154693.73779574758,1,21,0
5378,490.81607710836226,490.81607710836226,0.0,64042.384643690966,0,20,0
5379,702.7844383241335,702.7844383241339,0.0,91860.3735592961,0,20,0
5380,464.48138697834486,464.48138697834503,0.0,60207.20339521626,0,20,0
5381,811.057943230955,811.057943230956,0.0,111081.61456883622,0,20,0
5382,715.2184687360414,715.2184687360418,0.0,90034.31591560737,0,21,1
5383,530.9572453064977,530.957245306498,0.0,62212.63362928733,0,19,0
5384,1529.6926485030413,964.2810096712897,565.4116388318039,141635.35632535076,2,19,0
5385,407.1405480661701,407.1405480661699,0.0,50319.50831427255,0,19,0
5386,979.2197760316213,972.6305480661704,6.589227965451585,142690.71176926268,0,19,0
5387,724.5429027433468,724.5429027433465,0.0,99912.00418904703,0,19,0
5388,226.07743386100086,226.0774338610009,0.0,26697.939933532707,0,15,0
5389,716.6769064666905,704.2974338610007,12.379472605690097,107922.78269016273,0,15,0
5390,239.20107873949553,239.2010787394956,0.0,27958.522363919586,0,15,0
5391,1108.9550889038503,907.8210787394956,201.1340101643557,125393.88179286961,1,20,5
5392,867.4926771661223,867.492677166123,0.0,95479.31164277495,0,20,0
5393,1114.4739515467663,995.2037715259818,119.27018002078358,127365.28915174912,3,20,0
5394,489.1441511234752,489.14415112347444,0.0,49576.571998314634,0,20,0
5395,740.3607512564089,740.3607512564087,0.0,78314.19821713869,0,20,0
5396,1564.7601226633274,1039.9426614213396,524.8174612419899,140810.57543748926,3,21,1
5397,432.152661421339,432.15266142133936,0.0,44991.232711009194,0,17,0
5398,770.3803387844334,770.3803387844322,0.0,82957.46648483914,0,19,2
5399,979.4409098307963,978.6900000000007,0.7509098307966371,119713.91089669013,0,19,0
5400,675.3321579945492,675.33215799455,0.0,69945.60663804719,0,16,0
5401,739.4839685149386,739.483968514939,0.0,85387.56105860183,1,18,2
5402,412.58728477611555,412.58728477611584,0.0,43139.79115514586,0,18,1
5403,722.6304909243496,722.6304909243498,0.0,100007.24476963,0,18,0
5404,674.4108531848444,640.6396581231745,33.77119506167025,95293.65683708244,0,18,0
5405,171.68965812317447,171.68965812317458,0.0,13845.588190852419,0,14,0
5406,1493.655322343988,581.8442168997481,911.8111054442403,83836.15874405132,0,15,1
5407,199.65421689974852,199.6542168997483,0.0,14557.416280741334,0,13,0
5408,362.88493852108934,362.884938521089,0.0,32903.52105391167,0,17,4
5409,874.3946583650969,834.4968264029611,39.8978319621358,112860.8614151892,2,17,0
5410,311.30507748410565,311.3050774841049,0.0,28481.285984245922,0,16,0
5411,349.7477091137111,349.7477091137114,0.0,34262.298980794214,0,16,0
5412,1079.0646494600066,870.6967053489435,208.36794411106348,117929.6408255379,1,17,1
5413,587.3316737351944,587.3316737351951,0.0,58284.9213476848,0,17,0
5414,850.1442140323261,850.1442140323271,0.0,114773.67277408362,1,17,0
5415,397.89021154281704,397.89021154281676,0.0,38179.44351130817,0,17,0
5416,389.31136797420254,389.3113679742025,0.0,35644.49260776212,0,17,0
5417,1866.4210350719493,829.418803395719,1037.0022316762315,115073.98147645906,3,17,0
5418,259.32880339571886,259.32880339571886,0.0,30559.77846284904,0,15,0
5419,1483.1935495420717,952.954178985518,530.2393705565543,137764.4637164846,1,22,7
5420,642.784915373844,642.7849153738446,0.0,75825.1787791482,0,22,0
5421,1478.34692319022,946.5523283898818,531.7945948003388,115558.56602922859,4,22,0
5422,1759.22320270039,1074.5665963564297,684.6566063439611,158562.6411296907,3,22,0
5423,389.00659635642967,389.0065963564298,0.0,50900.472793390654,0,9,0
5424,557.4632452945607,557.4632452945607,0.0,72843.25257436476,0,9,0
5425,1591.2501225917094,890.06,701.1901225917095,138664.06137820001,2,18,9
5426,610.7277742487607,610.7277742487615,0.0,79759.89680403101,0,18,0
5427,860.2976969902733,860.2976969902745,0.0,114338.10778621437,0,19,1
5428,795.3815271903726,795.3815271903738,0.0,96138.38676630158,0,19,0
5429,1097.7752570445741,1078.6976066943973,19.07765035017735,149917.17676484256,1,19,0
5430,603.1776795178572,603.1776795178579,0.0,73697.4716540884,0,19,0
5431,640.7797454447052,640.779745444706,0.0,75462.76812450986,0,19,0
5432,636.438956034429,636.4389560344296,0.0,74914.10596878889,0,19,0
5433,482.6892076269872,482.68920762698735,0.0,59125.63714096803,0,19,0
5434,991.8446489647528,991.8446489647541,0.0,134216.45106928644,1,20,1
5435,860.1112926094316,860.1112926094321,0.0,105448.31561977674,0,20,0
5436,549.4065928531911,549.4065928531912,0.0,66807.24952419216,0,20,0
5437,1246.8124086790203,1087.4446751998457,159.36773347917537,157126.22045442509,3,20,0
5438,540.5897844439897,540.5897844439852,0.0,65960.35722592927,0,20,0
5439,610.6649747142551,610.6649747142554,0.0,72413.4412639178,0,20,0
5440,478.53362229732204,478.5336222973224,0.0,59771.85590140945,0,20,0
5441,1275.4071734402357,1085.5421628668257,189.86501057341064,155881.78135942732,1,21,1
5442,520.9025679646221,520.902567964621,0.0,64458.13600439718,0,18,0
5443,528.1693668137792,528.1693668137791,0.0,53825.20545411522,0,19,2
5444,407.8393169634534,407.8393169634537,0.0,38844.12644792461,0,17,0
5445,724.5351572463227,724.5351572463235,0.0,77889.76278607277,0,17,0
5446,739.2261224247536,739.2261224247536,0.0,81866.91707666694,0,17,0
5447,382.6742960293742,382.6742960293753,0.0,35327.9511707378,0,7,0
5448,259.7423351102292,259.7423351102302,0.0,22820.485780743184,0,4,0
5449,1373.5111906724212,1120.1066448537767,253.40454581864515,138636.44008175924,4,24,0
5450,135.40036937768485,135.4003693776849,0.0,5605.117554512374,0,24,0
5451,675.3053060093773,675.305306009378,0.0,69289.12747054924,1,24,0
5452,1531.3079992680478,1124.8900197936255,406.41797947442086,151849.06442414218,3,24,0
5453,1291.101997232665,1112.89590143735,178.20609579531532,137982.77391138545,2,24,0
5454,791.1544824397305,791.1544824397309,0.0,84861.30527993591,1,24,0
5455,531.2372154625027,531.2372154625034,0.0,50461.22147484109,0,24,0
5456,451.0650645317603,451.06506453176087,0.0,40327.71325757701,0,24,0
5457,395.2175653266092,395.21756532661004,0.0,33268.76466334595,0,24,0
5458,1298.8572313305879,980.2951761546299,318.56205517595913,111630.16658647708,3,24,0
5459,433.23037264402325,433.23037264402353,0.0,38073.46418606485,0,24,0
5460,446.1270507285916,446.1270507285916,0.0,39703.56381328174,0,24,0
5461,283.0835993872875,283.0835993872877,0.0,19790.72580104115,0,24,0
5462,598.8262727609878,598.8262727609889,0.0,59166.57646320255,1,24,0
5463,480.99474403060424,480.99474403060503,0.0,44110.730796966964,0,24,0
5464,760.3649141721833,760.3649141721842,0.0,80858.54638825856,1,24,0
5465,1374.2157393111067,1080.7334716047187,293.4822677063886,148796.43385606978,2,24,0
5466,908.9146679360485,908.9146679360488,0.0,101404.93278927247,1,24,0
5467,1039.0753964239243,955.0082204109414,84.06717601298294,121540.9851382691,3,24,0
5468,402.07832814781216,402.07832814781284,0.0,34135.94354801149,0,24,0
5469,904.8110591352181,883.5520507288604,21.259008406357594,116608.55556289395,1,24,0
5470,537.4261075962467,537.4261075962481,0.0,51243.47801361402,0,24,0
5471,379.490734244605,379.4907342446061,0.0,31280.942581103413,0,24,0
5472,1175.733443634749,919.040765353423,256.69267828132683,101979.18510048611,2,24,0
5473,1145.3519088266914,1076.9309140650041,68.4209947616871,134231.32332216424,1,22,0
5474,1392.5183843536029,1102.2370065654795,290.2813777881237,149572.4427271966,1,22,0
5475,471.6570065654796,471.6570065654795,0.0,52817.06708267658,0,19,0
5476,873.3070431163159,873.3070431163163,0.0,109003.33729391005,0,19,0
5477,473.6506730963698,473.65067309636976,0.0,51641.182573410355,0,19,0
5478,693.3263548977075,693.3263548977079,0.0,76578.21180611332,0,19,0
5479,553.3009872631269,553.300987263127,0.0,58020.25637579133,0,19,0
5480,440.42037820607516,440.420378206075,0.0,47088.25541709874,0,19,0
5481,951.1262835116958,951.1262835116964,0.0,124906.74083089888,0,20,1
5482,882.7021642358593,882.7021642358598,0.0,104429.74630158464,0,20,0
5483,1051.4677939109445,977.4777126340106,73.9900812769341,136149.66823801238,2,19,0
5484,527.5812126897647,527.5812126897648,0.0,57713.42847297799,0,19,0
5485,553.3615087454316,553.3615087454314,0.0,59879.95520856453,0,20,1
5486,896.6470250643331,896.6470250643343,0.0,103551.25506980026,1,21,1
5487,2451.3080888527393,1123.1195152954026,1328.1885735573378,142993.41149568808,2,21,0
5488,696.3116284795816,696.3116284795819,0.0,79927.67686847734,0,21,0
5489,438.0108872820285,438.01088728202853,0.0,49757.76796619323,0,20,0
5490,389.8130444643004,389.8130444643008,0.0,43162.45677650104,0,18,0
5491,367.832028615094,367.83202861509415,0.0,41734.328959170074,0,18,0
5492,260.06367017931024,260.06367017931063,0.0,33513.56108816417,0,17,0
5493,370.235597719932,370.2355977199318,0.0,44622.076462980454,0,19,2
5494,1172.9542832376376,804.3455977199318,368.608685517705,119642.56559989047,1,20,1
5495,168.68217882186738,168.6821788218675,0.0,18208.898024594055,0,4,0
5496,240.66887008449405,240.6688700844942,0.0,25123.528759234934,0,4,0
5497,626.4676258659101,601.5099999999998,24.957625865910643,92841.64118831001,0,12,8
5498,585.513218299199,585.5132182991993,0.0,77292.36402224252,0,14,2
5499,525.9051841337979,525.905184133798,0.0,58265.19678048179,0,15,1
5500,798.6954438537376,798.6954438537377,0.0,114246.85222642843,0,15,0
5501,338.47506087322864,338.47506087322864,0.0,36870.777096398844,0,15,0
5502,191.20807302033106,191.20807302033108,0.0,21412.243270188643,0,14,0
5503,475.4739320409246,475.47393204092424,0.0,61730.65896749117,0,17,3
5504,306.83485819213774,306.83485819213774,0.0,36678.928385026345,0,17,0
5505,745.4031300222445,666.7972786095382,78.60585141270548,94983.56052800303,1,21,4
5506,789.0899967637458,789.0899967637462,0.0,96154.35174745003,0,22,1
5507,1110.9670097689414,1063.2103074070137,47.75670236192765,150803.96032909164,2,21,0
5508,1336.3061979894374,1117.4195455449526,218.88665244448646,151121.8971450606,2,21,0
5509,740.7535479008263,740.7535479008267,0.0,85863.42833507987,0,21,0
5510,403.2544429627278,403.2544429627279,0.0,45273.279668693656,0,20,0
5511,468.6411163813426,468.6411163813426,0.0,50557.50042242058,0,19,0
5512,270.63077625920675,270.630776259207,0.0,29512.15141657932,0,17,0
5513,770.2740744306524,770.2740744306519,0.0,108643.12740719176,0,18,1
5514,529.0206649315853,529.0206649315842,0.0,58479.28209058497,0,18,0
5515,705.4587769575901,705.4587769575891,0.0,81650.33171812061,0,19,1
5516,1095.6172069867985,1042.7182208300205,52.89898615677791,136871.41880498634,2,20,1
5517,947.6944143483177,947.6944143483166,0.0,116343.19297514291,1,20,0
5518,599.8144858413119,599.8144858413132,0.0,61613.57627032237,0,20,0
5519,330.40499765972663,330.4049976597257,0.0,31371.681223391606,0,18,0
5520,748.5262179642801,748.5262179642806,0.0,92104.15307077178,0,18,0
5521,337.33697591496446,337.33697591496457,0.0,32037.52749378995,0,18,0
5522,815.8764511262917,815.8764511262909,0.0,99591.98194250018,0,20,2
5523,727.9407838606613,727.9407838606614,0.0,80448.1315655827,0,20,0
5524,1110.4722060344602,919.9043456454572,190.56786038900316,130687.77818259672,1,19,0
5525,1346.7796499767999,834.1899999999999,512.5896499767991,120281.36280104001,1,19,0
5526,1182.919641751835,663.5037596632061,519.4158820886294,98877.23309015772,1,19,0
5527,160.9037596632063,160.9037596632063,0.0,15257.433695287698,0,14,0
5528,527.140529586475,527.1405295864752,0.0,60608.83141377661,0,18,4
5529,1057.2337407752836,942.2157814526615,115.01795932262206,127106.31934158067,1,18,0
5530,738.4795765800357,738.4795765800359,0.0,81796.9626696785,0,18,0
5531,1050.8490075578682,952.0826764536727,98.7663311041961,132461.3417357229,3,18,0
5532,449.76319496107595,449.76319496107584,0.0,49551.76204652103,0,18,0
5533,1045.3955919790149,982.465864272174,62.929727706841575,135713.97674827182,1,18,0
5534,575.2484594665809,575.2484594665802,0.0,70520.21828470305,0,17,0
5535,186.23321059676476,186.2332105967648,0.0,18171.543545127646,0,14,0
5536,256.5234408402509,256.5234408402509,0.0,26496.512808846917,0,15,1
5537,341.84229348539486,341.84229348539515,0.0,37280.54796731469,0,17,2
5538,616.0628529377631,616.0628529377635,0.0,73596.1868330321,0,19,2
5539,985.300351100612,985.3003511006124,0.0,120982.34937942118,0,20,1
5540,1280.3277003520898,1147.6820481991756,132.64565215291526,145380.9966134265,3,20,0
5541,829.9545870876849,829.9545870876857,0.0,93482.04485129459,0,12,0
5542,657.933380343711,657.9333803437111,0.0,70879.91579248417,0,12,0
5543,650.7061748974978,650.706174897498,0.0,69966.41971028074,0,12,0
5544,805.9656298119359,805.9656298119364,0.0,90400.52929374074,1,12,0
5545,798.9649985705732,798.9649985705731,0.0,89368.534727197,0,14,2
5546,762.1025879898378,762.1025879898384,0.0,85259.03015314286,0,13,0
5547,528.3855458672309,528.3855458672315,0.0,58745.87216831601,0,15,2
5548,950.761036337733,934.1585831977993,16.602453139934386,119407.02604846447,1,20,5
5549,1056.010879876685,1056.0108798766828,0.0,149739.75193826086,0,20,0
5550,508.4142530347532,508.4142530347512,0.0,59515.7209021123,0,19,0
5551,956.4776697034462,877.2899999999998,79.18766970344542,130487.67620669004,0,19,0
5552,675.5235655468456,675.5235655468456,0.0,105022.57079480252,0,19,0
5553,147.6828925330772,147.68289253307725,0.0,19860.776409710965,0,15,0
5554,1118.6237274367006,748.7028925330768,369.92083490362404,116837.35411707095,1,19,4
5555,871.3402175105382,871.3402175105383,0.0,111078.11073478856,0,19,0
5556,4240.008681360238,1106.0136205338597,3133.9950608263807,158386.77812754674,3,19,0
5557,668.9678012437087,668.9678012437093,0.0,80878.84117155362,0,19,0
5558,323.0641919053683,323.0641919053687,0.0,38889.88584708654,0,18,0
5559,579.874117280584,579.874117280584,0.0,67523.60297618556,0,19,1
5560,1046.988167411964,1044.2556155096295,2.7325519023341105,142942.91057985122,1,19,0
5561,593.3784623389953,593.3784623389952,0.0,68338.8492523993,0,19,0
5562,729.1084148132445,729.1084148132454,0.0,86318.05832774383,0,19,0
5563,381.18532839748553,381.18532839748536,0.0,42477.79147333629,0,19,0
5564,493.5743316259072,493.5743316259069,0.0,54751.97280647403,0,21,2
5565,718.475302310702,718.4753023107022,0.0,81878.02552135181,0,22,1
5566,2012.290012868221,1053.6198630903434,958.6701497778786,148209.1042685322,5,23,1
5567,366.77986309034327,366.77986309034355,0.0,41078.93525336218,0,8,0
5568,349.23935173443533,349.23935173443584,0.0,36513.24480846956,0,7,0
5569,912.7090324810185,798.3578355121743,114.35119696884462,114921.92333943743,1,16,9
5570,462.4119123983398,462.4119123983403,0.0,48917.22309815719,0,16,0
5571,1091.4602669263159,804.465653722855,286.99461320346086,115828.49326454186,0,16,0
5572,287.62565372285496,287.6256537228551,0.0,30661.635182521848,0,14,0
5573,576.9530557282426,576.9530557282424,0.0,68132.73167783901,0,14,0
5574,543.7180644441194,543.7180644441195,0.0,59655.798411641634,0,14,0
5575,876.5810120432844,876.5810120432841,0.0,122320.00232591364,0,18,4
5576,783.3860347327449,783.3860347327441,0.0,92993.5130303654,0,18,0
5577,615.5073651876866,615.5073651876871,0.0,69161.47203106985,0,18,0
5578,694.769049863782,694.769049863782,0.0,79620.16757125006,0,18,0
5579,765.1432209778274,765.143220977827,0.0,107156.20809180662,0,18,0
5580,231.09077021728342,231.0907702172835,0.0,24117.886796886625,0,15,0
5581,1369.0839215820133,827.5007702172834,541.5831513647308,119595.30697056664,2,19,4
5582,825.8796417557087,825.8796417557093,0.0,115384.90549448438,0,19,0
5583,285.15202903974085,285.15202903974125,0.0,29212.873000647814,0,15,0
5584,458.8991283735366,458.8991283735369,0.0,48987.84672603444,0,15,0
5585,247.41764536841222,247.41764536841288,0.0,26002.13056881728,0,15,0
5586,1287.6557931175287,634.7502313796343,652.9055617378954,98043.47704461952,2,15,0
5587,135.75023137963458,135.7502313796345,0.0,17312.678644929496,0,13,0
5588,621.4975997431876,621.4975997431882,0.0,93854.88416875114,0,17,4
5589,501.26474105147724,501.2647410514772,0.0,56914.20575412456,0,17,0
5590,531.7954488313383,531.795448831339,0.0,65707.95865550787,0,17,0
5591,240.63330702150785,240.63330702150802,0.0,25167.13868388787,0,15,0
5592,757.8901095887359,757.8901095887361,0.0,108552.83230936577,0,16,1
5593,1338.4314170669932,996.8238083123662,341.6076087546278,137277.34444242885,2,20,4
5594,865.7583095201262,865.7583095201256,0.0,98696.36081229513,0,20,0
5595,604.169660846576,604.1696608465761,0.0,63930.07489384182,0,20,0
5596,531.8467635117679,531.8467635117682,0.0,58446.718660303624,0,20,0
5597,1399.6179641211918,987.6597184898792,411.9582456313129,122160.4907406046,3,20,0
5598,739.2697057086751,739.2697057086756,0.0,81326.64497337714,0,20,0
5599,1601.5301122696426,947.7580771341009,653.7720351355428,132019.1865950055,3,20,0
5600,316.0980771341007,316.0980771341008,0.0,32635.719293095524,0,17,0
5601,793.3940183811746,793.394018381175,0.0,98683.8123410512,0,20,3
5602,414.80386696174713,414.80386696174764,0.0,43906.61477211673,0,20,0
5603,707.180223577293,707.1802235772939,0.0,78277.62212159543,1,20,0
5604,1203.0327304201744,999.3121570314767,203.72057338869843,139216.84783353814,0,20,0
5605,416.43215703147615,416.43215703147655,0.0,45883.31277231812,0,20,0
5606,1023.9620606953685,975.0087214293679,48.95333926600127,133433.30419171925,1,20,0
5607,529.1032988979064,529.103298897906,0.0,59635.52402473027,0,20,0
5608,1371.2284260172635,1144.1949237462857,227.0335022709782,148922.7899592337,3,23,3
5609,1335.9053219253603,1116.2060477319726,219.69927419338933,142155.09721088264,2,23,0
5610,734.8721452234289,734.8721452234287,0.0,82189.34837272976,0,23,0
5611,708.6247614440414,708.6247614440414,0.0,80624.82972332067,0,23,0
5612,683.9691082865113,683.9691082865116,0.0,81705.30353924415,0,22,0
5613,1138.0480387963228,1082.34889987833,55.69913891799297,150459.83203286608,1,22,0
5614,545.9372645641508,545.9372645641512,0.0,71009.52971269525,0,11,0
5615,629.634927919157,629.6349279191584,0.0,78276.51092871807,0,12,1
5616,521.1301504715472,521.1301504715475,0.0,62802.605159996434,0,7,0
5617,645.7211420559555,645.7211420559556,0.0,83025.83020219303,0,15,8
5618,412.7333393830504,412.7333393830506,0.0,49176.23857582527,0,16,1
5619,751.4940268536775,751.4940268536777,0.0,106179.41953333453,0,16,0
5620,1038.5914112180667,811.4689343088281,227.12247690923897,120451.78416357696,3,16,0
5621,1112.4408573786086,829.7508295691969,282.69002780941184,124802.36820546155,3,16,0
5622,482.348722223513,482.3487222235135,0.0,58178.56068750273,0,16,0
5623,310.01483462934846,310.0148346293486,0.0,36078.448227303765,0,16,0
5624,257.9554002871777,257.95540028717795,0.0,30150.12156261779,0,16,0
5625,1348.1246622260292,921.0554002871779,427.0692619388517,134569.82555255783,1,23,7
5626,568.8183718677099,568.81837186771,0.0,63743.24749166556,0,22,0
5627,673.0493566910214,673.0493566910217,0.0,76282.43358373448,0,22,0
5628,648.1598766567665,648.1598766567668,0.0,73136.48143548248,0,22,0
5629,478.58411937433146,478.5841193743321,0.0,54507.986858169075,0,22,0
5630,636.0354124788195,636.0354124788199,0.0,71652.98748210305,0,22,0
5631,1060.1513019738452,1005.3412026262328,54.810099347613125,143346.8353910008,1,22,0
5632,439.50009929607916,439.5000992960794,0.0,51468.58221775275,0,22,0
5633,1055.8128128001633,956.6361786207843,99.17663417938006,137190.67324178247,2,22,0
5634,755.9146538365155,755.9146538365159,0.0,86911.48447794779,0,23,1
5635,1083.3401500603923,1029.0365991374226,54.30355092296993,145591.7391418761,1,23,0
5636,313.6265991374235,313.6265991374237,0.0,34745.54003250624,0,17,0
5637,668.8895914606763,668.8895914606766,0.0,83884.4831128684,0,17,0
5638,851.6459991319306,851.645999131931,0.0,117811.14070863991,0,18,1
5639,329.9868240439703,329.9868240439707,0.0,32272.7882121503,0,6,0
5640,314.152514138837,314.1525141388373,0.0,27472.110104978543,0,4,0
5641,1236.126764368807,666.9300000000004,569.1967643688076,94626.65805269008,0,13,9
5642,1299.5805164295778,719.6999999999999,579.880516429578,101411.11418870001,1,13,0
5643,534.0762115989111,534.0762115989112,0.0,58372.87624629309,0,13,0
5644,869.8981130422328,787.9986341833186,81.8994788589148,110295.47473533881,1,16,3
5645,1331.3437012346,847.5500000000001,483.79370123460103,118011.30112429002,0,16,0
5646,495.80802068118004,495.8080206811809,0.0,50526.897997778564,0,16,0
5647,254.93293660904195,254.93293660904226,0.0,23795.635254090423,0,15,0
5648,435.672666507765,435.67266650776565,0.0,47741.321578794,0,20,5
5649,1161.1605372709942,1000.7626665077656,160.39787076322975,138826.25648282398,0,20,0
5650,442.28472310111397,442.28472310111437,0.0,47807.44214472749,0,20,0
5651,1363.046762155905,911.969178993106,451.0775831628,120443.97127806774,2,20,0
5652,1076.6363902260193,969.7838889392408,106.85250128677872,135503.24847029272,1,19,0
5653,587.2331868238349,587.2331868238348,0.0,67887.04450592256,0,19,0
5654,249.74083945355648,249.7408394535564,0.0,27557.202847520064,0,17,0
5655,691.6643110590967,691.6643110590974,0.0,94945.74063616735,0,20,3
5656,1623.5311398238578,996.8999999999997,626.6311398238577,145606.00475090003,3,20,0
5657,575.9347438945945,575.9347438945947,0.0,68050.09899997569,0,20,0
5658,577.826973371132,577.8269733711323,0.0,64092.399885161714,0,21,1
5659,1867.0069832140064,1023.5190921380286,843.4878910759788,141760.72409484023,4,21,0
5660,387.639092138028,387.63909213802856,0.0,41665.24850680019,0,19,0
5661,755.5074188968997,755.5074188969002,0.0,84716.94691721722,0,20,1
5662,1077.4790879471755,934.843684133148,142.63540381402788,116872.49348886046,2,20,0
5663,1010.7687308534507,941.555244361639,69.2134864918118,128698.87778079916,2,19,1
5664,712.7591133800834,712.7591133800832,0.0,75383.94972624157,0,18,0
5665,1104.9912609576497,1035.463095404864,69.52816555278564,137357.51853466965,3,19,1
5666,668.8604768953033,668.8604768953043,0.0,69420.79463264946,0,19,0
5667,1404.637739030933,998.7720076445898,405.8657313863435,135279.0746347442,3,19,0
5668,810.0261967825336,810.0261967825345,0.0,88075.06965710294,0,20,1
5669,723.6598887075768,723.659888707578,0.0,76970.19116224792,0,20,0
5670,945.1644251518912,943.1650193017507,1.9994058501402943,121413.52872477143,1,20,0
5671,635.8503459612076,635.8503459612083,0.0,65754.59883332926,0,20,0
5672,924.3580925690393,861.0834209047279,63.27467166431413,106988.9462974651,2,20,0
5673,776.674799968842,776.674799968842,0.0,83488.5348967245,0,23,3
5674,612.1548531030506,612.1548531030497,0.0,62816.16905757635,0,23,0
5675,1831.2332812298994,967.9263507585799,863.3069304713201,135838.0469337295,4,23,0
5676,276.82635075858,276.82635075857985,0.0,33528.27675948947,0,19,0
5677,435.55318257370726,435.5531825737073,0.0,53170.98129685389,0,20,1
5678,502.3199220283974,502.3199220283967,0.0,62600.09801307085,0,20,0
5679,991.0694044536734,991.0694044536743,0.0,148127.82551189366,0,20,0
5680,1440.6738379287451,1105.5963939596963,335.0774439690492,159499.111099425,3,21,1
5681,594.3663939596955,594.3663939596964,0.0,71853.383978855,0,21,0
5682,1312.1983733550671,1112.4521867692222,199.74618658584586,151463.15767257716,2,21,0
5683,769.8121143087105,769.8121143087114,0.0,89731.21245467941,0,21,0
5684,1417.1773911386258,950.6679860972812,466.5094050413449,137146.21168863832,2,19,0
5685,392.80522430565924,392.80522430565964,0.0,46276.39584184657,0,11,0
5686,625.0772203161268,625.0772203161273,0.0,71838.40971119513,0,13,2
5687,596.6061157081823,596.6061157081831,0.0,66620.24787883712,0,12,0
5688,676.8729951406146,535.5583689905577,141.31462615005785,57774.85413042114,1,6,0
5689,467.6442797677088,467.6442797677089,0.0,49174.29195924421,0,10,4
5690,425.00497873579405,425.00497873579445,0.0,44533.21823850677,0,12,2
5691,1049.593260645084,759.8281878621298,289.7650727829544,104899.27158692476,1,14,2
5692,1127.1604895825637,781.1896358683487,345.9708537142162,106090.95364760583,4,15,1
5693,463.1997133598954,463.1997133598953,0.0,49260.3352409874,0,15,0
5694,568.4615572924359,568.4615572924365,0.0,61917.27937293562,0,15,0
5695,681.7412512966436,681.7412512966439,0.0,83620.10117905041,1,15,0
5696,1276.9251878604655,904.1168196256792,372.80836823478717,116368.64510110905,2,21,6
5697,708.3126630648936,708.3126630648935,0.0,81199.60409274715,0,21,0
5698,948.2691917871186,948.2691917871186,0.0,113443.69642143273,1,21,0
5699,667.2919021412342,667.2919021412345,0.0,76370.54475970112,0,21,0
5700,738.51882583372,738.5188258337209,0.0,85795.69262721072,0,21,0
5701,364.43874652543695,364.43874652543707,0.0,41264.52608910991,0,19,0
5702,989.8361094823272,982.8187465254372,7.01736295689113,139783.5308818299,0,21,2
5703,1785.8393052472286,1167.4701493804619,618.3691558667672,163982.07708289154,2,21,0
5704,675.5641982918281,675.56419829183,0.0,77757.02790664036,0,21,0
5705,727.379747037204,727.3797470372044,0.0,88608.67163364388,0,21,0
5706,348.5220258287683,348.5220258287684,0.0,41938.562614037255,0,20,0
5707,544.7007962027868,544.7007962027867,0.0,67431.43727640281,0,20,0
5708,565.5790231333455,565.579023133345,0.0,72109.3468102176,0,20,0
5709,268.2750357689057,268.2750357689058,0.0,34891.98226811474,0,18,0
5710,1574.1620654585752,977.355035768906,596.8070296896695,140000.53835147474,2,22,4
5711,773.7866826979216,773.7866826979214,0.0,96795.51883629327,1,20,0
5712,959.7608746150732,959.7608746150734,0.0,115854.3328592233,1,19,0
5713,367.2346028130363,367.2346028130371,0.0,29731.80604014966,0,24,0
5714,1053.4826225498498,1053.4826225498502,0.0,127748.12127567432,1,24,0
5715,826.6121435450254,826.6121435450257,0.0,89650.50133474519,1,24,0
5716,1628.9328630604011,1145.8935984778432,483.03926458255927,141895.83007459377,2,24,0
5717,1138.8644814343377,1137.366421666306,1.49805976803259,149290.05426754436,2,24,0
5718,613.8929269133085,613.8929269133091,0.0,61399.06700945165,1,24,0
5719,919.4330688472587,890.8894951165261,28.543573730733215,118354.6638304757,1,24,0
5720,1174.7036157122045,1121.4940957202762,53.209519991929106,151419.8302810765,2,24,0
5721,1525.2466738434387,1153.064796353394,372.1818774900448,144827.5928508535,2,24,0
5722,1299.6901017398104,1117.172568885934,182.51753285387719,151683.5181969594,1,24,0
5723,481.65809715337036,481.65809715337036,0.0,44194.57654941905,0,24,0
5724,1124.8223370243318,1108.2016662225926,16.620670801739493,151488.98293512804,2,24,0
5725,539.5143138153447,539.5143138153444,0.0,51507.420724828466,0,24,0
5726,785.8655488845222,785.8655488845225,0.0,83515.43645078367,1,24,0
5727,350.22346695207534,350.22346695207534,0.0,27581.65186527956,0,24,0
5728,761.6230280621268,761.6230280621272,0.0,82281.8036157,1,24,0
5729,805.6208844453099,805.6208844453107,0.0,87450.68926266408,1,24,0
5730,715.292307239819,715.2923072398195,0.0,74695.25549266204,1,24,0
5731,1246.0599590699917,1186.479589479867,59.580369590125486,147367.8056091247,2,24,0
5732,646.1866486779132,646.1866486779136,0.0,65522.37712495509,1,24,0
5733,872.543622559236,872.5436225592362,0.0,95586.64342940356,1,24,0
5734,547.7923680741029,547.7923680741025,0.0,52553.74079832316,0,24,0
5735,996.9303624287078,889.5210511370256,107.40931129168234,99651.95728601479,2,24,0
5736,596.0278417702963,596.0278417702981,0.0,58650.553262370355,0,24,0
5737,484.26925649916024,484.26925649916063,0.0,45231.01643706253,0,16,0
5738,619.921316803655,619.9213168036555,0.0,65142.26570467895,1,16,0
5739,786.0601335329654,778.9498862604211,7.110247272545621,92807.60269317517,1,16,0
5740,445.08576428410186,445.08576428410123,0.0,42261.035373954,0,16,0
5741,849.3814871701454,773.3614640233615,76.02002314678475,92270.81074620894,1,16,0
5742,1375.497123920301,794.5057258476737,580.9913980726283,95778.5673866457,2,16,0
5743,416.43724629039974,416.4372462903993,0.0,40135.07391121399,0,16,0
5744,812.7491300722094,747.7243791282259,65.02475094398505,89808.25868202571,1,16,0
5745,1344.1907714750887,959.263496529318,384.92727494577065,123505.6641790256,4,22,6
5746,730.2576126085887,730.2576126085894,0.0,85537.90565030434,1,22,0
5747,1031.6487167411658,861.9121229467434,169.73659379442324,123407.38537487529,0,22,0
5748,180.93212294674342,180.93212294674342,0.0,24332.218698755263,0,15,0
5749,495.12649071592017,495.12649071591983,0.0,76192.33611666359,0,16,1
5750,400.17368963045584,400.17368963045607,0.0,53087.947804912976,0,16,0
5751,405.32347717807806,405.32347717807835,0.0,54170.58883204053,0,16,0
5752,325.83079618708916,325.83079618708973,0.0,38991.89204309892,0,17,1
5753,617.9315915407785,617.931591540778,0.0,75386.66815348371,0,17,0
5754,303.3074152306346,303.30741523063455,0.0,36145.00739109581,0,17,0
5755,542.8031532264523,542.8031532264524,0.0,63938.02291758562,0,17,0
5756,1111.2313962965343,1084.646920565118,26.584475731416248,156772.5930507473,1,22,5
5757,752.2837757421499,752.2837757421504,0.0,90415.71604389574,0,22,0
5758,532.8408730631235,532.8408730631237,0.0,63691.13657886109,0,22,0
5759,734.6817951842905,734.6817951842912,0.0,91870.19407394879,0,22,0
5760,1633.6771182104621,1083.313222177372,550.3638960330906,152197.97080549118,2,21,0
5761,343.3467610080271,343.34676100802744,0.0,26712.457819931864,0,24,0
5762,241.29645045806512,241.29645045806524,0.0,15776.890754158983,0,24,0
5763,503.2982089636337,503.298208963633,0.0,46929.818753925276,0,24,0
5764,1197.9180737819156,1157.129623028008,40.788450753908705,145922.44445021483,2,24,0
5765,192.0337929239828,192.03379292398273,0.0,11045.001013421564,0,24,0
5766,1150.4157636184702,1125.6442645822756,24.771499036194427,151768.2351539228,1,24,0
5767,223.92289547053022,223.92289547053042,0.0,14108.086212934702,0,24,0
5768,708.2441441867073,708.2441441867094,0.0,73792.55205324854,1,24,0
5769,307.5124511362422,307.51245113624236,0.0,22183.113536036915,0,24,0
5770,334.4318558732809,334.4318558732814,0.0,25585.64179478718,0,24,0
5771,582.1595012515739,582.1595012515733,0.0,56897.638553524426,0,24,0
5772,399.8773476367226,399.8773476367222,0.0,33857.74652028746,0,24,0
5773,584.4675566766032,584.4675566766034,0.0,57224.06448557671,1,24,0
5774,414.157156662917,414.1571566629167,0.0,35662.66955687791,0,24,0
5775,852.0570172334906,852.0570172334914,0.0,93773.78484462656,1,24,0
5776,295.3192553468298,295.3192553468299,0.0,20966.013083626214,0,24,0
5777,857.520324853392,857.5203248533926,0.0,93991.5877845646,1,24,0
5778,896.0386466559925,896.0386466559919,0.0,99270.70430079232,1,24,0
5779,286.18341343794054,286.18341343794054,0.0,20088.47624810808,0,24,0
5780,744.4939317343528,744.4939317343534,0.0,78566.42331091623,1,24,0
5781,780.1371617002135,780.1371617002137,0.0,83862.64260258703,1,24,0
5782,1008.4226950663773,946.1598198900778,62.2628751763001,114723.47074699574,2,24,0
5783,436.3877197411264,436.3877197411267,0.0,38472.54294822615,0,24,0
5784,320.6867281860533,320.68672818605353,0.0,23848.30080107739,0,24,0
5785,541.456556939267,541.4565569392663,0.0,67609.16763826142,0,13,0
5786,1440.7013297610833,633.2267281860534,807.47460157503,86840.40602621739,1,13,0
5787,538.6463370624739,538.6463370624745,0.0,62494.88405705689,0,13,0
5788,504.88324883175295,504.8832488317527,0.0,54957.486278704004,0,13,0
5789,572.9394719195727,572.9394719195723,0.0,70655.69906724404,0,13,0
5790,1101.5210181898406,649.6999999999998,451.8210181898406,88922.57587390002,0,13,0
5791,276.55941574569516,276.55941574569556,0.0,20818.630186985858,0,13,0
5792,845.4498124488659,649.6999999999998,195.74981244886618,88922.57587390002,1,13,0
5793,342.5672425260682,342.56724252606836,0.0,30363.37615780103,0,17,4
5794,836.9956792909367,836.9956792909371,0.0,105982.8401071436,0,20,3
5795,942.8229431245725,942.8229431245727,0.0,118520.04949928368,0,20,0
5796,939.7544884854043,900.4691802776482,39.285308207756636,124368.37561131908,1,20,0
5797,283.1091802776481,283.10918027764814,0.0,33648.94998673904,0,17,0
5798,1019.1336359390461,955.0691802776481,64.06445566139891,139696.91193167906,1,21,4
5799,515.6170704651604,515.6170704651606,0.0,61091.24197866218,0,21,0
5800,824.1526403757614,824.152640375762,0.0,99568.22946998221,0,21,0
5801,1777.2330974974684,1121.8230773726336,655.410020124837,153159.1242464635,2,21,0
5802,1379.382413158083,1028.304943109258,351.07747004882515,147781.29768401576,2,21,0
5803,1449.4294478753459,1116.6954745149608,332.73397336038516,151938.896975275,2,21,0
5804,834.9628046504959,834.9628046504962,0.0,100866.08576843889,0,20,0
5805,689.3412023016208,689.341202301621,0.0,81600.78383681086,0,20,0
5806,578.3259569135996,578.3259569135998,0.0,67568.80529662027,0,20,0
5807,677.6492063729244,677.649206372925,0.0,83539.3496610798,0,20,0
5808,1420.2150495386068,1172.2471391945937,247.9679103440139,155236.96494342666,2,20,0
5809,305.88729571632865,305.8872957163287,0.0,21981.118729713882,0,24,0
5810,358.6117678511806,358.61176785118164,0.0,28641.906768050074,0,24,0
5811,1287.4745621781308,1118.2391264210712,169.23543575705895,140961.8617642542,2,24,0
5812,858.1296661843685,856.6693929229497,1.4602732614188483,94378.70162704529,2,24,0
5813,801.3819660545378,801.3819660545387,0.0,86069.44346693509,1,24,0
5814,774.3180707612283,774.3180707612288,0.0,82746.54357607386,1,24,0
5815,250.13372974647726,250.13372974647712,0.0,16625.74936825093,0,24,0
5816,307.23996222466815,307.2399622246685,0.0,22148.671792956673,0,24,0
5817,498.94257036391053,498.9425703639117,0.0,46379.27970727007,0,24,0
5818,421.87558827475215,421.8755882747522,0.0,36638.25508445709,0,24,0
5819,578.0772188474657,578.0772188474659,0.0,56621.930123141785,1,24,0
5820,622.4349301724457,622.4349301724466,0.0,62178.829243811095,1,24,0
5821,920.1877927978153,920.1877927978155,0.0,101948.53828659964,1,24,0
5822,802.8692049140648,802.8692049140653,0.0,85599.05072157408,1,24,0
5823,904.1894635713661,904.1894635713663,0.0,100119.26464742089,1,24,0
5824,258.78608774571853,258.78608774571876,0.0,17456.84549865098,0,24,0
5825,847.8465809112491,847.8465809112497,0.0,92507.63951528174,1,24,0
5826,661.4471106789892,661.4471106789896,0.0,67707.50617660764,1,24,0
5827,1941.7246649422052,1157.0127520629437,784.7119128792624,143301.25618472733,3,24,0
5828,987.0333853682988,987.0333853682992,0.0,111936.32942466557,1,24,0
5829,799.4678261709579,799.467826170958,0.0,85962.44443807841,2,24,0
5830,480.95605859183246,480.9560585918339,0.0,44105.841078939884,0,24,0
5831,394.712833367352,394.71283336735235,0.0,33204.9681280494,0,24,0
5832,1118.0269354336178,1111.0994064523213,6.927528981298224,140188.23715044148,2,24,0
5833,798.5776950613387,798.5776950613388,0.0,88296.34532786648,0,23,0
5834,402.0348920438443,402.0348920438445,0.0,46278.96291233692,0,21,0
5835,1511.9281480220634,961.1248920438446,550.8032559782192,137303.89781636692,1,21,0
5836,759.2796578489553,759.2796578489563,0.0,91360.66066585912,0,20,0
5837,391.98627367706115,391.98627367706126,0.0,44746.447049387476,0,20,0
5838,755.4885494173158,755.488549417316,0.0,90517.73524090444,0,20,0
5839,495.5225368921786,495.52253689217855,0.0,54209.64557157747,0,20,0
5840,932.6542651313816,913.0473730527364,19.606892078645778,131430.78984002786,0,20,0
5841,353.95737305273565,353.95737305273633,0.0,40405.85493599784,0,20,0
5842,1060.200927620843,802.7060924322154,257.49483518862814,117678.71696421913,1,20,0
5843,193.55609243221537,193.55609243221548,0.0,22079.27520237911,0,14,0
5844,1031.2324500536527,784.8660924322156,246.36635762143814,117220.89760657914,2,17,3
5845,735.7337890193121,735.7337890193128,0.0,91543.5559480761,1,17,0
5846,447.66706656160073,447.6670665616015,0.0,51858.36653128857,0,17,0
5847,484.8347881585013,484.83478815850106,0.0,55015.73406541309,0,17,0
5848,1286.3605714332239,875.5523419848745,410.8082294483505,128140.78341295525,2,17,0
5849,303.04234198487444,303.0423419848746,0.0,35375.42199555523,0,15,0
5850,359.9582531627958,359.9582531627964,0.0,40344.67821862742,0,15,0
5851,293.90674929113726,293.9067492911372,0.0,34000.14771264844,0,15,0
5852,486.98787169267905,486.9878716926794,0.0,57417.39703004586,0,20,5
5853,817.4014400307459,817.4014400307457,0.0,99701.536226426,0,20,0
5854,1910.9601066642792,1116.7528972932087,794.207209371071,148475.1506454802,2,20,0
5855,964.7284749831267,964.7284749831271,0.0,118999.18147871428,0,20,0
5856,1674.1918141716897,1125.625518327278,548.5662958444141,160638.41661476696,4,19,0
5857,368.191244446897,368.19124444689714,0.0,29852.72253977148,0,24,0
5858,1059.113260739582,1059.1132607395816,0.0,142141.6398340081,1,24,0
5859,642.4160214676715,642.4160214676722,0.0,65244.61049841806,1,24,0
5860,681.2551065738187,681.2551065738193,0.0,70005.66564151821,1,24,0
5861,1210.9715874756964,1053.8333325576223,157.1382549180755,124645.12635561106,3,24,0
5862,384.16855888701417,384.1685588870142,0.0,31872.204932212255,0,24,0
5863,513.8938192206023,513.8938192206024,0.0,48269.07063078561,0,24,0
5864,433.71799520870377,433.71799520870456,0.0,38135.0981475933,0,24,0
5865,593.5508383783734,593.5508383783746,0.0,58337.46780894487,0,24,0
5866,1376.5594151889618,1124.481080204528,252.07833498443392,139189.35497874164,2,24,0
5867,1460.3805562832715,1150.5673367201025,309.81321956317,142486.575917551,2,24,0
5868,213.56104814190925,213.56104814190928,0.0,13112.78629361006,0,24,0
5869,749.8286200280942,749.8286200280944,0.0,79370.11271475002,1,24,0
5870,581.8975061768458,581.8975061768466,0.0,56864.52319848152,0,24,0
5871,736.5849563152503,736.5849563152512,0.0,77884.37663580156,1,24,0
5872,1249.1893936698552,1176.1094614939016,73.07993217595441,146072.91235288064,2,24,0
5873,1190.8382985602984,971.0206653410752,219.81763321922415,118741.90183989103,2,24,0
5874,1019.1364715837566,1019.1364715837567,0.0,120136.13923425364,1,24,0
5875,856.9752994110505,856.9752994110509,0.0,93668.93881515214,1,24,0
5876,334.50944897537926,334.50944897538034,0.0,25595.44931932774,0,24,0
5877,2107.378720513395,1130.1711395965003,977.2075809168952,139908.5606247905,3,24,0
5878,752.1619534767361,752.1619534767364,0.0,80143.81587128242,1,24,0
5879,560.8484052244875,560.848405224488,0.0,54222.45135047632,1,24,0
5880,441.25278162103217,441.252781621033,0.0,39087.47149841707,0,24,0
5881,546.2563694934413,546.2563694934418,0.0,56663.1262492552,0,14,0
5882,1908.1107699600693,669.6241384159622,1238.486631544107,92268.00132227942,4,14,0
5883,213.02413841596223,213.02413841596234,0.0,18362.340055479403,0,13,0
5884,508.99983145036816,508.9998314503688,0.0,59544.69381462122,0,13,0
5885,415.649366862624,415.64936686262433,0.0,39110.39235007314,0,13,0
5886,753.6436678238034,699.8,53.843667823804594,98514.17071800002,0,13,0
5887,435.6555467247366,435.6555467247375,0.0,41673.77046978982,0,13,0
5888,1117.1182091806245,699.8,417.3182091806245,98514.17071800002,0,13,0
5889,870.791014868392,758.52,112.2710148683928,106410.98781560002,1,16,3
5890,767.2802727664376,767.2802727664384,0.0,103938.00400516747,0,16,0
5891,1750.5498786571734,846.6,903.9498786571729,118256.21346200003,1,16,0
5892,757.0696177100513,678.1999999999998,78.8696177100512,101658.86813720001,0,16,0
5893,176.84016684258071,176.84016684258086,0.0,23398.198127717358,0,14,0
5894,60.99731244777048,60.99731244777054,0.0,8203.0759510423,0,12,0
5895,277.5037790860978,277.5037790861073,0.0,37061.45985221226,0,16,4
5896,583.2526357933524,583.2526357933525,0.0,91185.97785304506,0,16,0
5897,587.4869497501365,587.4869497501452,0.0,73681.57399982984,0,17,1
5898,394.0092921975867,394.00929219758643,0.0,47361.03545692213,0,17,0
5899,623.9756846884309,623.9756846884302,0.0,73713.93006206652,0,17,0
5900,1122.4185876570316,801.5569062904422,320.8616813665913,120303.49141428688,0,17,0
5901,273.3469062904385,273.34690629043877,0.0,32680.425244116424,0,16,0
5902,1275.2304882131261,950.8526097100514,324.3778785030755,138221.4491800758,1,21,5
5903,638.3433435665581,638.3433435665606,0.0,78424.92747927745,0,17,0
5904,404.36887746785027,404.3688774678511,0.0,51530.12047099,0,12,0
5905,845.2276650504365,771.4899999999992,73.73766505043747,121735.4810087699,0,16,4
5906,949.5491455638899,791.3298930215548,158.21925254233602,124243.18120927036,1,16,0
5907,350.62989302155466,350.62989302155484,0.0,44737.681523650346,0,16,0
5908,716.0296412165435,716.0296412165435,0.0,106323.80965686124,0,16,0
5909,837.6430747562629,837.6430747562633,0.0,127212.67103387543,0,17,1
5910,2010.0730417249827,881.8399999999999,1128.2330417249827,136264.8995306,1,17,0
5911,538.3998415885453,538.3998415885453,0.0,70608.35638362549,0,17,0
5912,293.7237128651377,293.72371286513794,0.0,37697.57735509875,0,17,0
5913,372.46684085113986,372.46684085114,0.0,47650.46155785067,0,17,0
5914,465.63457968544594,465.6345796854459,0.0,59675.02662503247,0,17,0
5915,318.4992509918828,318.4992509918825,0.0,41050.85697694403,0,16,0
5916,1162.536467862655,1004.7692509918845,157.7672168707697,146338.91805321432,2,22,6
5917,624.0958549638264,624.0958549638264,0.0,72284.10915683016,0,22,0
5918,885.0524244415191,885.0524244415201,0.0,112301.98502179868,0,22,0
5919,364.5662009692237,364.56620096922427,0.0,41651.84080971475,0,19,0
5920,922.2593774296082,922.2593774296085,0.0,131718.43242877026,0,19,0
5921,377.3606301196281,377.36063011962824,0.0,42398.8966152954,0,19,0
5922,1562.6116852312705,882.0860124011206,680.5256728301503,127687.9375591989,1,19,0
5923,304.5760124011206,304.5760124011206,0.0,34334.772475548874,0,18,0
5924,740.0512570730344,740.0512570730344,0.0,86407.61905662689,0,20,2
5925,1126.2044309593937,1079.816300223522,46.388130735875194,146151.88775688683,3,20,0
5926,883.0391707600108,883.0391707600116,0.0,100703.91521847482,0,18,0
5927,530.0420434556769,530.0420434556771,0.0,55178.31937995157,0,12,0
5928,502.63987704815673,502.63987704815827,0.0,47488.937183673144,0,10,0
5929,883.3918860779795,844.3006278054927,39.0912582724878,114643.56103252362,3,19,9
5930,323.81587599398745,323.815875993988,0.0,29856.19127153988,0,18,0
5931,504.58484134574803,504.5848413457492,0.0,49857.300882243115,0,19,1
5932,1100.6909405368212,928.4529439700796,172.23799656674277,125841.77597453595,2,19,0
5933,397.58742140912534,397.58742140912494,0.0,40111.97137268656,0,18,0
5934,253.4633501475207,253.4633501475208,0.0,22669.17130855052,0,17,0
5935,444.78325664137077,444.7832566413712,0.0,48109.86109580389,0,18,1
5936,835.355433956831,813.8699999999999,21.48543395683113,117954.33729767003,1,18,0
5937,501.9446641448391,501.9446641448396,0.0,57998.03089784944,0,18,0
5938,272.3405580219382,272.34055802193836,0.0,26025.875997059386,0,18,0
5939,309.91864785893466,309.91864785893483,0.0,29804.94372609373,0,18,0
5940,400.46801777377595,400.46801777377755,0.0,37940.039120897665,0,19,1
5941,946.5911924390851,946.591192439085,0.0,120386.3276654447,1,22,3
5942,643.5815007107384,643.581500710739,0.0,65834.39290146664,0,22,0
5943,655.0576437002325,655.0576437002334,0.0,68586.60660823107,0,21,0
5944,1124.1119816095536,1114.0406800050428,10.071301604511497,150477.74193094292,1,21,0
5945,849.5564977979154,849.5564977979157,0.0,98168.38050899508,0,21,0
5946,458.4090228717434,458.40902287174373,0.0,45808.682112411116,0,20,0
5947,293.5375095626948,293.5375095626953,0.0,26611.130931945438,0,16,0
5948,762.3498325414466,762.3498325414475,0.0,102281.43688714303,0,16,0
5949,571.3039147389318,571.3039147389317,0.0,58921.379899568754,0,16,0
5950,276.52322597776174,276.5232259777621,0.0,23563.81323225762,0,15,0
5951,121.59403764047634,121.59403764047644,0.0,9752.013155371353,0,11,0
5952,655.0122420244013,640.5940376404764,14.41820438392483,94850.50940097136,0,14,3
5953,686.2580727903154,686.2580727903153,0.0,92669.14124990428,0,14,0
5954,1066.9420998440153,758.1250885183563,308.81701132566,96770.1638892674,3,15,1
5955,619.3435454990366,619.343545499037,0.0,68990.93248104895,0,19,4
5956,1199.485668358007,936.8250664139965,262.6606019440109,120481.35681142574,4,19,0
5957,1168.463336450135,843.0758043817852,325.3875320683502,125229.27003608774,1,19,0
5958,258.72580438178534,258.7258043817852,0.0,33344.4590509177,0,17,0
5959,932.299311332704,836.9958043817852,95.3035069509199,130909.00443816774,0,21,4
5960,475.6579642739573,475.65796427395753,0.0,61267.258261798386,0,21,0
5961,909.6657163334718,909.665716333474,0.0,139987.72078233183,0,21,0
5962,354.4433548891728,354.44335488917284,0.0,45946.11212822045,0,20,0
5963,667.6254899141061,667.625489914106,0.0,89412.7865432277,0,20,0
5964,764.6571445426472,764.6571445426478,0.0,100075.06986306242,1,20,0
5965,676.7920670169457,676.7920670169453,0.0,96152.56383068176,0,20,0
5966,283.9101497333073,283.9101497333073,0.0,37030.936400250044,0,18,0
5967,1313.1353408414127,791.8200511726446,521.3152896687686,122238.68992214168,1,19,1
5968,326.33005117264446,326.33005117264474,0.0,39722.532802111666,0,19,0
5969,668.49229125567,668.4922912556701,0.0,81938.13838512267,0,19,0
5970,464.63623830125994,464.6362383012615,0.0,54863.884383558194,0,20,1
5971,782.7613656664299,782.7613656664302,0.0,95385.08721190496,0,20,0
5972,1296.161516862607,1014.2696033409813,281.891913521626,147475.5001980118,2,20,0
5973,398.35960334098144,398.3596033409809,0.0,48616.873230361736,0,17,0
5974,291.0241235047504,291.02412350475,0.0,34960.671531993445,0,17,0
5975,1546.058460162398,944.2141235047501,601.8443366576474,133130.55912732345,2,20,3
5976,1435.9858804161506,1104.047535811805,331.9383446043455,144288.30532780138,1,20,0
5977,1508.8382706760406,1113.0372497613614,395.8010209146801,139930.68297415864,3,20,0
5978,729.1268162303526,729.1268162303529,0.0,81733.46225237082,0,20,0
5979,1124.5966004885213,1097.179691002432,27.41690948609019,148993.62254003587,2,20,0
5980,529.713193196052,529.7131931960523,0.0,60887.89768472758,0,20,0
5981,943.0483355501716,943.0483355501716,0.0,117518.2170579671,0,20,0
5982,981.5799859433181,981.5799859433183,0.0,130503.26223838964,0,20,0
5983,427.16789600967854,427.1678960096786,0.0,44789.325243287196,0,17,0
5984,249.6378913153378,249.63789131533784,0.0,24132.236843126233,0,16,0
5985,909.072493019979,839.0039561610599,70.06853685891927,115143.0987042857,1,20,4
5986,793.0169031065043,793.0169031065057,0.0,97183.36424906159,0,20,0
5987,337.00023275604383,337.0002327560446,0.0,32392.35303541731,0,19,0
5988,769.3066657276695,769.3066657276706,0.0,95432.73545902228,0,19,0
5989,932.5146218865142,917.2369541214051,15.277667765109939,124177.40809962321,1,19,0
5990,393.22695412140456,393.22695412140513,0.0,39314.12002999317,0,19,0
5991,639.3470619036328,639.347061903634,0.0,65753.29851413201,0,21,2
5992,1182.5475217276144,1052.120348810652,130.42717291696312,142273.76507297152,3,21,0
5993,949.7482423990931,949.7482423990939,0.0,118096.88874933044,1,21,0
5994,625.0703212375836,625.0703212375838,0.0,64326.204671552216,0,19,0
5995,398.66146602488675,398.66146602488664,0.0,38547.989677528865,0,19,0
5996,805.7934882856989,805.7934882856995,0.0,96793.4583893999,0,19,0
5997,510.8053646777558,510.80536467775596,0.0,49053.250426329025,0,12,0
5998,460.3559216160346,460.35592161603444,0.0,42076.60842868923,0,8,0
5999,353.3215960411881,353.3215960411891,0.0,27973.24565711632,0,4,0
6000,365.5382265587463,365.5382265587466,0.0,29517.389406532402,0,4,0
6001,820.6554424303504,791.5,29.155442430351133,106845.65076370003,0,16,12
6002,900.0832091369857,755.5129143688621,144.57029476812482,91039.178925986,2,16,0
6003,326.1966876363832,326.19668763638407,0.0,34556.244328591034,0,15,0
6004,1201.2248592282876,764.4838708242625,436.7409884040269,103175.1370111963,2,15,0
6005,323.6524577200031,323.6524577200032,0.0,34311.86012274362,0,15,0
6006,365.19931066627595,365.1993106662763,0.0,39563.25191958115,0,15,0
6007,725.0784182343691,725.0784182343688,0.0,88939.77197110828,0,17,3
6008,542.9651347855886,542.9651347855887,0.0,59444.76527140371,0,17,0
6009,335.47491763114795,335.4749176311477,0.0,35146.573372573126,0,16,0
6010,276.51172171307593,276.51172171307616,0.0,29482.90527564228,0,16,0
6011,408.2701540818959,408.27015408189635,0.0,46077.53413890761,0,17,1
6012,984.2146970454558,944.3499999999998,39.864697045457014,134868.40232934,0,18,1
6013,500.72806863853504,500.7280686385346,0.0,58832.113669576705,0,18,0
6014,200.7084859251978,200.7084859251978,0.0,23739.681480847685,0,16,0
6015,610.8447724525403,610.8447724525411,0.0,87448.21090999489,0,20,4
6016,994.0571666518703,902.3205673109248,91.73659934094619,136816.30442740687,1,20,0
6017,414.8005673109248,414.8005673109249,0.0,51499.91038514685,0,20,0
6018,940.1074527213993,940.1074527213996,0.0,130197.55814361988,0,21,1
6019,1103.3223236994586,1081.1367350440405,22.185588655418698,153290.81404678826,2,21,0
6020,483.61673504404075,483.6167350440406,0.0,57408.44777452828,0,21,0
6021,1969.225360706237,896.6941674536018,1072.5311932526356,129494.33832457168,2,21,0
6022,247.10416745360143,247.10416745360146,0.0,28804.349516101614,0,15,0
6023,305.2848577959112,305.28485779591256,0.0,35871.454302039405,0,15,0
6024,937.6043763872589,877.7548577959125,59.84951859134783,128694.58588162945,2,17,2
6025,711.6100050219901,711.6100050219904,0.0,84287.17027897024,0,17,0
6026,1787.4659473754136,861.8674462190936,925.5985011563209,116641.8777615309,4,17,0
6027,752.8349649173028,750.3925370507343,2.442427866569006,112748.40411338462,0,16,0
6028,199.16253705073427,199.16253705073433,0.0,22547.034967614592,0,13,0
6029,1085.0133563099057,701.6725370507343,383.34081925917235,100937.9071197846,1,14,1
6030,518.1609961096316,518.160996109632,0.0,52709.870020250695,0,17,3
6031,415.10668025188323,415.10668025188335,0.0,44255.406758862344,0,17,0
6032,1697.2244053423333,1004.0760396457215,693.1483656966127,138831.15837541077,3,19,2
6033,1089.9993313758278,862.2663358812606,227.7329954945678,123951.51298368305,1,19,0
6034,280.02633588126054,280.02633588126054,0.0,30887.592594963015,0,17,0
6035,466.1656793462499,466.16567934624993,0.0,53735.285549418535,0,18,1
6036,1007.8963396922586,1006.7899999999998,1.1063396922595217,146478.62834327004,0,21,3
6037,856.896858592342,856.8968585923424,0.0,106185.24053346342,0,21,0
6038,593.0696291787497,593.0696291787502,0.0,70027.17403202804,0,21,0
6039,449.9756072709449,449.97560727094515,0.0,51270.071015536254,0,20,0
6040,366.9013444967662,366.9013444967669,0.0,40769.74497099096,0,19,0
6041,358.40721517879695,358.40721517879706,0.0,39696.1136882715,0,19,0
6042,285.8701032972167,285.8701032972175,0.0,31581.030009012182,0,19,0
6043,709.6691190788441,709.6691190788443,0.0,86679.70775038922,0,21,2
6044,1653.0494288249326,1126.0489572522995,527.0004715726336,147322.6507025669,4,21,0
6045,785.5835197360356,785.5835197360359,0.0,88318.93605511232,0,20,0
6046,582.8656383691703,582.8656383691705,0.0,58784.29915814431,0,21,1
6047,531.1766151637399,531.1766151637405,0.0,55769.41868094618,0,19,1
6048,774.6631314763541,774.6631314763542,0.0,94439.47304246615,1,19,0
6049,1166.3852092217944,956.9206125289609,209.46459669283573,129106.00851936349,3,20,1
6050,400.4747246516219,400.47472465162184,0.0,40611.685057021205,0,20,0
6051,623.0362497935183,623.0362497935183,0.0,63650.40920120831,0,20,0
6052,456.22972462109453,456.2297246210949,0.0,47839.45601550608,0,20,0
6053,1601.3129272423146,1071.499724621095,529.8132026212207,144615.1629829161,2,21,1
6054,827.7280279328567,827.7280279328546,0.0,90936.63911936621,0,21,0
6055,452.14152390322914,452.1415239032293,0.0,47129.25611502729,0,21,0
6056,685.3274631819536,685.3274631819545,0.0,71286.04470215358,0,21,0
6057,502.41107484846964,502.4110748484702,0.0,50477.72845089989,0,21,0
6058,687.0900861032212,687.0900861032206,0.0,71306.11976958679,0,22,1
6059,656.9903134680967,656.9903134680962,0.0,71278.76073604815,0,22,0
6060,1624.1881291233535,1138.8478245177462,485.3403046056068,141005.26636272197,2,22,0
6061,647.5152477066457,647.5152477066454,0.0,70368.63999320347,0,22,0
6062,813.4439907492041,813.4439907492044,0.0,88082.03344072352,0,22,0
6063,1267.7936830097422,865.9984546101389,401.7952283996035,95583.94120522357,4,22,0
6064,1225.5961686123812,1023.2072420843676,202.38892652801368,140292.57925557042,4,22,0
6065,336.8372420843674,336.83724208436706,0.0,38580.66623386034,0,19,0
6066,578.9443730250014,578.9443730250016,0.0,67235.87018842483,0,20,1
6067,1118.3182855089271,1090.77,27.548285508927705,154287.41896297003,2,20,0
6068,987.623762789068,987.6237627890696,0.0,127224.31856736043,0,20,0
6069,834.9360671409269,834.9360671409283,0.0,98521.61984071301,0,20,0
6070,689.3004600660679,689.3004600660688,0.0,83726.59668025379,0,20,0
6071,291.4217085075902,291.4217085075904,0.0,34980.78863246871,0,17,0
6072,861.4172941571668,850.3917085075902,11.025585649577124,126412.17791484871,0,18,1
6073,776.538101116393,710.4236247784935,66.1144763378997,110973.03541658343,0,18,0
6074,133.2836247784936,133.28362477849362,0.0,17098.259369983414,0,13,0
6075,1019.7537730779612,599.3036247784935,420.4501482994685,99678.47550286344,0,15,2
6076,1039.299346570807,770.5600000000001,268.73934657080616,121513.46443856003,2,15,0
6077,796.7805795173635,793.1626161351214,3.6179633822422694,124370.36416842732,1,15,0
6078,817.7961075714148,817.7961075714152,0.0,109214.44044642615,0,16,1
6079,552.3983971516087,552.3983971516093,0.0,67208.20840361307,0,18,2
6080,1339.3815928567265,983.5801514527082,355.8014414040189,142111.59158363694,1,18,0
6081,404.7701514527074,404.7701514527077,0.0,48382.55555863684,0,18,0
6082,671.5959320644043,671.595932064405,0.0,78770.81418183004,0,19,1
6083,540.2980439024226,540.2980439024267,0.0,64808.17658026888,0,22,3
6084,1295.5879353305822,1016.1481713999875,279.43976393059523,147734.80436040164,1,22,0
6085,322.6284307197522,322.62843071975476,0.0,39087.353381383786,0,18,0
6086,771.725518765841,771.7255187658465,0.0,106089.3791556421,0,18,0
6087,483.6871841302875,483.6871841302877,0.0,55439.455273048276,0,18,0
6088,528.5309182588763,528.5309182588766,0.0,61023.24114200943,0,18,0
6089,739.2135672184017,739.2135672184033,0.0,82891.24979295088,0,19,1
6090,796.2569520273828,796.256952027416,0.0,93663.51506809147,0,19,0
6091,780.1852763808332,780.1852763808237,0.0,109423.06716979944,0,19,0
6092,190.511290119716,190.51129011970502,0.0,16300.167615329163,0,12,0
6093,516.662178285471,516.6621782854444,0.0,54411.24770437068,0,15,3
6094,752.6968440851542,752.6968440851232,0.0,92796.19293653971,0,15,0
6095,809.9505081763397,800.7262787471374,9.224229429195017,97733.41178514919,1,16,1
6096,458.46731030418937,458.4673103041893,0.0,44839.17701611387,0,12,0
6097,1393.212411129177,963.2700000000143,429.9424111291629,130234.62627017185,1,18,6
6098,645.1265952056306,645.126595205629,0.0,66477.67817152388,0,18,0
6099,1865.1902656730178,961.5733103972021,903.6169552758156,117494.88402997283,1,18,0
6100,910.7356231418069,910.7356231418079,0.0,110783.73216169969,1,19,1
6101,494.85792561200503,494.8579256120062,0.0,50013.13765297018,0,19,0
6102,458.23590047172496,458.23590047172524,0.0,47293.260743077255,0,22,3
6103,544.8511939123167,544.8511939123173,0.0,62864.14975467922,0,21,0
6104,1788.9087676923714,1123.4999907081014,665.4087769842696,157694.7679497356,1,23,2
6105,779.1080676421013,779.1080676421022,0.0,90587.3099813644,0,23,0
6106,892.8517186028223,892.8517186028222,0.0,124645.22303109165,0,23,0
6107,332.24342643816755,332.24342643816783,0.0,35132.006820788825,0,20,0
6108,787.1805088939487,787.1805088939499,0.0,97445.93135650211,0,21,1
6109,1126.1037144066913,1059.6441120107995,66.459602395893,130994.16572229753,2,21,0
6110,952.2326365643463,868.439942571614,83.79269399273386,107146.95422309579,3,21,0
6111,446.8844197870944,446.88441978709477,0.0,46754.82958987477,0,21,0
6112,760.287585784984,760.2875857849864,0.0,82323.12643480625,0,21,0
6113,1057.0833100483865,998.2761778722413,58.807132176145295,114826.04562164599,3,21,0
6114,796.2888069656065,796.2888069656068,0.0,86319.24122832673,0,21,0
6115,830.0933651763208,830.0933651763216,0.0,115885.27972832257,0,21,0
6116,246.32875052777922,246.3287505277793,0.0,22421.424019152124,0,17,0
6117,458.6055359755653,458.6055359755655,0.0,50005.13609547688,0,20,3
6118,740.8317494550188,740.8317494550186,0.0,91542.18577572715,0,20,0
6119,482.5193148821139,482.51931488211363,0.0,52983.56989582977,0,20,0
6120,1022.8372165474289,1022.837216547429,0.0,138812.9006833301,0,21,1
6121,299.3574501816893,299.3574501816894,0.0,21353.899033484897,0,24,0
6122,609.2534435289643,609.2534435289639,0.0,60383.533234957446,1,24,0
6123,336.13186353940324,336.13186353940387,0.0,25800.517427460996,0,24,0
6124,657.2216727226418,499.10709947461135,158.11457324803092,63085.570676405616,1,24,0
6125,547.2159057517841,547.2159057517848,0.0,52480.87777029744,0,24,0
6126,756.475169021799,756.4751690218004,0.0,80365.76933628874,1,24,0
6127,1293.4659283961512,1131.0539950619632,162.41193333418798,140020.15078434168,2,24,0
6128,708.1325124384398,708.1325124384399,0.0,74286.29228086659,1,24,0
6129,674.5936734600542,579.6878343302777,94.90583912977684,59792.788086215995,2,24,0
6130,902.0385099926342,902.038509992634,0.0,100167.63835432794,1,24,0
6131,620.1254229452123,620.1254229452136,0.0,62013.33954054752,1,24,0
6132,851.9086406988215,851.9086406988217,0.0,92930.79970121048,1,24,0
6133,721.0641984003777,721.0641984003778,0.0,77223.97022424602,1,24,0
6134,947.6564758330894,947.6564758330896,0.0,105617.45906045033,1,24,0
6135,1016.0046768369386,1016.0046768369386,0.0,118210.1797540249,1,24,0
6136,1063.237090548604,1063.2370905486043,0.0,136035.58098688148,1,24,0
6137,1593.3809907598875,1153.8724867383137,439.50850402157516,142904.33650498695,5,24,0
6138,477.2897870003015,477.28978700030257,0.0,43642.43585819685,0,24,0
6139,763.6770087979762,763.6770087979762,0.0,81649.764623194,1,24,0
6140,1185.936468569827,1005.9811876925899,179.95528087723687,115484.92637211227,3,24,0
6141,811.1407470655259,811.1407470655274,0.0,87532.183151473,1,24,0
6142,294.58235311904997,294.5823531190499,0.0,20895.230461126685,0,24,0
6143,1755.3237394355406,1107.7538084529065,647.5699309826351,137075.08033624268,4,24,0
6144,1643.4161619391339,1120.0165747713536,523.3995871677827,138625.05550607093,2,24,0
6145,713.9888110211737,713.9888110211741,0.0,78902.9051450586,0,22,0
6146,1685.6504879162924,940.55,745.1004879162938,134679.61377933004,2,21,0
6147,567.162440451883,567.162440451883,0.0,72136.73871542267,0,21,0
6148,151.92980086073274,151.92980086073283,0.0,19622.613594111725,0,14,0
6149,887.9972613825563,530.8298008607326,357.16746052182424,91316.78726993175,1,14,0
6150,793.0307910733773,752.8,40.23079107337793,116349.8139514,0,15,1
6151,794.5159315119868,794.5159315119872,0.0,110666.07167160844,0,15,0
6152,495.21845974797606,495.21845974797645,0.0,56652.23028907907,0,15,0
6153,808.4394420289573,808.4394420289574,0.0,108235.57917060668,0,16,1
6154,681.9805918987239,681.980591898724,0.0,81390.59105539754,0,16,0
6155,405.71915426854235,405.71915426854275,0.0,47352.432986666856,0,16,0
6156,609.1833723004494,609.1833723004495,0.0,71676.34459329283,0,16,1
6157,874.5409533729456,874.5409533729461,0.0,121319.64786068039,0,16,0
6158,853.9371492007533,853.9371492007538,0.0,120512.37829270263,0,16,0
6159,384.1830347712458,384.18303477124584,0.0,45808.87036393933,0,16,0
6160,280.1786383240626,280.17863832406266,0.0,33208.64181220055,0,16,0
6161,384.9059284966243,384.9059284966245,0.0,46477.47245826181,0,19,3
6162,969.943516576965,967.5454770728242,2.398039504141444,141654.24179724784,1,20,1
6163,398.815477072824,398.81547707282414,0.0,48759.01873157782,0,20,0
6164,764.756474371251,764.7564743712516,0.0,92465.19158842979,0,22,2
6165,621.0396232772855,621.0396232772858,0.0,77832.08612373145,0,22,0
6166,1366.2569550098826,1129.4493327585576,236.80762225132707,163355.28835613144,1,22,0
6167,488.18470754147125,488.1847075414714,0.0,63709.787790305025,0,11,0
6168,596.872972041317,596.8729720413173,0.0,77226.64651758669,0,11,0
6169,319.4414247674074,319.4414247674076,0.0,23690.898357967977,0,24,0
6170,485.1298782051095,485.12987820511034,0.0,44633.39877643826,0,24,0
6171,293.8703301031671,293.870330103167,0.0,20826.837593736327,0,24,0
6172,593.3273901707857,593.327390170786,0.0,59154.946460606225,1,24,0
6173,1139.101051511329,1112.446884313152,26.654167198178015,138646.45587977767,2,24,0
6174,1298.0635711853388,1032.2913065947132,265.7722645906247,140144.8777431604,3,24,0
6175,442.60343498427164,442.603434984272,0.0,39258.18984382957,0,24,0
6176,544.2110869610235,544.2110869610239,0.0,52101.07810727144,0,24,0
6177,401.17993143622755,401.17993143622766,0.0,34022.3890237344,0,24,0
6178,536.0726925326359,536.072692532636,0.0,51072.41059794333,0,24,0
6179,476.3120974006841,476.31209740068425,0.0,43518.85896177275,0,24,0
6180,394.46205762897296,394.4620576289732,0.0,33173.270861903315,0,24,0
6181,287.88437847675664,287.88437847675664,0.0,20251.861242329276,0,24,0
6182,561.6412769605024,561.6412769605028,0.0,54304.199409839166,0,24,0
6183,892.7798496082963,892.7798496082971,0.0,98973.13139853983,1,24,0
6184,396.3377524327923,396.33775243279285,0.0,33410.35279730013,0,24,0
6185,1181.0740228636591,1075.569060265584,105.50496259807562,130527.10286262842,3,24,0
6186,1054.74555790432,1054.7455579043205,0.0,124286.6043662678,1,24,0
6187,944.8408162477507,944.8408162477511,0.0,105538.63241286058,1,24,0
6188,649.658853976381,649.6588539763817,0.0,65655.87160712357,1,24,0
6189,1507.1544289723363,1040.795711763165,466.3587172091718,141219.80786112492,2,24,0
6190,387.81692073817567,387.8169207381758,0.0,32333.346417991226,0,24,0
6191,211.95828949540646,211.95828949540658,0.0,12958.834444970606,0,24,0
6192,429.18971851291747,429.1897185129177,0.0,37562.73818750639,0,24,0
6193,657.3536769092011,657.3536769092011,0.0,83076.50828664971,0,14,0
6194,983.6365856405919,727.8,255.83658564059232,98794.17071800002,1,14,0
6195,819.1012223851693,720.4382921293279,98.6629302558423,97042.28841438616,1,14,0
6196,617.2557516931632,617.2557516931631,0.0,72487.7054551554,0,14,0
6197,559.1655358468416,559.1655358468421,0.0,59533.38562865853,0,14,0
6198,1305.7586882820813,727.8,577.9586882820809,98794.17071800002,2,14,0
6199,661.0025029937158,661.0025029937158,0.0,82898.21899228636,0,14,0
6200,1103.5385145959542,723.3886436345358,380.1498709614184,98236.58912065298,3,14,0
6201,321.5486436345353,321.54864363453584,0.0,29603.886590652965,0,16,2
6202,756.1040433768976,756.1040433768964,0.0,85448.48599598855,0,21,5
6203,1325.9632109163422,1027.2998124524443,298.663398463899,140235.18405846762,2,21,0
6204,725.3728874579205,724.9881325464876,0.3847549114334393,96351.36160803944,1,20,0
6205,642.4754197603049,642.4754197603058,0.0,73277.17242822002,0,20,0
6206,542.0633929524987,542.0633929524987,0.0,60799.59043604634,0,19,0
6207,323.18605144592317,323.18605144592345,0.0,36284.29182998655,0,19,0
6208,1023.4762970002758,828.1541209606743,195.3221760396017,121498.7215316941,0,19,0
6209,266.37412096067413,266.3741209606743,0.0,32089.24633637406,0,17,0
6210,1217.4359597851083,910.1541209606744,307.2818388244343,134470.5538200941,0,20,3
6211,730.4428023388951,730.4428023388956,0.0,88068.83405306288,1,20,0
6212,600.5423289474136,600.5423289474132,0.0,70801.11914279989,0,20,0
6213,478.0906319061678,478.0906319061686,0.0,58702.900038146254,0,20,0
6214,1156.70587325239,1119.2206319061688,37.485241346222104,160749.25584021624,1,21,1
6215,1279.5058339842678,1127.3286334505808,152.17720053368762,149559.40681657306,2,20,0
6216,946.439860703747,946.4398607037471,0.0,123356.17988503836,1,20,0
6217,601.8441061012686,601.8441061012694,0.0,74738.29651141139,0,21,1
6218,600.0487131437625,600.0487131437627,0.0,77849.04695732104,0,20,0
6219,1058.9861648410924,1034.9799999999998,24.006164841092986,157170.21515578002,0,20,0
6220,519.8843894660558,519.8843894660563,0.0,67811.23509515458,0,20,0
6221,228.10064846875244,228.10064846875244,0.0,29976.79062643477,0,17,0
6222,1345.8836057633891,803.3606484687523,542.5229572946375,123697.3851944348,2,19,2
6223,1666.0258665713536,1078.484063524462,587.5418030468925,155946.54567320464,1,19,0
6224,511.01406352446224,511.01406352446213,0.0,63210.582652394594,0,19,0
6225,1129.6600344322314,1018.2871915630474,111.37284286918425,148337.8500152629,0,19,0
6226,437.9471915630473,437.94719156304757,0.0,53975.15939338288,0,18,0
6227,728.974832084005,728.9748320840056,0.0,88867.16363285224,0,18,0
6228,661.8003948595372,661.8003948595378,0.0,84893.63930760065,0,18,0
6229,301.62879613347496,301.6287961334751,0.0,36310.63670640209,0,18,0
6230,1582.2050836834876,949.448796133475,632.7562875500132,139202.58750856208,2,21,3
6231,1084.7155136366773,934.4797436386262,150.23576999805178,117872.7355127116,3,21,0
6232,1094.0109391375418,1054.3457049649833,39.6652341725582,156183.4696230205,1,21,0
6233,436.2657049649836,436.26570496498357,0.0,57050.56146700049,0,20,0
6234,541.0959944061968,541.0959944061965,0.0,70048.58975482154,0,20,0
6235,819.6707084830199,761.9229659015978,57.747742581422216,121493.04735048201,0,20,0
6236,225.69296590159777,225.69296590159777,0.0,29266.564013861997,0,16,0
6237,1014.4027897187092,879.6029659015979,134.79982381711145,124615.74034236204,0,20,4
6238,894.1153329521524,894.1153329521525,0.0,101529.80725210435,1,20,0
6239,929.2910641882127,929.2910641882132,0.0,114365.95823955053,1,20,0
6240,1102.1191040189526,998.460648313531,103.65845570542196,134854.0309963553,3,19,0
6241,1427.7627015405224,1096.840343105893,330.92235843463044,151448.7115456966,2,24,0
6242,247.51600237045753,247.5160023704576,0.0,16374.30541588063,0,24,0
6243,453.21751228059145,453.21751228059145,0.0,40599.77589649572,0,24,0
6244,1229.954010412711,1163.4671661642385,66.48684424847336,145368.78360866554,3,24,0
6245,1368.8862711540555,945.3947897091973,423.4914814448596,106540.31705664052,2,24,0
6246,796.3944214170228,730.1631084795615,66.23131293746223,76970.89106886879,2,24,0
6247,490.88732935884514,490.8873293588458,0.0,45361.122529631255,0,24,0
6248,1351.293216586331,1137.9486353115533,213.34458127477754,140891.6116696141,5,24,0
6249,890.4566083369608,886.1604263014292,4.296182035531956,97622.64522741288,2,24,0
6250,1389.8370672561698,1129.409732611272,260.42733464489794,139812.32117191414,4,24,0
6251,682.5767017847319,682.5767017847321,0.0,70704.9428849379,1,24,0
6252,1152.0118061338405,1102.4547564133206,49.557049720520574,144602.29161411038,3,24,0
6253,803.57707264153,803.5770726415308,0.0,86751.38608995343,1,24,0
6254,380.1697427456933,380.1697427456943,0.0,31366.76712423328,0,24,0
6255,1146.242266126641,1096.5889979561543,49.65326817048827,148271.90410079336,2,24,0
6256,689.7756616262874,689.7756616262882,0.0,70985.41444593748,1,24,0
6257,848.6903834845076,848.6903834845086,0.0,92709.11114246951,1,24,0
6258,1612.507950862903,1138.0655530404738,474.4423978224292,143493.5383001593,2,24,0
6259,1538.0918167541395,982.2822343800891,555.8095823740498,130273.27446521247,2,24,0
6260,601.6076091005926,601.6076091005932,0.0,59455.093780196716,1,24,0
6261,394.3014390410585,394.3014390410584,0.0,33152.96917657264,0,24,0
6262,310.0302846612622,310.0302846612623,0.0,22501.359790119997,0,24,0
6263,442.7130644300483,442.7130644300481,0.0,39272.04666164884,0,24,0
6264,501.34152045844365,501.3415204584435,0.0,46682.49946891454,0,24,0
6265,191.36014493267825,191.36014493267828,0.0,10980.294231885946,0,24,0
6266,774.2764179971263,774.2764179971265,0.0,82989.6375391585,1,24,0
6267,1881.0508902388144,1141.0821570372086,739.9687332015992,141287.67897961225,4,24,0
6268,988.4370037228658,988.437003722866,0.0,127335.53427762448,1,24,0
6269,1333.1195581650602,1130.775762357666,202.3437958073937,150631.99548660556,2,24,0
6270,698.1519165250659,698.1519165250659,0.0,73080.11132947929,1,24,0
6271,452.5773622930296,452.57736229303,0.0,40518.862947498754,0,24,0
6272,454.5146124648742,454.51461246487395,0.0,40763.72528819154,0,24,0
6273,444.2317008934398,444.23170089344,0.0,39463.997543621714,0,24,0
6274,665.8069967759158,665.8069967759161,0.0,67811.71752119505,1,24,0
6275,315.3198984343152,315.31989843431575,0.0,23169.950366936326,0,24,0
6276,383.38437912088057,383.384379120881,0.0,31773.087071313297,0,24,0
6277,945.18523706637,945.1852370663714,0.0,105584.97562296595,1,24,0
6278,1408.1095578584402,1051.766441390544,356.343116467894,142606.47364890535,4,24,0
6279,926.6861283371918,926.6861283371925,0.0,102821.61081025845,1,24,0
6280,1150.6151036669191,1107.6852608952506,42.92984277166909,138206.14466387848,2,24,0
6281,250.58140762596267,250.58140762596292,0.0,16668.750750456675,0,24,0
6282,344.45223259793704,344.4522325979374,0.0,26852.18595882116,0,24,0
6283,1205.521878728573,1095.879273585154,109.64260514342067,148182.19716812368,3,24,0
6284,1373.4713233601547,949.1788867590329,424.29243660112184,116340.290068933,2,24,0
6285,167.05366950192365,167.05366950192354,0.0,8645.552919062928,0,24,0
6286,210.84128146043972,210.84128146043992,0.0,12851.541027896565,0,24,0
6287,611.989837829335,611.9898378293361,0.0,61141.778996920446,1,24,0
6288,857.9861489213772,857.9861489213786,0.0,93720.81032068664,1,24,0
6289,591.0656635916876,591.065663591688,0.0,62346.03128519589,0,21,0
6290,643.4099083383473,643.4099083383477,0.0,65533.454836904864,0,21,0
6291,746.8108551819206,746.8108551819215,0.0,78940.88979862025,1,21,0
6292,614.1409998277616,614.1409998277618,0.0,61833.956676270616,0,21,0
6293,703.7456753571236,703.7456753571239,0.0,73640.60999237845,0,21,0
6294,550.131584020351,550.131584020351,0.0,55810.30520627333,0,21,0
6295,860.3282128764441,806.2494256910951,54.07878718534949,88298.42022226061,2,21,0
6296,1167.8803732286444,1065.8281195079865,102.0522537206581,144136.24370991165,2,21,0
6297,475.51811950798674,475.51811950798646,0.0,52659.590339321665,0,20,0
6298,903.9679031130279,903.9679031130285,0.0,127753.52656328354,1,20,0
6299,285.70985579554804,285.7098557955482,0.0,34193.44545867753,0,17,0
6300,1163.380276867022,929.0598557955483,234.32042107147402,136583.30918598757,3,20,3
6301,927.47603313234,927.4760331323401,0.0,113806.83603355562,0,20,0
6302,796.5103339428066,796.5103339428068,0.0,95817.09349183254,0,20,0
6303,645.6907949830054,645.6907949830056,0.0,79873.6092012357,0,20,0
6304,351.9081517030158,351.9081517030156,0.0,45625.670403492986,0,19,0
6305,780.0776580223007,780.0776580223004,0.0,116089.92763808453,0,19,0
6306,413.55928970334946,413.5592897033499,0.0,53418.18072381306,0,19,0
6307,356.2246079806779,356.22460798067846,0.0,46428.82123254342,0,19,0
6308,1062.6630612742183,1028.5146079806786,34.14845329354076,152413.7032233734,1,22,3
6309,1171.0013963040751,1148.4540047253035,22.54739157877177,164837.60819815757,2,22,0
6310,582.6970286049498,582.69702860495,0.0,69446.63554278926,0,19,0
6311,397.70724065742417,397.70724065742445,0.0,48145.85731425554,0,19,0
6312,814.2284569580823,814.2284569580825,0.0,104384.69707385288,1,19,0
6313,1723.6944455509256,1130.738600227669,592.955845323258,158742.23450134654,3,20,1
6314,1834.5377277146808,1105.8700085031496,728.6677192115321,152864.41683990328,2,20,0
6315,971.3662177758919,954.3495490254372,17.016668750455633,127695.39352658094,1,20,0
6316,1772.2809458953939,893.4604929120918,878.8204529833024,109073.27918948341,2,20,0
6317,738.6804255793975,738.6804255793976,0.0,89594.34724643777,0,20,0
6318,596.4807204579508,502.5814622827731,93.8992581751786,62859.346414192434,1,20,0
6319,1146.704633492123,1098.726762092672,47.97787139945149,155316.3452266935,1,21,1
6320,1135.8940293693793,1002.3588633984172,133.53516597096268,145584.70222539856,2,21,0
6321,368.4988633984174,368.49886339841714,0.0,44457.25160279854,0,19,0
6322,864.2370970277296,864.2370970277302,0.0,119677.85777024359,0,19,0
6323,1135.5235862753987,1058.8899999999999,76.6335862753997,153288.01158021006,2,19,0
6324,518.2502731814448,518.2502731814448,0.0,64567.107582216566,0,18,0
6325,178.20126898277707,178.20126898277704,0.0,23517.00731883968,0,15,0
6326,713.8267616784111,644.1039924675562,69.72276921085567,93770.87275769972,1,18,3
6327,380.6842891487978,380.68428914879837,0.0,40603.091304948495,0,18,0
6328,828.2097983999072,828.2097983999085,0.0,119936.72212889961,0,18,0
6329,604.1203354779265,604.1203354779267,0.0,68461.74682633711,0,18,0
6330,676.48295142708,676.4829514270804,0.0,83997.70286521285,0,18,0
6331,387.9945701103634,387.9945701103638,0.0,42770.81272329442,0,18,0
6332,1367.6889081589436,1031.4145701103637,336.27433804857947,143142.75592153444,0,22,4
6333,570.3780529742887,570.3780529742885,0.0,63411.9759266208,0,21,0
6334,1092.6786154077429,1086.7728024983371,5.905812909406109,136945.94067776544,1,23,2
6335,732.6128412246521,732.6128412246526,0.0,79569.9886773742,0,15,0
6336,774.7914040073257,774.7914040073263,0.0,82700.36114146769,1,14,0
6337,184.9141056012245,184.9141056012246,0.0,10361.12448125297,0,24,0
6338,333.5342889824517,333.53428898245215,0.0,25472.192157248835,0,24,0
6339,842.9479452588807,842.9479452588812,0.0,92191.77412463218,1,24,0
6340,215.9375659355385,215.93756593553854,0.0,13341.061030079038,0,24,0
6341,172.99035492894782,172.9903549289478,0.0,9215.797040519146,0,24,0
6342,982.0719144080078,982.0719144080085,0.0,112418.52138889064,1,24,0
6343,947.2095716056076,947.209571605608,0.0,107519.14580255198,1,24,0
6344,389.5296324826705,389.52963248267076,0.0,32549.827806293226,0,24,0
6345,317.07447959985103,317.0744795998519,0.0,23391.723918629814,0,24,0
6346,935.3987518289922,935.3987518289929,0.0,104195.46822492892,1,24,0
6347,559.1519608575014,559.151960857501,0.0,53989.557668382986,0,24,0
6348,374.91415341292236,374.91415341292213,0.0,30702.477129865794,0,24,0
6349,1048.669748181453,1048.669748181454,0.0,126421.49246090079,1,24,0
6350,1150.5991699187948,1147.8648219872448,2.734347931551042,141454.94135055758,3,24,0
6351,904.7525751486532,904.7525751486534,0.0,100643.48856890961,1,24,0
6352,476.26148432169856,476.26148432169873,0.0,43512.46162746343,0,24,0
6353,610.7131577995351,610.7131577995357,0.0,60506.731111258974,0,24,0
6354,249.96640974037373,249.9664097403737,0.0,16609.67756335991,0,24,0
6355,904.5756024657496,904.5756024657497,0.0,106823.29053745916,1,24,0
6356,787.5369351936819,787.5369351936824,0.0,84186.30192060594,1,24,0
6357,365.528666606154,365.5286666061543,0.0,29516.181058533424,0,24,0
6358,963.4118338141328,818.0525738471877,145.35925996694635,88584.13337714878,2,24,0
6359,605.4055548613314,605.405554861332,0.0,59835.86676043565,0,24,0
6360,259.4977490469614,259.49774904696164,0.0,17525.203621797325,0,24,0
6361,1049.5756894940218,571.7999999999998,477.775689494022,79076.26040199999,1,12,0
6362,1017.2033531746519,400.9374030779543,616.2659500966978,44584.413398616154,1,12,0
6363,724.4487456147053,571.7999999999998,152.64874561470577,79076.26040199999,0,12,0
6364,1485.4380238545712,571.7999999999998,913.6380238545728,79076.26040199999,4,12,0
6365,400.09704527244173,400.0970452724417,0.0,39133.21871988761,0,12,0
6366,646.0363732141295,571.7999999999998,74.2363732141303,79076.26040199999,0,12,0
6367,803.070247349926,571.7999999999998,231.27024734992563,79076.26040199999,0,12,0
6368,532.8550395725895,532.8550395725898,0.0,69808.43991980891,0,12,0
6369,399.351511322046,399.35151132204646,0.0,35179.35118444067,0,17,5
6370,1120.8438670562552,786.9799999999999,333.8638670562555,107131.26145160002,0,17,0
6371,897.0864384153582,879.1999999999999,17.88643841535884,119154.83333000004,0,17,0
6372,775.7363769009445,775.7363769009445,0.0,94533.36049254787,0,17,0
6373,492.43621563586197,492.43621563586225,0.0,47285.98162435829,0,15,0
6374,360.7346567958754,360.7346567958755,0.0,34824.043872840935,0,15,0
6375,124.69266962195117,124.69266962195121,0.0,16250.43317256469,0,12,0
6376,477.4481447304458,477.4481447304458,0.0,66614.92608362279,0,17,5
6377,578.218769394945,578.2187693949451,0.0,74815.69476723728,0,17,0
6378,704.0101091781385,704.0101091781389,0.0,91361.61011407485,0,17,0
6379,567.7873203421243,567.7873203421244,0.0,69564.14666467538,0,18,1
6380,424.81241450552466,424.81241450552517,0.0,50556.61567615116,0,18,0
6381,559.9736865987419,559.9736865987421,0.0,67565.66061718081,0,18,0
6382,900.0380750186694,900.0380750186699,0.0,111218.63461691163,1,18,0
6383,572.4456490452907,572.4456490452914,0.0,67967.41204566666,0,10,0
6384,542.7731889928959,542.7731889928963,0.0,62404.25578334184,0,8,0
6385,634.7140280763107,634.7140280763111,0.0,74997.00694287613,0,13,5
6386,463.6784200023269,463.6784200023276,0.0,52406.925261413824,0,13,0
6387,470.7278117570729,470.72781175707354,0.0,53295.343751820896,0,12,1
6388,235.10688995537487,235.10688995537507,0.0,26531.201042252353,0,12,1
6389,241.13833717629382,241.1383371762939,0.0,27141.44640584315,0,12,0
6390,685.7388287408767,685.7388287408771,0.0,97055.10065511095,0,15,3
6391,409.13968658947795,409.1396865894783,0.0,45290.23471071385,0,15,0
6392,336.6119921958022,336.61199219580226,0.0,39031.843349609306,0,16,1
6393,1006.5602054027052,755.2006812254859,251.35952417721825,112855.14990157243,2,16,0
6394,187.5106812254856,187.51068122548583,0.0,20761.847390822415,0,12,0
6395,309.13011480466986,309.13011480467037,0.0,36620.45740189827,0,15,3
6396,973.4316801695378,894.0701148046701,79.36156536486831,131669.44535980828,0,18,3
6397,898.8541523130788,898.854152313079,0.0,135427.8896194432,0,18,0
6398,347.4829167691102,347.48291676910844,0.0,45589.09991618497,0,17,0
6399,655.1679914762763,655.1679914762781,0.0,105199.56535834208,0,17,0
6400,223.26299101348468,223.26299101348513,0.0,29608.7302358903,0,16,0
6401,367.9144873473763,367.9144873473795,0.0,48749.647053142966,0,16,0
6402,497.1970011962566,497.197001196257,0.0,62014.279662735746,0,21,5
6403,2144.167367679446,1086.8583347643341,1057.309032915112,143786.336655953,1,22,1
6404,556.7271858500113,556.7271858500113,0.0,62741.26046781156,0,22,0
6405,570.849871549091,534.6152860957011,36.23458545339025,60648.318338633566,1,13,0
6406,368.7970492723786,368.7970492723789,0.0,32453.949619304523,0,7,1
6407,454.5094224296328,454.5094224296329,0.0,40763.06928402858,0,7,0
6408,444.46234544294373,444.46234544294407,0.0,39493.15029068578,0,7,0
6409,505.99707820892576,505.99707820892615,0.0,52483.76319098713,1,14,7
6410,400.74286308784286,400.7428630878434,0.0,35040.57813885859,0,14,0
6411,497.7739816260819,497.7739816260816,0.0,47321.964840168264,0,15,1
6412,2048.233960082881,787.2800468207762,1260.9539132621057,94059.05617522621,4,16,1
6413,924.5965236633203,727.7122512656352,196.8842723976851,95494.54991634458,1,16,0
6414,822.2967421557237,818.78,3.516742155723443,118114.70675970001,0,21,6
6415,672.5629001776728,672.5629001776725,0.0,78992.50652598157,0,21,0
6416,755.112344174233,755.112344174233,0.0,97374.11359802505,0,21,0
6417,657.876232185352,643.3071464355953,14.569085749757027,87027.4487028301,1,19,0
6418,938.5261884567955,938.526188456795,0.0,120618.02587125664,0,22,3
6419,681.3762809383951,681.376280938394,0.0,73009.3696255424,0,22,0
6420,1014.4227499628348,1014.422749962835,0.0,121040.77106374338,1,22,0
6421,854.582082568094,799.2184690798501,55.36361348824375,86643.2398541368,2,22,0
6422,592.1302418125765,592.1302418125766,0.0,65968.63861072378,0,22,0
6423,1626.1648967400479,1119.4442304815348,506.72066625851375,150830.1707432963,1,22,0
6424,482.56568873134626,482.5656887313466,0.0,52120.023024388414,0,20,0
6425,509.5053140375316,509.50531403753087,0.0,50100.811808738006,0,20,0
6426,643.0676276882233,643.0676276882235,0.0,68179.50008275954,0,20,0
6427,1002.1853328313233,1002.1853328313244,0.0,120948.67819753269,0,20,0
6428,728.6918724185006,728.6918724185006,0.0,78520.48981421674,0,20,0
6429,364.04864632847455,364.04864632847534,0.0,36047.17286876874,0,19,0
6430,735.799888908295,735.7998889082949,0.0,81365.92358745678,0,20,1
6431,826.0708496065768,826.0708496065778,0.0,102274.16083722895,0,20,0
6432,346.66500017878985,346.66500017879036,0.0,30721.182890443546,0,14,0
6433,778.2194774867398,778.2194774867403,0.0,98664.54476662196,0,16,2
6434,1374.5201888532426,833.6524315072495,540.8677573459918,105613.39421732978,1,16,0
6435,385.1157003081645,385.1157003081647,0.0,40463.74986984065,0,15,0
6436,402.33562531074625,402.3356253107471,0.0,38347.480871696716,0,15,0
6437,441.23711595052225,441.2371159505224,0.0,43378.965762255415,0,15,0
6438,209.17722997257326,209.17722997257354,0.0,17360.920888565735,0,13,0
6439,435.4492869695545,435.44928696955446,0.0,42596.24862457467,0,16,3
6440,563.0441860664542,563.0441860664542,0.0,59597.71374178592,0,21,5
6441,1295.1397392467159,1023.8289875173223,271.3107517293944,143168.99100591446,4,21,0
6442,374.32898751732216,374.32898751732216,0.0,45465.50782767442,0,19,0
6443,262.93558181398305,262.93558181398294,0.0,34379.81685441614,0,18,0
6444,692.1268419530297,692.1268419530292,0.0,109508.9564609405,0,18,0
6445,685.917145588224,685.917145588224,0.0,90438.56258009703,0,18,0
6446,449.57495390464777,449.574953904648,0.0,58829.636126627214,0,18,0
6447,1199.0357398767067,1095.4660971545627,103.56964272214462,161060.54998461963,1,21,3
6448,616.9455906893448,616.9455906893447,0.0,77314.61325578399,0,21,0
6449,443.47827917636243,443.47827917636255,0.0,54111.02586930213,0,21,0
6450,237.09402472104165,237.0940247210419,0.0,27529.098403464206,0,15,0
6451,323.86102877314386,323.8610287731435,0.0,35863.44163341696,0,15,0
6452,302.4614392494422,302.4614392494424,0.0,35366.964005591704,0,15,0
6453,769.129496173707,769.1294961737083,0.0,109527.25218081629,0,16,1
6454,673.1778108168327,673.177810816833,0.0,80498.76445916152,0,16,0
6455,880.2982367137391,862.3663399144015,17.931896799340166,126999.2387027394,1,16,0
6456,516.9719464265733,516.9719464265735,0.0,59498.58877748906,0,12,0
6457,675.5875173005592,675.5875173005594,0.0,102678.06313815512,0,15,4
6458,298.6177608080212,298.6177608080213,0.0,36069.9619458176,0,18,3
6459,850.7592571419256,799.101342262422,51.65791487950437,104517.33884654647,2,21,3
6460,1248.2473120865448,1102.7241346785709,145.52317740797434,159057.49617031263,3,21,0
6461,743.1480971957043,743.148097195705,0.0,89260.99495251999,0,21,0
6462,908.3385617845886,908.3385617845893,0.0,110573.45852571103,1,21,0
6463,870.2826184921587,870.2826184921583,0.0,107950.25163858314,0,21,0
6464,451.1144610821022,451.11446108210225,0.0,54827.35402040439,0,21,0
6465,686.0446173684405,686.044617368441,0.0,81202.96383143165,0,22,1
6466,904.7913198104233,865.7115995696807,39.079720240742674,128679.53774401933,1,22,0
6467,179.93225792222682,179.93225792222697,0.0,23013.358151486522,0,14,0
6468,465.63743232848304,465.6374323284837,0.0,70166.03827269604,0,14,0
6469,686.6931736896865,686.6931736896843,0.0,108334.80734706578,0,14,0
6470,685.1839227552701,627.2122470116465,57.9716757436243,103394.75842942877,1,14,0
6471,358.82942567056665,358.8294256705677,0.0,42457.578815932575,0,15,1
6472,393.6998756883975,393.69987568839736,0.0,43457.03086551689,0,15,0
6473,1627.5912824844372,668.2003936612308,959.3908888232064,102273.98512871124,1,15,0
6474,122.58039366123096,122.58039366123096,0.0,12970.26134023122,0,11,0
6475,617.295819092394,617.2958190923946,0.0,85426.2018332393,0,18,7
6476,1014.1253249158138,857.014415183081,157.11090973273366,119115.21490444709,3,19,1
6477,359.1123217054792,359.1123217054794,0.0,40631.567880448376,0,19,0
6478,923.2504345699334,923.250434569933,0.0,123022.99269675616,0,20,1
6479,2649.813497685391,1130.9284116676774,1518.885086017715,151388.1387908381,4,20,0
6480,1448.1354554144252,1118.948698192786,329.1867572216417,148537.29922918745,2,20,0
6481,865.030744194969,865.0307441949692,0.0,95426.1345065595,0,20,0
6482,797.7249710938063,797.7249710938067,0.0,86925.85129810378,0,20,0
6483,589.5982254397711,589.5982254397716,0.0,58983.45460867748,0,20,0
6484,641.0794346286207,641.0794346286204,0.0,67773.64287941554,0,20,0
6485,267.7581251374835,267.75812513748343,0.0,24047.413457406506,0,17,0
6486,621.7312673446093,621.7312673446094,0.0,66234.92207338914,0,19,2
6487,390.11040433650396,390.1104043365035,0.0,36854.87511821484,0,19,0
6488,781.4759092684019,781.475909268402,0.0,86836.87239324018,0,21,2
6489,973.3924861428472,973.3924861428482,0.0,115168.48889366681,1,21,0
6490,807.6303493709972,807.6303493709983,0.0,87111.41161750483,1,21,0
6491,631.7659513865909,631.7659513865905,0.0,64212.23593114097,0,21,0
6492,644.0705418297041,644.0705418297057,0.0,65616.95683648398,0,21,0
6493,1143.6828638780516,928.4007676094506,215.28209626860087,125520.15879851308,3,21,0
6494,312.0707676094506,312.07076760945046,0.0,28718.73893585306,0,17,0
6495,605.5204512635474,605.5204512635474,0.0,64569.512510149885,0,17,0
6496,302.54646531136586,302.54646531136626,0.0,27803.88881229231,0,17,0
6497,835.3585208711113,742.3932532066592,92.96526766445271,102165.40126598567,0,17,0
6498,232.24325320665923,232.24325320665923,0.0,19106.611720505636,0,15,0
6499,647.0977483464856,647.0977483464858,0.0,77685.71106633791,0,17,2
6500,832.6908108229933,832.6908108229945,0.0,110288.03124871536,0,17,0
6501,382.3987119171283,382.39871191712837,0.0,39063.62179317218,0,17,0
6502,1421.4637983100004,1001.9915663096175,419.4722320003836,135696.6250759009,2,22,5
6503,747.9405432336058,747.9405432336061,0.0,79581.52846676647,0,13,0
6504,535.6601084589655,535.6601084589654,0.0,54616.91528616923,0,13,0
6505,829.657601335268,829.6576013352685,0.0,90074.71338655711,0,19,6
6506,834.5521737297121,834.5521737297124,0.0,91781.94929327127,1,19,1
6507,488.7578845430471,488.7578845430473,0.0,49686.69942807054,0,18,0
6508,1274.8734012003715,832.9857422387284,441.887658961644,92826.25081877482,2,18,0
6509,767.1526670580256,767.1526670580258,0.0,81948.9462702143,0,20,2
6510,857.5270115599543,857.5270115599543,0.0,108436.28704500053,0,20,0
6511,362.8424810556161,362.84248105561596,0.0,34544.03978579616,0,19,0
6512,369.8899729701416,369.8899729701417,0.0,34381.30524487607,0,19,0
6513,464.8473291361035,464.847329136104,0.0,46646.78813350244,0,19,0
6514,936.2565242164156,936.2565242164163,0.0,119721.11950811044,0,20,1
6515,916.3919095626335,916.3919095626338,0.0,113688.71501651574,0,21,1
6516,475.03455276828385,475.03455276828385,0.0,50881.860914403755,0,21,0
6517,1745.1573748194526,1076.984552768284,668.1728220511696,145973.96169329376,3,23,2
6518,489.4136693552239,489.41366935522416,0.0,50797.7772433757,0,21,0
6519,2234.9285488630503,927.9783717599971,1306.9501771030536,107885.83698556722,3,22,1
6520,724.3913089963585,724.3913089963587,0.0,76475.97642090841,0,22,0
6521,813.9140622871234,813.9140622871236,0.0,89164.1756957276,0,22,0
6522,1228.4032321438117,1135.394183198923,93.00904894488912,145624.0316460669,1,22,0
6523,1140.8584088732007,1094.596551355247,46.2618575179543,153367.50962431505,1,21,0
6524,686.6112736531248,686.611273653125,0.0,81994.43377654067,1,21,0
6525,725.5608698088613,725.5608698088614,0.0,103453.93266557626,0,21,0
6526,171.41753426850246,171.4175342685024,0.0,22308.967769258637,0,15,0
6527,756.5973757898731,735.8975342685023,20.69984152137077,114289.56281275865,0,18,3
6528,556.4557571747196,556.4557571747199,0.0,64301.225549622824,0,18,0
6529,533.1685129354693,533.1685129354703,0.0,62810.74738268796,0,18,0
6530,951.778686308393,856.4556316072349,95.32305470115881,116172.00840606578,2,18,0
6531,863.2369878735299,843.5772950891585,19.659692784372048,123232.94397851774,1,16,0
6532,717.6311547565239,717.6311547565242,0.0,108088.26478297345,0,16,0
6533,216.48029193859264,216.48029193859253,0.0,24591.905752555107,0,14,0
6534,710.6157700126569,710.6157700126573,0.0,104773.08749481365,0,15,1
6535,291.6052974980962,291.60529749809643,0.0,33681.36082646438,0,15,0
6536,1339.4310192479095,889.0008446862527,450.4301745616575,129976.59084472091,1,18,3
6537,384.8608446862524,384.8608446862526,0.0,45978.63488715086,0,18,0
6538,334.0942715474089,334.0942715474089,0.0,39732.598446796386,0,17,0
6539,2374.236768025649,888.9342715474086,1485.3024964782417,130544.69749367637,4,19,2
6540,319.80256324186524,319.8025632418653,0.0,37908.08781990516,0,16,0
6541,408.69412332464475,408.6941233246451,0.0,53477.31017874957,0,15,0
6542,452.78517631054194,452.7851763105424,0.0,60428.346335522845,0,15,0
6543,230.5871514552722,230.58715145527236,0.0,29803.02279995801,0,15,0
6544,525.6542853613684,525.6542853613678,0.0,73151.00126743484,0,17,2
6545,486.38460009398153,486.3846000939826,0.0,59117.52935209972,0,18,1
6546,687.2778076380276,687.2778076380272,0.0,81264.76231480559,0,18,0
6547,1074.1436174794626,972.9951818569571,101.14843562250604,137031.94634123775,2,18,0
6548,451.9179339850008,451.91793398500016,0.0,55168.61432322988,0,18,0
6549,343.34063414504766,343.3406341450476,0.0,41690.78074429421,0,18,0
6550,1077.3479202719293,957.1806341450475,120.167286126883,131944.18569156423,0,23,5
6551,363.2321342050874,363.2321342050876,0.0,34784.658685014605,0,11,0
6552,632.0228449797585,632.0228449797598,0.0,65046.97861488712,0,11,0
6553,439.32007962541974,439.32007962542014,0.0,38843.18403292316,0,24,0
6554,648.1085590859669,648.1085590859673,0.0,65799.34358645919,1,24,0
6555,591.7221680536967,591.7221680536971,0.0,58248.626349688944,1,24,0
6556,128.90374847810548,128.90374847810548,0.0,4981.089227114248,0,24,0
6557,367.02741513762044,367.0274151376211,0.0,29705.61816833919,0,24,0
6558,686.9739046108108,686.973904610811,0.0,70838.62590712214,1,24,0
6559,822.08858287555,822.0885828755506,0.0,89209.64146928719,1,24,0
6560,686.0166787953776,686.0166787953787,0.0,70690.4542653722,1,24,0
6561,1101.4256231369752,1078.684997832138,22.740625304837067,146008.8946857741,1,24,0
6562,686.1008006606814,686.1008006606817,0.0,70933.17653262874,1,24,0
6563,592.3321357748163,592.332135774817,0.0,58183.42762536266,0,24,0
6564,662.7464236149822,662.7464236149824,0.0,67517.3448396332,1,24,0
6565,583.0119128580203,583.0119128580214,0.0,57005.380704859446,0,24,0
6566,872.2813962977696,872.2813962977705,0.0,96106.73600398054,1,24,0
6567,268.041773924649,268.0417739246494,0.0,18345.893890798034,0,24,0
6568,666.7528984770042,666.7528984770048,0.0,68475.3182722277,1,24,0
6569,1245.393837174314,1128.3436730618646,117.05016411244951,139677.57459123,3,24,0
6570,453.0875357405827,453.0875357405831,0.0,40583.34726983502,0,24,0
6571,392.52987606089954,392.5298760608997,0.0,32929.04917681677,0,24,0
6572,539.7984094062343,539.7984094062349,0.0,51543.32951574097,0,24,0
6573,209.74714896380485,209.747148963805,0.0,12746.444904483971,0,24,0
6574,1080.4250308244527,1080.425030824454,0.0,136355.29635974008,1,24,0
6575,1842.8240464812004,1164.1720437307192,678.6520027504821,149187.62457270996,3,24,0
6576,793.4323843066421,793.4323843066429,0.0,85048.4215369981,1,24,0
6577,530.4192535638437,530.4192535638435,0.0,54694.03706171871,0,20,0
6578,612.473965004478,612.473965004482,0.0,61473.71621430284,0,20,0
6579,786.2527225224396,757.1542464408977,29.098476081542515,81533.69124369312,2,20,0
6580,510.2273721000654,510.2273721000659,0.0,54936.964864307316,0,20,0
6581,1182.9780086289684,991.713373517076,191.26463511189263,128196.474536263,1,20,0
6582,788.9916166147129,788.991616614715,0.0,91030.5336558934,1,20,0
6583,562.1853871450404,562.1853871450422,0.0,56288.22059820831,0,19,0
6584,1015.6676529886753,930.4,85.26765298867551,126007.99855000003,1,18,0
6585,643.7881557210984,643.7881557210984,0.0,66314.63883206603,0,20,2
6586,1624.1313041116812,1039.3200000000002,584.8113041116824,140655.84116360004,2,20,0
6587,528.8224009585433,528.8224009585435,0.0,55121.010787583306,0,20,0
6588,474.6726826589385,474.6726826589386,0.0,51835.99009949533,0,19,0
6589,817.7534618649019,817.753461864902,0.0,119313.22461352368,0,19,0
6590,384.48662037426016,384.4866203742603,0.0,41739.671977817234,0,19,0
6591,230.19721968946786,230.19721968946794,0.0,27634.500961196147,0,18,0
6592,1184.8603575844209,934.6972196894679,250.1631378949542,137038.80342323618,1,23,5
6593,803.4024288759749,803.402428875975,0.0,93617.84123055899,0,23,0
6594,1514.9895285623286,1228.132480509843,286.8570480524874,167628.92519537854,5,23,0
6595,1337.2175750711474,1159.311911376442,177.9056636947057,157298.4017491328,3,23,0
6596,524.2023780248343,524.2023780248351,0.0,65312.64857795831,0,20,0
6597,848.7779294989239,848.7779294989242,0.0,124440.1456583584,0,20,0
6598,273.3281429676983,273.3281429676985,0.0,35386.47006875632,0,17,0
6599,390.5576924149564,390.55769241495625,0.0,50203.91713533398,0,17,0
6600,1183.232879709101,860.7776924149562,322.45518729414533,133755.26748396398,2,17,0
6601,554.0340113802373,554.0340113802368,0.0,71495.79878139021,0,17,0
6602,834.9317914366404,834.9317914366407,0.0,105203.06412667307,0,18,1
6603,810.1894445459562,810.1894445459566,0.0,99539.50304224814,0,18,0
6604,431.9590221968428,431.9590221968431,0.0,52099.23278099029,0,18,0
6605,689.6732735365695,689.6732735365704,0.0,81964.81078630684,0,18,0
6606,1829.6279014382121,1096.7736491080552,732.854252330157,148365.93337482284,2,20,2
6607,773.8006547462448,773.8006547462455,0.0,93135.38200853016,0,20,0
6608,1185.2710385636753,1160.689359739655,24.58167882402092,163783.224537335,2,19,0
6609,780.4306660719584,780.4306660719599,0.0,94240.8755986856,0,19,0
6610,660.8414867519972,660.8414867519973,0.0,79207.1432417393,0,19,0
6611,369.37378959660987,369.37378959660964,0.0,42486.49331523309,0,17,0
6612,283.6564009449966,283.65640094499634,0.0,34252.97015049616,0,17,0
6613,299.5518042437232,299.55180424372327,0.0,35779.791876305244,0,17,0
6614,509.9366373934103,509.93663739341025,0.0,59034.09190843443,0,19,2
6615,513.8562751130203,513.8562751130203,0.0,59420.039887358194,0,19,0
6616,495.9378112227759,495.9378112227761,0.0,60232.48748906894,0,20,1
6617,1109.56360911498,1109.563609114981,0.0,154156.3312989056,1,21,1
6618,518.8327928301985,518.8327928301989,0.0,58320.90542881776,0,21,0
6619,427.0488355035453,427.0488355035452,0.0,46557.705519355455,0,21,0
6620,790.4226324748355,790.4226324748369,0.0,86698.88004158986,0,22,1
6621,482.22707933942246,482.2270793394224,0.0,48815.693252523124,0,22,0
6622,564.6524909258545,564.6524909258551,0.0,61693.68346706204,0,24,2
6623,1201.2737230472437,1013.8409760270353,187.43274702020864,140345.24749166385,1,24,0
6624,295.49097602703495,295.4909760270351,0.0,30477.645198553833,0,17,0
6625,732.8129540857616,726.000976027035,6.8119780587268295,107049.22992614385,0,18,1
6626,449.3224629669128,449.3224629669128,0.0,48347.24376192653,0,18,0
6627,1413.421478216515,843.4999999999999,569.9214782165167,122328.54522730004,4,18,0
6628,948.3067220193772,948.3067220193764,0.0,131658.66132828317,0,19,1
6629,1157.0118962557174,1025.9896557439547,131.02224051176427,134534.06806624884,1,19,0
6630,763.6652143038837,763.6652143038841,0.0,81921.56646672824,0,19,0
6631,606.6236887510609,606.6236887510607,0.0,61201.995021869625,0,19,0
6632,617.9603081788483,617.960308178847,0.0,64197.61645566127,0,21,2
6633,1065.2027662992111,1065.2027662992132,0.0,139024.06942603216,0,21,0
6634,819.3504537145448,819.3504537145462,0.0,99114.50145973016,1,21,0
6635,537.8343897163433,537.8343897163413,0.0,57028.337069499066,0,22,1
6636,1018.6493835254221,1018.6493835254213,0.0,137468.51074389726,1,22,0
6637,479.74312281803066,479.7431228180302,0.0,51357.17399754558,0,22,0
6638,778.03417571844,778.0341757184401,0.0,87341.99622349253,0,24,2
6639,1474.559232855082,1105.197330759983,369.3619020950987,144342.50455925986,1,23,0
6640,843.1857459463265,843.1857459463264,0.0,98722.98184615439,1,23,0
6641,901.3482819877681,901.3482819877679,0.0,124009.89809642291,0,23,0
6642,354.8579322388583,354.8579322388589,0.0,37738.781791782465,0,18,0
6643,664.061540699343,664.0615406993446,0.0,72063.3163380984,0,19,1
6644,891.2052555716377,891.2052555716373,0.0,98917.90985583267,1,19,0
6645,554.2660647495146,554.2660647495147,0.0,57443.66710866168,0,19,0
6646,551.3514534102293,551.3514534102326,0.0,54259.497841522374,0,19,0
6647,600.964614689666,600.9646146896685,0.0,63735.58752445908,0,19,0
6648,977.604437389243,977.6044373892416,0.0,113798.97345262441,1,19,0
6649,647.462404328547,647.4624043285473,0.0,70016.73702229878,0,19,0
6650,802.0909559121673,784.0080361583738,18.082919753794734,94220.18115290806,2,20,1
6651,579.8293650160264,579.8293650160267,0.0,64842.906519768985,0,20,1
6652,877.5286429141328,877.5286429141319,0.0,123192.98498433086,0,20,0
6653,1427.113672665344,705.8912137984106,721.2224588669332,106266.784795119,0,20,0
6654,149.4412137984107,149.4412137984107,0.0,19782.857420789,0,15,0
6655,1374.7194127111648,748.7712137984107,625.9481989127547,116608.73132687902,3,19,4
6656,552.4157400368676,552.4157400368679,0.0,67349.25141114766,0,19,0
6657,1962.2000978837532,1093.1374099821642,869.0626879015895,157593.29604802246,3,19,0
6658,523.1174099821636,523.1174099821641,0.0,64535.021031662436,0,19,0
6659,751.8617030621792,751.8617030621787,0.0,90362.36738203345,0,19,0
6660,1390.4154926056979,1130.9937291444558,259.42176346124256,162384.51860829646,2,19,0
6661,1005.6365147289179,1005.6365147289175,0.0,132780.59864976842,0,19,0
6662,742.5240594521621,742.5240594521625,0.0,89182.1185405907,0,19,0
6663,567.9070806547203,567.9070806547212,0.0,66251.89204235059,0,19,0
6664,607.813379103521,607.8133791035215,0.0,71937.30945396965,0,19,0
6665,389.9564156190955,389.9564156190959,0.0,44905.33069598641,0,18,0
6666,477.33129021536075,477.33129021536115,0.0,55356.87901788365,0,18,0
6667,303.334105572201,303.33410557220185,0.0,36584.885946405215,0,18,0
6668,1413.0812765943433,950.484105572202,462.59717102214313,139392.15085169522,2,21,3
6669,567.4862282126217,567.4862282126222,0.0,69547.60826578009,0,21,0
6670,893.4667255982347,796.4165341426102,97.0501914556249,102634.22495990814,2,21,0
6671,1171.2715507231844,1148.667121762591,22.604428960593822,164864.54552269634,2,21,0
6672,611.91817781479,611.9181778147888,0.0,73037.41699479352,0,19,0
6673,999.5900194872895,999.5900194872916,0.0,131372.1967665773,0,20,1
6674,975.294648818071,953.9625657110613,21.332083107010124,142732.9947944444,0,20,0
6675,346.80256571106077,346.8025657110612,0.0,44980.34036054438,0,19,0
6676,714.652957105556,714.6529571055564,0.0,104143.02421416933,0,19,0
6677,495.7404960913229,495.74049609132305,0.0,64015.931049562445,0,18,0
6678,585.4192893552744,585.4192893552748,0.0,76210.23751733388,0,18,0
6679,738.0109494194828,727.2939465624378,10.717002857045284,117420.4753268539,0,18,0
6680,246.95394656243778,246.95394656243786,0.0,32359.78832497389,0,17,0
6681,496.09461936326466,496.094619363265,0.0,60512.70483442652,0,20,3
6682,609.6617003489547,609.661700348955,0.0,71924.34297944904,0,20,0
6683,1081.9366115922528,1013.1257044610835,68.81090713116959,147935.6819108532,1,20,0
6684,396.0265886433234,396.02658864332363,0.0,48926.754436472875,0,19,0
6685,944.2312373946177,944.2312373946181,0.0,117709.33324350721,1,22,3
6686,738.8825515130959,738.882551513096,0.0,78711.71332178613,0,22,0
6687,1694.0730191524658,1145.255586340107,548.8174328123591,154481.64645281414,3,22,0
6688,521.0693612243167,521.0693612243168,0.0,56658.596340583375,0,20,0
6689,807.2571085838136,807.2571085838139,0.0,93379.40653792032,0,20,0
6690,392.77489054328004,392.7748905432794,0.0,39454.20064876709,0,18,0
6691,685.937246876034,685.9372468760348,0.0,71925.87541334778,0,18,0
6692,464.5514588997688,464.55145889976905,0.0,46347.75879338133,0,18,0
6693,837.5592865836738,837.5592865836745,0.0,96527.70715095528,0,18,0
6694,673.8065876851527,673.8065876851524,0.0,69459.26774000452,0,17,0
6695,397.81299701172753,397.8129970117278,0.0,36051.94520841733,0,12,0
6696,592.9314302843554,592.9314302843559,0.0,59097.53745475039,0,12,0
6697,1168.0173037773613,764.875734011274,403.14156976608894,98054.93316619445,3,16,4
6698,659.1175960155728,657.9548173558408,1.162778659732805,78736.70650034388,1,17,1
6699,1323.4319298291261,863.6188515012838,459.81307832784404,104282.61050336629,2,19,2
6700,731.4702077236348,731.4702077236353,0.0,84241.49106750361,1,19,0
6701,634.5544229181503,634.5544229181506,0.0,63813.946355790686,0,19,0
6702,427.51596208652137,427.5159620865216,0.0,41305.50658582522,0,18,0
6703,1404.615867647976,1013.4251549290607,391.1907127189171,129834.0399428957,3,23,5
6704,1495.6765893464292,1039.9608483154775,455.7157410309525,134225.46944315644,2,23,0
6705,429.96922023985024,429.9692202398504,0.0,42940.96323267851,0,20,0
6706,678.0578546930617,678.0578546930626,0.0,71928.49133764229,0,20,0
6707,368.78622091949126,368.78622091949137,0.0,35913.486662074916,0,19,0
6708,545.6475441372812,545.6475441372812,0.0,55645.584702002845,0,19,0
6709,1006.8757817951578,994.4808094126641,12.394972382494382,134946.10077040008,2,19,0
6710,506.0469514229192,506.0469514229206,0.0,52325.952650066654,0,19,0
6711,968.5516944688007,968.5516944688018,0.0,120430.2806946028,0,20,1
6712,782.3138243586943,782.3138243586944,0.0,85055.1059563364,0,20,0
6713,443.7421070714156,443.7421070714157,0.0,43821.20971665782,0,20,0
6714,1005.3884108866296,920.0809091365974,85.30750175003311,127560.68240919047,2,20,0
6715,285.20939165315053,285.2093916531505,0.0,34439.37783346615,0,17,0
6716,602.413416792607,602.4134167926073,0.0,71535.97231527515,0,21,4
6717,581.4657750362524,581.4657750362514,0.0,72162.53943237434,0,21,0
6718,1243.6732073686455,1115.9981296574176,127.67507771122783,151393.3415257289,3,21,0
6719,2269.9556976814947,900.7578630732294,1369.197834608266,136008.087390584,0,21,0
6720,265.9678630732293,265.9678630732293,0.0,34763.087687254,0,18,0
6721,1814.8247721555895,724.6378630732293,1090.1869090823611,117084.75471126403,1,18,0
6722,340.54616576552917,340.5461657655288,0.0,44189.55104626851,0,18,0
6723,696.632152998843,696.6321529988426,0.0,97020.00443605054,0,19,1
6724,1790.1916167416457,987.1079218683898,803.083694873257,146801.1611812695,1,20,1
6725,452.44792186838976,452.44792186838976,0.0,55416.319398229476,0,18,0
6726,516.3880226108433,516.3880226108434,0.0,63048.99707413259,0,18,0
6727,886.8589724891174,886.858972489119,0.0,112909.69882139847,0,18,0
6728,1022.4421326849031,932.487493300932,89.9546393839804,123111.29743142497,3,18,1
6729,682.8023205510332,682.802320551033,0.0,80752.78169654634,0,18,0
6730,801.0778037128388,801.0778037128412,0.0,119588.75375829055,0,18,0
6731,265.4722342920243,265.47223429202455,0.0,34197.18661452845,0,17,0
6732,1590.2705578053851,669.889649654512,920.380908150874,109284.05587630007,0,17,0
6733,205.12964965451152,205.129649654512,0.0,26570.073331720047,0,16,0
6734,155.54390659951736,155.54390659951906,0.0,20424.39357502233,0,14,0
6735,218.89405956802062,218.89405956802088,0.0,25136.80602482613,0,15,1
6736,1076.2001182250617,806.7540595680208,269.4460586570408,120575.81482906615,0,19,4
6737,385.8910410085096,385.89104100850955,0.0,45513.71135054639,0,19,0
6738,331.03840217221534,331.03840217221534,0.0,40244.87990794181,0,19,0
6739,372.46294548527095,372.46294548527123,0.0,45907.92585501864,0,19,0
6740,1240.3919987220766,902.5829454852707,337.80905323680315,133922.96611747856,2,19,0
6741,350.9427732826694,350.9427732826691,0.0,43295.86745388844,0,18,0
6742,1219.1663854017615,1075.179623647958,143.98676175380368,146883.1273443589,3,23,5
6743,1076.8427104189818,1076.8427104189816,0.0,131371.65863864563,1,22,0
6744,635.0067501630956,635.0067501630951,0.0,67184.62772176364,0,20,0
6745,1310.3850617814185,908.9768781644883,401.40818361692965,120723.19133149127,3,21,1
6746,443.1539476005167,443.15394760051686,0.0,46567.87939078233,0,21,0
6747,460.59302065858265,460.5930206585831,0.0,48913.130928439554,0,21,0
6748,2178.77695359295,1033.5791004882421,1145.1978531047084,137367.0139155504,4,21,0
6749,635.3507182651963,635.3507182651955,0.0,66666.84212448029,0,21,0
6750,1514.6143416625468,969.4925258705459,545.1218157920026,109535.45026509427,2,22,1
6751,1002.3406516784504,1002.34065167845,0.0,113851.18552101857,0,22,0
6752,1123.8964914768505,1054.7540044862776,69.14248699057325,134856.2707941737,1,23,1
6753,1273.1868691144768,1066.6747227707485,206.5121463437291,143988.5097419798,2,23,0
6754,387.0393328694322,387.0393328694324,0.0,39556.39239508009,0,20,0
6755,965.8747388980681,965.8747388980678,0.0,131453.0087362345,0,21,1
6756,560.2279904886353,560.2279904886354,0.0,62137.58259016137,0,21,0
6757,1570.3995028949612,1109.0971729934913,461.30232990147,147774.4727289495,3,21,0
6758,630.3682000009758,630.3682000009765,0.0,67394.71698614115,0,21,0
6759,756.4215364374581,756.4215364374585,0.0,80928.58596135186,0,21,0
6760,977.562572384835,977.5625723848345,0.0,126987.67426220815,0,21,0
6761,684.9355395500245,684.9355395500245,0.0,79405.98973177937,0,20,0
6762,510.72123148458024,510.72123148458,0.0,56623.597397574755,0,20,0
6763,312.2038220591945,312.20382205919464,0.0,32277.363519551953,0,20,0
6764,554.7234484047317,554.7234484047319,0.0,63743.00406032846,0,23,3
6765,1419.8918811939202,1124.7387866899448,295.1530945039751,150466.79286631563,1,24,1
6766,539.5135375496167,539.5135375496179,0.0,67527.44479813735,0,12,0
6767,589.355573173617,589.3555731736175,0.0,69630.45066592106,0,12,0
6768,614.3925463103507,614.392546310351,0.0,71149.78384186552,0,7,0
6769,335.2697504972673,335.2697504972673,0.0,25691.549045107775,0,24,0
6770,511.5019442894999,511.50194428950135,0.0,47966.74514758985,0,24,0
6771,522.3395669368227,522.3395669368224,0.0,49336.586630913735,0,24,0
6772,811.557530651389,811.5575306513895,0.0,87703.03870622312,1,24,0
6773,1285.8340113001107,1119.889710322795,165.94430097731663,138609.02023800064,2,24,0
6774,1058.3546659129186,949.7334728914201,108.6211930214995,111139.48656358151,2,24,0
6775,1024.6804260919353,1024.6804260919364,0.0,118120.68611735631,1,24,0
6776,677.7982231156959,677.798223115696,0.0,69602.06058717868,1,24,0
6777,657.9520639105064,657.9520639105068,0.0,67187.47404199516,1,24,0
6778,1382.8127698647268,1119.5575774334457,263.25519243128167,138567.03968335202,2,24,0
6779,529.9623900761065,529.9623900761069,0.0,50695.284717123104,1,24,0
6780,578.2616884413842,578.2616884413848,0.0,56404.96724955101,0,24,0
6781,1033.2499831554994,929.7658546229922,103.48412853250802,127185.9824413286,2,24,0
6782,434.5510101454971,434.55101014549757,0.0,38240.38862077005,0,24,0
6783,2321.042107917381,1022.3530839594949,1298.6890239578856,138888.71759814967,3,24,0
6784,237.4209683738347,237.42096837383463,0.0,15404.634062524045,0,24,0
6785,805.9374139997649,805.937413999765,0.0,87143.59770900816,1,24,0
6786,348.04229869176953,348.0422986917697,0.0,27305.959043864095,0,24,0
6787,296.08851149073314,296.0885114907331,0.0,21039.903438664744,0,24,0
6788,254.96452045436246,254.96452045436297,0.0,17089.767554327875,0,24,0
6789,1583.6930205005362,1161.644331101663,422.0486893988748,147117.02752807928,2,24,0
6790,531.6729190835025,531.672919083504,0.0,50516.2930448619,0,24,0
6791,442.7684877256207,442.7684877256223,0.0,39279.05199223569,0,24,0
6792,418.33333888062276,418.3333388806226,0.0,36190.525880159956,0,24,0
6793,296.97911922353245,296.97911922353205,0.0,24189.41592639921,0,14,0
6794,512.3104364883415,512.3104364883418,0.0,49904.25420247242,0,14,0
6795,846.8960348594237,727.8,119.09603485942466,98794.17071800002,1,14,0
6796,382.5215308489672,382.52153084896685,0.0,32655.5744305752,0,14,0
6797,663.5901949052426,663.5901949052433,0.0,88887.09225195328,0,14,0
6798,240.13357131185228,240.13357131185327,0.0,19038.70130272515,0,14,0
6799,1329.7124883364595,679.9335713118531,649.7789170246072,92776.36256952517,2,14,0
6800,573.312499508479,573.3124995084788,0.0,65507.5031005574,0,14,0
6801,361.8383487914473,361.8383487914475,0.0,32387.418950662108,0,16,2
6802,725.5502577294151,716.1436071065114,9.406650622903923,102660.54773488034,0,16,0
6803,160.15360710651146,160.15360710651137,0.0,20242.91321609033,0,13,0
6804,328.913332678569,328.9133326785691,0.0,42719.19745953986,0,20,7
6805,771.9239484883655,771.9239484883657,0.0,115801.4245825926,0,20,0
6806,435.17759587381295,435.17759587381323,0.0,57009.85526483656,0,20,0
6807,1108.5870903185169,965.3827693880285,143.2043209304891,145035.66119213373,2,21,1
6808,828.4650063027204,828.4650063027213,0.0,100612.09185257877,1,21,0
6809,1078.29965586162,1078.29965586162,0.0,140128.10020347312,1,22,1
6810,876.7963557022285,876.7963557022297,0.0,106429.65143814903,1,22,0
6811,1133.3609343423507,1105.9870373721578,27.373896970193783,159113.55523722427,3,22,0
6812,398.7770373721578,398.7770373721579,0.0,48673.010835854235,0,16,0
6813,882.3931176428982,882.3931176428982,0.0,128284.02524015022,0,16,0
6814,683.3115157591154,683.3115157591158,0.0,86000.2636440705,0,14,0
6815,376.74871851903345,376.7487185190339,0.0,45065.42398981182,0,7,0
6816,342.40408205810195,342.4040820581022,0.0,37022.92330745053,0,4,0
6817,377.02068924917205,377.0206892491727,0.0,42436.92188005198,0,13,9
6818,1128.3344827576911,744.1999999999999,384.13448275769156,111925.92703870001,1,13,0
6819,1130.9524807033354,744.1999999999999,386.75248070333595,111925.92703870001,2,13,0
6820,1307.0966595021137,862.5096997574318,444.5869597446823,127036.35794886482,1,17,4
6821,409.18969975743175,409.18969975743187,0.0,49273.16978585481,0,17,0
6822,366.0781057170418,366.07810571704215,0.0,43520.46416286029,0,17,0
6823,880.4770968444229,880.477096844423,0.0,122452.71235010697,0,18,1
6824,718.9933987237666,718.9933987237664,0.0,86285.5861381555,0,18,0
6825,417.95613532818834,417.9561353281887,0.0,48169.660549128486,0,17,0
6826,302.926051281159,302.9260512811592,0.0,35835.41627145266,0,17,0
6827,1442.9620448790467,890.0780871830128,552.8839576960341,131495.1523303467,0,20,3
6828,362.2380871830127,362.2380871830128,0.0,44187.21801235666,0,20,0
6829,347.76149036385596,347.76149036385596,0.0,41800.228806726496,0,19,0
6830,342.72579915706217,342.72579915706217,0.0,41316.52904809161,0,19,0
6831,1029.2041543414675,874.3757991570623,154.82835518440538,129524.95650788162,0,19,0
6832,315.17912428966815,315.17912428966827,0.0,37725.07825032322,0,18,0
6833,1305.8984764715824,957.3320963421351,348.5663801294484,132182.0083909317,2,21,3
6834,425.68209634213497,425.68209634213497,0.0,43973.58093114166,0,14,0
6835,521.7997472922374,521.7997472922373,0.0,51725.96009837452,0,13,0
6836,583.1409130266895,583.140913026688,0.0,58167.27058916738,0,13,0
6837,636.5731782890085,636.5731782890092,0.0,64920.9411944441,0,13,0
6838,801.6152046676052,801.615204667606,0.0,86404.51372388586,0,13,0
6839,663.8924560138169,663.892456013817,0.0,68520.76514005955,0,12,0
6840,831.0740377667647,831.0740377667656,0.0,90322.46011012715,1,12,0
6841,269.1777138684593,269.17771386845925,0.0,18455.005798991147,0,24,0
6842,731.5583928553849,731.5583928553854,0.0,77127.01986179553,1,24,0
6843,927.6205346945366,927.6205346945369,0.0,104309.53756907868,1,24,0
6844,839.7651885262569,839.7651885262563,0.0,92147.86456144633,1,24,0
6845,1206.002147464861,1079.7422758824096,126.25987158245219,150111.21185914145,2,24,0
6846,385.18109374197047,385.18109374197104,0.0,32000.186159531888,0,24,0
6847,937.313252176475,937.3132521764766,0.0,103979.11165072293,1,24,0
6848,698.9859720460341,698.9859720460344,0.0,72236.11699039253,1,24,0
6849,777.930388177815,777.930388177815,0.0,83111.87877607343,1,24,0
6850,540.4676422627807,540.4676422627804,0.0,51627.91844808638,0,24,0
6851,137.74064778096712,137.7406477809671,0.0,5829.911341962813,0,24,0
6852,841.9261359124378,841.9261359124387,0.0,91875.296301285,1,24,0
6853,624.7409201065711,624.7409201065731,0.0,62613.4414866999,1,24,0
6854,466.3321432535236,466.33214325352355,0.0,42257.424084647704,0,24,0
6855,1326.421713682395,944.1229905850585,382.2987230973372,105532.99842482874,2,24,0
6856,1064.9094461516122,1064.909446151612,0.0,136899.24076074068,1,24,0
6857,729.2766125880619,729.2766125880623,0.0,76638.36063668891,1,24,0
6858,871.9579593857304,871.957959385732,0.0,95931.9579833297,1,24,0
6859,944.500809642598,944.5008096425987,0.0,105649.95661234391,1,24,0
6860,609.7857447866533,609.7857447866533,0.0,60630.44472747807,1,24,0
6861,327.21527667674326,327.2152766767432,0.0,24673.48883718685,0,24,0
6862,643.633636893273,643.6336368932732,0.0,65512.94710363826,1,24,0
6863,1414.7459509121395,1116.311501724423,298.43444918771695,151674.9075253443,1,24,0
6864,798.6895599356272,798.6895599356276,0.0,85896.85346108019,1,24,0
6865,695.1174879404986,695.1174879404996,0.0,72626.90036038683,1,20,0
6866,579.1936859220484,579.1936859220489,0.0,60484.97743132645,0,20,0
6867,1921.0461630530142,963.0658710071154,957.9802920459002,118124.5912362177,2,20,0
6868,540.5672790623893,540.5672790623892,0.0,56992.341421380406,0,20,0
6869,413.94549136219274,413.94549136219246,0.0,39361.49038277301,0,20,0
6870,702.634437617488,702.6344376174878,0.0,73875.43490350248,0,20,0
6871,1258.5228380532315,940.9819129655195,317.540925087712,116003.33225989054,1,20,0
6872,1037.4573787947447,970.5346317908475,66.92274700389544,118841.9977728852,1,20,0
6873,586.5642246281972,586.5642246281977,0.0,61192.94931577472,0,20,0
6874,693.048693700343,693.048693700343,0.0,72316.78466756277,0,22,2
6875,994.0179196293421,994.0179196293427,0.0,117854.92447379946,1,22,0
6876,571.5868460679183,571.5868460679177,0.0,60302.07087556392,0,22,0
6877,851.6869113377727,851.6869113377735,0.0,92954.45342401248,0,22,0
6878,756.7704490287429,756.7704490287437,0.0,80771.51835965393,0,22,0
6879,1439.301430157663,913.7279032846308,525.5735268730315,126876.12167551763,1,22,0
6880,232.74790328463064,232.74790328463078,0.0,27800.954999397592,0,16,0
6881,334.6263096872947,334.6263096872949,0.0,40703.601883332165,0,18,2
6882,635.9744240818717,635.974424081872,0.0,76483.05534942522,0,18,0
6883,2281.8951636516385,1096.7999999999997,1185.0951636516384,158308.7041428,3,18,0
6884,635.4868242101048,635.4868242101049,0.0,76023.5271127769,0,18,0
6885,967.2047935196672,967.2047935196674,0.0,129093.3612946628,0,18,0
6886,1122.7870511518952,1054.9029975112371,67.8840536406583,152674.28715384478,0,18,0
6887,490.622997511237,490.6229975112372,0.0,60299.646095204764,0,8,0
6888,438.57873752741034,438.5787375274109,0.0,49892.44473850805,0,8,0
6889,409.12599413963056,409.1259941396308,0.0,48880.68357790536,0,14,6
6890,716.8757009301846,716.8757009301848,0.0,87084.58964024884,1,18,4
6891,1201.9945436392416,1024.6515954608656,177.34294817837707,148770.5320386953,3,19,1
6892,470.9450254769771,470.94502547697743,0.0,57899.87544177499,0,18,0
6893,1649.9455527971768,1058.8350254769775,591.1105273202002,153091.21029094502,1,19,1
6894,1520.9953971931393,1058.1171522253273,462.8782449678125,144138.83695862815,3,19,0
6895,1056.6268786076098,1056.0120191981123,0.6148594094975524,152901.9272563932,1,20,1
6896,762.4031016101197,762.4031016101202,0.0,92356.6048016832,0,20,0
6897,405.7776161080311,405.77761610803134,0.0,48978.65544624237,0,20,0
6898,560.2612742195153,560.2612742195154,0.0,65117.626582686964,0,19,0
6899,773.4931604184678,773.4931604184685,0.0,99003.44073339831,0,19,0
6900,362.1293967572677,362.1293967572682,0.0,43988.285357675886,0,19,0
6901,1089.4484245098065,941.9593967572682,147.48902775253958,138160.61893561593,2,20,1
6902,346.4092176798769,346.40921767987754,0.0,41985.53136624374,0,18,0
6903,707.3696347416771,707.3696347416778,0.0,92207.85051569596,0,17,0
6904,539.0982877219999,539.0982877220001,0.0,62969.86631303474,0,17,0
6905,323.7969983060178,323.7969983060178,0.0,38865.62879680674,0,17,0
6906,998.487158430128,956.886998306018,41.600160124110886,131929.61468124675,0,20,3
6907,1193.4854630012687,969.0434002941611,224.44206270710774,116918.29634419113,2,20,0
6908,629.6432909575194,629.6432909575192,0.0,65668.54122639357,0,20,0
6909,511.76646485363756,511.7664648536378,0.0,49813.30088048665,0,19,0
6910,355.773238206535,355.7732382065353,0.0,35484.89996740945,0,19,0
6911,1609.0233738693807,1020.4438804487122,588.5794934206697,138154.41793234562,2,23,4
6912,1110.5044185183897,1039.086383550448,71.41803496794248,133386.0977344453,2,23,0
6913,506.8959214432552,506.8959214432557,0.0,47384.55831813011,0,24,0
6914,817.2200159651285,817.2200159651279,0.0,90524.7362930509,1,24,0
6915,884.5708233800146,884.5708233800152,0.0,97791.5389607071,1,24,0
6916,446.67132621143645,446.67132621143776,0.0,39772.35852583276,0,24,0
6917,200.3369042583858,200.3369042583858,0.0,11842.550502347938,0,24,0
6918,466.2053362473318,466.2053362473323,0.0,42241.396077112324,0,24,0
6919,214.55961576022136,214.55961576022145,0.0,13208.703000199728,0,24,0
6920,643.7559518850136,643.7559518850137,0.0,65442.467563122555,1,24,0
6921,446.91786506977354,446.9178650697746,0.0,39803.52026364106,0,24,0
6922,663.845510664305,663.8455106643048,0.0,67768.78228620865,1,24,0
6923,682.0700932091034,682.0700932091048,0.0,70448.59838989156,1,24,0
6924,660.2772647524032,660.2772647524044,0.0,67373.74222617921,1,24,0
6925,882.6547350277857,882.6547350277857,0.0,97423.01936898395,1,24,0
6926,387.9562133758431,387.95621337584316,0.0,32350.952570152793,0,24,0
6927,274.7852273510475,274.78522735104764,0.0,18993.631542049145,0,24,0
6928,555.5704073070915,555.5704073070918,0.0,53536.86054210787,0,24,0
6929,1081.2934662446676,1081.293466244668,0.0,132411.44143664953,1,24,0
6930,1159.9293516198825,1065.8003170320103,94.12903458787196,144380.311477651,2,24,0
6931,699.8279810981654,699.8279810981658,0.0,72909.45893938688,1,24,0
6932,1048.7188383968034,1048.7188383968048,0.0,120931.19239836984,1,24,0
6933,1027.3452687681743,1027.3452687681752,0.0,129795.12072254987,1,24,0
6934,1020.0967671844671,1020.0967671844674,0.0,115950.50999217201,1,24,0
6935,374.26874718792527,374.2687471879258,0.0,30620.899808956397,0,24,0
6936,748.5902230983296,724.3412275628693,24.248995535460978,78232.66480565231,2,24,0
6937,328.1601541866555,328.1601541866569,0.0,24792.918388469436,0,24,0
6938,484.4871639732427,484.48716397324324,0.0,44552.16171501023,0,24,0
6939,921.4424530552742,921.4424530552743,0.0,103283.51618000615,1,24,0
6940,1955.995654446128,1115.6657237224274,840.3299307236999,138075.1215908081,2,24,0
6941,585.6788967618369,585.6788967618374,0.0,57442.355181783365,1,24,0
6942,446.22159106461464,446.22159106461584,0.0,39715.5134149931,0,24,0
6943,1022.3136605842609,1022.313660584261,0.0,123925.72265584087,1,24,0
6944,685.7417937933535,685.741793793354,0.0,72192.24021594654,1,24,0
6945,318.2558024140406,318.2558024140408,0.0,23541.039414170977,0,24,0
6946,1010.61870585402,1010.6187058540204,0.0,118079.04699270778,1,24,0
6947,390.55961928333875,390.559619283339,0.0,32680.01490476912,0,24,0
6948,598.1168499762629,598.1168499762631,0.0,59142.806895284026,1,24,0
6949,1267.641122889679,1194.310869395469,73.33025349421041,160623.64190176828,2,24,0
6950,563.4115623869163,563.4115623869164,0.0,54527.9579308119,0,24,0
6951,517.3158247398876,517.3158247398874,0.0,48701.601386747905,0,24,0
6952,848.0475077442844,848.0475077442852,0.0,92586.97588693144,1,24,0
6953,648.734511132322,648.7345111323226,0.0,65846.15822110402,1,24,0
6954,1049.993458706987,1049.9934587069872,0.0,126740.99317941855,1,24,0
6955,639.3808741125292,639.3808741125298,0.0,64725.679838764954,1,24,0
6956,879.2530297644855,879.2530297644864,0.0,96618.3214350584,1,24,0
6957,857.2223235995923,857.2223235995924,0.0,94294.8092625009,1,24,0
6958,520.4440771820414,520.4440771820405,0.0,49097.00267585164,0,24,0
6959,520.1603945342897,520.1603945342895,0.0,49061.14607965575,0,24,0
6960,194.50046463516466,194.50046463516458,0.0,11281.935420702237,0,24,0
6961,494.30842794295734,494.3084279429574,0.0,60848.226423102584,0,12,0
6962,899.5346347139147,571.7999999999998,327.73463471391494,79076.26040199999,1,12,0
6963,704.0989525189939,571.7999999999998,132.2989525189947,79076.26040199999,0,12,0
6964,730.9699789548167,571.7999999999998,159.16997895481688,79076.26040199999,0,12,0
6965,288.28728367094055,288.28728367094004,0.0,20290.56201590259,0,12,0
6966,668.6588335816198,571.7999999999998,96.85883358161868,79076.26040199999,0,12,0
6967,958.9465902709658,571.7999999999998,387.14659027096593,79076.26040199999,2,12,0
6968,1245.164211486434,571.7999999999998,673.3642114864332,79076.26040199999,1,12,0
6969,224.73473902771045,224.7347390277106,0.0,14919.27898780625,0,13,1
6970,316.7366476659643,316.73664766596397,0.0,26864.85139743427,0,15,2
6971,703.945541234854,703.9455412348537,0.0,89122.7095074546,0,15,0
6972,314.8265166484223,314.82651664842234,0.0,26681.375113006943,0,15,0
6973,264.47103785108175,264.4710378510818,0.0,22774.7402510819,0,15,0
6974,736.2722068047717,736.2722068047702,0.0,88255.20793693443,0,20,5
6975,509.6567970047437,509.6567970047432,0.0,53015.27534590778,0,20,0
6976,1213.964210238379,1097.4145810282148,116.54962921016588,148912.2485568105,2,23,3
6977,586.431422179517,586.4314221795172,0.0,65318.0709545307,0,23,0
6978,1516.522863979883,1091.3758877457822,425.146976234102,152746.55359551316,3,24,1
6979,370.9658877457817,370.9658877457821,0.0,48687.55869016317,0,19,0
6980,419.97942969031607,419.97942969031635,0.0,54378.35802639234,0,19,0
6981,594.335011534186,594.3350115341864,0.0,77274.83874235343,1,19,0
6982,890.7838543795036,888.3814336228618,2.4024207566420044,138640.61653860967,1,19,0
6983,843.2834092076815,821.6072308192182,21.67617838846395,105508.96472966831,2,18,1
6984,518.6204847681469,518.6204847681471,0.0,64724.35984600916,0,17,0
6985,665.0683966242593,665.0683966242594,0.0,83863.15921956312,0,19,2
6986,220.18989817335745,220.1898981733575,0.0,25691.438156055887,0,15,1
6987,854.2086281512603,722.3698981733575,131.8387299779027,109860.57736745592,0,16,1
6988,268.56542199829744,268.5654219982973,0.0,31334.56482868514,0,16,0
6989,1066.817068136352,814.0154219982975,252.80164613805513,120972.89621555519,0,17,1
6990,562.3847148566671,562.3847148566673,0.0,66390.62114650378,0,17,0
6991,1368.4536353441476,1008.4,360.0536353441506,146087.312448,1,17,0
6992,476.9990930776573,476.99909307765705,0.0,58188.96561415553,0,17,0
6993,608.0429572227108,608.042957222711,0.0,72034.65184931463,0,17,0
6994,316.7230459951179,316.72304599511796,0.0,37491.83966954754,0,17,0
6995,595.4336754752691,595.4336754752692,0.0,69970.14274427235,0,19,2
6996,686.5713641941998,686.5713641942003,0.0,81728.41673056445,0,19,1
6997,640.9604901706729,640.9604901706732,0.0,76483.99806138089,0,19,0
6998,725.2117139960378,725.2117139960376,0.0,95195.70981998465,1,19,0
6999,1875.7041183026195,1123.2656066360564,752.438511666564,162321.41024205834,4,20,1
7000,677.8904142855624,596.0061823780734,81.88423190748951,74667.93777404197,1,20,0
7001,777.6923348115389,777.6923348115394,0.0,94683.35232537963,0,20,0
7002,1117.6068304923388,825.7828708330765,291.8239596592636,126584.38753293893,3,20,0
7003,202.75287083307643,202.7528708330766,0.0,26825.81491496889,0,16,0
7004,340.00544701081924,340.0054470108195,0.0,44829.3972060083,0,17,1
7005,230.8771870112283,230.8771870112282,0.0,30327.73638264922,0,17,0
7006,584.215283024989,584.2152830249905,0.0,86251.68639005798,0,18,1
7007,533.4230918668738,533.4230918668741,0.0,65995.16756200782,0,19,1
7008,1370.3510823327138,1170.713091866874,199.63799046584083,159548.05538103782,2,21,2
7009,1084.921283277828,910.6001082980328,174.32117497979579,101146.48540256859,2,21,0
7010,1144.1077010603392,1127.4637497708013,16.643951289539928,142507.90110731462,1,21,0
7011,785.9723231629465,785.9723231629456,0.0,84663.7126435339,0,21,0
7012,852.335731398926,852.3357313989271,0.0,93135.0875208147,0,21,0
7013,734.2568250902145,734.2568250902145,0.0,77468.26344708925,0,21,0
7014,797.1338432620214,797.1338432620217,0.0,87270.60734991079,1,21,0
7015,517.5482551313854,517.5482551313853,0.0,51923.196465027075,0,21,0
7016,707.2936548909934,707.2936548909944,0.0,75233.8078547343,1,22,1
7017,2066.7863709618528,1110.588678023578,956.1976929382765,138100.93544732005,3,24,2
7018,1348.5673028376843,1150.9160879028648,197.65121493482093,148537.90195752226,1,24,0
7019,812.6358961739513,812.6358961739506,0.0,89793.74167785833,0,24,0
7020,1176.6358532985394,1027.382004173216,149.25384912532385,129395.71055722017,2,24,0
7021,456.0035627960417,456.0035627960469,0.0,49003.75968474612,0,19,0
7022,659.4121876309455,659.4121876309432,0.0,75652.88045556312,0,19,0
7023,838.4639455014133,838.463945501414,0.0,106280.18945620328,0,19,0
7024,630.9557645698592,630.9557645698599,0.0,77345.04131150084,0,19,0
7025,322.0211992891642,322.0211992891645,0.0,33519.754924325825,0,19,0
7026,806.8363256163195,806.8363256163196,0.0,102819.85846546522,0,20,1
7027,627.908942220001,627.9089422200025,0.0,64369.27489192059,0,20,0
7028,1518.4935479432047,969.7390349045628,548.7545130386419,118142.81724083103,2,20,0
7029,821.1360005097857,821.1360005097877,0.0,88889.82686348795,1,23,3
7030,855.7417125651581,855.7417125651587,0.0,93959.11033513265,1,24,1
7031,1060.9421452573208,941.6370027225978,119.30514253472349,132624.0479091393,2,24,0
7032,153.4370027225977,153.43700272259778,0.0,19790.2622477193,0,13,0
7033,602.3230187024686,511.9970027225977,90.32601597987116,88839.2968703793,0,13,0
7034,1166.814114604962,574.9999999999998,591.8141146049629,96966.7115442,2,13,0
7035,591.4419978856102,574.9999999999998,16.441997885610135,96966.7115442,0,13,0
7036,797.9043972311773,684.9999999999999,112.90439723117834,107532.68377420002,0,14,1
7037,704.9804097428197,704.9804097428201,0.0,96676.49012630738,0,14,0
7038,587.1090421876557,587.1090421876562,0.0,70109.47466965197,0,14,0
7039,641.65873450365,641.6587345036506,0.0,82238.20256169802,0,14,0
7040,601.3210136693718,601.3210136693717,0.0,73323.67053131484,0,22,8
7041,1228.053896785112,1013.5564975060299,214.4973992790823,140934.29752919343,1,22,0
7042,607.279830182487,607.2798301824859,0.0,78573.02168294256,0,21,0
7043,953.8618388192385,953.861838819237,0.0,135100.0696022521,0,20,0
7044,547.8399722617669,547.8399722617642,0.0,71060.01022347735,0,20,0
7045,304.82657898604333,304.8265789860434,0.0,39674.707401124455,0,19,0
7046,705.8082816700927,705.8082816700933,0.0,91117.12582507635,0,20,1
7047,696.9507356918593,696.9507356918596,0.0,83137.84135334575,0,20,0
7048,1029.2011968230063,992.6293898941497,36.571806928856745,145525.4503943597,1,20,0
7049,398.1022672905201,398.10226729052,0.0,49369.55200875876,0,19,0
7050,560.0689519221618,560.0689519221618,0.0,68490.45546323425,0,19,0
7051,1475.6834342397788,1115.2693709981793,360.41406324159897,160557.1914186315,2,20,1
7052,584.9819766086918,584.9819766086927,0.0,71879.90836911052,0,20,0
7053,483.77928192209384,483.77928192209356,0.0,58231.7158379994,0,21,1
7054,940.6946621144024,940.6946621144021,0.0,137345.70626018284,1,21,0
7055,278.6813751988339,278.68137519883356,0.0,32526.713277596704,0,13,0
7056,687.1766828763701,687.1766828763693,0.0,80919.5894937571,0,15,2
7057,347.5885839156331,347.58858391563166,0.0,33228.26412287181,0,15,0
7058,1108.1195160412333,844.8722684574211,263.24724758381296,114609.12403738823,1,16,1
7059,354.9234480124522,354.9234480124522,0.0,32666.514771878534,0,16,0
7060,285.7660658845091,285.76606588450926,0.0,25475.051830727956,0,15,0
7061,1437.4282800504898,815.3560658845092,622.0722141659817,110939.32860963799,1,16,1
7062,829.3381535204109,829.3381535204112,0.0,99966.39044701446,0,16,0
7063,1338.7490110095605,991.6708833321445,347.078127677416,129882.02009636833,5,20,4
7064,529.4805204315777,529.4805204315751,0.0,55099.88924803747,0,20,0
7065,716.9539993911816,716.9539993911822,0.0,76022.04797649856,0,20,0
7066,960.40964687431,948.0205047692604,12.389142105050126,130007.23811547646,1,19,0
7067,437.222147243351,437.2221472433511,0.0,46436.418820305764,0,19,0
7068,2506.9425545135337,910.255811100032,1596.6867434135024,112882.76899419894,2,22,3
7069,1089.4235401457565,1089.4235401457556,0.0,136952.15941642752,0,22,0
7070,1506.2653905810828,1105.291360905526,400.9740296755575,139024.61814418822,1,22,0
7071,702.9772379007084,702.9772379007068,0.0,77511.07686795955,0,22,0
7072,513.203675493496,513.2036754934961,0.0,56002.78825796054,0,21,0
7073,471.2143135523354,471.214313552336,0.0,51245.70305031951,0,21,0
7074,641.4987606626971,641.4987606626971,0.0,74075.45522952513,0,21,0
7075,415.4203934637623,414.81537386850675,0.6050195952554199,46450.95631994139,1,20,0
7076,853.4098989502747,853.4098989502755,0.0,98441.5425604578,0,23,3
7077,1232.3376381686226,1108.3352149279474,124.00242324067648,137148.56828965296,2,23,0
7078,1100.672422030805,1066.2929362224731,34.379485808331765,132503.31577485232,1,22,0
7079,520.2432441772403,520.2432441772404,0.0,57083.63616851972,0,11,0
7080,540.499165842102,540.4991658421031,0.0,53445.02409348025,0,11,0
7081,1132.8048548190804,855.0888726010696,277.715982218011,121575.74389146412,0,20,9
7082,256.43887260106953,256.4388726010696,0.0,30951.363516674108,0,18,0
7083,416.79148986656725,416.7914898665674,0.0,50909.156667038515,0,19,1
7084,623.5709060308764,623.570906030877,0.0,77904.6142905599,0,19,0
7085,1210.4060388514608,987.8981917091089,222.50784714235243,147960.11026960763,3,19,0
7086,1742.6057258307146,1101.9999999999998,640.605725830716,159044.538192,4,20,1
7087,1616.9384042828797,1056.8448446696455,560.093559613235,145256.34256706364,2,20,0
7088,714.8214602361036,714.8214602361023,0.0,91254.05699076278,0,20,0
7089,212.0858156923693,212.08581569236938,0.0,24723.85858154003,0,14,0
7090,588.9206269894153,520.7333922964141,68.18723469300087,61993.06338946314,1,17,3
7091,1215.3736096050998,935.1032276659284,280.27038193917065,133398.56222692496,2,17,0
7092,809.7428103920244,809.7428103920249,0.0,107695.77403892044,1,17,0
7093,435.119686070532,435.1196860705326,0.0,52525.0068217053,0,17,0
7094,770.2126615660123,770.2126615660119,0.0,97036.10324375179,0,17,0
7095,864.2048692657553,763.7699071900321,100.4349620757235,114325.58815781416,0,17,0
7096,192.45990719003194,192.4599071900321,0.0,21376.42649230415,0,13,0
7097,820.6827940774928,794.889907190032,25.792886887460366,118230.59674125416,0,18,5
7098,489.5329155640415,489.5329155640427,0.0,58462.911494603046,0,18,0
7099,805.1382093988584,805.1382093988585,0.0,97480.73775779355,1,18,0
7100,649.0576694896173,649.057669489614,0.0,76340.96964137269,0,18,0
7101,1054.041480798328,958.5849263273419,95.45655447098763,132499.89465045306,2,18,0
7102,454.31211584136844,454.3121158413682,0.0,55730.96194252733,0,17,0
7103,311.4800463144075,311.4800463144077,0.0,37306.06000500104,0,17,0
7104,1053.0174110380926,964.3413534717395,88.67605756635429,140981.97200703464,1,21,4
7105,846.9741621462728,846.9741621462739,0.0,117287.62597376111,0,21,0
7106,306.49054310221,306.4905431022108,0.0,39479.12414842465,0,18,0
7107,1180.4840824053385,790.9005431022107,389.5835393031286,124749.81905422466,3,18,0
7108,628.8089528387975,628.8089528387968,0.0,80561.173586092,0,18,0
7109,436.5104009782857,436.5104009782858,0.0,55913.22605162666,0,18,0
7110,660.0388178895839,660.0388178895845,0.0,81002.78128704407,0,20,2
7111,1148.5236380343426,895.8177608064165,252.70587722792732,128521.38579930212,1,20,0
7112,264.35292587955865,264.35292587955894,0.0,31237.375989271855,0,15,0
7113,497.36334953027506,497.3633495302751,0.0,57735.67096042413,0,15,0
7114,1212.4196460346434,735.0571232164867,477.36252281815723,110940.74312543352,2,15,0
7115,243.12712321648647,243.1271232164867,0.0,28371.841631203515,0,15,0
7116,1816.8296304830217,854.0571232164867,962.7725072665354,118379.76864143355,2,19,4
7117,380.1997692711045,380.19976927110474,0.0,37546.82238661909,0,19,0
7118,718.090497896085,718.0904978960848,0.0,77139.84391339144,0,19,0
7119,707.543854765699,707.5438547656993,0.0,74361.95108130653,0,19,0
7120,1158.0792925216365,949.3332941873709,208.745998334266,129317.74840100236,1,21,2
7121,373.74329418737034,373.74329418737125,0.0,37872.08420436235,0,18,0
7122,963.7711991377619,963.7711991377623,0.0,128631.25549479963,0,21,3
7123,864.3988860634971,864.3988860634977,0.0,95211.30394770518,0,20,0
7124,787.3427752263673,787.3427752263678,0.0,85057.76905499601,0,20,0
7125,671.8309712303875,671.8309712303857,0.0,70236.60404896205,0,20,0
7126,876.1547645211613,875.0142789083637,1.1404856127989973,109344.14789324775,1,20,0
7127,1006.2028179095832,1006.2028179095837,0.0,123030.70622932952,0,20,0
7128,1274.4357867923384,966.0972590946892,308.3385276976501,109055.05401849156,2,20,0
7129,635.9681620096575,635.9681620096569,0.0,68711.57396091468,0,20,0
7130,454.0579755061382,454.05797550613795,0.0,45331.51477306139,0,20,0
7131,816.3770840889163,816.3770840889167,0.0,90160.35330142891,0,20,0
7132,621.9975827062343,621.9975827062345,0.0,63701.415779646384,0,21,1
7133,1157.270540523906,991.4614960031097,165.80904452079585,124010.77051383,3,21,0
7134,661.0176028607084,661.0176028607084,0.0,70219.43388460863,0,21,0
7135,242.99826487299458,242.99826487299458,0.0,20545.479473042233,0,15,0
7136,1346.6953474097163,812.2282648729945,534.4670825367205,111135.83446088225,2,18,3
7137,537.3536959584985,537.353695958498,0.0,55238.66202991617,0,18,0
7138,919.2713554828288,919.2713554828289,0.0,110846.39033427421,1,18,0
7139,927.5825650121841,901.5034576725438,26.079107339642192,122337.70810722026,1,18,0
7140,361.0834576725437,361.08345767254383,0.0,35388.84668479025,0,18,0
7141,600.4446628388546,600.4446628388545,0.0,60511.698468295035,0,18,0
7142,474.9387898410424,474.93878984104185,0.0,46338.42490806215,0,18,0
7143,881.9070142285332,881.9070142285333,0.0,114733.38798653727,0,18,0
7144,392.329173787145,392.32917378714524,0.0,39883.55048260368,0,18,0
7145,1535.6078253326693,1000.732926694241,534.874898638429,132872.27206215938,2,22,4
7146,631.6831847405093,631.6831847405108,0.0,64772.277117003454,0,22,0
7147,492.09784344238005,492.0978434423805,0.0,47366.75964780257,0,20,0
7148,357.24093257505774,357.2409325750576,0.0,35083.973516417405,0,19,0
7149,1112.0342940561518,903.0363395716566,208.99795448449493,124878.87254665342,2,20,1
7150,307.9163395716566,307.9163395716565,0.0,36708.940101063396,0,17,0
7151,1322.4124933473931,872.9663395716566,449.4461537757377,128834.59539790342,1,18,1
7152,388.80563940018607,388.80563940018646,0.0,45426.60643167785,0,18,0
7153,381.1185121028884,381.11851210288853,0.0,46102.999446869486,0,18,0
7154,1436.6805875530965,938.3585121028885,498.32207545020725,137241.49525929947,1,18,0
7155,947.7575223664393,925.3446267449981,22.412895621441322,124600.06687863971,1,18,0
7156,876.1369394887764,876.1369394887779,0.0,116727.54805105936,0,18,0
7157,856.917090122495,786.062951290241,70.85413883225374,117737.54546893759,0,18,0
7158,194.26295129024112,194.2629512902411,0.0,22125.90236491755,0,14,0
7159,971.0417373130634,780.422951290241,190.6187860228223,117011.08316497756,0,18,4
7160,1220.5557820948488,977.05,243.50578209484985,141819.5349634,2,18,0
7161,603.0601558970602,603.0601558970611,0.0,70515.78916005917,0,18,0
7162,622.998418904963,622.9984189049633,0.0,73340.3503384004,0,18,0
7163,792.9953616668158,792.9953616668163,0.0,100291.3356197325,1,18,0
7164,772.0114255747297,772.0114255747303,0.0,92406.87486296768,0,18,0
7165,820.5569539346045,820.556953934605,0.0,99583.03434746683,0,18,0
7166,532.6784884305523,532.6784884305524,0.0,63425.07497562017,0,18,0
7167,563.07310335475,563.0731033547503,0.0,68603.4586731868,0,20,2
7168,1014.1095063567279,958.9821841154406,55.127322241288056,122909.91257397241,3,20,0
7169,998.1309078309431,963.4256312479265,34.7052765830162,131374.53273194094,2,20,0
7170,1415.6723094166684,1122.4671341556855,293.20517526098354,149384.4638405409,2,22,2
7171,1248.7943514031026,1116.8839778151028,131.91037358800057,148239.2351300227,4,22,0
7172,1280.0844360129722,1075.697577829367,204.38685818360688,154842.0009023061,1,22,0
7173,440.0665899882662,440.0665899882664,0.0,57627.80877435091,0,19,0
7174,658.4564191893057,658.4564191893048,0.0,86370.32543880776,0,19,0
7175,497.9890827437195,497.9890827437186,0.0,64582.90126693879,0,19,0
7176,1025.759114009583,1025.7591140095856,0.0,146957.95024171766,0,20,2
7177,270.0463564570622,270.0463564570623,0.0,18538.442648709104,0,24,0
7178,156.13313383737665,156.13313383737676,0.0,7596.588586623602,0,24,0
7179,696.0833655374117,696.0833655374122,0.0,72159.21785447626,1,24,0
7180,673.1185056814926,673.1185056814933,0.0,69501.30223413958,1,24,0
7181,286.60027968686813,286.60027968686825,0.0,20128.51804092439,0,24,0
7182,891.422246117728,891.4222461177282,0.0,98033.15652486563,1,24,0
7183,1043.443560130952,1043.4435601309526,0.0,131388.42082784005,1,24,0
7184,440.13383209523573,440.1338320952349,0.0,38946.039790738745,0,24,0
7185,642.8981833468813,642.8981833468816,0.0,64784.74897000181,1,24,0
7186,531.5026212866339,531.5026212866339,0.0,50494.76793790231,0,24,0
7187,337.9054413280672,337.90544132806735,0.0,26024.692092687383,0,24,0
7188,1447.3339027864602,985.1209397916676,462.2129629947924,116631.13229739491,2,24,0
7189,1070.3339066104538,936.1551091751523,134.1787974353011,127993.56416085163,4,24,0
7190,1435.943757415131,1129.3244379461626,306.61931946896937,139801.54019398426,2,24,0
7191,481.9453101825162,481.94531018251655,0.0,44230.87937474143,0,24,0
7192,698.0434366011352,698.0434366011356,0.0,72514.47749902694,1,24,0
7193,656.9631431497543,656.963143149755,0.0,66882.46987895074,1,24,0
7194,367.83844299430154,367.83844299430234,0.0,29808.129543607254,0,24,0
7195,260.9481805103435,260.94818051034355,0.0,17664.52379055743,0,24,0
7196,1529.4299287356848,1121.5290405426608,407.90088819302514,138816.2264319341,2,24,0
7197,503.6947499214327,503.69474992143296,0.0,46979.940286249126,0,24,0
7198,793.2556300355037,793.2556300355038,0.0,97501.54381419499,1,24,0
7199,864.8695812726037,864.8695812726043,0.0,94637.371336155,1,24,0
7200,1115.5746494881669,1065.6572687385433,49.917380749622666,144362.2306223854,2,24,0
7201,607.7535472064643,607.7535472064643,0.0,65538.27941847712,0,20,0
7202,484.2809947478529,484.2809947478526,0.0,53538.895223857675,0,19,0
7203,393.52827148758826,393.5282714875885,0.0,41712.64650699135,0,19,0
7204,220.5284523864805,220.52845238648078,0.0,21092.833736341094,0,17,0
7205,646.2274093172956,609.7884523864806,36.43895693081549,92639.26862914111,0,17,0
7206,754.0162825538295,754.0162825538292,0.0,101393.61231223107,0,18,1
7207,633.9082319526054,633.908231952606,0.0,66089.88949622489,0,18,0
7208,535.5850564187845,535.5850564187847,0.0,52867.13517664374,0,18,0
7209,587.2024623816711,587.2024623816714,0.0,58978.21204776012,0,20,2
7210,611.4074250680796,611.4074250680799,0.0,61740.068982618,0,20,0
7211,552.7006355388268,552.7006355388277,0.0,58436.724806798265,0,20,0
7212,1163.117957203272,1083.2718511521948,79.84610605107775,143325.6866343259,2,20,0
7213,1401.0509210519772,891.5962080220704,509.45471302990654,105960.88036260381,2,20,0
7214,491.5022548723859,491.5022548723864,0.0,52189.26596711288,0,20,0
7215,317.8895214569032,317.8895214569032,0.0,32771.87271088904,0,19,0
7216,669.6387653362542,669.6387653362544,0.0,77175.41116955112,0,23,4
7217,1501.3197748424268,981.1559799089144,520.1637949335134,141499.73543212586,2,23,0
7218,352.7959799089139,352.7959799089143,0.0,45737.889101825844,0,20,0
7219,533.0072128527797,533.0072128527797,0.0,65178.34078287021,0,21,1
7220,523.4174403410557,523.4174403410557,0.0,65307.329787089795,0,21,0
7221,1440.404031472323,1129.443530952628,310.96050051969564,161571.74181178698,2,21,0
7222,532.6177301688049,532.6177301688051,0.0,66191.05712188936,0,21,0
7223,966.4617161579179,966.4617161579192,0.0,135171.6011098826,0,21,0
7224,379.58727597850475,379.587275978505,0.0,45611.12682380598,0,18,0
7225,684.197366733606,684.1973667336065,0.0,82683.33212713437,1,18,0
7226,719.367832498787,719.3678324987872,0.0,85292.35350384685,1,18,0
7227,1135.8034351830265,905.0126109210527,230.79082426197476,119782.38129823538,2,18,0
7228,1190.5121965378098,900.8342019300195,289.67799460779094,119254.24351779462,3,18,0
7229,661.1769717287237,661.1769717287242,0.0,77726.21731643648,0,18,0
7230,701.5739971671986,701.5739971671987,0.0,83180.5934987563,1,18,0
7231,1268.619299702005,906.5042179524663,362.1150817495394,119970.9157448516,2,18,0
7232,897.5429184757575,897.5429184757585,0.0,117360.11926206802,0,21,3
7233,918.3423497781195,911.2656856969901,7.076664081130076,129013.05976347651,1,21,0
7234,939.3815582699838,924.2304048477109,15.151153422273381,123286.33868176787,2,21,0
7235,847.7677510385755,847.7677510385755,0.0,103539.74261796544,0,21,0
7236,460.752784836201,460.7527848362013,0.0,55570.29053499748,0,21,0
7237,653.3338343685065,653.3338343685067,0.0,77049.56555719316,0,21,0
7238,451.2938409641597,451.2938409641598,0.0,54850.027074423015,0,21,0
7239,955.9395386576849,955.9395386576856,0.0,126995.50520893611,0,21,0
7240,670.7471117983973,670.7471117983977,0.0,80109.73766499352,0,21,0
7241,1033.6155195024046,861.9510937105497,171.66442579185488,109082.85645505437,3,21,0
7242,1291.5301497052856,982.232974088651,309.2971756166349,136982.15340143823,4,22,1
7243,352.57782248841556,352.57782248841556,0.0,37753.34538542415,0,19,0
7244,896.2599442169011,896.2599442169014,0.0,115641.42060427977,0,21,2
7245,931.4219506638279,931.4219506638276,0.0,104433.4287541887,0,21,0
7246,986.2630880046225,986.2630880046223,0.0,114988.2846326025,0,21,0
7247,822.6864831075144,814.7854843927199,7.900998714795248,102600.24609689102,1,21,0
7248,1580.1733576564752,1169.4146180021032,410.7587396543728,157476.83387498,2,21,0
7249,1201.7306261313822,1006.813820837175,194.9168052942078,134532.62820668294,1,21,0
7250,444.169518467063,444.1695184670631,0.0,46866.17036108829,0,21,0
7251,666.6437303896262,666.6437303896262,0.0,69915.22641114132,0,21,0
7252,435.63496408587883,435.6349640858791,0.0,45970.37247279638,0,20,0
7253,1117.040429543651,964.8454990896336,152.19493045401796,125828.91622595215,3,22,2
7254,2726.7998980621096,1107.8999999999999,1618.8998980621109,153039.26173390006,5,22,0
7255,728.5994379274758,728.5994379274757,0.0,96306.1766729878,0,21,0
7256,296.5744503535747,296.57445035357546,0.0,30389.08451081576,0,19,0
7257,299.55047349855863,299.5504734985584,0.0,30418.844742265588,0,19,0
7258,473.98320882140047,473.9832088214007,0.0,51904.632884592575,0,20,1
7259,1160.434320448438,1041.8495082340473,118.58481221439136,144690.68690717733,2,21,1
7260,690.9048141319475,690.9048141319478,0.0,72647.47791892664,0,21,0
7261,622.3212820190082,622.3212820190084,0.0,63119.546242618395,0,22,1
7262,794.3825742775919,794.3825742775914,0.0,85726.74198464688,0,22,0
7263,1767.2274864105489,1130.7549597638263,636.4725266467237,139982.35366132896,3,22,0
7264,1658.7518472397232,1139.9523601082824,518.799487131442,141144.87619422856,2,23,1
7265,709.2299095527113,709.2299095527113,0.0,76756.12230554566,0,23,0
7266,754.8487450060253,754.8487450060262,0.0,80423.62518642729,1,23,0
7267,1306.7971166793602,1096.743691123107,210.05342555625418,149863.77543086506,2,23,0
7268,397.0536911231067,397.053691123107,0.0,48423.72348543507,0,20,0
7269,471.4366661665478,471.43666616654804,0.0,58645.087524308634,0,20,0
7270,1537.1985911238346,1102.566666166548,434.631924957287,159427.47471637867,2,21,1
7271,929.7296989745338,929.7296989745349,0.0,113597.11185597806,1,15,0
7272,724.6461548483392,724.6461548483395,0.0,86816.00713473198,0,15,0
7273,320.5986659820144,320.5986659820146,0.0,23837.17001491413,0,24,0
7274,929.6640552687651,929.6640552687661,0.0,103579.38368081715,1,24,0
7275,939.8430551076266,939.8430551076273,0.0,104412.09391556424,1,24,0
7276,1692.8106597852734,1146.4615450340348,546.3491147512393,141967.61673651214,2,24,0
7277,713.7444281400968,713.7444281400972,0.0,74326.32440384277,1,24,0
7278,1025.3049043563483,1025.3049043563487,0.0,136052.07500018706,1,24,0
7279,292.74095781040586,292.74095781040603,0.0,20718.35653662138,0,24,0
7280,564.4951662189083,564.4951662189086,0.0,54806.485201213545,1,24,0
7281,309.3294897463867,309.3294897463868,0.0,22412.781512674977,0,24,0
7282,312.5913250763445,312.5913250763449,0.0,22825.06725948058,0,24,0
7283,400.5239404144652,400.5239404144651,0.0,33939.473817739425,0,24,0
7284,257.20967325379553,257.2096732537956,0.0,17305.424119154344,0,24,0
7285,455.8944177730176,455.8944177730174,0.0,40938.12834793201,0,24,0
7286,1438.0577731192936,1138.9647892592143,299.09298386008004,142415.84637149423,2,24,0
7287,338.88316004344557,338.88316004344597,0.0,26148.272669252194,0,24,0
7288,328.01228194117846,328.01228194117857,0.0,24774.227800811957,0,24,0
7289,817.8040110211623,817.8040110211632,0.0,88317.52611497854,1,24,0
7290,579.6550846339903,579.6550846339902,0.0,56581.08815442569,0,24,0
7291,722.5610339769808,722.5610339769818,0.0,75840.44895322456,1,24,0
7292,772.3245743797638,739.7690975505067,32.55547682925706,77690.79855703152,3,24,0
7293,272.6160256053194,272.6160256053196,0.0,18785.27040198887,0,24,0
7294,445.03774040090013,445.03774040089945,0.0,39565.878407206576,0,24,0
7295,927.9214680465938,910.6795207874052,17.241947259189146,101224.30912051158,2,24,0
7296,698.3006383512335,698.3006383512337,0.0,72677.83976308501,1,24,0
7297,693.9515731411905,693.9515731411901,0.0,71881.44384401014,0,19,0
7298,813.1500868626591,813.1500868626605,0.0,88471.74363908175,0,19,0
7299,829.7648426752509,829.7648426752512,0.0,98338.8234021808,1,19,0
7300,685.6056691582652,685.6056691582661,0.0,70838.57869870932,1,19,0
7301,623.7852578514318,623.7852578514314,0.0,62668.57769903648,0,19,0
7302,1860.5554193503594,833.8316665658896,1026.7237527844707,115292.37565483827,1,19,0
7303,234.6716665658897,234.67166656588955,0.0,27023.928988238258,0,15,0
7304,939.8559773025662,713.3116665658895,226.54431073667757,107914.47162919828,1,15,0
7305,328.456830654894,328.4568306548938,0.0,36032.39661869655,0,15,0
7306,716.9160422429237,716.3511112595478,0.5649309833762707,108206.42334036024,0,15,0
7307,237.71111125954772,237.71111125954786,0.0,27315.88069940021,0,15,0
7308,669.2486368786139,657.9368775205747,11.311759358039273,101175.45323502643,0,15,0
7309,163.6968775205747,163.6968775205749,0.0,18313.119562466414,0,13,0
7310,433.2007803963552,433.2007803963553,0.0,49710.67568145394,0,17,4
7311,504.13818872679764,504.13818872679775,0.0,62274.081473112834,0,19,2
7312,1231.7281757766543,1104.8297178701353,126.89845790652008,156753.53744599794,2,20,1
7313,1264.3579061050013,1125.0619016563724,139.29600444862956,152493.33448119578,2,20,0
7314,599.3085921470806,599.3085921470808,0.0,74417.81550658026,0,20,0
7315,1252.260914995023,1112.3486756675914,139.91223932743156,150325.79706716587,2,20,0
7316,1326.5319216295281,1028.9282454188847,297.6036762106439,149902.76543371484,3,20,0
7317,410.3182454188845,410.31824541888477,0.0,50702.86694136482,0,19,0
7318,1307.3764660765469,996.2122115670965,311.16425450945053,145280.41945522203,1,20,1
7319,409.9025177592729,409.90251775927305,0.0,50611.95900070027,0,10,0
7320,365.8932574134683,365.8932574134685,0.0,40689.623463508644,0,6,0
7321,467.4216047202244,467.4216047202243,0.0,56553.51718150369,0,14,8
7322,153.91032792535756,153.91032792535754,0.0,16525.456259788378,0,11,0
7323,783.750798782561,599.8603279253574,183.89047085720387,93168.1363041984,0,13,2
7324,340.31771314645727,340.31771314645715,0.0,37395.795443879746,0,13,0
7325,550.3210911470101,550.3210911470102,0.0,67930.61468137275,0,14,1
7326,1161.0456258619913,754.64,406.4056258619919,112615.63275744002,0,14,0
7327,761.2884017756162,761.2884017756162,0.0,111278.95539846183,0,14,0
7328,342.31361545904093,342.313615459041,0.0,39439.620780132056,0,14,0
7329,341.14437856271064,341.14437856271064,0.0,40173.81265017731,0,14,0
7330,126.74670394037528,126.74670394037534,0.0,16020.385520159776,0,12,0
7331,683.273210324962,620.7867039403752,62.486506384587415,102527.28363703979,0,17,5
7332,646.5188886988091,646.5188886988092,0.0,100095.90585915156,1,17,0
7333,254.09745643064872,254.09745643064878,0.0,32690.883501158274,0,17,0
7334,850.5010312971042,850.4374564306487,0.0635748664556541,128898.6849385583,0,19,2
7335,1229.1867119338112,938.7805720064689,290.40613992734313,137346.3376049422,3,19,0
7336,1276.1941406504034,889.6463874064232,386.54775324398014,131301.34316372807,1,19,0
7337,276.76638740642267,276.76638740642306,0.0,33065.844539208076,0,16,0
7338,1942.0154852283367,952.0063874064232,990.0090978219146,131495.54185128812,1,21,5
7339,741.3695189658183,741.3695189658183,0.0,80537.13268343176,0,21,0
7340,1303.9874517990586,1168.1393014584116,135.84815034064755,146519.52373921528,2,21,0
7341,2902.9354303086766,1108.29087810919,1794.6445521994872,137142.9642549353,3,20,0
7342,717.2541747723119,717.2541747723124,0.0,76897.5376000807,0,18,0
7343,671.9239390031756,671.9239390031762,0.0,69624.18274187324,0,18,0
7344,924.8428309082682,924.8428309082682,0.0,103393.3925531166,1,18,0
7345,551.7470644810107,551.7470644810111,0.0,58956.44176665159,0,19,1
7346,461.1671505150702,461.1671505150699,0.0,50217.34626487495,0,18,0
7347,897.6533624448195,897.65336244482,0.0,125579.56137404386,0,20,2
7348,591.5860537375311,591.5860537375311,0.0,69811.4952208567,0,20,0
7349,266.14688378937365,266.1468837893736,0.0,27227.718086955145,0,17,0
7350,747.4800112808591,747.4800112808613,0.0,101182.27661021141,0,19,2
7351,907.6486534448177,886.5805314305763,21.068122014241954,113437.49985161856,1,19,0
7352,499.12046814328056,499.1204681432815,0.0,51744.2210770213,0,19,0
7353,2394.7286395210785,886.4154720015989,1508.3131675194804,108338.23869272521,2,19,0
7354,891.8407573295337,877.0109143475577,14.82984298197735,109985.67272616203,1,19,0
7355,851.7992019468383,851.7992019468376,0.0,115955.87267006552,0,19,0
7356,337.27181238461804,337.27181238461844,0.0,33129.062852039446,0,19,0
7357,627.0751994685935,627.0751994685941,0.0,66904.1765993411,0,19,0
7358,393.1125799808579,393.11257998085864,0.0,40920.70322628223,0,18,0
7359,1244.190256833514,1090.3325799808586,153.8576768526558,148054.63295264228,2,23,5
7360,788.8733437880041,715.2198894205504,73.65345436745386,82718.3148370029,1,23,0
7361,1640.5708411294306,1114.710210317014,525.8606308124174,138621.88419172043,3,23,0
7362,677.495499037423,677.4954990374231,0.0,73210.20621278185,0,23,0
7363,591.897016344796,591.8970163447965,0.0,63705.765563839755,0,23,0
7364,1154.2228734602375,1099.5761846110283,54.64668884921033,139859.9747848498,1,23,0
7365,500.53033894721585,500.5303389472159,0.0,62330.273160656085,0,21,0
7366,461.6003042872962,461.60030428729635,0.0,56114.8709525685,0,21,0
7367,1114.516705918173,1000.1825280967445,114.33417782142918,145111.71840227285,1,22,1
7368,327.79252809674415,327.79252809674443,0.0,39072.312700922805,0,17,0
7369,655.0972222244646,655.0972222244652,0.0,80006.06748274808,0,17,0
7370,467.41993338073524,467.4199333807345,0.0,53383.095958393955,0,17,0
7371,650.8458297523453,650.8458297523453,0.0,77889.71172407131,0,17,0
7372,1551.3600731959536,937.750928613577,613.609144582377,137254.93201464968,1,17,0
7373,406.6409286135769,406.640928613577,0.0,49240.41093305965,0,17,0
7374,674.2303348137232,674.2303348137235,0.0,80506.44648832439,0,17,0
7375,538.2121090984419,538.2121090984419,0.0,62532.912664411044,0,17,0
7376,682.5153645272651,682.5153645272657,0.0,81338.75080900715,0,19,2
7377,650.1492170237713,650.1492170237764,0.0,76796.61939190734,0,19,0
7378,731.7826223555137,731.7826223555257,0.0,87824.43460894686,0,19,0
7379,1619.1827513484839,1130.259815339961,488.9229360085326,162537.91977141076,4,19,0
7380,856.7416945614041,817.4129028520083,39.328791709403355,121582.60904336779,1,19,0
7381,287.4010896707211,287.40108967072484,0.0,37701.500051890434,0,18,0
7382,495.78840268583946,495.78840268584304,0.0,64080.51972893111,0,21,3
7383,1486.205277676325,767.8877738435538,718.3175038327745,121692.21917022312,4,21,0
7384,164.24777384355068,164.24777384355414,0.0,20760.40304006315,0,13,0
7385,499.842576357867,499.84257635786753,0.0,67147.33658943015,0,14,1
7386,698.3902384991694,698.39023849917,0.0,88525.07179558824,0,13,0
7387,493.4010171964684,493.4010171964688,0.0,56766.80192832352,0,13,0
7388,242.49486421824204,242.4948642182422,0.0,27744.53431557426,0,13,0
7389,455.80660443083684,455.80660443083667,0.0,43360.68217609365,0,15,2
7390,593.1142129490414,593.1142129490464,0.0,58282.279725245025,0,15,0
7391,706.4685769126952,706.4685769126958,0.0,82518.14354474195,1,15,0
7392,597.6590078387767,597.6590078387724,0.0,68630.54600127625,1,14,0
7393,520.0956627860801,520.0956627860805,0.0,49611.525658395105,0,17,3
7394,837.2270522387137,829.750233873455,7.476818365255744,100049.82206273061,1,18,1
7395,684.0848569207479,684.084856920749,0.0,70478.68210219317,0,18,0
7396,475.05462033573485,475.0546203357355,0.0,45956.785123877045,0,18,0
7397,1218.8723224181792,914.3899867541802,304.48233566399966,124026.33049569732,3,19,1
7398,328.9403645399165,328.940364539917,0.0,31460.09307378855,0,17,0
7399,1288.9899011500038,958.270364539917,330.7195366100868,130159.69570670858,4,21,4
7400,520.3075161335579,520.3075161335584,0.0,52209.838091979596,0,21,0
7401,727.9433084164272,727.9433084164277,0.0,76788.92805437691,0,21,0
7402,499.3988603213569,499.3988603213563,0.0,50188.39231413367,0,21,0
7403,950.8181859521588,950.8181859521585,0.0,121914.75811535951,0,21,0
7404,400.53068395287,400.53068395287073,0.0,40609.77797181948,0,20,0
7405,343.565850077763,343.565850077763,0.0,33659.21881808277,0,19,0
7406,1195.1128532161163,964.2258500777631,230.8870031383545,131116.20486628276,1,22,3
7407,763.8101553272913,763.8101553272912,0.0,88225.28899680526,0,22,0
7408,361.82805345922174,361.82805345922156,0.0,38871.41081010581,0,21,0
7409,850.540326274322,848.6780534592216,1.8622728151006627,122752.91536789584,0,21,0
7410,648.169653514782,648.1696535147821,0.0,73831.74101167396,0,21,0
7411,645.2071513028235,645.2071513028241,0.0,76709.29525515981,0,21,0
7412,351.7932923030821,351.7932923030819,0.0,37603.048499085024,0,21,0
7413,768.4458700213931,768.4458700213937,0.0,86505.50599465393,0,23,2
7414,918.8676189959743,918.8676189959754,0.0,102277.62060617295,1,23,0
7415,1462.9253644018825,1109.2277981420677,353.69756625981574,149924.85777332002,2,23,0
7416,421.07806592424015,421.07806592424004,0.0,49601.40242006029,0,18,0
7417,513.2288763695356,513.2288763695358,0.0,56759.13295866459,0,18,0
7418,361.23704722806923,361.23704722806923,0.0,39288.121859379804,0,18,0
7419,564.4689856779413,564.4689856779419,0.0,62830.210907102664,0,19,1
7420,588.6265987046946,588.626598704695,0.0,66443.79947434594,1,19,0
7421,368.6645455653717,368.66454556537195,0.0,41563.60036156809,0,19,0
7422,552.8751351727337,552.8751351727338,0.0,61595.40974813637,0,19,0
7423,1439.9808216343674,996.8183114523433,443.16251018202456,142694.02779658866,4,19,0
7424,496.6949763925623,415.3183114523433,81.37666494021941,50792.00650234866,1,18,0
7425,669.1808335861737,662.0060130854856,7.17482050068847,91292.2776462175,1,18,0
7426,431.0200187557683,431.02001875576866,0.0,53504.02026488117,0,18,0
7427,1165.9625649784023,1087.4000187557685,78.5625462226343,157477.92819720117,3,21,3
7428,649.78602100331,649.7860210033102,0.0,79282.43004013794,0,21,0
7429,1164.745557595297,1147.6328291028071,17.112728492492465,158454.17285821756,1,21,0
7430,577.8372485322213,577.8372485322219,0.0,72371.4415682097,0,21,0
7431,1218.976660451237,1026.8356887848547,192.14097166638282,150526.25280302623,1,21,0
7432,412.62280853394907,412.62280853394896,0.0,53873.43605849148,0,20,0
7433,655.6110048098751,655.611004809875,0.0,85713.48578846348,0,20,0
7434,894.3769349616035,702.382631481265,191.9943034803396,113642.77521620171,0,20,0
7435,125.98263148126514,125.98263148126516,0.0,16230.743052991671,0,13,0
7436,710.3788667205285,627.8626314812651,82.51623523926358,100047.34787980169,0,15,2
7437,1814.121429469381,854.0700000000004,960.0514294693811,125531.76713557001,1,15,0
7438,975.5564450921955,749.802006424361,225.7544386678349,112457.03726988345,0,15,0
7439,256.1320064243609,256.13200642436084,0.0,29678.150671883446,0,12,0
7440,128.6011948007406,128.6011948007406,0.0,13349.146778660412,0,8,0
7441,1033.9512945776462,575.4311948007406,458.52009977690614,84576.58963709042,1,12,4
7442,1216.089530983025,625.8999999999999,590.1895309830256,89173.44269010001,1,12,0
7443,224.2231200220059,224.2231200220059,0.0,18397.53103189006,0,12,0
7444,721.1972486314684,721.197248631469,0.0,93807.21054405611,0,17,5
7445,707.4313687199818,707.431368719983,0.0,79604.74389088158,0,17,0
7446,379.2667452826804,379.26674528268063,0.0,38268.58934037739,0,17,0
7447,349.9714826825297,349.97148268253,0.0,35061.81610395216,0,17,0
7448,558.3192563023317,558.3192563023322,0.0,55451.34851943378,0,18,1
7449,392.66670678330905,392.6667067833106,0.0,36895.62844431311,0,18,0
7450,831.5722513692729,831.5722513692733,0.0,102905.0280726476,0,18,0
7451,392.3294517919055,392.3294517919063,0.0,36892.255894399066,0,18,0
7452,584.4231381743211,584.4231381743211,0.0,57602.91882796347,0,18,0
7453,750.2246150491522,750.2246150491526,0.0,90776.50064275428,0,18,0
7454,291.67295060133307,291.6729506013329,0.0,25981.402340114957,0,16,0
7455,781.68428544406,781.6842854440613,0.0,103541.95859360382,0,18,2
7456,427.10160423733873,427.1016042373393,0.0,39033.06937414343,0,18,0
7457,489.65747471122825,489.6574747112286,0.0,47031.54894385077,0,18,0
7458,298.95393572638454,298.9539357263844,0.0,28258.005817638343,0,16,0
7459,717.7682856551983,704.5266541540481,13.241631501150305,86776.64268998947,1,18,2
7460,350.0280301536692,350.0280301536692,0.0,35017.77227791119,0,18,0
7461,566.762649567329,566.7626495673295,0.0,59187.610056256584,0,20,2
7462,1040.9584481996817,1040.9584481996808,0.0,137204.52169427177,0,20,0
7463,746.860086445789,746.8600864457893,0.0,80594.94722366672,0,16,0
7464,446.63465517633125,446.63465517633085,0.0,43565.410708901254,0,11,0
7465,857.4110495554613,857.4110495554611,0.0,114409.81802780648,0,20,9
7466,277.3600331485506,277.36003314854923,0.0,30061.261145340464,0,16,0
7467,392.38006624142736,392.38006624142673,0.0,40627.52506411341,0,16,0
7468,360.24192148070443,360.24192148070483,0.0,39758.72488291183,0,16,0
7469,814.7081040870642,814.7081040870642,0.0,107677.79896434698,1,17,1
7470,641.0963110799494,641.0963110799512,0.0,72102.16883660533,0,17,0
7471,802.2804659325756,802.280465932576,0.0,94986.57630499096,1,17,0
7472,687.1489081623199,687.1489081623201,0.0,77923.07254871454,0,17,0
7473,549.2929651371011,549.2929651371026,0.0,61040.50333532762,0,17,0
7474,372.62809329937494,372.62809329937517,0.0,43111.323263700695,0,19,3
7475,991.8916714310976,989.9214177586794,1.9702536724179867,136734.65558379452,1,22,3
7476,1224.0891394011371,1120.1100381255178,103.97910127561954,147158.67803030973,1,22,0
7477,999.0759032500197,962.1239226351897,36.951980614830056,127594.87783985253,4,22,0
7478,451.21810219127985,451.21810219127974,0.0,55252.033035263055,0,21,0
7479,672.2466654315984,672.2466654315989,0.0,83776.03777358432,0,21,0
7480,1433.6922311792075,1081.1989993811858,352.49323179802127,157156.56816932347,1,21,0
7481,927.003826406196,927.0038264061959,0.0,139745.31975067427,0,21,0
7482,390.80302671938557,390.80302671938597,0.0,48581.452821351966,0,20,0
7483,1071.6071149392415,1007.8761367430089,63.730978196232606,146935.27082338557,1,22,2
7484,680.8687934199578,680.8687934199594,0.0,77917.6678342628,0,22,0
7485,499.60316607945657,499.60316607945606,0.0,55454.10738544378,0,21,0
7486,377.82273821184566,377.82273821184526,0.0,45684.19064858288,0,20,0
7487,575.7820000607971,575.7820000607975,0.0,71743.54857602586,0,20,0
7488,1527.421766397764,1136.7090624400807,390.71270395768363,161563.48547203737,1,20,0
7489,323.1321804803989,323.13218048039926,0.0,24157.398294807936,0,24,0
7490,727.4341608953358,727.4341608953373,0.0,76448.31611380848,1,24,0
7491,490.30309609062687,490.3030960906276,0.0,45287.277278436704,0,24,0
7492,770.2654211104131,770.2654211104139,0.0,82257.38173357729,1,24,0
7493,1089.479844575353,957.1576405880754,132.3222039872778,107830.05488990653,3,24,0
7494,552.589866448981,552.5898664489813,0.0,53160.129533560445,0,24,0
7495,688.4735385350712,688.4735385350704,0.0,70959.26224859348,1,24,0
7496,951.3665559340197,951.3665559340202,0.0,106234.67329416618,1,24,0
7497,1131.4510140898701,999.6266052592097,131.824408830661,113487.34914137033,2,24,0
7498,739.7477946754491,739.7477946754498,0.0,78013.7515812499,1,24,0
7499,430.89178961137196,430.89178961137225,0.0,37777.874631549865,0,24,0
7500,276.24918813594155,276.2491881359415,0.0,19134.25126022185,0,24,0
7501,446.5942514599898,446.5942514599901,0.0,39762.616519187424,0,24,0
7502,138.87356494171217,138.87356494171223,0.0,5938.732898865755,0,24,0
7503,535.9696488144418,535.9696488144432,0.0,51059.38619541799,0,24,0
7504,1227.8567298915734,1104.267075881455,123.58965401011822,151554.4632669146,1,24,0
7505,454.2743256171951,454.2743256171949,0.0,40733.353784905325,0,24,0
7506,366.7733647604631,366.77336476046344,0.0,29673.506998130593,0,24,0
7507,385.0735875573858,385.07358755738585,0.0,31986.597715262233,0,24,0
7508,1323.9978442936506,1107.2881262513636,216.7097180422872,140577.5518943562,2,24,0
7509,648.2811214585971,648.2811214585975,0.0,65833.94725632264,1,24,0
7510,1223.3749436543465,1110.4627824072807,112.91216124706612,151616.42033217286,1,24,0
7511,413.6629389525112,413.6629389525125,0.0,35600.20198963221,0,24,0
7512,238.88106431659028,238.88106431659048,0.0,15544.882546017627,0,24,0
7513,377.10265199123,377.10265199123006,0.0,34020.582382088614,0,12,0
7514,829.114365314571,571.7999999999998,257.3143653145718,79076.26040199999,1,12,0
7515,421.33909073674533,421.33909073674585,0.0,43856.23324789944,0,12,0
7516,654.3012835488556,571.7999999999998,82.50128354885715,79076.26040199999,0,12,0
7517,508.4138665264338,508.4138665264333,0.0,63992.118586316916,0,12,0
7518,477.1051870628229,477.1051870628228,0.0,56541.52118889385,0,12,0
7519,471.92619422728154,471.9261942272826,0.0,55309.064528222596,0,12,0
7520,831.1708432248464,571.7999999999998,259.37084322484645,79076.26040199999,0,12,0
7521,908.686933820848,696.4,212.2869338208479,97721.29238444,0,18,6
7522,253.90929219046558,253.90929219046532,0.0,29649.612124246632,0,16,0
7523,996.7812027776041,968.7792921904654,28.001910587138916,141079.37935027666,1,22,6
7524,1824.733206129454,940.860709589934,883.8724965395213,124475.62339009643,2,22,0
7525,533.8286040119932,533.8286040119937,0.0,65680.85756337126,0,22,0
7526,421.425901092457,421.4259010924569,0.0,54412.49571010302,0,21,0
7527,863.9778884048703,863.9778884048724,0.0,123077.65558333174,0,21,0
7528,1195.559863354583,862.5037335698131,333.0561297847712,112336.94491676682,4,21,0
7529,585.5377602064029,585.5377602064033,0.0,76014.90805592008,0,21,0
7530,456.90376046750964,456.9037604675095,0.0,58896.785770109105,0,21,0
7531,376.4228042665946,376.4228042665941,0.0,48724.245536034905,0,21,0
7532,403.44530400134107,403.445304001341,0.0,52139.804678880246,0,21,0
7533,405.42195424961227,405.42195424961255,0.0,52609.64820212367,0,21,0
7534,1241.711910336069,1037.481954249613,204.22995608645593,153509.58447492367,2,22,1
7535,482.33861851600625,482.33861851600636,0.0,59001.374075030486,0,12,0
7536,707.6004646737398,707.6004646737402,0.0,83855.19890188563,0,10,0
7537,843.8243154536055,843.8243154536061,0.0,114938.44375953758,0,19,9
7538,330.5859103066941,330.5859103066944,0.0,39720.35361003095,0,18,0
7539,663.1088087785558,663.108808778556,0.0,79869.56013546431,0,18,0
7540,1201.6824471724524,928.2387499003818,273.44369727207095,135955.18206157238,1,18,0
7541,530.8906020240292,530.8906020240294,0.0,61698.77741141758,0,18,0
7542,704.9196212793523,704.9196212793529,0.0,84200.52524691314,0,18,0
7543,1133.9753087793474,968.0949481635627,165.88036061578532,140197.24623153557,1,19,1
7544,457.690769641032,457.6907696410319,0.0,59121.91333248055,0,18,0
7545,746.5527468439436,746.5527468439436,0.0,97297.26618507653,0,20,2
7546,935.5004933581711,935.5004933581711,0.0,118188.7577362261,0,22,2
7547,847.6900858360053,847.6900858360061,0.0,102907.30931454754,0,22,0
7548,1439.8899328174862,1091.5273803202804,348.3625524972057,157561.89068753074,1,22,0
7549,511.64738032028015,511.6473803202805,0.0,61269.86372931072,0,20,0
7550,322.0748500219501,322.0748500219504,0.0,35103.81677974032,0,19,0
7551,713.2409136468539,713.240913646855,0.0,82019.40116371776,0,21,2
7552,1249.8352021178916,1133.447533419173,116.38766869871932,143931.8756613714,3,21,0
7553,2217.322911024772,1014.1835773606608,1203.1393336641127,122276.54464172083,2,21,0
7554,626.9895919588048,626.9895919588043,0.0,66568.16132661382,0,21,0
7555,594.1534433984315,594.1534433984323,0.0,62694.906756251934,0,21,0
7556,1014.529167459145,897.2633707712076,117.26579668793808,119871.46946322251,2,18,0
7557,520.9040493706549,520.904049370655,0.0,55502.33203245388,0,18,0
7558,257.68296293157124,257.68296293157135,0.0,26089.468173082085,0,17,0
7559,767.835033659193,764.5429629315713,3.2920707276221606,112500.17391948211,0,20,3
7560,464.22649226404883,464.22649226404934,0.0,50193.89593136872,0,19,0
7561,2706.7585470797367,924.4864922640493,1782.2720548156885,132716.53396436875,2,20,1
7562,1016.7592418047344,1016.7592418047357,0.0,141144.71193405305,1,21,1
7563,530.2647961038987,530.2647961038977,0.0,56466.534998044626,0,21,0
7564,448.3156697823713,448.3156697823712,0.0,45274.09171582371,0,21,0
7565,859.0451571373396,859.0451571373405,0.0,99647.28944553138,0,21,0
7566,696.3366002800881,696.3366002800876,0.0,72474.85013673478,0,21,0
7567,723.5230189580333,723.5230189580337,0.0,76312.98217020415,0,21,0
7568,698.2074634049609,698.2074634049615,0.0,74831.01822914282,1,21,0
7569,419.630758098256,419.6307580982558,0.0,43094.04815298256,0,21,0
7570,417.2107102732184,417.21071027321807,0.0,43069.847674732184,0,21,0
7571,428.83056858523975,428.8305685852396,0.0,43186.0462578524,0,21,0
7572,660.9858233164167,660.9858233164167,0.0,69351.2261723518,0,22,1
7573,1653.9721509410706,1038.6137638905805,615.3583870504905,142401.13073212144,1,22,0
7574,366.9761255982456,366.97612559824563,0.0,42929.84611681612,0,18,0
7575,331.21492591077475,331.2149259107749,0.0,37086.20215191986,0,18,0
7576,945.1418269915763,926.3249259107749,18.816901080801514,132663.95198916987,0,20,2
7577,552.9583635966148,552.958363596615,0.0,62606.01254303739,0,20,0
7578,1006.1511686392546,996.3943198569591,9.756848782296409,141414.92201833363,3,20,0
7579,404.57431985695905,404.5743198569591,0.0,46109.658055903645,0,15,0
7580,690.2402908286083,690.2402908286087,0.0,81563.59649355609,0,15,0
7581,630.7718206192849,630.771820619285,0.0,70865.8537059624,0,14,0
7582,389.5324960807513,389.53249608075123,0.0,41125.933996121836,0,11,0
7583,563.5132355160353,563.5132355160356,0.0,61865.738250814844,0,11,0
7584,459.0262243797424,459.02622437974253,0.0,48084.99681028113,0,9,0
7585,741.4236286018145,741.4236286018141,0.0,100519.49691501616,0,14,5
7586,527.5172971791145,527.5172971791142,0.0,57381.404016411165,0,13,0
7587,431.03107200453985,431.0310720045402,0.0,46650.33187866306,0,16,3
7588,626.8363546337479,626.8363546337483,0.0,72211.66284548091,0,16,0
7589,364.21830791496797,364.21830791496797,0.0,41762.133753873415,0,16,1
7590,1159.6924172428792,1034.26514712824,125.42727011463933,145314.19009049344,1,22,6
7591,715.8712412089349,715.8712412089358,0.0,86500.79402813678,0,22,0
7592,1530.2539991627943,1150.6001495901694,379.6538495726257,153204.2627379116,2,22,0
7593,906.5785852806354,906.5785852806355,0.0,114740.82968616043,0,21,0
7594,623.0673124531576,623.0673124531584,0.0,77476.18580236685,0,21,0
7595,417.64640634369744,417.64640634369755,0.0,50675.66732969387,0,21,0
7596,451.0393223567808,451.03932235678064,0.0,55702.078261261224,0,21,0
7597,1219.486951389449,1059.7393223567806,159.74762903266887,152997.56143950124,3,23,2
7598,1267.8040928490693,1133.958092318814,133.84600053025537,150205.23253279543,1,21,0
7599,674.1996996450507,674.1996996450514,0.0,79119.11519251774,0,21,0
7600,402.5352464607874,402.5352464607872,0.0,46745.56595184787,0,21,0
7601,671.2368011502748,671.2368011502754,0.0,77046.61650250597,0,21,0
7602,1943.3356647964242,924.8800000000001,1018.4556647964238,132861.74375210004,1,21,0
7603,265.2762899870342,265.27628998703364,0.0,30600.6388802775,0,13,0
7604,405.50535614751095,405.50535614751095,0.0,47586.36937541475,0,13,0
7605,175.4477259421511,175.44772594215078,0.0,19778.057214351054,0,13,0
7606,3282.9788413239394,742.3277259421508,2540.651115381791,106483.87055618108,1,16,3
7607,476.1863920082732,476.18639200827306,0.0,49669.51947098573,0,13,0
7608,727.058156323759,727.0581563237587,0.0,80420.57983176241,0,13,0
7609,437.79856348233966,437.7985634823409,0.0,46393.508224918216,0,16,3
7610,1396.1920940934576,863.4066549995812,532.7854390938749,114884.50204382058,2,16,0
7611,1149.9162984317518,789.9630929240138,359.9532055077386,110432.11237433668,1,16,0
7612,262.49309292401404,262.4930929240139,0.0,24594.081667896666,0,14,0
7613,915.985341483164,840.5098982233494,75.4754432598145,117309.12389659086,1,19,5
7614,707.6769232513756,707.676923251376,0.0,79475.28586475564,0,19,0
7615,353.74047128337594,353.7404712833761,0.0,37059.3677492115,0,18,0
7616,610.6155133227367,610.6155133227371,0.0,64969.65893747323,0,19,1
7617,989.7599952091986,838.9193887856449,150.8406064235542,120730.54999945413,0,19,0
7618,263.7293887856446,263.7293887856448,0.0,28673.434119674115,0,17,0
7619,427.51614199071025,427.516141990711,0.0,48793.63007148345,0,18,1
7620,1130.1417363173643,956.7286257437103,173.413110573654,139488.5259780835,1,20,2
7621,484.08862574371204,484.08862574371193,0.0,57055.725713853666,0,20,0
7622,854.7863837876962,854.7863837876963,0.0,111228.23099488283,0,20,0
7623,477.9834975099984,477.983497509999,0.0,56284.056669109865,0,20,0
7624,1167.2269223509327,1017.673497509999,149.55342484093399,147534.76266336988,1,21,1
7625,763.5215341395161,763.5215341395162,0.0,91760.48045199917,0,21,0
7626,1162.4466525229598,1126.5286745179446,35.91797800501638,160066.95443216187,1,21,0
7627,1427.9190323159035,920.8146358290861,507.10439648681836,135210.19372439594,1,21,0
7628,373.08463582908627,373.08463582908644,0.0,42981.82584732599,0,20,0
7629,205.55403548150719,205.5540354815072,0.0,21164.47409405507,0,16,0
7630,493.45973431171467,493.45973431171467,0.0,54479.79313502384,0,18,2
7631,1074.9091611969607,1009.8299999999998,65.07916119696233,137576.01558043004,0,19,1
7632,850.3172171294431,850.3172171294435,0.0,96911.99562418382,0,19,0
7633,1081.4082024465247,1038.7999999999997,42.60820244652543,140585.91022200003,0,19,0
7634,856.5313983374851,856.5313983374868,0.0,98293.67368219414,0,19,0
7635,746.7150017716599,746.7150017716602,0.0,79966.71990295744,0,19,0
7636,758.1206881524461,758.1206881524463,0.0,85779.21778179512,0,20,1
7637,407.76920408234355,407.769204082344,0.0,38934.23360039667,0,19,0
7638,368.6969076542319,368.6969076542325,0.0,36665.18048502187,0,19,0
7639,1093.9443747543876,770.5769076542325,323.3674671001551,109997.47571128189,0,19,0
7640,172.81216496290392,172.8121649629039,0.0,19725.296650165237,0,15,0
7641,791.465544368184,689.1721649629038,102.29337940528065,108347.69939442525,0,19,4
7642,779.8115015113827,779.8115015113826,0.0,119255.01467030618,0,19,0
7643,958.4358536845123,684.8776565158528,273.55819716865994,107552.12743124,1,19,0
7644,166.47765651585271,166.47765651585283,0.0,18587.62189855999,0,14,0
7645,771.6458984942728,650.2376565158528,121.4082419784205,99346.38654356002,0,15,1
7646,647.1490832297405,647.1490832297408,0.0,74024.23681234139,0,15,0
7647,383.90581420998285,383.90581420998285,0.0,41980.45245540926,0,15,0
7648,273.3697687497024,273.36976874970253,0.0,28760.766870578293,0,15,0
7649,1865.5738970679383,850.5297687497025,1015.044128318236,121828.2534835383,1,18,3
7650,372.2535159691439,372.253515969144,0.0,41124.32631073271,0,18,0
7651,378.4490153934241,378.44901539342413,0.0,41573.195463281474,0,18,0
7652,734.7653230478775,734.7653230478778,0.0,101478.47302030903,0,18,0
7653,205.85854890110713,205.85854890110727,0.0,21183.232211261788,0,13,0
7654,358.5242906369773,358.5242906369774,0.0,37095.18970730142,0,15,2
7655,431.08374093299557,431.0837409329953,0.0,47865.0208940841,0,15,0
7656,729.5210101291766,729.5210101291774,0.0,91480.8133674259,0,15,0
7657,554.6030189878863,554.6030189878858,0.0,62195.798767356304,0,15,0
7658,403.6023539108863,403.6023539108867,0.0,41737.124227627166,0,15,0
7659,347.5373107639861,347.53731076398645,0.0,38120.94384333247,0,16,1
7660,794.7965143791674,794.7965143791683,0.0,111109.08523705273,1,16,0
7661,541.2696036106247,541.2696036106249,0.0,59275.85247041415,0,17,1
7662,465.8891602600545,465.8891602600548,0.0,49358.353456596866,0,16,0
7663,368.5804317625691,368.58043176256916,0.0,37923.58571382833,0,16,0
7664,533.9836404083715,533.9836404083716,0.0,58795.05853275971,0,16,0
7665,533.8471869829,533.8471869829004,0.0,58252.462034468685,0,16,0
7666,798.5271399300766,798.5271399300766,0.0,105684.02737385947,0,16,0
7667,649.0191701361771,649.0191701361774,0.0,73707.14395952059,0,16,0
7668,755.3557363005751,755.3557363005757,0.0,110418.78661180414,0,16,0
7669,248.0814453366123,248.08144533661238,0.0,28758.66096946645,0,15,0
7670,809.2796068536377,809.2796068536384,0.0,118890.51456192716,0,19,4
7671,428.26413383068416,428.26413383068433,0.0,52701.979040271115,0,19,0
7672,1202.9207837436993,1080.606882468757,122.31390127494248,151070.54640767793,2,23,4
7673,499.6668824687569,499.666882468757,0.0,56632.01766919788,0,20,0
7674,986.9361105997922,986.9361105997928,0.0,125957.6173885014,0,20,0
7675,545.6407512409411,545.6407512409414,0.0,60049.77533178483,0,20,0
7676,718.3042542518474,718.304254251848,0.0,79369.79325123945,0,20,0
7677,1107.1044330603077,1062.588171060604,44.51626199970394,147233.41841779143,1,20,0
7678,849.674156030265,849.6741560302653,0.0,107937.90951044955,1,19,0
7679,582.5347249909304,582.5347249909308,0.0,65546.63341321191,0,19,0
7680,1004.6831777461898,1004.6831777461902,0.0,122760.32420499153,0,19,0
7681,975.1435770037349,975.1435770037349,0.0,115014.57767232576,1,21,2
7682,2141.5089156788526,1142.1395673644085,999.3693483144444,144680.44443375932,2,21,0
7683,632.7752928724077,632.7752928724082,0.0,71649.11440679224,0,21,0
7684,749.3596032570241,749.3596032570246,0.0,83103.43987781329,0,21,0
7685,664.9329111579606,664.9329111579619,0.0,76915.80500739637,0,21,0
7686,1195.6403748298292,1124.039634514405,71.60074031542489,148755.5025479773,2,22,1
7687,567.7965773781197,567.7965773781199,0.0,68371.66388559797,0,21,0
7688,886.8374067634924,886.8374067634926,0.0,111257.74541999024,0,21,0
7689,548.4019890100672,548.4019890100678,0.0,65833.88891029537,0,21,0
7690,1293.775672778245,1115.4119890100678,178.36368376817748,160499.18826744542,2,22,1
7691,662.6930329336961,662.6930329336969,0.0,79278.39438984955,0,22,0
7692,331.99315124724137,331.9931512472415,0.0,37707.662508669564,0,20,0
7693,825.4251997937077,825.425199793708,0.0,103827.41415674778,0,22,2
7694,765.3369341103578,765.3369341103577,0.0,82550.44455281798,0,22,0
7695,1646.7554100862592,1153.5153526488848,493.2400574373749,144556.85501114422,2,22,0
7696,1051.4356850223896,1051.4356850223903,0.0,124129.84433431149,1,20,0
7697,733.2754053716907,733.2754053716899,0.0,78677.8176731503,0,17,0
7698,773.6958748315425,773.695874831543,0.0,83115.2448483411,1,17,0
7699,712.6472454637678,712.6472454637677,0.0,74950.63074311022,0,17,0
7700,441.1232202585454,441.12322025854553,0.0,40378.02257249786,0,13,0
7701,554.177803645477,554.1778036454775,0.0,53667.773703902705,0,13,0
7702,497.92270689807816,497.9227068980792,0.0,46557.30605978025,0,12,0
7703,614.4760878212992,614.4760878213001,0.0,61519.48796734268,0,12,0
7704,723.6095721706714,723.6095721706714,0.0,75841.49614375731,1,12,0
7705,155.13717038706125,155.1371703870613,0.0,7500.92202154971,0,24,0
7706,472.1776355727328,472.17763557273315,0.0,42996.27596479541,0,24,0
7707,1145.947349980088,963.739019661986,182.2083303181029,109126.27623871315,3,24,0
7708,559.0514361950056,559.0514361950059,0.0,55046.76185285411,1,24,0
7709,389.6466056003659,389.6466056003661,0.0,32564.6128411913,0,24,0
7710,502.1357529509069,502.1357529509078,0.0,46782.88796286623,0,24,0
7711,1485.2307535792415,1114.634137878134,370.59661570110825,137944.7323782374,3,24,0
7712,384.426967000627,384.426967000628,0.0,31904.866906629966,0,24,0
7713,890.2973246783031,890.2973246783034,0.0,102258.14120222969,2,24,0
7714,350.4907170618189,350.4907170618196,0.0,27615.43144025314,0,24,0
7715,493.140933649694,493.1409336496938,0.0,45645.97103793057,0,24,0
7716,1445.2821349031453,1004.8494589489732,440.43267595417274,136676.31434069865,2,24,0
7717,474.2591277813729,474.25912778137445,0.0,43259.370046163625,0,24,0
7718,502.0881421690409,502.088142169041,0.0,46776.87010948852,0,24,0
7719,501.75224547790526,501.7522454779055,0.0,46734.4138221087,0,24,0
7720,810.9027397970476,810.9027397970481,0.0,87819.60561315526,1,24,0
7721,1865.8969740836676,1119.4196226301578,746.4773514535127,138549.60262925655,3,24,0
7722,661.9743965761216,661.9743965761221,0.0,67902.3950481518,1,24,0
7723,955.5426911376876,955.5426911376882,0.0,107280.79300376252,1,24,0
7724,511.94712993649324,511.94712993649455,0.0,48023.01521593204,0,24,0
7725,391.78065007405496,391.78065007405496,0.0,32834.349363899964,0,24,0
7726,577.4386203311775,577.438620331178,0.0,56366.4865369189,1,24,0
7727,701.0769693433793,701.0769693433799,0.0,73170.8898147866,1,24,0
7728,318.73477946842314,318.7347794684234,0.0,23601.58061033597,0,24,0
7729,1431.8002281862496,607.9047794684233,823.8954487178263,83639.79119390596,0,13,0
7730,537.6656542879764,537.6656542879757,0.0,64317.31019800721,0,13,0
7731,869.4675809520064,649.6999999999998,219.76758095200745,88922.57587390002,0,13,0
7732,896.1586334718974,649.6999999999998,246.45863347189893,88922.57587390002,2,13,0
7733,649.6205757300644,649.6205757300638,0.0,88903.67510040794,0,13,0
7734,782.2653648281014,649.6999999999998,132.5653648281022,88922.57587390002,1,13,0
7735,540.5782746793011,540.5782746793002,0.0,62954.63162950355,0,13,0
7736,1265.3144099276901,637.0170260130792,628.2973839146109,88669.6913614086,2,13,0
7737,254.9270260130786,254.9270260130794,0.0,26835.56517423858,0,15,3
7738,760.5999953559067,760.5999953559075,0.0,97378.41107083009,0,20,5
7739,1906.4271489516811,1065.6100000000001,840.8171489516839,151318.82896226004,3,20,0
7740,474.0143619464464,474.01436194644646,0.0,57737.97247824203,0,19,0
7741,552.8188054878095,552.8188054878095,0.0,64344.78142334871,0,19,0
7742,415.17720499582606,415.1772049958266,0.0,48440.8611827102,0,18,0
7743,374.19495139312585,374.19495139312664,0.0,44504.339787356155,0,18,0
7744,507.2746716312246,507.2746716312247,0.0,58927.17083226736,0,18,0
7745,343.22675436848897,343.22675436848954,0.0,41529.71151666993,0,18,0
7746,1288.0319288063179,924.2467543684899,363.7851744378297,135978.35200402996,1,21,3
7747,361.55940077451504,361.55940077451555,0.0,43507.87551085973,0,19,0
7748,764.6437609775354,764.6437609775356,0.0,99001.38303115309,0,19,0
7749,951.5577244206119,940.98193044171,10.575793978902695,138499.29548251256,2,19,0
7750,524.6795896881158,524.6795896881165,0.0,63340.488778109706,0,14,0
7751,765.2966559055766,765.2966559055769,0.0,93241.48036046208,0,13,0
7752,803.3546925807958,803.3546925807958,0.0,97954.64465700189,0,13,0
7753,528.3281374021866,528.3281374021867,0.0,64261.15051271391,0,16,3
7754,613.0639886466221,613.0639886466222,0.0,72551.61981017269,0,17,1
7755,1425.8638512278883,1071.7499999999998,354.1138512278886,154760.81683795003,0,20,3
7756,1201.149892859733,834.5463778816137,366.60351497812,127372.01134445581,2,20,0
7757,205.88637788161364,205.88637788161367,0.0,27016.3181800958,0,16,0
7758,388.61333293810696,388.61333293810725,0.0,50679.510141995655,0,17,1
7759,1141.4950907648504,865.8033329381072,275.69175782674336,135380.2116254057,0,18,1
7760,566.720266135371,566.7202661353701,0.0,76317.61228201867,0,18,0
7761,292.70295526019254,292.70295526019265,0.0,38142.3194182318,0,18,0
7762,938.5835974056091,921.5729552601927,17.01064214541681,133238.2353540418,0,20,2
7763,1273.8221296814422,1107.4652889794852,166.35684070195688,140297.72448846488,2,20,0
7764,682.1855121848321,682.1855121848325,0.0,76801.33525815666,0,20,0
7765,1369.5929767493465,1151.8430651151925,217.74991163415424,152100.828813198,2,20,0
7766,1065.1128629931684,1065.112862993168,0.0,134191.610353847,0,20,0
7767,969.6912981884977,969.6912981884986,0.0,115964.99196251402,0,19,0
7768,1521.3626111275607,916.9896011029572,604.373010024605,116409.96643914774,4,19,0
7769,465.27987761306997,465.2798776130707,0.0,50287.85259238598,0,19,0
7770,509.6554406194126,509.65544061941284,0.0,52524.75231542119,0,19,0
7771,678.2798973111353,678.279897311135,0.0,75253.31096987693,1,19,0
7772,782.61252508141,782.6125250814102,0.0,87572.48499514275,0,21,2
7773,1508.5787913956467,992.2970102682168,516.2817811274299,138131.09467031423,1,21,0
7774,345.1270102682167,345.1270102682168,0.0,36671.5054154042,0,19,0
7775,1262.7822757197926,974.3770102682167,288.4052654515779,133258.7732347942,0,22,3
7776,766.6625575734093,766.6625575734097,0.0,81691.16097037068,0,22,0
7777,1524.231503330562,925.0819546978386,599.1495486327246,103187.88663197999,3,22,0
7778,2404.2131770234446,1120.830999207425,1283.38217781602,138727.99619831206,5,22,0
7779,967.2140867059173,967.2140867059181,0.0,116788.0416793492,0,22,0
7780,1176.3207601534598,1017.1181044793124,159.20265567414717,143541.70319538235,1,21,0
7781,909.4709626897727,909.4709626897727,0.0,128790.1154945417,0,21,0
7782,456.3434706756679,456.34347067566716,0.0,49012.50960215808,0,21,0
7783,416.2995088140244,416.2995088140243,0.0,46034.206759047665,0,20,0
7784,2344.9121263340144,1087.7899262944861,1257.1222000395296,150464.17864199233,4,23,3
7785,602.3099262944854,602.3099262944859,0.0,67423.37427977231,0,23,0
7786,2256.6942989296253,933.8834443981402,1322.8108545314858,106982.49809563551,2,23,0
7787,749.8769935573677,749.8769935573678,0.0,80226.39337247526,1,22,0
7788,527.4074095960718,527.4074095960718,0.0,57383.9085570521,0,20,0
7789,1004.2005567447787,1001.2443822036008,2.9561745411786915,133446.34024268578,1,20,0
7790,776.2833077504655,776.2833077504671,0.0,84628.79048377683,0,20,0
7791,551.9738229762776,551.9738229762778,0.0,61094.2817264312,0,20,0
7792,1596.011602398325,1117.1138710754346,478.89773132289076,146811.8543585766,2,21,1
7793,616.8043500816943,616.8043500816943,0.0,66786.87275163933,0,21,0
7794,604.8137562681895,604.8137562681894,0.0,64942.87389100417,0,21,0
7795,1648.4411863458092,1108.1193712420186,540.3218151037921,148439.6432001842,4,21,0
7796,490.0393120479753,490.03931204797556,0.0,57347.409390323606,0,19,0
7797,291.80290486874355,291.80290486874367,0.0,32491.299680353433,0,18,0
7798,870.0258802163846,870.0258802163837,0.0,122390.16396868347,0,21,3
7799,1466.7988617631424,1108.085297142019,358.7135646211241,155249.27974476965,2,21,0
7800,738.2021816742993,738.2021816743002,0.0,85376.73464784326,0,20,0
7801,612.7980132905948,612.7980132905952,0.0,71348.47632377273,0,21,1
7802,1130.097764234917,1071.2733848632497,58.824379371667554,151823.10800955974,1,21,0
7803,1541.6283433227577,1123.354571759371,418.2737715633876,158406.0065503838,2,21,0
7804,542.2525815185346,542.252581518535,0.0,64116.009860185375,0,21,0
7805,384.22267361429465,384.2226736142943,0.0,44197.25600786288,0,21,0
7806,652.6758924130319,652.6758924130322,0.0,75313.63881113782,0,22,1
7807,1060.8112498590713,1060.8112498590722,0.0,141823.64719235577,0,22,0
7808,969.0555531288558,898.6258766069594,70.42967652189728,121626.02672025478,1,20,0
7809,1087.0842791303526,842.8910194299731,244.19325970038003,125994.19878635295,0,20,0
7810,244.4410194299727,244.4410194299727,0.0,31911.18181853286,0,17,0
7811,597.2771511835404,597.2771511835407,0.0,85002.88654616407,0,18,1
7812,747.7168761534938,747.716876153494,0.0,118358.55669915679,0,18,0
7813,266.23541908928433,266.235419089285,0.0,34642.630409305115,0,17,0
7814,899.8158800836023,831.7263650465408,68.08951503705751,127012.7405724729,0,18,1
7815,348.7763650465429,348.77636504654333,0.0,42405.40089827308,0,18,0
7816,385.2471763287998,385.2471763287929,0.0,47067.155423336546,0,18,0
7817,1279.4519836678153,1018.5971763287968,260.85480733901574,148014.43700793706,1,20,2
7818,488.88417211974564,488.88417211974524,0.0,58915.3100258806,0,20,0
7819,439.1443579220498,439.1443579220503,0.0,54058.433189800766,0,20,0
7820,1142.7917313207033,1015.1983562916107,127.59337502909267,142073.51719638536,2,22,2
7821,369.022930351042,369.02293035104236,0.0,39747.46771646753,0,18,0
7822,692.4484216832503,692.4484216832486,0.0,78044.14052058956,0,18,0
7823,695.8654793677288,695.865479367729,0.0,76646.20005430895,0,18,0
7824,971.613668517331,908.623662141774,62.99000637555572,115164.76702004482,2,18,0
7825,498.0024251844517,498.00242518445174,0.0,54703.05854070376,0,18,0
7826,356.8368908441955,356.8368908441954,0.0,37620.69201651737,0,19,1
7827,845.1763367696785,845.1763367696793,0.0,109525.08957562924,0,20,1
7828,1199.2319140519025,1111.4699999999998,87.76191405190411,153411.92815567006,2,20,0
7829,635.9705996105903,635.9705996105906,0.0,69934.32515788135,0,20,0
7830,383.1902331623143,383.19023316231454,0.0,41148.49361419128,0,20,0
7831,868.1303529843246,868.1303529843251,0.0,118400.69761167665,0,19,0
7832,836.0645625507342,836.0645625507348,0.0,116427.59689097085,0,18,0
7833,304.5786068345708,304.578606834571,0.0,31118.624647299686,0,17,0
7834,981.8157596323388,851.238606834571,130.57715279776903,119632.46411937971,1,18,1
7835,796.6557921301354,796.6557921301364,0.0,90227.59193507946,0,18,0
7836,1633.9817691599978,975.8714974580358,658.1102717019626,134747.95209488831,1,18,0
7837,793.0945270471019,793.0945270471027,0.0,109873.14735233896,0,18,0
7838,256.03728832628167,256.0372883262817,0.0,24992.84426360225,0,15,0
7839,1124.2903627818314,876.3172883262818,247.97307445555066,120246.93840928226,1,19,4
7840,459.1787757304533,459.17877573045337,0.0,48692.86074707276,0,20,1
7841,1249.4679873292143,1063.2575428476473,186.2104444815685,142357.2596723177,2,21,1
7842,1083.7715294396119,892.7483227345042,191.0232067051058,102279.40566575252,2,18,0
7843,620.9799592503729,620.9799592503726,0.0,66080.59530639723,0,17,0
7844,637.6143798281174,637.614379828118,0.0,64927.6204514945,0,17,0
7845,790.7635316864646,790.7635316864654,0.0,84904.23515784192,1,17,0
7846,725.7246158634154,725.7246158634154,0.0,76217.65659688214,1,17,0
7847,559.7370735325759,559.7370735325782,0.0,55766.45002499517,0,16,0
7848,795.8753004897106,795.8753004897115,0.0,86645.78020171616,1,16,0
7849,221.6483558470418,221.64835584704213,0.0,13889.606917500048,0,24,0
7850,616.5928659239274,616.592865923928,0.0,61912.116799503616,1,24,0
7851,378.891215595272,378.8912155952721,0.0,31205.16530571664,0,24,0
7852,388.67880865946336,388.6788086594637,0.0,32442.286345775832,0,24,0
7853,1062.5408047339822,1062.5408047339822,0.0,129407.9893640279,1,24,0
7854,177.30339794467645,177.3033979446764,0.0,9630.083338073544,0,24,0
7855,501.4581764249229,501.4581764249235,0.0,46697.24441689454,0,24,0
7856,1131.2800993825456,1131.2800993825456,0.0,139446.99454734745,1,24,0
7857,915.6788235266249,915.6788235266256,0.0,101493.73499354668,1,24,0
7858,559.1285806347676,559.1285806347674,0.0,53986.602481619986,0,24,0
7859,211.8403623112696,211.8403623112697,0.0,12947.507032672856,0,24,0
7860,1775.5912299066133,1108.6826731680853,666.9085567385295,137192.48592053496,4,24,0
7861,1034.6597413209333,1034.6597413209345,0.0,120574.83279678175,2,24,0
7862,802.7019266073061,802.7019266073065,0.0,86560.74865349552,1,24,0
7863,397.05617852100437,397.0561785210044,0.0,33501.15959971058,0,24,0
7864,482.66391311378766,482.6639131137881,0.0,44321.70852955955,0,24,0
7865,179.41669221882816,179.4166922188282,0.0,9833.074325478143,0,24,0
7866,442.38871523501297,442.38871523501336,0.0,39231.04994152857,0,24,0
7867,789.393174456428,789.393174456429,0.0,84749.3437432995,1,24,0
7868,675.0389803959147,675.0389803959152,0.0,69362.68997337107,1,24,0
7869,713.7461761318366,713.7461761318369,0.0,74367.7756639186,1,24,0
7870,1115.0779939337465,1015.6459256304648,99.43206830328234,122692.07079383533,3,24,0
7871,596.1622753686759,523.5766988681445,72.58557650053132,63402.57575258701,2,24,0
7872,653.9547262029844,653.9547262029853,0.0,66744.55003613736,1,24,0
7873,483.83724390630124,483.8372439063017,0.0,47742.31087829837,0,18,0
7874,1012.3101768795318,825.44414538705,186.86603149248293,111903.41892305076,2,18,0
7875,715.8050668668847,715.8050668668851,0.0,90534.69222150522,0,18,0
7876,388.89596581592957,388.8959658159302,0.0,39682.23360186689,0,17,0
7877,600.7606275847652,600.7606275847658,0.0,80120.26989558667,1,17,0
7878,281.77332051823254,281.7733205182326,0.0,28134.96807809593,0,17,0
7879,616.9795581508556,616.9795581508553,0.0,83979.92555449568,0,17,0
7880,1402.5422782593653,866.5853870826701,535.9568911766958,118721.33353185012,2,18,1
7881,811.5515263137335,811.5515263137981,0.0,88183.27982926619,1,22,4
7882,897.3684182614772,897.3684182614809,0.0,108840.8707262291,0,22,0
7883,451.94778297462875,451.9477829746288,0.0,48059.261162461735,0,21,0
7884,1060.25709739833,1060.257097398343,0.0,142408.6477158717,1,22,1
7885,1068.590927210248,1068.59092720953,0.0,131382.3045867976,0,21,0
7886,587.7655007067059,587.7655007066946,0.0,62789.75417790772,0,20,0
7887,491.52990858448163,491.52990858448084,0.0,48028.15639827474,0,19,0
7888,492.6537964244887,492.6537964244886,0.0,52244.21430423725,0,19,0
7889,785.592994364997,748.5567111644923,37.0362832005053,79590.18243940252,2,19,0
7890,1066.3463799904127,978.603207005425,87.74317298498931,118221.77998284217,3,19,0
7891,601.0901031195579,601.0901031195575,0.0,63807.442649959194,0,20,1
7892,997.9593585290785,994.2370124724983,3.722346056580982,121975.1843581117,1,20,0
7893,512.3529593318941,512.3529593318949,0.0,53545.94291953533,0,11,0
7894,503.8264166083502,503.8264166083502,0.0,47499.83769273373,0,8,0
7895,324.7872954774772,324.78729547747713,0.0,27704.282115032616,0,6,0
7896,166.29863525018516,166.2986352501837,0.0,11009.495438207345,0,4,0
7897,704.8487297001124,584.4486352503776,120.40009444973528,87504.6486721017,1,16,12
7898,822.3742391952565,698.8299999999999,123.54423919525685,102077.80077224002,0,16,0
7899,1623.4974989466803,775.0,848.4974989466809,111821.1563135,2,16,0
7900,422.39419962019053,422.39419962019065,0.0,43649.15304800949,0,16,0
7901,627.4388912139921,627.4388912139907,0.0,87096.09707151937,0,16,0
7902,633.1599194412776,629.5856040876707,3.5743153536082786,93929.28712481038,1,19,3
7903,373.4215941151214,373.42159411512137,0.0,40175.81826808049,0,19,0
7904,947.4668727120924,938.6515941151222,8.815278596971261,130249.18494813061,1,20,1
7905,671.2083657118116,671.2083657118109,0.0,69137.740476026,0,20,0
7906,554.3926092337839,554.3926092337841,0.0,55891.40402888722,0,20,0
7907,262.7229161652604,262.72291616526024,0.0,28415.589628192352,0,17,0
7908,1063.0582894215333,899.3729161652603,163.68537325627278,129369.67885902237,1,21,4
7909,503.15015910040756,503.15015910040734,0.0,55927.040827867146,0,21,0
7910,275.612375996129,275.612375996129,0.0,29445.422157558347,0,15,0
7911,1054.3335656267402,765.672375996129,288.6611896306117,111263.43460873836,1,15,0
7912,735.1664515829218,735.1664515829218,0.0,105474.25340434155,0,15,0
7913,265.25158290166434,265.2515829016645,0.0,28450.223501950277,0,15,0
7914,1082.4932262409357,755.3115829016645,327.18164333927064,110268.23595313031,2,15,0
7915,827.0159856289474,814.02,12.995985628946045,117701.26388782002,0,15,0
7916,1917.7540409016583,706.4055183158068,1211.3485225858528,104427.24605718699,3,15,0
7917,178.8855183158069,178.88551831580688,0.0,19829.874457746962,0,12,0
7918,963.2994324374805,831.0055183158069,132.2939141216724,123425.91414154698,1,20,8
7919,1121.6190257851365,1043.27,78.34902578513712,151060.93303545006,1,20,0
7920,869.0707502596484,869.070750259649,0.0,105534.94337203173,1,20,0
7921,461.434584286262,461.4345842862625,0.0,41638.38800462351,0,24,0
7922,1406.0219189205466,1103.0633498795003,302.958569041047,151542.42600689505,1,24,0
7923,1796.2386590267724,1115.787269778668,680.4513892481056,138090.48463078382,3,24,0
7924,733.6114198691686,733.611419869169,0.0,77808.40030201682,1,24,0
7925,557.7455707090793,557.7455707090804,0.0,53811.794368281306,0,24,0
7926,785.8467281819862,785.8467281819866,0.0,84222.49867814005,1,24,0
7927,412.7742201651857,412.77422016518597,0.0,35487.87072460241,0,24,0
7928,1366.4041635254375,1119.5218523620729,246.88231116336556,149917.1235690785,2,24,0
7929,358.91467552694917,358.9146755269494,0.0,28680.193347439923,0,24,0
7930,1320.6255843872339,1110.3570646292003,210.26851975803407,143816.4644919065,2,24,0
7931,378.39493673622366,378.3949367362243,0.0,31142.437215752332,0,24,0
7932,622.3928935191856,622.3928935191863,0.0,62333.41045890533,1,24,0
7933,669.174980989781,669.1749809897823,0.0,68547.69261287831,1,24,0
7934,814.7880480321048,814.7880480321052,0.0,87865.44126525421,1,24,0
7935,1059.7173775908946,1059.717377590896,0.0,126927.0367374828,1,24,0
7936,483.084615549739,483.08461554973996,0.0,44374.88399687892,0,24,0
7937,867.0818804965389,867.0818804965389,0.0,95146.87724423583,1,24,0
7938,574.8505373178858,574.850537317886,0.0,56088.977417291695,1,24,0
7939,514.6356851028852,514.6356851028863,0.0,48362.84014958929,0,24,0
7940,823.0585004448242,823.0585004448251,0.0,89469.46655707514,1,24,0
7941,432.2237975231478,432.22379752314885,0.0,37946.236250425594,0,24,0
7942,1211.2545604497197,1073.2126350812885,138.04192536843175,149093.61892247567,2,24,0
7943,443.87488032922374,443.8748803292243,0.0,39418.8965443646,0,24,0
7944,890.1867429532266,890.1867429532274,0.0,98189.47169129111,1,24,0
7945,618.9176804875642,618.9176804875632,0.0,67073.72383742563,0,22,0
7946,982.7364644887474,958.0456381043499,24.690826384398193,126009.2159234169,1,22,0
7947,505.20246617668937,505.20246617668977,0.0,54942.72655752397,0,22,0
7948,527.5863591161797,527.5863591161799,0.0,52668.96017366877,0,22,0
7949,579.6665103463101,579.6665103463102,0.0,57728.116996517645,0,22,0
7950,533.6623261472319,533.6623261472319,0.0,53252.58289112777,0,22,0
7951,449.41981136083734,449.41981136083723,0.0,45187.75420257293,0,22,0
7952,1059.774995645108,1029.3838748299813,30.391120815127486,139466.3716250544,0,22,0
7953,432.5338748299814,432.5338748299815,0.0,45018.89483726437,0,22,0
7954,1101.8434667039403,988.8138748299816,113.02959187395936,136340.4769834844,2,22,0
7955,343.8079411134426,343.8079411134431,0.0,41489.65200921491,0,19,0
7956,1719.4902266334952,1002.8079411134432,716.6822855200526,145794.71971735492,1,21,2
7957,1400.2334648407564,1105.7913352650658,294.44212957569107,148304.78943029192,1,21,0
7958,785.8213387459851,785.8213387459858,0.0,97992.44121317027,0,21,0
7959,670.5132229098674,670.5132229098659,0.0,86126.55172265033,0,20,0
7960,840.3806468615273,840.3806468615278,0.0,117531.77905657254,1,20,0
7961,1266.4840867186526,729.8468559032686,536.6372308153834,117114.16697294252,1,20,0
7962,155.85685590326997,155.85685590326915,0.0,20006.751244742547,0,13,0
7963,620.7105879775243,620.7105879775228,0.0,93830.54765278958,0,15,2
7964,884.9042211697954,884.9042211697953,0.0,128634.05424389127,0,15,0
7965,508.06821367357145,508.0682136735715,0.0,58079.99673538673,0,10,0
7966,446.33218324386604,446.332183243869,0.0,50046.555858541855,0,10,0
7967,407.54110697825223,407.5411069782525,0.0,44836.55169051632,0,8,0
7968,539.9659462479282,539.9659462479284,0.0,62244.884024934836,0,8,0
7969,613.8911294639272,613.8911294639273,0.0,72817.17123823098,0,11,3
7970,744.9682760601265,744.9682760601263,0.0,95789.11133764852,0,15,4
7971,415.613817085495,415.61381708549504,0.0,49865.71406483474,0,15,0
7972,392.87226574426234,392.87226574426234,0.0,47023.695414394024,0,15,0
7973,772.6399709355742,772.639970935574,0.0,96866.35460578937,0,16,1
7974,511.10559881474205,511.1055988147426,0.0,59176.748738152535,0,17,1
7975,427.5321475647115,427.53214756471135,0.0,52007.66413651004,0,18,2
7976,1081.9811003131526,939.7136013872257,142.26749892592824,138223.27603242063,3,19,1
7977,488.79438916220715,488.79438916220784,0.0,59946.96414571274,0,20,1
7978,970.1026209838803,970.1026209838805,0.0,135728.78750978422,1,21,1
7979,430.27041386922707,430.27041386922724,0.0,52622.55576993887,0,21,0
7980,592.2668487784969,592.2668487784974,0.0,74179.91865129648,0,21,0
7981,1899.6900822932016,1077.951352882749,821.7387294104525,144564.40176590602,1,21,0
7982,784.7272931828506,784.7272931828514,0.0,97590.2633845418,0,21,0
7983,342.6840182621526,342.6840182621527,0.0,41363.49132801017,0,19,0
7984,889.9472550616388,889.9472550616395,0.0,130539.33390341859,0,19,0
7985,828.2177152918133,828.2177152918134,0.0,103296.21825149476,0,19,0
7986,473.076025884571,473.07602588457115,0.0,58462.41537502456,0,19,0
7987,640.8592917186016,633.343052367684,7.516239350917662,85310.45282340523,1,19,0
7988,1054.4338930335048,1044.1259212716009,10.307971761905037,144310.29839466355,1,21,2
7989,528.9357942963777,528.9357942963777,0.0,55936.494573592005,0,21,0
7990,241.43729433916928,241.43729433916914,0.0,21763.608370950864,0,17,0
7991,638.6282485257974,638.6282485257975,0.0,84180.79815688505,0,20,3
7992,919.9642296086386,911.6722527551761,8.291976853462756,131574.3729210529,1,20,0
7993,949.3208482694057,938.6096953709754,10.711152898430164,134385.1026578375,0,20,0
7994,448.93969537097524,448.9396953709754,0.0,50147.1589520275,0,20,0
7995,1412.0707537375422,1048.6096953709755,363.46105836656704,144951.07488783752,0,21,1
7996,916.6704539180291,916.6704539180299,0.0,101817.17661029643,1,21,0
7997,876.8420334018091,876.8420334018098,0.0,96262.51067311299,0,21,0
7998,697.6074432868804,697.6074432868804,0.0,75461.79450374756,0,21,0
7999,1259.7759129178264,1160.9289735041184,98.84693941371023,148150.03622030024,4,21,0
8000,652.4379908921572,652.4379908921578,0.0,71123.07468877533,0,21,0
8001,576.0069903717712,576.0069903717707,0.0,57434.057731218236,0,21,0
8002,618.3611069765237,618.3611069765243,0.0,64901.18133185682,0,21,0
8003,1224.3432775166214,1042.0660156792678,182.27726183735513,141236.3314171484,3,21,0
8004,408.926015679268,408.92601567926783,0.0,42201.912543668404,0,18,0
8005,327.4978131284041,327.49781312840423,0.0,30377.642295684047,0,18,0
8006,909.2131876229912,909.2131876229907,0.0,122670.50641328629,0,21,3
8007,1227.9287482727398,1099.1799999999998,128.74874827274076,148599.39862598001,1,21,0
8008,947.018121525713,918.9690086279027,28.049112897811465,113995.30721015563,1,21,0
8009,1087.0611019174562,1087.0611019174557,0.0,146518.95327946078,0,21,0
8010,535.1357838479976,535.135783847998,0.0,56233.6646599611,0,21,0
8011,484.0255266897783,484.02552668977887,0.0,47539.280793579346,0,21,0
8012,698.3307839231522,698.3307839231522,0.0,73359.66746471217,0,21,0
8013,858.1658685749517,858.1658685749525,0.0,110728.99063301769,1,21,0
8014,290.4915202654749,290.49152026547574,0.0,35629.2083384182,0,15,0
8015,875.6174832616061,875.6174832616036,0.0,128624.154955239,0,18,3
8016,674.4391841300309,674.4391841300314,0.0,80351.69529039168,0,15,0
8017,660.1674686784964,660.1674686784966,0.0,78538.33914945714,0,17,2
8018,377.2586346424938,377.2586346424939,0.0,45531.0278582937,0,18,1
8019,1870.9738042208987,945.5686346424939,925.4051695784049,138258.67046130373,1,18,0
8020,930.6995542635011,888.2831483743902,42.41640588911115,119746.20808023619,2,18,0
8021,1581.750840517533,1060.7672075004152,520.9836330171183,145926.88799106606,1,18,0
8022,560.4239102827644,560.4239102827647,0.0,69198.32161552641,0,18,0
8023,645.589051115568,645.5890511155683,0.0,76471.8549692635,0,18,0
8024,369.55929337039936,369.5592933703998,0.0,44279.013293713346,0,18,0
8025,637.4966150548087,637.4966150548089,0.0,75383.56328932755,0,18,0
8026,860.9728704531785,760.8045617566851,100.16830869649405,114908.13044792325,0,18,0
8027,141.29456175668514,141.29456175668517,0.0,15565.608763843233,0,12,0
8028,204.25500752482478,204.25500752482492,0.0,23557.58162650674,0,14,2
8029,471.0643154430077,471.064315443008,0.0,54747.66104100268,0,16,2
8030,924.4550746229035,869.78,54.675074622903615,128065.99699884003,0,16,0
8031,620.0127868816727,620.0127868816734,0.0,73748.71148627551,0,16,0
8032,427.14512257742,427.1451225774198,0.0,48347.11251291908,0,16,0
8033,401.20502471319827,401.2050247131983,0.0,44607.83625761569,0,16,0
8034,311.5708205595227,311.570820559523,0.0,35649.60100567484,0,16,0
8035,521.7334271220866,521.7334271220866,0.0,60309.549395200185,0,17,1
8036,491.67961461929536,491.67961461929576,0.0,56334.82652059826,0,17,0
8037,348.8967172559725,348.89671725597236,0.0,41960.247737483325,0,19,2
8038,1287.6147702199528,988.6587124952486,298.95605772470486,136244.86174424138,3,23,4
8039,407.6387124952483,407.63871249524834,0.0,41796.221256881356,0,18,0
8040,750.2874364796403,750.2874364796403,0.0,91224.54485264549,1,19,1
8041,214.78714964425168,214.7871496442517,0.0,13230.5586065638,0,24,0
8042,915.5822609738391,915.5822609738389,0.0,101464.3313273821,1,24,0
8043,343.8789932066204,343.8789932066204,0.0,26779.73029915714,0,24,0
8044,387.3327491237246,387.33274912372474,0.0,32272.14864573931,0,24,0
8045,729.5235213339589,729.5235213339589,0.0,75861.31086602704,1,24,0
8046,1582.549934914364,1117.2112595190263,465.33867539533884,151325.58358444416,2,24,0
8047,1134.7391464733716,1099.8358472108216,34.90329926255063,148682.29565472348,2,24,0
8048,289.51533139511395,289.5153313951139,0.0,20408.52127181837,0,24,0
8049,440.3395328070852,440.3395328070859,0.0,38972.03971502218,0,24,0
8050,1070.5853310271737,1070.5853310271748,0.0,138950.1858571017,1,24,0
8051,1007.7018335942182,845.836498740235,161.86533485398354,107633.30019271994,1,24,0
8052,223.45709994204006,223.45709994204014,0.0,14063.344552763007,0,24,0
8053,230.76376538543354,230.76376538543371,0.0,14765.181136115709,0,24,0
8054,699.4461533719173,699.4461533719185,0.0,72874.36562708166,1,24,0
8055,545.5598130904857,545.5598130904856,0.0,52271.552856384085,0,24,0
8056,543.3570207800985,543.3570207800988,0.0,51993.12682291625,0,24,0
8057,486.54320645848674,486.5432064584875,0.0,44812.039031227745,0,24,0
8058,1118.843409432873,1118.4557500293727,0.3876594035011749,140316.99614625404,2,24,0
8059,1070.537176710129,1070.53717671013,0.0,126052.68946658619,1,24,0
8060,545.9138626149953,545.9138626149958,0.0,52316.30360492071,0,24,0
8061,628.31856775629,628.3185677562903,0.0,63036.473785655544,1,24,0
8062,366.4583551113833,366.4583551113833,0.0,29633.690767302152,0,24,0
8063,944.370642259392,944.3706422593926,0.0,105041.1485486337,1,24,0
8064,298.61819432564187,298.6181943256419,0.0,21282.890334886146,0,24,0
8065,428.05886819013125,428.05886819013165,0.0,45350.32695891613,0,12,0
8066,308.15368021622896,308.1536802162289,0.0,22309.251363087365,0,12,0
8067,658.8652855610597,571.7999999999998,87.0652855610605,79076.26040199999,0,12,0
8068,278.56438420156985,278.56438420157,0.0,19356.635781462177,0,12,0
8069,477.0231312804556,477.02313128045546,0.0,56521.994188425495,0,12,0
8070,386.06250710270507,386.0625071027053,0.0,36012.741090697455,0,12,0
8071,421.27467183878014,421.2746718387805,0.0,43841.910173811295,0,12,0
8072,195.09868561283275,195.0986856128328,0.0,11416.959086128327,0,12,0
8073,1036.8628480259417,748.4,288.4628480259431,102291.90314724001,1,19,7
8074,1398.8814971795246,880.85,518.0314971795262,119703.63520617002,0,19,0
8075,689.7653766376125,689.7653766376128,0.0,72266.7502179979,0,19,0
8076,933.1790477989325,933.1790477989273,0.0,118048.80271573307,0,19,0
8077,1230.5454693188412,1010.7471647223384,219.79830459650304,136507.8632693502,1,19,0
8078,1146.5123151684625,754.8455310404573,391.66678412800604,109116.77434691189,1,19,0
8079,177.79553104045706,177.79553104045723,0.0,23366.75411598186,0,16,0
8080,410.536955973411,410.53695597341107,0.0,59297.03576253491,0,16,0
8081,301.96213116633595,301.96213116633646,0.0,39257.927102597336,0,17,1
8082,1839.1598434726648,885.2621311663361,953.8977123063283,137395.34180685732,1,21,4
8083,479.977594231328,479.9775942313281,0.0,62010.15041875372,0,20,0
8084,772.0548890113363,772.0548890113366,0.0,96245.6514375761,1,21,1
8085,736.2972199090867,736.2972199090868,0.0,87976.14446700527,0,21,0
8086,1153.6622566099281,1057.1360299746138,96.52622663531398,140041.95338955533,3,21,0
8087,807.0958972346679,807.0958972346677,0.0,96924.87504391056,0,14,0
8088,498.51112378459806,498.51112378459857,0.0,56921.899459355685,0,9,0
8089,498.0969127344602,498.0969127344604,0.0,56869.54448282671,0,11,2
8090,426.249862132733,426.24986213273326,0.0,51315.64063147736,0,14,3
8091,770.8281182035187,770.8281182035189,0.0,93543.38685357053,1,15,1
8092,511.42224853124037,511.4222485312407,0.0,61692.08541920862,0,17,2
8093,2154.3485460814018,981.8348687997357,1172.513677281667,135256.40663833581,3,17,0
8094,615.2098792302611,615.2098792302614,0.0,72459.19328545679,0,17,0
8095,297.23040908376146,297.2304090837617,0.0,34839.255380601506,0,16,0
8096,592.9189358120526,592.9189358120532,0.0,70010.1721735257,0,17,1
8097,577.3457916959742,577.3457916959746,0.0,67556.94952802724,0,17,0
8098,387.908387758732,387.90838775873226,0.0,44274.79057145488,0,17,0
8099,642.9280312032438,642.928031203244,0.0,76515.75669182322,0,19,2
8100,1117.0538628713189,1043.0768171597879,73.97704571153133,151213.83514851815,2,19,0
8101,572.4808518150637,572.4808518150644,0.0,69474.52171575378,0,19,0
8102,954.9380241537071,882.5477126354672,72.39031151824062,113257.23232001934,2,19,0
8103,557.1346519528286,557.134651952828,0.0,60525.16479502997,0,20,2
8104,1332.63993037761,1023.0096274403427,309.6303029372675,138971.70263323886,2,20,0
8105,609.5723868029556,609.5723868029567,0.0,63034.85090303155,0,20,0
8106,397.54855799211595,397.5485579921161,0.0,38714.198463199944,0,19,0
8107,706.4676216241027,706.4676216241035,0.0,86894.0634016332,0,19,0
8108,353.7073980575453,353.70739805754533,0.0,35842.95944887123,0,18,0
8109,464.3385462819268,464.33854628192734,0.0,50444.611633643006,0,18,0
8110,386.662860776847,386.66286077684714,0.0,40387.184698791214,0,18,0
8111,746.7243596080959,746.724359608096,0.0,87531.2445107758,0,22,4
8112,1104.384962262346,1099.1848068554123,5.200155406934755,141999.23041761544,1,23,1
8113,347.2237098592344,347.2237098592343,0.0,27202.491984981967,0,24,0
8114,822.2862389915058,822.2862389915056,0.0,89314.67276283097,1,24,0
8115,711.0008411908133,711.0008411908132,0.0,73587.46625684352,1,24,0
8116,443.34322036314734,443.3432203631477,0.0,39351.69639353315,0,24,0
8117,684.2103787849808,684.2103787849817,0.0,70965.84735394146,1,24,0
8118,333.3152721785709,333.31527217857104,0.0,25444.509120732007,0,24,0
8119,657.5638981098141,657.5638981098151,0.0,66700.19926932815,1,24,0
8120,1266.2762353378118,942.5719267617803,323.70430857603276,106449.64284257957,3,24,0
8121,936.8752182233889,919.0582078882495,17.817010335140733,103061.79471730947,3,24,0
8122,469.33225948804585,469.3322594880465,0.0,42636.62935932654,0,24,0
8123,766.9980258095121,766.9980258095131,0.0,81717.75538600943,1,24,0
8124,395.67617139522605,395.676171395227,0.0,33326.73103085469,0,24,0
8125,1416.8119569496932,1039.070124677934,377.74183227175786,141001.6990701696,4,24,0
8126,985.6776725350592,985.6776725350595,0.0,110954.37855636845,1,24,0
8127,724.3786559984184,724.3786559984193,0.0,75829.36377798878,1,24,0
8128,257.6278316892786,257.627831689279,0.0,17345.59003203669,0,24,0
8129,385.18757468956267,385.1875746895636,0.0,32001.00533096389,0,24,0
8130,939.0950189496689,939.0950189496691,0.0,104703.92859965072,1,24,0
8131,323.40054623430734,323.4005462343075,0.0,24191.31888370184,0,24,0
8132,654.2286380215663,654.2286380215666,0.0,66476.75533868925,1,24,0
8133,1781.4011188348775,1119.5844956262204,661.8166232086577,138570.44205842252,3,24,0
8134,514.6963141712673,514.6963141712677,0.0,48370.50347351805,0,24,0
8135,1348.9472871513037,1118.8144701421538,230.13281700915064,138473.1132543465,2,24,0
8136,807.4246053764792,807.4246053764797,0.0,87093.22940381839,1,24,0
8137,394.27042778748597,394.27042778748626,0.0,33149.04945146544,0,24,0
8138,381.4965351978304,381.49653519783055,0.0,31534.469525381795,0,24,0
8139,482.93828507919784,482.9382850791985,0.0,44356.38828473383,0,24,0
8140,1770.0840587332739,917.9975993691528,852.0864593641218,102600.65958627913,2,24,0
8141,898.4746467249485,898.4746467249504,0.0,99376.26359801032,1,24,0
8142,442.24499237922294,442.24499237922265,0.0,40065.05668193063,1,24,0
8143,319.49153317122165,319.4915331712218,0.0,23697.23190291981,0,24,0
8144,703.6046549063867,703.6046549063875,0.0,73263.96284734335,1,24,0
8145,599.0703521462174,599.0703521462173,0.0,59171.2144450014,1,24,0
8146,1347.2008418645078,1128.6673171671935,218.5335246973143,141012.02504635995,3,24,0
8147,835.454364175638,835.4543641756391,0.0,90770.60152719879,1,24,0
8148,1063.8998245271773,1012.873306793802,51.02651773337584,137690.50352142664,1,24,0
8149,725.0355112994207,725.0355112994209,0.0,76094.4419497871,1,24,0
8150,1452.8082804264716,1124.3851550063964,328.423125420075,139177.23033480698,2,24,0
8151,910.7546460755045,910.7546460755048,0.0,101001.5056647151,1,24,0
8152,1059.1366023128548,1059.1366023128555,0.0,126172.79081372872,1,24,0
8153,593.9408876671391,593.9408876671406,0.0,58386.76881468018,0,24,0
8154,735.9570788182435,735.9570788182446,0.0,77593.30405509849,1,24,0
8155,1334.710125117475,1123.9132758818735,210.796849235602,141660.5405481157,2,24,0
8156,677.9959497286666,677.9959497286665,0.0,70521.996361139,1,24,0
8157,1126.2702734477803,995.103920254667,131.1663531931133,135444.50884098426,1,24,0
8158,482.32754907574446,482.32754907574554,0.0,44279.193170997685,0,24,0
8159,723.4295609517928,697.7469405530665,25.682620398726158,88748.57303873787,1,24,0
8160,595.0652478529317,595.0652478529322,0.0,58528.88441279761,0,24,0
8161,1325.6426746942075,754.410677254973,571.231997439235,104605.85355075674,1,16,0
8162,203.50067725497266,203.50067725497308,0.0,22830.315085846705,0,13,0
8163,245.62947377481834,245.6294737748185,0.0,27709.11197421888,0,13,0
8164,1120.0083166608636,692.8594737748184,427.148842886045,104387.9279274489,0,13,0
8165,470.97536223915296,470.9753622391532,0.0,53123.99525104352,0,13,0
8166,725.2700348419258,704.310313101971,20.959721739955057,103649.55082474554,1,13,0
8167,394.2942549161885,394.29425491618895,0.0,43162.1911717401,0,13,0
8168,895.1804368049422,723.9,171.28043680494264,108311.3530061,1,13,0
8169,1802.5918633490696,850.2110473901677,952.3808159589007,114200.32013197156,2,20,7
8170,1405.3045663133191,965.4648735162,439.8396927971181,126722.25534357187,2,20,0
8171,488.48026337431503,488.4802633743151,0.0,59813.60437999364,0,20,0
8172,701.2069368673391,701.2069368673402,0.0,83363.90568048392,0,20,0
8173,483.4279818615342,483.42798186153345,0.0,59346.80264079758,0,20,0
8174,955.9934485225715,955.9934485225722,0.0,119403.65615183517,1,22,2
8175,715.470764858563,715.4707648585646,0.0,89516.33812007857,0,22,0
8176,1160.3139171489265,1115.9038896373022,44.4100275116252,161823.69583254465,2,21,0
8177,622.7079083204294,622.7079083204304,0.0,80713.09810043818,0,21,0
8178,656.4820865732629,656.4820865732632,0.0,84982.0482144507,0,21,0
8179,839.1804088202994,839.1804088202999,0.0,111541.016499859,1,21,0
8180,722.2607857278803,722.2607857278808,0.0,89958.5868282577,0,22,1
8181,1075.108017090454,1050.3963265893735,24.711690501080774,151584.23698388762,1,22,0
8182,351.0963265893735,351.0963265893736,0.0,42185.37577744766,0,18,0
8183,521.8356133426832,521.8356133426834,0.0,62411.32959345773,0,18,0
8184,1052.1498200436174,977.7240514126854,74.4257686309324,143257.87802076613,3,18,0
8185,565.5785794719483,565.5785794719485,0.0,66816.76530295334,0,18,0
8186,1150.8867722310695,934.3312504907753,216.5555217402947,120429.68554510346,3,20,2
8187,1765.8241310617311,850.0755884970715,915.74854256466,120222.04219850454,3,20,0
8188,288.41558849707144,288.4155884970716,0.0,30222.47094930452,0,17,0
8189,358.1816575668572,358.1816575668571,0.0,37463.69153826747,0,17,0
8190,691.1554874494173,674.4347226592639,16.720764790153428,90310.42423644228,1,21,4
8191,645.9341171157918,645.934117115792,0.0,73749.65729362388,0,21,0
8192,802.6803705107899,802.6803705107911,0.0,90113.23986174095,0,22,1
8193,1955.7838686347354,1118.9924203198002,836.7914483149359,138495.60559821542,4,22,0
8194,833.7749400843787,833.7749400843792,0.0,90705.81336998858,0,22,0
8195,801.0554227455204,801.0554227455209,0.0,87056.0885486823,1,22,0
8196,555.842925304155,555.8429253041553,0.0,61320.63002665165,0,22,0
8197,1108.7042644608464,1092.3771911051413,16.327073355705124,135874.336694017,1,23,1
8198,586.1486697397346,586.1486697397346,0.0,65250.61365976745,0,23,0
8199,868.1915102397784,868.1915102397788,0.0,96181.62855094895,1,24,1
8200,1351.5473608601521,1061.6437030801897,289.90365777996266,146728.76324478787,4,24,0
8201,345.1437030801892,345.1437030801896,0.0,37157.90203834785,0,19,0
8202,571.6722806918436,571.6722806918436,0.0,66265.78330761999,0,19,0
8203,390.9495620116427,390.9495620116428,0.0,40987.44335439572,0,19,0
8204,674.7263303852022,674.7263303852022,0.0,86476.33912236801,0,19,0
8205,1089.8441050448012,953.2850107012953,136.55909434350588,133496.4124229952,3,20,1
8206,732.611256577762,732.6112565777629,0.0,78102.3547376195,0,17,0
8207,694.7153584484124,694.7153584484128,0.0,73531.50494568585,0,17,0
8208,474.8307911868385,474.83079118683895,0.0,43813.78432744736,0,13,0
8209,645.8368838260488,645.8368838260499,0.0,75807.0569926371,1,16,3
8210,1062.3814631223934,899.583765412404,162.79769770999206,114083.81944515221,2,18,2
8211,666.1575097992843,666.1575097992849,0.0,71418.10388661218,1,18,0
8212,574.5371271023192,574.5371271023183,0.0,58758.0175636336,0,18,0
8213,1799.0206475568593,859.4798236966341,939.5408238602272,106496.01769612406,2,18,0
8214,500.6995309295941,500.69953092959383,0.0,53145.73330604304,0,18,0
8215,1439.4292325476035,853.083039420132,586.3461931274718,103456.40410134385,2,18,0
8216,1475.2755499733607,909.4304279185897,565.8451220547709,110727.96949139489,2,22,4
8217,1000.6355127581984,963.7364086619606,36.89910409623951,130850.76575727503,1,21,0
8218,1134.936308737284,1084.5434202023534,50.39288853493231,146749.38088378153,1,21,0
8219,932.2671501576662,932.2671501576659,0.0,113194.3182928479,0,21,0
8220,472.64080870549907,472.6408087054997,0.0,51066.83774893665,0,20,0
8221,1159.49788134643,1083.0588913643833,76.4389899820477,146854.17030568625,1,22,2
8222,841.8329054468776,841.8329054468778,0.0,92086.94264575184,0,22,0
8223,699.3949769080898,699.394976908089,0.0,73720.6078432099,0,22,0
8224,1106.1235300758044,1090.944589207008,15.178940868798202,147558.46855270036,1,22,0
8225,615.1565163544057,615.1565163544047,0.0,66410.81333375192,0,22,0
8226,1346.3043050580065,993.928971362555,352.3753336954552,117672.49309337305,2,22,0
8227,1269.5869724554873,952.9154924750496,316.6714799804388,127852.47760098279,3,22,0
8228,340.5139713631333,340.5139713631307,0.0,32054.949637172875,0,15,0
8229,441.6758171649774,441.675817164974,0.0,39615.73528294263,0,14,0
8230,507.6956780815579,507.6956780815579,0.0,48083.582842235985,0,14,0
8231,570.7808212346658,570.7808212346629,0.0,56989.35435754356,0,14,0
8232,344.3700639878922,344.37006398789214,0.0,28859.603853250464,0,11,0
8233,636.8690453213766,636.869045321376,0.0,75764.89583728457,0,15,4
8234,458.5057006208413,458.5057006208414,0.0,41371.72727560416,0,14,0
8235,380.96653652578857,380.96653652578897,0.0,31751.28745840333,0,14,0
8236,500.36488155667513,500.3648815566751,0.0,46726.59147508052,0,16,2
8237,397.0503000332572,397.0503000332567,0.0,37642.10621351032,0,18,2
8238,877.7724813305066,877.7724813305066,0.0,113952.97634751981,1,18,0
8239,775.8581970240572,775.8581970240556,0.0,85069.08301597383,0,18,0
8240,847.3125048273535,784.9561770044144,62.35632782293945,108915.56135847761,1,19,1
8241,631.8666762598086,631.8666762598086,0.0,72848.36140439745,0,19,1
8242,600.3502621445107,600.3502621445117,0.0,67390.03102271026,0,20,1
8243,809.1371216162875,806.1864887482711,2.9506328680164726,116844.98065628331,0,20,0
8244,265.3264887482711,265.3264887482712,0.0,26366.982055813307,0,17,0
8245,559.6637825341242,559.6637825341247,0.0,59377.87926882301,0,18,1
8246,440.01333097355837,440.0133309735583,0.0,42871.38196585861,0,18,0
8247,989.1796070727983,944.111717293585,45.0678897792125,127794.44384171964,1,18,0
8248,408.731717293585,408.7317172935849,0.0,41346.78251952963,0,18,0
8249,973.3972959279,812.8804849406213,160.5168109872788,113301.43010819856,2,18,0
8250,204.37048494062125,204.3704849406214,0.0,23616.444368678538,0,14,0
8251,422.48161687642744,422.48161687642875,0.0,48468.8826865663,0,17,3
8252,628.9940396797282,628.9940396797285,0.0,75108.27520663026,0,20,3
8253,2357.553559748398,1120.19,1237.3635597484003,161265.12672159006,1,20,0
8254,577.066622923078,577.0666229230783,0.0,70120.42390275387,0,18,0
8255,535.6677782588757,535.6677782588762,0.0,65734.78406268157,0,18,0
8256,917.8605902179729,917.8605902179709,0.0,113146.42628793312,0,18,0
8257,557.0859475434013,557.0859475434012,0.0,68448.98441453672,0,18,0
8258,205.2310867251909,205.23108672519083,0.0,26247.499034922897,0,13,0
8259,1418.5709645612656,695.6610867251908,722.9098778360756,111954.54228328292,2,17,4
8260,1259.0404846431015,878.21,380.83048464310343,135258.35232011002,1,17,0
8261,682.0022354102696,682.0022354102689,0.0,88822.54020359332,0,17,0
8262,417.7950287890872,417.79502878908744,0.0,53114.914073585285,0,17,0
8263,460.5406296712378,460.54062967123787,0.0,55410.34178657794,0,18,1
8264,841.4212455828535,841.421245582854,0.0,109852.61870291969,1,18,0
8265,501.41488316396243,501.41488316396214,0.0,57463.698473378405,0,17,0
8266,366.15914216748143,366.1591421674815,0.0,44337.567374062695,0,19,4
8267,979.858287722408,937.4391421674816,42.41914555492736,137555.10243528272,1,19,0
8268,1145.6139126224261,1109.9457616307332,35.66815099169313,156907.0693833615,2,19,0
8269,1001.0527986733689,1001.052798673369,0.0,133446.98725532563,0,19,0
8270,544.352339468361,544.3523394683608,0.0,67471.51767566723,0,19,0
8271,1028.6159431778913,907.5641207208646,121.05182245702647,128655.36696744178,2,19,0
8272,1286.835686311487,916.696115538938,370.13957077255014,121162.66524151576,2,19,0
8273,535.8069777509612,535.8069777509611,0.0,64604.021800395305,0,19,0
8274,1391.0948986848466,884.9595902128433,506.1353084720029,131369.14343931596,1,19,0
8275,300.86959021284326,300.8695902128433,0.0,36532.46458868592,0,18,0
8276,1890.9287728263034,1011.3922439162446,879.53652891006,138783.0332675076,4,23,5
8277,747.293542625681,747.2935426256818,0.0,80024.69309345167,0,23,0
8278,413.0352548956231,413.0352548956238,0.0,42595.09679803624,0,21,0
8279,479.08143860052115,479.08143860052064,0.0,51293.15664796924,0,21,0
8280,1055.8459214895324,1055.8459214895324,0.0,142319.82584797568,1,21,0
8281,1255.9529208868225,994.44,261.51292088682396,137839.08538390003,1,21,0
8282,596.1562629472118,596.1562629472115,0.0,77429.76763270411,0,20,0
8283,198.51037712662287,198.51037712662298,0.0,17082.984507931345,0,14,0
8284,380.2381205280476,380.23812052804783,0.0,38634.41076790811,0,15,1
8285,933.5877244585894,707.5609922288138,226.0267322297689,102911.38862596748,1,15,0
8286,388.72099222881377,388.7209922288139,0.0,38454.863201727465,0,16,1
8287,641.6494609786954,641.6494609786959,0.0,65617.67753562928,1,16,0
8288,1101.1756338821672,737.1549362234355,364.02069765873307,91658.40125103437,1,16,0
8289,574.3915183073656,574.3915183073626,0.0,56583.32638907465,0,16,0
8290,835.1272492108484,755.7344327379872,79.39281647286543,91357.46271600344,1,16,0
8291,2067.1600509626646,695.1167380910995,1372.0433128715656,98000.79148547412,4,16,0
8292,157.67673809109957,157.6767380910995,0.0,11921.740710634112,0,13,0
8293,531.3742018044618,531.3742018044618,0.0,62679.878283101316,0,21,8
8294,583.5749047259025,583.574904725903,0.0,67275.94838830376,0,21,0
8295,1577.945948971934,1081.5552399249332,496.3907090470012,153042.64445972408,3,21,0
8296,579.4652399249327,579.4652399249334,0.0,67234.85174029406,0,21,0
8297,904.6285319740678,894.1083614829896,10.520170491079483,106124.37276542591,2,22,1
8298,719.7660375849941,719.7660375849954,0.0,81428.41502323533,1,22,0
8299,1030.853739525321,1004.7549941605117,26.098745364810057,138611.78298416297,1,22,0
8300,320.3849941605112,320.3849941605116,0.0,39108.130949252954,0,18,0
8301,269.7812338697708,269.78123386977086,0.0,32217.075799708502,0,17,0
8302,465.5671716984792,465.5671716984794,0.0,55398.26392198392,0,17,0
8303,865.0589539115259,865.058953911527,0.0,121924.3153325534,0,17,0
8304,412.81799860521625,412.8179986052164,0.0,50331.47939417591,0,16,0
8305,651.8123073000838,651.8123073000847,0.0,77842.99797128823,0,17,1
8306,595.5356980883905,595.535698088391,0.0,70246.07006839786,0,17,1
8307,829.3338390074002,829.3338390074008,0.0,108380.00711202293,0,17,0
8308,787.6675943539395,787.6675943539401,0.0,95737.6718295112,0,18,1
8309,1288.2752155385022,1073.2136475352384,215.06156800326426,152674.29057911603,1,19,1
8310,887.8619819918841,887.8619819918845,0.0,108698.75014440689,0,19,0
8311,755.4032700789519,755.4032700789522,0.0,95438.4175138678,0,19,0
8312,344.69122981716845,344.69122981716885,0.0,41670.380670508675,0,18,0
8313,481.31308008366074,481.3130800836609,0.0,59275.01727885844,0,20,2
8314,1211.7375099913,1113.0440174343603,98.69349255693919,159123.7082357484,2,21,1
8315,889.26918855597,858.961272550057,30.307916005913707,130410.5142216627,1,21,0
8316,188.25127255005683,188.251272550057,0.0,24520.467495782672,0,16,0
8317,941.1068839696276,594.3612725500568,346.745611419569,99884.10017934268,1,16,0
8318,588.3376263045174,588.3376263045174,0.0,97477.5280621259,0,16,0
8319,196.97283059040942,196.97283059040987,0.0,25622.845055112586,0,16,0
8320,751.119848678733,713.0828305904098,38.03701808832315,111552.4499686726,0,17,1
8321,1082.5553333517148,928.3726439560783,154.18268939563654,135971.29727801896,2,17,0
8322,572.5743440521564,572.5743440521567,0.0,68600.82924898247,0,17,0
8323,275.49817238393274,275.4981723839329,0.0,32865.36735877081,0,17,0
8324,873.930473006795,873.9304730067956,0.0,129352.21548400665,0,20,3
8325,470.07530086262494,470.07530086262545,0.0,54545.44533144177,0,20,0
8326,349.6217319866226,349.62173198662254,0.0,42027.46110941053,0,19,0
8327,1120.6980967640732,1077.3617319866225,43.336364777452694,147012.9450058905,1,23,4
8328,1788.4176726416547,1145.4751972271272,642.9424754145283,141842.9454698648,2,23,0
8329,1271.0393403819953,1112.6810519242024,158.3582884577927,147778.4899357549,2,24,0
8330,402.0433008920246,402.04330089202506,0.0,34131.51621283047,0,24,0
8331,1159.8702920821934,961.34013142262,198.530160659574,108655.99859576164,2,24,0
8332,1595.8958925612903,975.6412178217071,620.2546747395841,116928.10393863301,2,24,0
8333,366.72795510708335,366.7279551070833,0.0,29667.767360484246,0,24,0
8334,616.8941387809202,616.8941387809206,0.0,61716.34628440527,1,24,0
8335,520.8021238156566,520.8021238156568,0.0,49142.25864643237,0,24,0
8336,1477.8465300820521,1164.2807004478138,313.56582963423955,144219.90204648493,3,24,0
8337,513.0613796490157,513.0613796490161,0.0,48163.852881964915,0,24,0
8338,1586.8568312955213,1088.1222640181495,498.73456727737295,150712.54182798736,2,24,0
8339,61.40059711987356,61.40059711987362,0.0,614.0059711987362,0,24,0
8340,774.8138112596481,774.8138112596484,0.0,82635.44719317553,1,24,0
8341,522.0493317164941,522.0493317164944,0.0,49299.901810112635,0,24,0
8342,862.8732587492239,862.8732587492254,0.0,94284.60150308008,1,24,0
8343,1111.7578788564522,1108.2853000483742,3.4725788080776283,151108.15301384823,2,24,0
8344,684.4496033250513,684.4496033250521,0.0,70513.5381959407,1,24,0
8345,347.9989431797356,347.99894317973576,0.0,27300.47904323596,0,24,0
8346,613.4651718712786,613.46517187128,0.0,60854.57705135528,0,24,0
8347,858.7582554175032,858.7582554175037,0.0,93983.44239679787,1,24,0
8348,641.5627287375247,641.5627287375252,0.0,65031.40461933027,1,24,0
8349,333.0905963657598,333.09059636576035,0.0,25416.110803250114,0,24,0
8350,199.06803420674353,199.06803420674368,0.0,11720.67008662858,0,24,0
8351,401.47703295978806,401.47703295978897,0.0,34059.94172371087,0,24,0
8352,1144.4063524023081,1041.8167152853139,102.58963711699528,141348.8595013945,2,24,0
8353,1062.6231261289745,1051.6496218599782,10.973504268997843,142591.70802693826,1,20,0
8354,737.0191769020932,737.0191769020935,0.0,78695.14323526992,0,20,0
8355,1088.7533019338182,954.1879512711232,134.56535066269518,120097.93946198106,1,20,0
8356,1152.7464409320214,1036.48,116.26644093202103,142447.35388840002,2,20,0
8357,453.92949015091665,453.9294901509154,0.0,55173.52355019665,0,17,0
8358,285.1911971602982,285.1911971602982,0.0,34006.208699856055,0,17,0
8359,1202.311459294,799.8911971602981,402.4202621337016,119957.71558465609,1,17,0
8360,898.9250289278792,898.9250289278798,0.0,127351.4628952832,0,17,0
8361,660.9354116793842,660.9354116793845,0.0,78621.13918132574,0,19,2
8362,1454.4817106297512,1056.5279430590142,397.95376757073825,151633.78425272263,3,19,0
8363,718.1458969170106,718.1458969170112,0.0,85833.64316343977,0,19,0
8364,773.5512002673121,773.5512002673124,0.0,92944.65364334486,0,19,0
8365,673.4813536829552,673.4813536829556,0.0,80152.12279391637,0,20,1
8366,798.8169272896854,798.8169272896857,0.0,97127.02358342183,1,20,0
8367,666.8984549873511,666.898454987351,0.0,79358.5405924128,0,20,0
8368,497.8310864807728,497.8310864807729,0.0,57142.878772029224,0,17,0
8369,461.72722658263694,461.727226582637,0.0,55381.88501068601,0,17,0
8370,762.4897399656434,762.4897399656437,0.0,97441.89350717957,0,17,0
8371,503.6540607394155,503.654060739416,0.0,59409.13742334367,0,17,0
8372,931.9639967741924,931.4999999999999,0.4639967741930523,136786.23408130003,0,17,0
8373,755.7790578887897,755.7790578887898,0.0,97939.66105034453,1,17,0
8374,448.28854688864067,448.28854688864084,0.0,53461.76210044469,0,17,0
8375,286.10897508910915,286.1089750891092,0.0,33785.425438819,0,17,0
8376,1190.5792592253913,991.8589750891093,198.72028413628266,144062.45329252904,2,22,5
8377,1155.9989802064315,1034.641980698701,121.35699950773059,148605.6154146382,3,22,0
8378,1071.3715675642527,1071.3715675642532,0.0,136432.5749634965,0,22,0
8379,832.0950931396188,832.0950931396192,0.0,100539.77233734702,0,22,0
8380,450.48839676666256,450.48839676666285,0.0,54784.377758285285,0,21,0
8381,508.43192633577297,508.431926335773,0.0,60350.10252497077,0,21,0
8382,636.2472247518596,636.2472247518602,0.0,74889.87173651662,0,21,0
8383,812.4415991684157,812.4415991684162,0.0,98019.476089568,0,21,0
8384,882.761613542207,815.5831191838404,67.178494358367,99827.07171450408,3,21,0
8385,638.864282798468,638.8642827984689,0.0,78483.05869238976,0,21,0
8386,1627.0448770565313,1127.1268912522755,499.9179858042559,149533.90723597605,3,21,0
8387,713.2479967775228,713.247996777523,0.0,85627.93374936201,0,21,0
8388,712.6241567614311,712.6241567614315,0.0,85288.37091523685,0,20,0
8389,1042.2293715313579,1042.229371531358,0.0,148997.64381807324,0,18,0
8390,560.5574279552366,560.5574279552364,0.0,70267.1306275004,0,18,0
8391,213.1395324755838,213.13953247558382,0.0,27933.094153121358,0,16,0
8392,665.8808799512922,665.8595324755836,0.02134747570895408,109388.20607314138,0,17,1
8393,295.0036691421739,295.0036691421743,0.0,38280.464056253404,0,17,0
8394,533.328884735838,533.3288847358381,0.0,71088.03167780372,0,17,0
8395,324.55536391443695,324.55536391443695,0.0,42015.70551269751,0,17,0
8396,247.6070095430798,247.60700954307998,0.0,32365.090639318023,0,17,0
8397,1780.3836710658652,972.27700954308,808.1066615227861,137000.70076620806,1,23,6
8398,706.7935860476514,686.7985126266773,19.995073420974226,78896.75955868936,1,20,0
8399,756.0375726696751,756.0375726696758,0.0,82922.20550666472,1,18,0
8400,562.3245676908818,562.3245676908815,0.0,55895.17533714527,0,12,0
8401,305.6003775834543,305.60037758345413,0.0,21953.559011311736,0,24,0
8402,535.2492801667588,535.2492801667597,0.0,50968.33385958798,0,24,0
8403,500.3958598901114,500.3958598901122,0.0,46562.97094150599,0,24,0
8404,169.39350753545014,169.39350753545023,0.0,8870.304407107844,0,24,0
8405,1390.6051794061957,997.9136680578429,392.69151134835226,135799.65214350738,2,24,0
8406,922.3417693997712,922.3417693997717,0.0,103108.07976582382,1,24,0
8407,966.8752888178888,966.8752888178886,0.0,109614.13035464479,1,24,0
8408,1132.7009198934581,1116.6935813966866,16.007338496771695,151654.0218920953,2,24,0
8409,1095.4894462911204,1022.9705714638942,72.51887482722702,122527.13493159451,2,24,0
8410,676.2052459233806,676.2052459233811,0.0,69500.24058318805,1,24,0
8411,776.2619233003642,701.97978444541,74.28213885495464,72689.43810348192,3,24,0
8412,1566.5091886797297,1122.5575739837286,443.95161469600185,138946.2298303186,4,24,0
8413,1216.451469179095,1119.8308302321445,96.62063894695068,141917.42523986843,2,24,0
8414,705.5682220793252,705.5682220793259,0.0,73578.80592357993,1,24,0
8415,395.5820320013382,395.582032001338,0.0,33314.83210697067,0,24,0
8416,1188.7147554021642,1090.3033396667054,98.41141573545933,147771.40383721452,2,24,0
8417,466.5368627972981,466.536862797298,0.0,42283.29999236615,0,24,0
8418,974.6598072044794,860.3793756416256,114.28043156285364,111094.10156310293,2,24,0
8419,1489.8887633130673,1114.7092574244866,375.1795058885814,137954.2272530961,4,24,0
8420,928.4802190109029,928.4802190109039,0.0,103785.40590883755,1,24,0
8421,350.81190538217743,350.81190538217743,0.0,27656.02863573623,0,24,0
8422,662.5095281648266,662.5095281648266,0.0,68301.66859032238,1,24,0
8423,488.9073679568467,488.90736795684734,0.0,45110.861623517485,0,24,0
8424,1567.6590300993453,1140.2024088189328,427.45662128041437,141176.48156635184,2,24,0
8425,553.1963512782683,553.1963512782687,0.0,53245.64165407703,1,24,0
8426,330.43515550737635,330.4351555073765,0.0,25080.471414179254,0,24,0
8427,655.944222365366,655.9442223653671,0.0,66456.7154849224,1,24,0
8428,527.3650364292112,527.3650364292112,0.0,49971.79019980294,0,24,0
8429,1151.9216891855722,1080.5922994892715,71.32938969630123,149380.33559826424,2,24,0
8430,879.1447997237312,879.1447997237314,0.0,97034.29880318145,1,24,0
8431,1149.577785031897,1029.263298748865,120.31448628303247,139762.14705636183,2,24,0
8432,989.3721346332666,989.3721346332675,0.0,114250.50220131753,1,24,0
8433,340.32830825137717,340.32830825137717,0.0,26330.93486641447,0,24,0
8434,1336.4841431127334,1060.7749793330509,275.70916377968217,143745.12456703756,3,24,0
8435,996.8878241793076,996.8878241793082,0.0,112613.19460350776,1,24,0
8436,977.9990039416912,977.9990039416919,0.0,112122.36577659604,1,24,0
8437,294.03025305763015,294.03025305763026,0.0,20842.198880061762,0,24,0
8438,858.7629912911615,858.7629912911622,0.0,94020.73273701736,1,24,0
8439,964.4772619910984,964.4772619911005,0.0,108018.41955517101,1,24,0
8440,789.6585596167652,789.6585596167654,0.0,85215.82461006632,1,24,0
8441,275.84138435506713,275.84138435506725,0.0,19095.079956367244,0,24,0
8442,1584.291408594662,1123.9295024054852,460.36190618917703,143666.77323228304,2,24,0
8443,677.9622951010424,677.9622951010429,0.0,69885.3925552022,1,24,0
8444,954.2891150026913,954.2891150026927,0.0,107046.77410168508,1,24,0
8445,444.3542858386185,444.3542858386194,0.0,39479.491895898245,0,24,0
8446,491.3950035587858,491.3950035587868,0.0,45425.29095491448,0,24,0
8447,443.6077697031472,443.6077697031491,0.0,39385.13459968895,0,24,0
8448,554.8204722817273,554.8204722817273,0.0,53442.071108947835,0,24,0
8449,1079.244866726749,722.7549522462825,356.4899144804672,85883.01434474587,1,16,0
8450,687.7446145349173,687.7446145349181,0.0,74196.38014897965,0,16,0
8451,2017.621414650102,786.7889971949429,1230.8324174551603,96556.41172219825,4,16,0
8452,647.3782833664395,647.37828336644,0.0,68921.07674408205,1,16,0
8453,1381.3867032828916,802.3370906634191,579.0496126194732,106356.25414822128,1,15,0
8454,491.965146943827,491.9651469438273,0.0,45497.35528910351,0,15,0
8455,2733.0072278244184,753.5558005167817,1979.4514273076402,95616.93975863521,3,15,0
8456,802.4732948161543,737.0490377802109,65.42425703594466,99963.2200606891,1,15,0
8457,928.2547278605621,849.4763100837126,78.77841777684999,115067.63146328395,1,20,5
8458,636.002175190118,636.0021751901179,0.0,64975.0724765718,0,21,1
8459,436.48877884062944,436.4887788406297,0.0,42970.744681970056,0,21,0
8460,398.7957405811919,398.7957405811919,0.0,40706.748739891926,0,21,0
8461,673.8218948926743,673.8218948926747,0.0,70651.25350233572,0,22,1
8462,478.5259458882528,478.5259458882524,0.0,47956.496866772344,0,22,0
8463,708.0206251600656,708.0206251600654,0.0,75020.06477670587,0,24,2
8464,1291.8055402776652,1098.9468048241972,192.85873545346954,153444.43467947503,3,24,0
8465,356.5268048241972,356.5268048241971,0.0,46603.44486351501,0,19,0
8466,690.1008545680262,690.1008545680277,0.0,95772.73417947246,0,19,0
8467,908.9093339311152,908.9093339311156,0.0,127582.34343929127,0,19,0
8468,643.5370341377967,643.5370341377971,0.0,83345.83422112738,0,19,0
8469,975.6214648218863,975.6214648218871,0.0,128523.57237264767,0,20,1
8470,1254.0688173797828,1099.1653883183708,154.90342906141166,147232.61950439162,1,20,0
8471,1093.5581048823872,1088.2363714177416,5.321733464646768,152682.53301909764,1,20,0
8472,1042.8017531772475,1042.8017531772475,0.0,133094.30491241618,1,20,0
8473,462.70497656990483,462.7049765699044,0.0,41798.96160151446,0,24,0
8474,437.27376846879514,437.27376846879554,0.0,38584.536726096536,0,24,0
8475,548.7227601873726,548.7227601873739,0.0,52671.339440939824,0,24,0
8476,370.76275335663803,370.76275335663854,0.0,30177.753193996323,0,24,0
8477,1640.0069472549292,1086.2580368544595,553.7489104004705,146966.10304642603,3,24,0
8478,1363.1850426969888,1145.692414621437,217.49262807555064,141870.40106666012,2,24,0
8479,831.0288171197747,831.0288171197749,0.0,90467.68708239029,1,24,0
8480,694.8308020626957,694.8308020626961,0.0,71807.38573425917,1,24,0
8481,977.3665304938103,940.0619663296291,37.30456416418167,105852.47690628319,2,24,0
8482,1372.5549592953187,1117.6935142279704,254.8614450673483,142849.79510410593,3,24,0
8483,989.5803485530149,989.5803485530154,0.0,112295.5117517887,1,24,0
8484,832.9335044543392,832.9335044543407,0.0,90464.49689955579,1,24,0
8485,942.986573986209,899.0374674758574,43.94910651035127,98651.45062020991,2,24,0
8486,487.1956039007668,487.1956039007673,0.0,44894.500020056345,0,24,0
8487,422.33690117407536,422.3369011740755,0.0,36696.56358687036,0,24,0
8488,807.6336797481624,807.6336797481638,0.0,87238.33219774664,1,24,0
8489,378.6057515096568,378.6057515096579,0.0,31169.083541366774,0,24,0
8490,477.1358059103378,477.13580591033883,0.0,43622.97313177207,0,24,0
8491,518.1310322779913,518.1310322779918,0.0,48804.64106062785,0,24,0
8492,908.8721430227722,908.8721430227724,0.0,101750.8881449758,1,24,0
8493,478.90542708183165,478.905427081831,0.0,43846.647693007835,0,24,0
8494,679.3804982776392,679.3804982776394,0.0,69980.80205833667,1,24,0
8495,1361.2882860148945,1114.8428495725939,246.4454364423027,137971.1128812711,3,24,0
8496,823.6556744051295,809.4995181939333,14.1561562111972,99482.88787495895,1,24,0
8497,1060.5196864190498,925.9999999999999,134.5196864190516,126709.99023800004,0,18,0
8498,593.3221646696697,593.3221646696703,0.0,60631.77045596212,0,18,0
8499,1269.937318720875,925.9999999999999,343.9373187208772,126709.99023800004,2,18,0
8500,578.105027165002,578.1050271650024,0.0,63440.24664870106,0,18,0
8501,312.98800819974366,312.98800819974366,0.0,31385.932971762693,0,17,0
8502,682.11184785369,682.1118478536907,0.0,102061.64313367315,0,17,0
8503,1356.1038509411828,586.6238746716333,769.479976269542,91665.13682943795,0,17,0
8504,145.76387467163335,145.76387467163352,0.0,19602.701936637928,0,15,0
8505,403.9373018430378,403.93730184303746,0.0,50686.4765872241,0,16,1
8506,334.9779630192966,334.97796301929725,0.0,37620.59111055875,0,16,0
8507,492.11852258334085,492.118522583341,0.0,59914.79482268737,0,18,2
8508,838.0110669467274,838.0110669467276,0.0,110657.57464444703,1,18,0
8509,1766.2587973126142,1096.7999999999997,669.4587973126152,158308.7041428,2,18,0
8510,1369.8460307552732,892.7924549142339,477.05357584103865,132291.92241758114,1,18,0
8511,333.6924549142337,333.69245491423385,0.0,40613.901123341115,0,18,0
8512,255.07867116537903,255.07867116537912,0.0,33386.72801127513,0,17,0
8513,499.5948885667979,499.5948885667983,0.0,64594.86223121889,0,21,4
8514,526.2330434564108,526.2330434564112,0.0,67659.78951528698,0,21,0
8515,899.557758193775,857.4000200368987,42.157738156876974,133865.4746110611,0,21,0
8516,285.0300200368984,285.03002003689863,0.0,37172.4844913511,0,19,0
8517,783.5509979089899,783.5509979089909,0.0,112141.50404499873,0,20,1
8518,1178.6584243037767,1108.5423883256092,70.11603597816816,153460.1516583972,1,20,0
8519,1287.211284579248,934.7221806744946,352.4891039047545,115935.81034526104,2,18,0
8520,677.725286319712,677.7252863197124,0.0,80846.82282202363,0,14,0
8521,756.4535722220942,756.453572222094,0.0,91718.126317406,1,20,6
8522,744.1797327919948,731.4632903248701,12.716442467124821,114428.6913098976,0,20,0
8523,111.50329032487001,111.50329032487008,0.0,14995.250161377568,0,14,0
8524,687.6959693531329,562.9432903248698,124.7526790282631,96214.34719889758,0,16,2
8525,552.7836436437077,552.7836436437077,0.0,77595.12990241469,0,16,0
8526,592.7586785323315,592.7586785323314,0.0,79091.61828418176,0,16,0
8527,678.5148840980198,678.5148840980202,0.0,85592.53955590277,0,17,1
8528,563.3461720965839,563.3461720965839,0.0,66421.60810412416,0,17,0
8529,738.3513675897103,738.3513675897102,0.0,88767.79985416809,0,17,0
8530,671.8056698290211,594.2153741043301,77.59029572469083,71754.10529351194,1,17,0
8531,1204.5781783208997,997.4199999999998,207.15817832090045,145002.60851953004,2,18,1
8532,727.7595750818222,727.7595750818224,0.0,110830.35863010409,0,18,0
8533,175.7434877264782,175.74348772647835,0.0,22953.106763938893,0,15,0
8534,837.3690628368303,771.0134877264783,66.35557511035246,114479.6812186789,0,21,6
8535,516.2654620005871,516.2654620005876,0.0,58739.97878620561,0,21,0
8536,1351.0374847246612,1027.4154620005877,323.62202272407444,145577.2204274056,2,21,0
8537,850.2901392480723,850.2901392480727,0.0,106257.83091255763,0,21,0
8538,575.6640727052288,575.6640727052286,0.0,66136.83152820787,0,21,0
8539,232.19181572806355,232.1918157280639,0.0,21591.840196397705,0,16,0
8540,883.719056940844,722.7518157280638,160.96724121278072,101934.12680901772,0,17,1
8541,304.38063633692104,304.38063633692116,0.0,26259.579997726276,0,16,0
8542,455.6455637648997,455.64556376490043,0.0,44440.10963492385,0,17,1
8543,714.8162788731628,714.8162788731623,0.0,75617.83709146238,0,17,0
8544,873.6470659356534,873.6470659356548,0.0,116100.72967655824,1,17,0
8545,341.59098900163303,341.59098900163326,0.0,26490.533749691967,0,24,0
8546,435.0818504235519,435.0818504235518,0.0,38307.48516560847,0,24,0
8547,1284.779614236081,1175.2633818334402,109.51623240264226,145608.07849899124,2,24,0
8548,1138.8254250151178,1120.415827907379,18.409597107739273,143025.9492323606,2,24,0
8549,406.2882746810577,406.28827468105794,0.0,34668.0675747915,0,24,0
8550,1270.4788510797612,1142.3772036418923,128.1016474378685,141451.36880529296,2,24,0
8551,362.899835389205,362.89983538920524,0.0,29183.905044612253,0,24,0
8552,797.6795958008157,797.6795958008156,0.0,86832.93859423672,1,24,0
8553,461.4454578573572,461.4454578573576,0.0,41639.76238987779,0,24,0
8554,1499.081369038513,1090.1025640528637,408.9788049856493,149701.5706501339,2,24,0
8555,584.6393326979518,584.639332697952,0.0,57561.176414112204,1,24,0
8556,700.8954249111467,700.8954249111465,0.0,72858.71840076751,1,24,0
8557,492.8066298417275,492.8066298417284,0.0,45603.7160859834,0,24,0
8558,666.8994908356015,665.6471819112282,1.2523089243735512,68154.52549607746,2,24,0
8559,614.274504856953,614.2745048569537,0.0,61305.188037009575,1,24,0
8560,1277.0743536991713,1161.3639208107095,115.71043288846383,143851.23025612623,3,24,0
8561,1289.4090221712274,1108.7287531462812,180.68026902494552,142159.94099720172,4,24,0
8562,291.0277051108919,291.027705110892,0.0,20553.791259839218,0,24,0
8563,712.7735788233178,712.7735788233189,0.0,74444.03973259847,1,24,0
8564,925.1149073153483,925.1149073153487,0.0,102657.5199959607,1,24,0
8565,259.44492976033234,259.44492976033257,0.0,17520.130102563406,0,24,0
8566,231.30930169995005,231.3093016999503,0.0,14817.582241112425,0,24,0
8567,2029.3472124094494,1171.3395591385301,858.0076532709203,145112.11962723403,4,24,0
8568,715.6803289280535,715.680328928055,0.0,74785.55058493781,1,24,0
8569,539.0622606106675,539.0622606106675,0.0,53844.6820518694,0,19,0
8570,531.0026087261531,531.002608726153,0.0,51501.476684626265,0,19,0
8571,1161.3683764330463,900.443734023889,260.92464240915785,116685.23311701619,2,19,0
8572,893.0172648941273,837.5481436719455,55.46912122218145,112606.47073350646,1,19,0
8573,661.0924981201513,661.0924981201514,0.0,67904.50067235311,0,18,0
8574,1019.6958263916997,863.1090118522964,156.58681453940335,106532.72053300097,1,18,0
8575,730.4567327758235,730.4567327758235,0.0,79978.1546348496,0,18,0
8576,402.88971838210733,402.88971838210813,0.0,38050.97662635246,0,17,0
8577,487.09454600337824,487.09454600337796,0.0,45591.53700331044,0,18,1
8578,470.89052550794304,470.890525507943,0.0,44035.07127086393,0,18,0
8579,394.397941895207,394.3979418952073,0.0,36991.46422821408,0,18,0
8580,860.2816398464996,860.2816398465,0.0,102383.47360694583,1,21,3
8581,1062.930954913429,945.0787735251789,117.85218138825095,112682.56540168062,3,21,0
8582,509.40157589650653,509.40157589650676,0.0,52184.53232369172,0,20,0
8583,724.4226771622809,724.4226771622809,0.0,76084.9278891443,0,19,0
8584,788.0643934476966,788.0643934476974,0.0,85017.14285296285,1,19,0
8585,670.1242208645019,670.1242208645021,0.0,69221.77345595935,0,19,0
8586,1122.3268062963261,912.8656384922951,209.46116780403185,101810.82441571949,4,19,0
8587,571.437392407648,571.4373924076506,0.0,59386.23739208892,0,17,0
8588,519.9088442687669,519.9088442687661,0.0,50252.5937607129,0,14,0
8589,711.3944229871854,711.3944229871863,0.0,74823.77348588662,0,14,0
8590,648.2854109926292,648.2854109926296,0.0,66531.07765192087,0,14,1
8591,499.0987287639649,499.09872876396514,0.0,46488.973175149,0,7,0
8592,415.56194517338224,415.56194517338236,0.0,35840.230414969636,0,6,0
8593,339.7920455839709,339.7920455839733,0.0,29600.835428583134,0,14,8
8594,647.7623033505281,647.7623033505283,0.0,72093.66396503453,0,14,0
8595,364.5711283697642,364.5711283697645,0.0,31980.97270676078,0,15,1
8596,456.05917821288676,456.0591782128878,0.0,42628.91807215994,0,18,3
8597,1433.6039051222422,816.2137434818163,617.3901616404245,113467.44465355926,1,18,0
8598,215.93374348181274,215.93374348181635,0.0,25022.58405374923,0,14,0
8599,738.2089455566224,738.2089455566248,0.0,100781.42154350932,0,19,5
8600,970.3067065904072,970.3067065904095,0.0,140602.19506080478,1,19,0
8601,778.8086491646065,778.8086491646071,0.0,93870.47930045484,0,19,0
8602,961.1885907436691,961.1885907436783,0.0,121728.34534848231,0,19,0
8603,867.3490177892447,867.3490177892444,0.0,106417.13579292239,0,19,0
8604,1000.8187581000057,988.498646795029,12.320111304977328,144619.75305563945,1,18,0
8605,685.5135529826558,685.5135529826563,0.0,93881.625377012,0,18,0
8606,275.9629327727018,275.9629327727057,0.0,36026.433122744034,0,17,0
8607,629.2666277533776,629.2666277533812,0.0,86129.37368346038,0,20,3
8608,629.8966818802069,629.8966818802063,0.0,81621.73651283365,0,20,0
8609,917.4723014881378,910.2442243989136,7.228077089222438,127761.58507734846,2,20,0
8610,827.0067641393485,827.0067641393481,0.0,128158.87788939431,0,20,0
8611,336.6263647671472,336.6263647671477,0.0,43803.95603206728,0,20,0
8612,1090.1830212218679,977.7121172292386,112.47090399263345,145844.71908423858,3,22,2
8613,569.6860578739912,569.686057873991,0.0,68002.45117190953,0,22,0
8614,670.5375386663068,639.2739587961795,31.263579870120353,81354.47482096398,1,22,0
8615,1919.8159527983842,1066.20488894714,853.6110638512442,153764.09331261355,1,22,0
8616,375.3554030233094,375.35540302330946,0.0,46680.82094539436,0,17,0
8617,680.1633718661456,680.1633718661459,0.0,102230.1366694774,0,17,0
8618,206.35817252810105,206.35817252810097,0.0,27332.834835078404,0,15,0
8619,115.92942012130393,115.92942012130396,0.0,15127.584791803061,0,13,0
8620,248.4243693345486,248.42436933454866,0.0,33274.54255665284,0,13,0
8621,504.1636920633706,504.16369206337083,0.0,84266.57231474663,0,13,0
8622,428.9533779090582,428.9533779090587,0.0,43854.61185162522,0,16,3
8623,1032.3275899733242,839.2695941632519,193.05799581007244,113184.91425142947,1,16,0
8624,583.9223766862978,583.9223766862981,0.0,58924.963950717276,0,16,0
8625,666.266781698079,666.2667816980791,0.0,86353.8711184647,0,16,0
8626,223.78512408336414,223.7851240833643,0.0,17137.021919984832,0,13,0
8627,348.18838780753373,348.1883878075337,0.0,27606.355624302465,0,13,0
8628,451.6453550420173,451.6453550420182,0.0,42534.93026931594,0,17,4
8629,774.7984215080601,774.798421508057,0.0,82993.72103319332,0,19,2
8630,532.114637746148,532.114637746149,0.0,52405.71303799836,0,19,0
8631,450.46132791004294,450.46132791004266,0.0,44266.46652240032,0,19,0
8632,417.10362411737196,417.1036241173721,0.0,42533.53240793372,0,19,0
8633,495.2463628931265,495.2463628931273,0.0,48568.26139468078,0,19,0
8634,561.2793096241531,561.2793096241535,0.0,59022.10129875617,0,24,5
8635,881.1659944030683,881.1659944030675,0.0,97218.76584433335,1,24,0
8636,1678.2412449559522,1007.5654164747438,670.6758284812097,139600.50582425809,2,24,0
8637,268.6254164747436,268.6254164747437,0.0,27067.485269338053,0,14,0
8638,271.05606212212217,271.0560621221227,0.0,25253.264391063338,0,14,0
8639,488.3987155971043,488.39871559710406,0.0,62521.579574277486,0,15,1
8640,456.98855650516305,456.9885565051629,0.0,53750.58315203713,0,15,0
8641,865.148845561051,637.5999999999998,227.54884556105105,95674.36260920002,0,16,1
8642,313.08399890404087,313.08399890404087,0.0,30693.76735253259,0,16,0
8643,229.64954806143612,229.64954806143624,0.0,19666.167528748556,0,16,0
8644,400.4784293850459,400.47842938504635,0.0,38395.48050186002,0,17,1
8645,1172.4863599429111,997.88,174.60635994291184,137042.53989004,1,22,5
8646,496.2391417154789,496.2391417154799,0.0,61109.559788715305,0,20,0
8647,1381.595761250521,1075.88914171548,305.7066195350414,155385.03657650534,2,20,0
8648,1031.153441568831,1021.9973343887666,9.15610718006492,148853.88201510755,1,20,0
8649,528.4975194815574,528.4975194815572,0.0,64240.54001299471,0,20,0
8650,1400.1085736580517,979.6458273147509,420.4627463433004,136966.8439662001,4,20,0
8651,899.5610306597142,899.561030659714,0.0,122405.64358746188,0,20,0
8652,414.2932216419699,414.29322164197,0.0,51563.44818936398,0,19,0
8653,1096.2348897892564,1054.5328904238695,41.701999365386996,151715.37274657204,1,21,2
8654,645.2631181668681,645.2631181668689,0.0,76865.8868893063,0,21,0
8655,948.8179815629813,948.8179815629805,0.0,116923.3344753122,0,21,0
8656,710.2740425059573,710.2740425059582,0.0,84969.27588677536,0,21,0
8657,812.6249126016218,812.6249126016226,0.0,99007.63061265834,0,21,0
8658,433.18693566192223,433.186935661922,0.0,53218.435746313946,0,21,0
8659,2125.4180591303602,989.6414900653458,1135.776569065015,136297.08317820696,2,21,0
8660,601.9595157745825,601.9595157745831,0.0,75409.94859636531,0,21,0
8661,1801.1876971878605,1111.0010482012406,690.1866489866204,148410.27786242453,2,21,0
8662,697.9117737210113,697.9117737210121,0.0,84626.57489516317,0,21,0
8663,569.851201347999,569.8512013479996,0.0,68709.14310010275,0,20,0
8664,1082.2416334444613,1077.393060780771,4.848572663690745,155855.72794387175,1,20,0
8665,787.7235717146665,787.7235717146668,0.0,116105.3244903733,0,20,0
8666,230.53351035238882,230.53351035238884,0.0,30284.296731772956,0,17,0
8667,722.4791406657052,700.5335103523887,21.945630313318418,114038.04019091297,0,18,1
8668,486.3270002920666,486.3270002920675,0.0,63209.33930137799,0,18,0
8669,521.8392132823792,521.8392132823799,0.0,67963.61167446234,0,18,0
8670,1054.0717126804764,1024.5863536427346,29.485359037743255,147117.99405147764,1,20,2
8671,899.892692202739,899.8926922027395,0.0,103140.13661894029,0,20,0
8672,670.1694036167304,670.169403616731,0.0,74478.78709581672,0,20,0
8673,1520.2708176957303,1110.4992275840377,409.7715901116932,146564.48972757327,2,20,0
8674,716.941291075189,716.9412910751893,0.0,79353.51587582298,0,20,0
8675,471.59671419560976,471.59671419561005,0.0,48365.361627502396,0,19,0
8676,433.24217834241097,433.24217834241074,0.0,45548.98961477036,0,19,0
8677,807.1282983375086,807.1282983375095,0.0,91652.02542579273,0,20,1
8678,550.1141490693382,550.1141490693377,0.0,58337.07953510201,0,20,0
8679,426.3770842334636,426.3770842334635,0.0,46582.08724120679,0,20,0
8680,907.1494801311844,907.1494801311848,0.0,114105.27801433369,0,20,0
8681,945.6089321044138,934.130439150024,11.478492954390358,125294.38800854645,1,20,0
8682,495.8126138521655,495.8126138521662,0.0,56407.88360498305,0,20,0
8683,797.2898371561059,797.2898371561072,0.0,87224.8491227331,0,24,4
8684,1161.3218391491316,1073.0431735631255,88.27866558600617,148195.01454377832,1,24,0
8685,357.69279943710495,357.69279943710694,0.0,38747.45461441108,0,19,0
8686,632.0277131391234,632.027713139124,0.0,78208.92933988375,0,19,0
8687,496.04243604336557,496.0424360433663,0.0,54252.50170479477,0,19,0
8688,839.1262752181383,839.1262752181375,0.0,118743.8007960999,0,19,0
8689,382.28778192770085,382.28778192770073,0.0,31634.4806283139,0,24,0
8690,1175.5203032250624,1106.9070268023563,68.61327642270686,151580.8627761236,1,24,0
8691,1078.3483214486828,1078.3483214486835,0.0,131279.0723161907,1,24,0
8692,616.3316910579343,616.3316910579352,0.0,61528.648269142825,1,24,0
8693,1042.611593976376,1025.5666371711782,17.044956805197216,139294.9006367629,1,24,0
8694,510.30041819272344,510.30041819272424,0.0,47814.876020547636,0,24,0
8695,512.2891990633656,512.2891990633652,0.0,48066.251679813504,0,24,0
8696,860.6781751543009,849.9995695457669,10.678605608534497,95300.50816244101,3,24,0
8697,385.8405825438936,385.8405825438937,0.0,32083.54347395956,0,24,0
8698,782.631905224008,782.631905224008,0.0,84784.63704017278,1,24,0
8699,843.1076000597344,843.1076000597359,0.0,91622.01689596445,1,24,0
8700,377.1201949809088,377.12019498090865,0.0,30981.31385929481,0,24,0
8701,609.9947892719583,609.9947892719593,0.0,60559.19422979247,1,24,0
8702,1522.907539108417,1114.060661226671,408.84687788174773,137872.24672963566,2,24,0
8703,1423.7450687855517,956.5913057475364,467.153763038016,106988.10392844467,2,24,0
8704,742.6792172290421,742.679217229042,0.0,78682.16039148967,1,24,0
8705,306.94478606950906,306.94478606950975,0.0,22111.36245350256,0,24,0
8706,915.4032606243625,915.4032606243634,0.0,101780.48813310137,1,24,0
8707,469.1754822491201,469.17548224912093,0.0,42616.813208450105,0,24,0
8708,443.22437297849035,443.22437297849103,0.0,39336.67445717449,0,24,0
8709,924.9019316036536,924.9019316036537,0.0,110306.3445857875,1,24,0
8710,743.7139699383523,743.7139699383528,0.0,78600.482262787,1,24,0
8711,516.777829074787,516.7778290747888,0.0,48633.60042344783,0,24,0
8712,1141.7795014082023,1060.9294077935836,80.8500936146196,129193.98157689761,2,24,0
8713,586.1491724132973,586.1491724132976,0.0,57401.92046478861,0,24,0
8714,423.04310882209353,423.0431088220947,0.0,36785.826016794184,0,24,0
8715,850.0177030790425,850.0177030790426,0.0,94234.2748131411,1,24,0
8716,813.5947351066869,813.5947351066873,0.0,88240.98585836228,1,24,0
8717,804.1825101186143,804.1825101186157,0.0,86445.0012824792,1,24,0
8718,473.39973411464337,473.3997341146437,0.0,43150.74538432558,0,24,0
8719,949.1138706447301,949.1138706447307,0.0,106211.65763171537,1,24,0
8720,257.1431789797873,257.14317897978736,0.0,17299.037058675938,0,24,0
8721,626.8544875099398,626.85448750994,0.0,63070.53262351542,1,24,0
8722,1294.029224981835,1118.302271453635,175.72695352819954,138408.37294790943,3,24,0
8723,718.9044065633115,698.9789732955267,19.92543326778474,88866.91507276773,1,24,0
8724,716.9130046774534,716.9130046774543,0.0,74367.78692374691,1,24,0
8725,759.4450733658334,759.4450733658346,0.0,80320.22061845222,1,24,0
8726,929.355620783307,843.3651155417141,85.99050524159298,92852.30806558311,2,24,0
8727,654.7477129712274,654.7477129712275,0.0,66823.67582609887,1,24,0
8728,681.1700016093987,681.1700016093993,0.0,70612.09299122103,1,24,0
8729,466.2958588182849,466.29585881828507,0.0,42252.8378459304,0,24,0
8730,347.8924423671572,347.89244236715706,0.0,27287.01767483206,0,24,0
8731,377.0619454050941,377.06194540509387,0.0,30973.951295757237,0,24,0
8732,657.2219604320608,657.2219604320618,0.0,67054.76257015872,1,24,0
8733,646.847300180771,646.8473001807711,0.0,65715.46824276031,1,24,0
8734,1293.521857254255,1114.5587570635582,178.9631001906985,140106.46656035818,4,24,0
8735,860.5419945825594,666.58527144171,193.95672314084925,70048.77684821724,3,24,0
8736,1340.6732374388425,1037.6910949377004,302.9821425011428,129546.01753361234,2,24,0
8737,1254.3070765419266,922.6078243568569,331.6992521850706,128090.7596265661,1,21,0
8738,292.1078243568567,292.10782435685684,0.0,35396.10649372607,0,18,0
8739,1084.5138047936312,745.6978243568567,338.81598043677474,113507.7945639261,1,18,0
8740,197.99140650586926,197.99140650586938,0.0,23003.706499636883,0,14,0
8741,936.2778142133653,651.5814065058692,284.6964077074978,101115.39456983689,0,14,0
8742,228.0701350490058,228.07013504900598,0.0,26444.348612338752,0,14,0
8743,1426.754930967213,681.6601350490058,745.0947959182072,104556.03668253879,3,14,0
8744,323.20829899177755,323.2082989917776,0.0,35582.777687179776,0,14,0
8745,235.20159448562063,235.20159448562055,0.0,27636.253570268986,0,15,1
8746,739.8677567630457,739.8677567630458,0.0,111319.70282121163,0,16,1
8747,893.4390340211282,889.7699999999999,3.66903402112834,131373.42727687,0,16,0
8748,430.64286535144663,430.6428653514467,0.0,52647.51239855741,0,18,2
8749,428.3475456404504,428.3475456404504,0.0,52989.6792133995,0,18,0
8750,1426.5931938242304,1095.1575456404505,331.43564818378064,158281.9064059495,3,21,3
8751,721.4638292696441,713.1483004781597,8.315528791485306,89233.69688028072,2,21,0
8752,1511.5490425971777,1112.9477929402747,398.6012496569039,151922.5916386653,4,21,0
8753,558.9825793052453,558.9825793052448,0.0,69747.63365022308,0,21,0
8754,1610.8754527008375,1117.9586884415273,492.91676425931064,153115.04579578756,2,21,0
8755,1209.7440514484176,1075.2433869095667,134.5006645388516,155584.01591437776,3,21,0
8756,1199.8171655369235,1100.4380703698698,99.37909516705413,158768.5448176487,2,21,0
8757,665.2570282744159,665.2570282744175,0.0,82753.4908209346,0,20,0
8758,1215.0601076143053,1097.1093153215907,117.95079229271505,149369.59187846392,1,21,1
8759,1658.4505920858005,1075.4533475868002,582.9972444990004,152692.7372359871,1,21,1
8760,882.0246701317762,734.5829312757002,147.4417388560765,95997.24778855885,2,21,0
