hour,demand_mw,generation_mw,shed_mw,cost_usd,lines_at_limit,units_on,startups
1,671.404698,671.404698000001,0.0,91354.08900214595,0,21,19
2,628.3848300000002,628.3848300000004,0.0,63718.423576258676,0,20,0
3,599.9838190000002,599.9838190000003,0.0,60128.624936632186,0,20,0
4,588.2616339999998,588.261634,0.0,58646.97754857087,0,20,0
5,612.982356,612.9823560000008,0.0,61771.599211024615,0,20,0
6,654.848342,654.848342000001,0.0,67063.32842409458,0,20,0
7,716.1215829999999,716.121583000001,0.0,74808.07374979109,0,20,0
8,753.4599859999998,753.4599860000002,0.0,79702.48844736071,1,20,0
9,708.855893,708.8558930000008,0.0,73889.71334079196,0,20,0
10,675.0134779999998,675.0134780000008,0.0,69612.13831613265,0,20,0
11,650.4621500000001,650.4621500000002,0.0,66508.92752355117,0,20,0
12,647.6126750000001,647.6126750000009,0.0,66148.76282805328,0,20,0
13,650.6644890000001,650.6644890000008,0.0,66534.50253800912,0,20,0
14,703.58317,703.5831700000008,0.0,73223.25770466946,0,20,0
15,767.6593209999999,767.6593210000004,0.0,81594.40098771937,1,20,0
16,805.1686309999999,805.1686309999999,0.0,86754.50669727013,0,20,0
17,901.7692109999999,901.7692110000008,0.0,99698.05320772962,1,20,0
18,950.64074,950.6407400000006,0.0,108034.6029026495,1,20,0
19,944.7330109999999,944.7330110000005,0.0,106514.20202544895,1,19,0
20,911.2639779999998,911.2639780000004,0.0,101102.1479382745,1,14,0
21,871.361428,871.3614280000007,0.0,95519.00694807654,1,14,0
22,836.3436929999999,836.3436930000013,0.0,90745.87355410788,1,14,0
23,808.612893,808.6128930000006,0.0,87196.90408585285,1,13,0
24,737.8734669999999,737.8734670000011,0.0,77625.74818053575,1,11,0
25,694.3532340000003,694.3532340000008,0.0,71827.13334596563,1,11,0
26,646.1694759999999,646.1694760000008,0.0,65463.09185409493,0,11,0
27,613.493748,613.493748,0.0,61332.982404005015,0,12,1
28,604.8269030000001,604.8269030000007,0.0,60237.520401231566,0,12,0
29,625.163898,625.1638980000008,0.0,62808.05273140427,0,12,0
30,665.091766,665.0917660000016,0.0,67968.45047497746,0,12,0
31,722.992682,722.9926820000012,0.0,75643.03957116208,1,12,0
32,768.295753,768.2957530000011,0.0,81786.53167155584,1,12,0
33,746.976238,746.9762380000013,0.0,78838.5969940128,1,12,0
34,717.0093039999999,717.009304000001,0.0,74845.81717504941,1,12,0
35,702.257795,702.2577950000012,0.0,72880.33323750495,1,12,0
36,702.949838,702.949838,0.0,72972.54071272581,1,12,0
37,687.6752039999999,687.6752040000006,0.0,70937.35585273146,1,12,0
38,694.7061480000001,694.7061480000007,0.0,71874.1554369486,1,13,1
39,734.228042,734.2280420000004,0.0,77140.03351344477,1,14,1
40,810.442631,810.442631000001,0.0,87294.82855753534,1,17,3
41,890.5672260000001,890.5672260000013,0.0,98158.52585991414,1,18,1
42,948.4325980000001,948.4325980000001,0.0,106196.65118583414,1,19,1
43,964.083302,964.0833020000006,0.0,108622.08438916905,1,19,0
44,954.565284,954.5652840000006,0.0,107147.05062154181,1,17,0
45,914.436573,914.4365730000013,0.0,101438.97235944064,1,13,0
46,868.0829130000002,868.0829130000004,0.0,95068.42934930956,1,13,0
47,822.4635589999999,822.4635590000004,0.0,88896.4912008878,1,13,0
48,758.945554,758.9455540000008,0.0,80562.5162628942,1,10,0
49,646.3353129999999,646.3353130000007,0.0,65840.1481950926,0,11,1
50,602.3998839999999,602.3998840000003,0.0,59930.75281804416,0,11,0
51,572.975072,572.9750720000005,0.0,56211.54894572905,0,11,0
52,561.6048259999999,561.6048260000003,0.0,54774.38554253122,0,12,1
53,574.9671729999999,574.9671730000006,0.0,56463.344258924015,0,12,0
54,603.882585,603.8825849999998,0.0,60118.16157024566,0,13,1
55,646.996559,646.996559,0.0,65567.63254908129,0,13,0
56,670.048961,670.0489610000005,0.0,68588.84374486805,1,13,0
57,635.4185490000001,635.418549000001,0.0,64104.208428454804,0,13,0
58,597.8844770000001,597.8844770000003,0.0,59360.01954710673,0,13,0
59,569.24265,569.2426500000003,0.0,55739.782521001674,0,14,1
60,562.307906,562.3079060000003,0.0,54863.2526475631,0,14,0
61,595.1897530000001,595.1897530000003,0.0,59019.414892245375,0,14,0
62,601.044083,601.0440830000001,0.0,59759.383827503465,0,14,0
63,642.638702,642.6387019999995,0.0,65016.81310359435,0,14,0
64,700.347736,700.3477360000003,0.0,72730.21752549672,0,18,4
65,813.4287239999999,813.4287240000004,0.0,87693.7672669554,1,18,0
66,898.007844,898.0078440000008,0.0,99381.90357735555,1,18,0
67,926.481999,925.3000330019389,1.181965998062499,103559.56920104152,1,18,0
68,922.4672919999999,922.4672920000006,0.0,103172.45238042803,1,18,0
69,885.1758929999999,885.1758930000012,0.0,97417.57641259031,1,13,0
70,834.7925389999999,834.7925390000007,0.0,90539.19854400153,1,12,0
71,765.859112,765.8591120000012,0.0,81354.54200964997,1,12,0
72,693.3457730000001,693.3457730000013,0.0,71692.89972869962,1,9,0
73,599.34853,599.3485300000002,0.0,59581.74285091528,0,10,1
74,565.8148639999998,565.8148640000004,0.0,55138.66160398194,0,11,1
75,544.528797,544.5287970000003,0.0,52448.169552146246,0,11,0
76,541.938497,541.9384970000001,0.0,52120.76376309792,0,11,0
77,580.807823,580.8078230000008,0.0,57033.7245586837,0,11,0
78,660.0734799999999,660.0734800000007,0.0,67534.48278379638,0,12,1
79,768.5779300000002,768.5779300000008,0.0,81794.30171958232,1,12,0
80,805.3237109999999,805.3237110000003,0.0,86789.96345516772,1,13,1
81,748.2829220000001,748.2829220000008,0.0,79012.69893934228,1,13,0
82,695.0594280000001,695.0594280000004,0.0,71921.22629359488,1,13,0
83,663.9786450000001,663.9786450000007,0.0,67797.88296155342,0,13,0
84,635.230201,635.2302010000013,0.0,64164.16988131923,0,13,0
85,633.903566,633.9035660000005,0.0,63996.48738162639,0,14,1
86,666.540219,666.5402190000002,0.0,68121.65787437257,1,14,0
87,713.146024,713.1460240000001,0.0,74331.07561293273,1,16,2
88,761.562387,761.5623870000009,0.0,80782.04844498844,1,19,3
89,848.2875949999999,848.2875950000013,0.0,92347.89067516358,1,19,0
90,920.7938180000001,920.7938180000007,0.0,102312.67041690658,1,19,0
91,935.4888499999998,935.4888500000018,0.0,104332.25923451576,1,19,0
92,936.479166,936.479166000001,0.0,104468.36177035901,1,19,0
93,884.2195520000001,884.2195520000007,0.0,97286.14317791464,1,13,0
94,811.6423949999999,811.6423950000013,0.0,87454.68453368288,1,13,0
95,738.6028330000001,738.6028330000005,0.0,77722.92855425818,1,11,0
96,664.212664,664.2126639999999,0.0,67811.21835018873,1,9,0
97,595.955049,595.9550490000001,0.0,59062.78015898122,0,12,3
98,556.927184,556.9271840000004,0.0,54015.28675040947,0,12,0
99,536.6814039999999,536.6814040000004,0.0,51456.28370991289,0,12,0
100,533.334214,533.3342140000002,0.0,51033.209400742286,0,13,1
101,570.474188,570.4741880000004,0.0,55727.58553196391,0,13,0
102,646.6895439999998,646.6895440000003,0.0,65591.16771029143,0,15,2
103,756.689101,756.6891010000002,0.0,80380.871622226,1,16,1
104,792.743241,792.7432410000008,0.0,85276.85829417153,1,16,0
105,731.6649300000001,731.6649300000004,0.0,76798.52570796349,1,16,0
106,674.5703000000001,674.5703000000003,0.0,69191.26477045214,1,16,0
107,647.119311,647.1193110000003,0.0,65666.91606540281,0,16,0
108,614.159598,614.1595980000004,0.0,61500.91180274193,0,16,0
109,638.011257,638.0112570000003,0.0,64515.686629984324,0,16,0
110,659.2020849999999,659.2020850000005,0.0,67194.14077117524,0,17,1
111,677.959502,677.9595020000003,0.0,69642.84040872032,1,17,0
112,744.1920620000001,744.1920620000003,0.0,78467.63472789488,1,19,2
113,834.150237,834.1502370000003,0.0,90453.61853560687,1,19,0
114,903.66519,903.6651900000006,0.0,100258.63824891752,1,19,0
115,929.8810890000001,929.8810890000005,0.0,104976.30627851741,1,19,0
116,922.4121090000001,922.4121090000003,0.0,103163.90051717256,1,18,0
117,870.7190899999999,870.7190900000005,0.0,95430.72822626597,1,12,0
118,801.531509,801.5315090000006,0.0,86107.51496429545,1,12,0
119,734.523588,734.5235880000005,0.0,77179.41191980345,1,12,0
120,660.311346,660.3113460000005,0.0,67291.4086233159,1,9,0
121,613.3656589999999,613.3656590000005,0.0,61243.1273679874,0,9,0
122,574.98644,574.9864400000002,0.0,56297.920020804864,0,9,0
123,549.4005719999999,549.4005720000005,0.0,53063.94661964455,0,10,1
124,547.247195,547.2471950000004,0.0,52791.76652629494,0,10,0
125,587.043124,587.0431240000008,0.0,57821.84703247387,0,12,2
126,668.261821,668.2618210000003,0.0,68569.46338299393,0,14,2
127,780.0366670000001,780.0366670000011,0.0,83445.66469504079,1,14,0
128,816.1466549999998,816.1466550000002,0.0,88349.6998385981,1,14,0
129,747.2005319999998,747.2005320000002,0.0,78868.4818182898,1,15,1
130,687.392886,687.3928860000008,0.0,70899.73993870673,1,15,0
131,653.0814320000001,653.0814320000005,0.0,66420.509444705,0,15,0
132,618.088962,618.0889620000007,0.0,61997.571078068366,0,15,0
133,633.0313759999999,633.0313760000004,0.0,63886.24530343078,0,15,0
134,656.5314409999999,656.5314410000008,0.0,66856.57975272679,0,16,1
135,709.7440100000001,709.7440100000005,0.0,73877.79290996988,1,17,1
136,761.552908,761.5529080000005,0.0,80780.78546760458,1,18,1
137,851.940026,851.9400260000003,0.0,92849.85683656333,1,18,0
138,919.9746289999999,919.9746290000012,0.0,102786.15745050521,1,18,0
139,936.2989699999998,936.2989700000008,0.0,106627.99881589836,1,19,1
140,931.328738,931.3287380000002,0.0,105348.87022135878,1,19,0
141,880.3099470000001,880.3099470000016,0.0,96748.83270868487,1,12,0
142,814.377338,814.3773380000009,0.0,87819.08701864895,1,12,0
143,757.1002939999997,757.1002940000006,0.0,80187.52132784197,1,12,0
144,677.0509470000001,677.0509470000009,0.0,69521.7849791453,1,9,0
145,609.5134269999998,609.5134270000005,0.0,60776.51657843272,0,10,1
146,568.469009,568.4690090000004,0.0,55474.13720062079,0,11,1
147,544.534346,544.5343460000005,0.0,52448.87092832795,0,12,1
148,542.837948,542.8379480000003,0.0,52234.45154612125,0,12,0
149,584.237011,584.237011,0.0,57467.16315766247,0,12,0
150,658.8428809999999,658.8428810000006,0.0,67378.93893304662,0,13,1
151,768.415518,768.4155179999999,0.0,81770.89589714556,1,14,1
152,800.9709619999999,800.9709620000008,0.0,86162.67193603578,1,14,0
153,749.77312,749.7731200000004,0.0,79211.25220143636,1,15,1
154,682.5919929999999,682.5919930000006,0.0,70300.84752880406,0,15,0
155,651.4854220000001,651.4854220000009,0.0,66218.77879058044,0,15,0
156,624.6117379999998,624.611738000001,0.0,62822.02948947454,0,15,0
157,634.1026010000002,634.1026010000005,0.0,64021.64478085552,0,16,1
158,650.7202000000001,650.7202000000009,0.0,66122.0571318123,0,16,0
159,685.3593179999999,685.3593180000006,0.0,70628.7883201364,1,16,0
160,736.832678,736.8326780000009,0.0,77487.0739566395,1,18,2
161,834.366218,834.3662179999997,0.0,90482.39573977723,1,19,1
162,909.9585710000001,909.9585710000005,0.0,101233.94103648771,1,19,0
163,926.533767,926.5337670000006,0.0,104114.84643412162,1,19,0
164,922.785404,922.785404000001,0.0,103221.75108336052,1,18,0
165,875.767775,875.7677750000009,0.0,96124.58637979916,1,12,0
166,807.8678310000001,807.8678310000006,0.0,86951.76344857663,1,12,0
167,743.950553,743.9505530000002,0.0,78435.45618532867,1,12,0
168,668.76313,668.7631300000006,0.0,68417.52024319126,1,9,0
169,653.1269029999999,653.1269030000001,0.0,66334.15690644378,1,9,0
170,614.114036,614.1140360000004,0.0,61243.525333681035,0,10,1
171,589.891872,589.8918720000003,0.0,58181.91983745383,0,12,2
172,587.3460799999999,587.3460800000004,0.0,57860.13971989492,0,14,2
173,629.0312940000001,629.0312940000002,0.0,63163.525355763755,0,14,0
174,705.271242,705.2712420000004,0.0,73281.843460977,1,15,1
175,810.93903,810.9390300000002,0.0,87899.12392989153,1,16,1
176,853.6381759999999,853.6381760000006,0.0,93571.57765800296,1,17,1
177,791.317554,791.3175540000004,0.0,84746.61253110688,1,17,0
178,747.806106,747.8061060000007,0.0,78949.16820569569,1,17,0
179,711.6291360000001,711.6291360000001,0.0,74128.9661881238,1,17,0
180,693.909496,693.9094960000004,0.0,71768.00990906983,1,17,0
181,691.506836,691.5068360000002,0.0,71447.88065060678,1,17,0
182,706.5266940000002,706.5266940000004,0.0,73449.11927935993,1,17,0
183,744.207694,744.2076940000004,0.0,78469.71752802821,1,17,0
184,815.273084,815.2730840000005,0.0,87949.37857843783,0,19,2
185,905.6973130000001,905.6973130000006,0.0,100237.90578332299,1,19,0
186,956.570376,956.5703760000002,0.0,107457.78531517225,1,19,0
187,966.2586650000001,966.2586650000003,0.0,108959.20645406184,1,19,0
188,944.729834,944.7298340000002,0.0,105622.82353247664,1,15,0
189,898.4558519999999,898.4558520000005,0.0,99242.68687813435,1,13,0
190,848.3206110000001,848.3206110000004,0.0,92352.42817766104,1,13,0
191,797.7060540000001,797.7060540000007,0.0,85597.81318691802,1,12,0
192,726.8605930000001,726.8605930000006,0.0,76158.39816548285,1,10,0
193,632.9918359999999,632.9918360000005,0.0,64027.67994263686,0,10,0
194,588.6742520000001,588.6742520000005,0.0,58195.87601800302,0,10,0
195,556.7121699999999,556.7121700000006,0.0,54155.969182178436,0,10,0
196,550.1052820000001,550.1052820000001,0.0,53320.879277999804,0,10,0
197,567.701962,567.7019620000004,0.0,55545.04439402133,0,10,0
198,603.770346,603.7703460000008,0.0,60103.974912964004,0,11,1
199,660.33342,660.3334200000005,0.0,67294.3497524192,1,12,1
200,694.9729000000001,694.9729000000007,0.0,71909.6973446482,1,12,0
201,662.4433439999999,662.4433440000007,0.0,67575.47500756699,1,12,0
202,628.824691,628.8246910000005,0.0,63270.765475375,0,12,0
203,623.0236719999999,623.0236720000005,0.0,62537.53488317365,0,12,0
204,606.763537,606.763537,0.0,60482.304859737356,0,13,1
205,581.251913,581.251913000001,0.0,57257.7156671252,0,13,0
206,581.941729,581.9417290000006,0.0,57344.90624419273,0,14,1
207,611.4003500000001,611.4003500000005,0.0,61068.383467981395,0,14,0
208,667.3798869999999,667.3798869999995,0.0,68233.2176136621,1,15,1
209,776.5275509999999,776.5275510000008,0.0,82775.99967158628,1,18,3
210,853.975228,853.9752280000005,0.0,93129.56165114121,1,18,0
211,886.0603849999999,886.0603850000007,0.0,97539.13519194264,1,18,0
212,880.0775350000001,880.0775350000008,0.0,96716.89152772797,1,12,0
213,840.862987,840.8629870000008,0.0,91348.0221048792,1,12,0
214,796.144152,796.1441520000004,0.0,85389.70611848054,1,12,0
215,753.313823,753.3138230000005,0.0,79683.01375980413,1,12,0
216,691.801734,691.8017340000007,0.0,71487.17271775835,1,10,0
217,667.0411749999998,667.0411750000006,0.0,68243.02200251304,0,10,0
218,624.6138060000001,624.6138060000003,0.0,62835.551457343005,0,10,0
219,594.3181600000001,594.3181600000005,0.0,59006.27690097581,0,10,0
220,582.008621,582.0086210000001,0.0,57450.38981101869,0,11,1
221,596.525786,596.5257860000004,0.0,59285.3138976378,0,11,0
222,626.6885369999999,626.6885370000003,0.0,63097.79094316241,0,11,0
223,670.7724079999999,670.7724080000003,0.0,68685.23547388805,1,11,0
224,698.942033,698.9420330000004,0.0,72438.54270938192,1,11,0
225,659.9399739999999,659.9399740000005,0.0,67300.66820370166,0,11,0
226,627.8296399999999,627.8296400000004,0.0,63242.022780440086,0,11,0
227,597.282316,597.2823160000003,0.0,59380.93691489011,0,11,0
228,572.8309999999999,572.8310000000004,0.0,56290.367325171035,0,11,0
229,606.284352,606.2843520000005,0.0,60518.766007899125,0,11,0
230,610.8104270000001,610.8104270000003,0.0,61090.8476805497,0,11,0
231,654.080447,654.0804470000003,0.0,66560.0423839569,0,13,2
232,741.30052,741.3005200000003,0.0,78082.36706777042,1,17,4
233,843.6075900000001,843.6075900000003,0.0,91738.8084045489,0,18,1
234,924.547102,924.5471020000006,0.0,102828.49715316074,1,19,1
235,957.5694469999999,957.5694470000004,0.0,107612.61413155579,1,19,0
236,951.252905,951.2529050000005,0.0,106633.72201928667,1,16,0
237,913.8513549999999,913.8513550000001,0.0,101358.54383579634,1,13,0
238,862.199342,862.1993420000003,0.0,94259.82993971258,1,13,0
239,791.950439,791.9504390000004,0.0,84830.93782296774,1,12,0
240,717.2429100000002,717.2429100000005,0.0,74876.94272571092,1,11,0
241,636.666996,636.6669960000006,0.0,64513.63578565963,0,12,1
242,601.075439,601.0754390000003,0.0,60014.97470275701,0,12,0
243,578.776758,578.7767580000003,0.0,57196.49141991667,0,14,2
244,575.0008019999999,575.0008020000002,0.0,56719.22243424255,0,14,0
245,615.6005330000002,615.6005330000004,0.0,61850.90099008694,0,14,0
246,696.6279579999999,696.6279580000003,0.0,72130.2164735525,1,14,0
247,805.9462990000001,805.9462990000004,0.0,86695.73945255844,1,15,1
248,849.7523169999998,849.7523170000003,0.0,92549.19246015488,1,15,0
249,804.532337,804.5323370000006,0.0,86507.34383829973,1,15,0
250,759.721722,759.7217220000003,0.0,80536.7991290099,1,16,1
251,750.0770960000002,750.0770960000002,0.0,79251.75381692527,1,16,0
252,737.9171659999997,737.9171660000004,0.0,77631.57061419901,1,16,0
253,731.483312,731.4833120000005,0.0,76774.32701332356,1,16,0
254,734.1768200000001,734.1768200000005,0.0,77133.20871889334,1,17,1
255,759.659972,759.6599720000005,0.0,80528.5715888211,1,17,0
256,799.210997,799.2109970000004,0.0,85798.33106569362,1,18,1
257,893.820677,893.8206770000007,0.0,98605.65882690855,1,19,1
258,964.5254010000001,964.5254010000003,0.0,108690.59770293185,1,19,0
259,986.1933349999999,986.1933350000005,0.0,112633.18884940949,1,20,1
260,983.4944380000001,983.4944380000007,0.0,111938.60631756454,1,20,0
261,930.34852,930.3485200000005,0.0,103625.80599325553,1,19,0
262,857.6758389999999,857.6758390000002,0.0,93638.14935574235,1,13,0
263,781.0390879999999,781.0390880000003,0.0,83377.1146834225,1,13,0
264,703.357238,703.3572380000004,0.0,73026.82249204455,1,10,0
265,650.4792869999999,650.4792870000007,0.0,66122.33221703819,0,11,1
266,610.581053,610.5810530000008,0.0,60964.82689895472,0,11,0
267,587.186919,587.1869190000006,0.0,58007.88179554131,0,11,0
268,582.0282989999998,582.0282990000006,0.0,57355.8484204495,0,13,2
269,621.4356180000001,621.4356180000007,0.0,62336.80984247518,0,15,2
270,700.4218500000001,700.4218500000006,0.0,72676.51669425292,0,16,1
271,811.412145,811.4121450000002,0.0,88000.20193767257,1,17,1
272,858.6027439999999,858.6027440000009,0.0,94274.38845781492,1,19,2
273,801.72248,801.7224800000009,0.0,86132.95984814005,1,19,0
274,738.431055,738.4310550000008,0.0,77700.04093646785,1,19,0
275,701.7235170000001,701.7235170000009,0.0,72904.11192532023,0,19,0
276,673.925294,673.9252940000005,0.0,69390.50379674218,0,19,0
277,684.9585679999999,684.9585680000006,0.0,70785.07499689511,0,19,0
278,690.5088,690.5088000000006,0.0,71486.60689951688,0,19,0
279,738.0312469999999,738.0312470000006,0.0,77646.7707115639,1,19,0
280,800.5554239999999,800.5554240000006,0.0,85977.46187012196,1,20,1
281,890.371656,890.3716560000012,0.0,98131.64800180128,1,20,0
282,971.4124169999999,971.4124170000003,0.0,109757.89776037965,1,20,0
283,999.647097,999.6470970000006,0.0,116095.62112185247,1,20,0
284,988.2738329999997,988.2738330000006,0.0,113168.62149776117,1,20,0
285,934.9151579999999,934.9151580000009,0.0,104253.4147687158,1,18,0
286,866.586637,866.5866370000012,0.0,94862.79098951185,1,13,0
287,795.6116910000001,795.6116910000007,0.0,85318.76127189783,1,13,0
288,714.9059600000002,714.9059600000012,0.0,74565.56863592504,1,10,0
289,649.1353860000002,649.1353860000004,0.0,66019.33107973922,0,12,2
290,610.474352,610.4743520000003,0.0,60951.3402274891,0,12,0
291,583.951822,583.9518220000002,0.0,57598.97568971076,0,13,1
292,580.548628,580.5486280000003,0.0,57168.822650736736,0,13,0
293,622.017266,622.0172660000003,0.0,62410.32832388206,0,16,3
294,705.0088549999999,705.0088550000005,0.0,73256.29972764422,0,16,0
295,817.4952970000002,817.4952970000003,0.0,88876.86853599714,1,16,0
296,860.0603740000003,860.0603740000004,0.0,94500.28144002044,1,18,2
297,782.846258,782.8462580000004,0.0,83617.90114177142,1,18,0
298,716.7413190000001,716.7413190000002,0.0,74810.11098302498,1,18,0
299,686.9680860000001,686.9680860000004,0.0,71039.0717642181,0,18,0
300,644.469674,644.4696740000004,0.0,65667.40588993335,0,18,0
301,647.314985,647.3149850000003,0.0,66027.0442689021,0,18,0
302,676.6391169999999,676.6391170000009,0.0,69733.52250525182,0,18,0
303,724.715991,724.7159910000001,0.0,75872.65243035661,1,18,0
304,795.767225,795.7672250000005,0.0,85352.62561877634,0,19,1
305,893.8029030000001,893.8029030000009,0.0,98603.21608492311,1,19,0
306,962.7794129999999,962.7794130000001,0.0,108420.0170780715,1,20,1
307,984.363547,984.3635470000004,0.0,112162.27840644718,1,20,0
308,975.645014,975.6450140000006,0.0,110413.83510991588,1,19,0
309,925.4945830000001,925.4945830000007,0.0,102958.71272754652,1,18,0
310,859.6525419999999,859.6525420000006,0.0,93909.81445143832,1,13,0
311,797.50739,797.5073900000006,0.0,85571.3432914674,1,12,0
312,712.3235289999999,712.3235290000005,0.0,74221.48677621032,1,10,0
313,664.690358,664.6903580000011,0.0,67970.60306240417,0,11,1
314,622.958385,622.9583850000006,0.0,62529.28281130955,0,13,2
315,597.0659809999999,597.0659810000005,0.0,59256.5642219657,0,14,1
316,593.4457289999999,593.4457289999998,0.0,58798.97573313664,0,14,0
317,637.408973,637.4089730000009,0.0,64414.84202155166,0,16,2
318,715.0147400000001,715.0147400000002,0.0,74580.06243060897,1,16,0
319,825.9463890000002,825.9463890000005,0.0,89694.90133717791,1,17,1
320,872.929874,872.9298740000015,0.0,96194.78860853789,1,18,1
321,829.047577,829.0475770000012,0.0,89773.74258062836,1,18,0
322,772.9936549999999,772.9936550000012,0.0,82305.14507461239,1,18,0
323,731.4211019999998,731.421102000001,0.0,76766.03818295688,1,19,1
324,719.6700439999998,719.6700440000006,0.0,75200.33288811859,1,19,0
325,716.9158539999999,716.9158540000009,0.0,74833.36594216444,1,19,0
326,731.829355,731.8293550000013,0.0,76820.4336155838,1,19,0
327,785.988649,785.9886490000006,0.0,84036.59180155306,1,20,1
328,849.8185250000002,849.8185250000013,0.0,92681.56641834736,0,20,0
329,938.8373370000002,938.8373370000004,0.0,104792.4533260364,1,20,0
330,989.856632,989.8566320000011,0.0,113575.96736417321,1,20,0
331,1000.453137,1000.4531370000011,0.0,116303.06190376022,1,20,0
332,992.5492079999999,992.5492080000015,0.0,114268.92313657395,1,20,0
333,943.461539,943.4615390000006,0.0,105427.97332011096,1,15,0
334,875.6731930000001,875.6731930000005,0.0,96111.58765005512,1,15,0
335,806.092942,806.0929420000008,0.0,86715.27809508335,1,15,0
336,727.549519,727.5495190000006,0.0,77884.32726780756,1,11,0
337,630.212802,630.2128020000002,0.0,63508.559241984556,0,11,0
338,589.9043879999999,589.9043880000004,0.0,58183.50182056611,0,11,0
339,566.392297,566.3922970000004,0.0,55211.64732261976,0,12,1
340,564.7330209999999,564.7330209999999,0.0,55001.92004468706,0,13,1
341,605.241838,605.2418380000009,0.0,60233.8913277313,0,14,1
342,679.7915110000001,679.7915110000007,0.0,69886.93640343772,1,16,2
343,784.528173,784.5281730000011,0.0,86562.23154294006,1,16,0
344,823.37901,823.3790100000004,0.0,89458.80166438788,1,19,3
345,774.6665920000002,774.666592000001,0.0,82528.0463928452,1,19,0
346,733.755199,733.7551990000007,0.0,77077.03214040017,1,19,0
347,698.540238,698.5402380000003,0.0,72501.75545203293,0,19,0
348,677.3316879999999,677.3316880000016,0.0,69821.06130567155,0,19,0
349,682.635008,682.6350080000007,0.0,70491.38430654995,0,19,0
350,706.892424,706.8924240000008,0.0,73557.44554492115,0,19,0
351,748.2929480000001,748.2929480000005,0.0,79014.034798742,1,19,0
352,813.172781,813.1727810000003,0.0,87658.59242549527,1,19,0
353,880.766808,880.7668080000012,0.0,96811.62068810548,1,19,0
354,924.128291,924.1282910000007,0.0,103495.77812200291,1,19,0
355,932.9623859999999,932.9623860000006,0.0,105769.3024809017,1,19,0
356,911.8967629999999,911.8967630000003,0.0,101534.30805072795,1,17,0
357,867.183006,867.1830060000007,0.0,94944.75203345972,1,13,0
358,816.746215,816.7462150000006,0.0,88134.7150465014,1,13,0
359,769.1835360000001,769.1835360000003,0.0,81797.48665847101,1,12,0
360,701.0264059999998,701.0264060000013,0.0,72716.26356162508,1,10,0
361,670.235536,670.2355360000004,0.0,68613.70290779484,1,10,0
362,625.456434,625.4564340000004,0.0,62845.02836353372,0,10,0
363,592.3643309999999,592.3643310000008,0.0,58662.29042044509,0,11,1
364,584.4635249999999,584.4635250000002,0.0,57663.65334267505,0,11,0
365,603.755079,603.7550790000001,0.0,60102.04521208703,0,11,0
366,642.2937909999999,642.2937910000007,0.0,64973.21743587014,0,11,0
367,699.377459,699.3774590000007,0.0,72496.55865941045,1,11,0
368,741.37348,741.3734800000003,0.0,78092.08822294735,1,11,0
369,727.590344,727.5903440000003,0.0,76255.62983641948,1,12,1
370,700.47327,700.4732700000005,0.0,72642.56398802355,1,14,2
371,683.1518080000001,683.1518080000003,0.0,70334.66075346037,1,14,0
372,658.662273,658.6622730000006,0.0,67071.68693292218,1,14,0
373,657.314823,657.3148230000002,0.0,66892.15334543325,1,14,0
374,653.6942229999999,653.6942230000008,0.0,66414.19625471409,0,14,0
375,673.540395,673.5403949999999,0.0,69054.0407254614,1,15,1
376,735.527506,735.5275060000005,0.0,77351.85102712925,0,17,2
377,839.163485,839.1634850000006,0.0,91121.58127887118,1,18,1
378,903.3883359999999,903.3883360000009,0.0,100215.7334131941,1,18,0
379,936.2766419999998,936.276642000001,0.0,106622.25252814786,1,19,1
380,927.3707900000002,927.3707900000009,0.0,104330.2609366212,1,19,0
381,887.4409800000001,887.4409800000005,0.0,97744.32722291654,1,13,0
382,841.8516290000001,841.8516290000007,0.0,91479.7482876705,1,12,0
383,795.9801809999999,795.9801810000004,0.0,85367.85870160114,1,12,0
384,731.2852089999999,731.2852090000009,0.0,76747.9318652422,1,10,0
385,658.284273,658.2842730000009,0.0,67224.56458647718,0,11,1
386,616.47516,616.4751600000009,0.0,61709.82352215286,0,11,0
387,587.007144,587.0071440000003,0.0,57985.15879985501,0,11,0
388,575.0024179999999,575.0024180000006,0.0,56467.79911628997,0,11,0
389,589.0327470000001,589.0327470000002,0.0,58241.188660687185,0,12,1
390,618.6757579999999,618.6757580000004,0.0,61987.972201675686,0,12,0
391,661.9131420000001,661.9131420000006,0.0,67504.83114905366,1,12,0
392,689.6179679999999,689.6179680000002,0.0,71196.20879017937,1,12,0
393,662.326753,662.326753000001,0.0,67559.9404790139,1,12,0
394,631.832408,631.8324080000008,0.0,63650.93146295138,0,12,0
395,612.310447,612.310447,0.0,61183.41687198686,0,12,0
396,592.534067,592.5340670000006,0.0,58683.744518043764,0,12,0
397,588.295254,588.2952540000005,0.0,58147.971860477744,0,13,1
398,608.911513,608.9115130000015,0.0,60753.80228364088,0,13,0
399,653.5321409999999,653.5321410000004,0.0,66393.70959868944,0,13,0
400,709.9231980000001,709.9231980000005,0.0,73901.66783258293,1,14,1
401,812.534807,812.5348070000011,0.0,87573.58907773136,1,16,2
402,908.746117,908.7461170000009,0.0,100946.07196134746,1,18,2
403,946.596586,946.5965860000005,0.0,106212.03439309783,1,19,1
404,939.042263,939.0422630000012,0.0,104820.61701142603,1,18,0
405,902.9188879999999,902.9188880000002,0.0,99856.0572742101,1,15,0
406,852.9799440000002,852.9799440000003,0.0,93132.45655571554,0,15,0
407,782.735687,782.7356870000001,0.0,83897.35005321246,0,15,0
408,709.388301,709.3883009999998,0.0,74315.43422639654,0,12,0
409,644.135509,644.1355090000004,0.0,65771.60085396732,0,12,0
410,607.0384990000002,607.0384990000007,0.0,60852.45481755171,0,12,0
411,579.9251720000001,579.9251720000005,0.0,57425.415393485164,0,12,0
412,567.602451,567.6024510000003,0.0,55867.862140106365,0,12,0
413,590.9323859999998,590.9323860000004,0.0,58816.6926914404,0,12,0
414,637.8716139999999,637.8716140000004,0.0,64749.6637684037,0,12,0
415,703.8069680000001,703.8069680000006,0.0,73564.84216471751,0,12,0
416,737.881764,737.8817640000007,0.0,78147.30864377119,0,12,0
417,700.5568300000001,700.5568300000009,0.0,73127.75522112152,0,12,0
418,657.890084,657.8900840000011,0.0,67389.82113883685,0,13,1
419,637.070496,637.0704960000007,0.0,64648.40496791314,0,14,1
420,613.961843,613.9618430000008,0.0,61727.54376677492,0,14,0
421,601.5943919999999,601.594392000001,0.0,60164.336781803635,0,14,0
422,635.892409,635.8924090000007,0.0,64499.49846912824,0,14,0
423,656.016845,656.0168450000004,0.0,67137.90312516014,0,15,1
424,719.184069,719.1840690000008,0.0,75366.39092959465,0,17,2
425,837.966665,837.9666650000013,0.0,91113.43206153586,0,18,1
426,924.077711,924.0777110000008,0.0,103089.21282494937,1,19,1
427,952.159995,952.1599950000008,0.0,108434.3812327721,1,19,0
428,939.7651320000001,939.765132000001,0.0,105520.33616407152,1,18,0
429,894.127152,894.1271520000008,0.0,98647.77874082759,1,13,0
430,835.6247830000001,835.6247830000007,0.0,90650.08633277738,1,12,0
431,779.9647689999999,779.9647690000008,0.0,83233.97293851369,1,12,0
432,700.867266,700.8672660000007,0.0,72695.05982485332,1,10,0
433,631.8505389999999,631.8505389999999,0.0,63767.39351671807,0,12,2
434,588.843294,588.8432940000006,0.0,58216.918967420206,0,12,0
435,569.82332,569.8233200000005,0.0,55812.85395751857,0,12,0
436,565.80651,565.80651,0.0,55305.14178228511,0,14,2
437,604.5089789999998,604.5089790000007,0.0,60197.012376835,0,14,0
438,682.528019,682.5280190000001,0.0,70525.96164095994,0,15,1
439,793.0350130000002,793.0350130000004,0.0,84975.44593912578,1,16,1
440,839.494024,839.4940240000006,0.0,91381.56894849973,1,17,1
441,784.0472439999999,784.0472440000015,0.0,83777.91993660913,1,17,0
442,719.610262,719.6102620000008,0.0,75192.3675632997,1,17,0
443,689.193212,689.1932120000015,0.0,71139.61450579982,1,17,0
444,648.1374080000002,648.1374080000004,0.0,65879.36837923632,0,17,0
445,651.0913959999999,651.0913960000006,0.0,66252.74318986802,0,17,0
446,671.981129,671.9811290000008,0.0,68893.13986819616,0,17,0
447,710.3043080000001,710.3043080000003,0.0,73952.44674499366,1,17,0
448,766.3028699999998,766.3028700000006,0.0,81413.66811133594,1,19,2
449,864.804644,864.8046440000008,0.0,94617.88555916924,1,19,0
450,941.3788229999998,941.3788230000015,0.0,105141.73849300384,1,19,0
451,975.5039820000001,975.5039820000005,0.0,110391.97898794634,1,19,0
452,964.7347759999999,964.7347759999999,0.0,108723.04513002186,1,19,0
453,914.033738,914.0337380000014,0.0,101383.60935911909,1,13,0
454,845.6791,845.6791000000013,0.0,91989.71867591476,2,13,0
455,776.0812899999999,776.0812900000012,0.0,82716.54007138866,1,12,0
456,697.705665,697.7056650000007,0.0,72424.90800540416,1,9,0
457,612.8516069999998,612.8516070000001,0.0,61314.15869077565,0,9,0
458,574.947222,574.9472220000005,0.0,56292.9629887102,0,11,2
459,550.8961929999999,550.8961930000003,0.0,53252.9884192902,0,11,0
460,550.0931709999999,550.0931710000002,0.0,53151.488959176255,0,13,2
461,590.029996,590.0299960000003,0.0,58252.91003901132,0,13,0
462,671.2784119999999,671.2784120000003,0.0,68752.65520256352,1,14,1
463,780.712167,780.7121670000004,0.0,83976.56698206719,1,16,2
464,815.915,815.9150000000004,0.0,88583.33466895287,1,17,1
465,769.6414419999999,769.6414420000006,0.0,81858.49783284686,1,17,0
466,723.0867290000001,723.0867290000003,0.0,75655.57034803873,1,17,0
467,684.47025,684.4702500000005,0.0,70510.32932903351,1,17,0
468,678.297873,678.2978730000002,0.0,69691.55648153667,1,17,0
469,708.6041130000001,708.6041130000003,0.0,73725.9135840002,1,17,0
470,720.120703,720.1207030000003,0.0,75260.378475713,1,17,0
471,783.578653,783.5786530000007,0.0,83715.48509799164,1,18,1
472,826.909307,826.9093070000004,0.0,89488.84051812514,1,19,1
473,886.312841,886.3128410000006,0.0,97573.83108879664,1,19,0
474,922.879101,922.8791010000003,0.0,102599.25803565758,1,19,0
475,941.764105,941.7641050000005,0.0,105194.68912413034,1,19,0
476,935.8645829999999,935.8645830000006,0.0,104383.89751371136,1,18,0
477,885.599272,885.5992720000006,0.0,97475.7628455296,1,13,0
478,822.2879200000001,822.2879200000006,0.0,88873.0891453214,1,13,0
479,765.1904970000002,765.1904970000006,0.0,81265.45606983847,1,12,0
480,680.666743,680.6667430000002,0.0,70003.55189258016,1,9,0
481,657.4813060000001,657.4813060000004,0.0,66914.33545997998,1,9,0
482,614.6204529999999,614.6204530000002,0.0,61307.53485283807,0,9,0
483,588.9806980000001,588.9806980000004,0.0,58066.750304029025,0,11,2
484,585.65478,585.6547800000002,0.0,57646.3647088856,0,11,0
485,629.117184,629.1171840000001,0.0,63370.07656592945,0,13,2
486,706.264086,706.2640860000006,0.0,73513.81418796894,1,14,1
487,817.0103529999999,817.0103530000004,0.0,90571.07850049791,1,17,3
488,859.57214,859.5721400000006,0.0,94524.84715417081,1,19,2
489,815.2213480000001,815.2213480000006,0.0,87931.54250358451,1,19,0
490,770.5316330000002,770.5316330000006,0.0,81977.10645192757,1,19,0
491,738.6203380000001,738.6203380000003,0.0,77725.26091200723,1,19,0
492,720.7522479999999,720.7522480000006,0.0,75344.5252266208,1,19,0
493,711.845407,711.8454070000003,0.0,74183.48704870744,0,19,0
494,721.7505550000001,721.7505550000003,0.0,75477.5391693461,1,19,0
495,761.529184,761.5291840000003,0.0,80777.62449329783,1,19,0
496,825.73379,825.7337900000006,0.0,89332.21520055187,1,20,1
497,904.094247,904.0942470000006,0.0,100017.59090632992,1,20,0
498,971.314704,971.3147040000001,0.0,109742.75490453125,1,20,0
499,988.207337,988.2073370000006,0.0,113151.50822517698,1,20,0
500,982.265653,982.2656530000006,0.0,111622.36875963138,1,20,0
501,933.7141159999999,933.7141160000003,0.0,104088.35143352333,1,18,0
502,864.1436679999999,864.1436680000004,0.0,94527.04535287988,1,13,0
503,797.327628,797.3276280000007,0.0,85547.39188937149,1,13,0
504,718.849185,718.8491850000005,0.0,75090.96203124631,1,10,0
505,639.8319199999999,639.8319200000005,0.0,64855.14374791892,0,11,1
506,600.637372,600.6373720000009,0.0,59707.9768337694,0,12,1
507,576.530598,576.5305980000007,0.0,56660.956271332965,0,13,1
508,574.341348,574.3413480000008,0.0,56384.241943388726,0,13,0
509,615.3696559999998,615.3696560000004,0.0,61570.09128672986,0,14,1
510,690.522655,690.5226550000007,0.0,71425.28951982604,0,14,0
511,795.507037,795.5070370000005,0.0,85708.05521400945,1,15,1
512,834.794478,834.7944780000012,0.0,90970.03371679028,1,16,1
513,788.536861,788.5368610000013,0.0,84376.11433822772,1,16,0
514,754.174727,754.1747270000005,0.0,79797.72019314379,1,16,0
515,729.0097840000002,729.0097840000006,0.0,76444.75533675365,1,17,1
516,687.8101060000001,687.8101060000009,0.0,70977.96435143737,0,17,0
517,680.860754,680.8607540000006,0.0,70099.58807265326,0,17,0
518,710.9751279999999,710.9751280000008,0.0,74041.82647794063,1,17,0
519,739.1909640000001,739.1909640000008,0.0,77801.29084476506,1,17,0
520,796.9734279999999,796.9734280000006,0.0,85500.19845236932,1,18,1
521,862.672551,862.6725510000002,0.0,94324.86468103142,1,19,1
522,923.6005659999998,923.6005660000008,0.0,102698.41145337703,1,19,0
523,946.6225720000001,946.6225720000007,0.0,105916.14641369753,1,19,0
524,925.2739019999999,925.2739020000013,0.0,102928.38377828953,1,14,0
525,879.9971019999999,879.9971020000011,0.0,96705.83734374482,1,13,0
526,829.909759,829.9097590000005,0.0,89888.61929407094,1,13,0
527,782.0062580000001,782.0062580000008,0.0,83505.97994729996,1,12,0
528,712.4278630000002,712.4278630000009,0.0,74235.38818800084,1,10,0
529,594.214354,594.2143540000004,0.0,59069.390575431804,0,11,1
530,552.347785,552.3477850000007,0.0,53688.09266682297,0,11,0
531,521.46396,521.4639600000012,0.0,49784.47413114971,0,11,0
532,516.1747879999999,516.1747880000007,0.0,49115.939393060566,0,11,0
533,532.2546849999999,532.2546849999999,0.0,51148.38789906377,0,11,0
534,566.7895470000001,566.7895470000002,0.0,55513.48605093198,0,11,0
535,621.735469,621.7354690000001,0.0,62458.478116482824,0,11,0
536,646.779389,646.7793890000004,0.0,65623.95099161797,0,11,0
537,617.822405,617.8224050000003,0.0,61963.87910999075,0,13,2
538,577.5868889999999,577.5868890000003,0.0,56878.236186875445,0,12,0
539,544.15757,544.1575700000006,0.0,52652.875199907845,0,13,1
540,532.2591839999999,532.2591839999998,0.0,51148.9565585414,0,14,1
541,541.711545,541.7115450000001,0.0,52343.70531798027,0,14,0
542,569.2178990000001,569.2178990000007,0.0,55820.42212113512,0,14,0
543,592.772421,592.7724210000009,0.0,58797.6397642906,0,13,0
544,635.4791150000001,635.4791150000007,0.0,64195.631829578095,0,14,1
545,726.0215890000001,726.0215890000006,0.0,76047.75147560268,1,14,0
546,787.410454,787.4104540000012,0.0,84226.03241334549,1,14,0
547,835.588829,835.588829000001,0.0,91151.58684464615,1,15,1
548,833.3336619999999,833.3336620000007,0.0,90826.58599269569,1,15,0
549,795.665714,795.6657140000013,0.0,85398.11209642833,1,12,0
550,751.0326049999999,751.0326050000006,0.0,79379.0653747923,1,12,0
551,711.09312,711.0931200000007,0.0,74057.54767505734,1,10,0
552,652.8027919999998,652.8027920000007,0.0,66290.97251327556,1,9,0
553,602.726588,602.7265880000004,0.0,59847.00373583987,0,9,0
554,560.98029,560.9802900000004,0.0,54527.58662610975,0,9,0
555,535.2314890000001,535.2314890000005,0.0,51273.019005196074,0,9,0
556,525.195161,525.1951610000004,0.0,50004.458650029665,0,9,0
557,536.7938440000001,536.7938440000004,0.0,51470.49577296372,0,9,0
558,563.5698909999999,563.5698910000008,0.0,54854.90406375225,0,10,1
559,605.8716319999999,605.8716320000002,0.0,60201.711340987174,0,10,0
560,626.653068,626.6530680000006,0.0,62828.419618459615,0,10,0
561,591.5584910000001,591.5584910000002,0.0,58392.575247536784,0,10,0
562,557.8021770000001,557.8021770000001,0.0,54125.8831190064,0,10,0
563,541.476508,541.4765080000001,0.0,52062.369803681395,0,10,0
564,520.751884,520.7518840000009,0.0,49442.84238467622,0,11,1
565,526.642427,526.6424270000003,0.0,50187.388529461685,0,12,1
566,535.351919,535.3519190000005,0.0,51288.240979166316,0,12,0
567,576.9047619999999,576.9047620000008,0.0,56540.38989999217,0,12,0
568,628.751067,628.7510670000007,0.0,63261.136204120776,0,15,3
569,726.230433,726.2304330000011,0.0,76105.93409842094,0,16,1
570,819.414085,819.4140850000005,0.0,88687.84305767503,1,17,1
571,870.382802,870.3828020000008,0.0,96499.47080673963,1,18,1
572,869.6431539999999,869.643154000001,0.0,96309.11653219191,1,18,0
573,834.2420759999999,834.2420760000005,0.0,90624.69037835422,1,15,0
574,786.1545659999999,786.1545660000011,0.0,84060.44778672083,1,12,0
575,720.910762,720.9107620000004,0.0,75365.64555545467,1,11,0
576,651.034685,651.034685000001,0.0,66055.39079018813,1,9,0
577,598.98786,598.9878600000003,0.0,59360.0858992275,0,9,0
578,565.2621039999999,565.2621040000004,0.0,55097.25620597559,0,9,0
579,544.021673,544.0216730000002,0.0,52412.53240128847,0,9,0
580,541.558452,541.5584520000002,0.0,52101.18899893919,0,9,0
581,580.409238,580.4092380000001,0.0,57011.80639672192,0,9,0
582,659.5600170000001,659.5600170000005,0.0,67488.34775730757,0,10,1
583,767.312507,767.3125070000003,0.0,81548.19165779145,1,11,1
584,803.9866929999998,803.9866930000003,0.0,86484.20208173525,1,11,0
585,758.9829859999999,758.9829860000004,0.0,80438.37030101096,1,11,0
586,717.1747770000001,717.1747770000005,0.0,74867.86471768362,1,14,3
587,679.64388,679.6438800000005,0.0,69867.26612026982,1,14,0
588,663.840056,663.8400560000005,0.0,67808.82747786427,0,14,0
589,683.8759709999999,683.8759710000002,0.0,70431.14788197473,1,14,0
590,702.0068130000001,702.0068130000003,0.0,72846.8925169919,1,15,1
591,727.644994,727.6449940000003,0.0,76262.911376036,1,15,0
592,757.0935559999999,757.0935560000003,0.0,80186.62355997485,1,16,1
593,824.6696400000001,824.6696400000003,0.0,89190.42836829365,1,17,1
594,893.828506,893.8285060000003,0.0,98606.7347933204,1,17,0
595,933.697834,933.6978340000003,0.0,104526.10079030144,1,18,1
596,934.090535,934.0905350000002,0.0,104586.95875837642,1,18,0
597,882.872567,882.8725670000006,0.0,97101.02239400025,1,12,0
598,810.7116019999997,810.7116020000003,0.0,87330.66612372358,1,12,0
599,737.9573950000001,737.9573950000005,0.0,77636.93070673756,1,11,0
600,663.4669660000001,663.4669660000002,0.0,67711.86190867088,1,9,0
601,658.62262,658.6226200000003,0.0,67066.4035863455,1,10,1
602,617.2959339999999,617.2959340000004,0.0,61743.05930966324,0,11,1
603,594.6689869999999,594.6689870000002,0.0,58883.08423484984,0,12,1
604,589.1637970000002,589.1637970000005,0.0,58187.24549964127,0,12,0
605,628.944455,628.9444550000003,0.0,63215.395799355785,0,12,0
606,708.355344,708.3553440000003,0.0,73710.1728791952,0,15,3
607,819.443592,819.4435920000005,0.0,88608.82850790289,1,16,1
608,871.5129519999999,871.5129520000005,0.0,95908.6421235688,1,16,0
609,817.0288609999999,817.0288610000005,0.0,88172.37466308782,1,16,0
610,753.0666719999999,753.0666720000003,0.0,79650.0834798817,1,16,0
611,708.339687,708.3396870000006,0.0,73690.6815914177,1,16,0
612,669.4732740000001,669.4732740000003,0.0,68744.01439479293,0,17,1
613,669.7705119999999,669.7705120000004,0.0,68781.58434496286,0,17,0
614,696.334497,696.3344970000003,0.0,72139.18866461395,0,17,0
615,724.6695369999999,724.669537,0.0,75866.46292182329,1,18,1
616,797.322434,797.3224340000005,0.0,85546.699843319,1,20,2
617,880.7767090000001,880.7767090000008,0.0,96812.9814166076,1,20,0
618,963.885439,963.8854390000001,0.0,108591.42100879255,1,20,0
619,1010.876492,1010.8764920000003,0.0,118985.59491862461,1,20,0
620,999.0072510000001,999.0072510000005,0.0,115930.9516829406,1,20,0
621,944.6477430000001,944.6477430000002,0.0,105610.10166149278,1,14,0
622,877.120904,877.1209040000007,0.0,96310.55155477679,1,13,0
623,805.559525,805.5595250000008,0.0,86644.20587152215,1,13,0
624,724.1785219999999,724.1785220000004,0.0,75801.04032027163,1,10,0
625,625.633883,625.6338830000008,0.0,63097.65778005136,0,11,1
626,588.3725929999998,588.3725929999999,0.0,58157.74726731055,0,12,1
627,564.3351780000002,564.335178,0.0,55119.49346475625,0,12,0
628,561.6875050000001,561.6875050000004,0.0,54784.835908601846,0,13,1
629,602.1861080000001,602.1861080000003,0.0,59903.732202687024,0,13,0
630,683.9946240000002,683.9946240000002,0.0,70600.1668929153,0,13,0
631,796.3810859999999,796.3810860000012,0.0,85834.01780110237,1,15,2
632,835.2457080000001,833.6746052623747,1.57110273762612,91138.98065117149,1,16,1
633,771.4350320000002,771.4350320000015,0.0,82097.47489855193,1,16,0
634,710.2203019999997,710.2203020000003,0.0,73941.2538261094,1,16,0
635,685.834593,685.8345930000004,0.0,70692.11373168688,1,16,0
636,670.8928890000001,670.8928890000012,0.0,68755.58974818156,0,16,0
637,686.182959,686.1829590000008,0.0,70738.52984934559,1,16,0
638,702.463743,702.4637430000007,0.0,72907.77364959894,1,16,0
639,769.5348999999999,769.5349000000003,0.0,81844.30222820233,1,17,1
640,829.797304,829.7973040000006,0.0,89873.6358441611,1,18,1
641,885.546434,885.5464340000018,0.0,97468.50113735895,1,18,0
642,931.6056039999999,931.6056040000012,0.0,103798.57137336473,1,18,0
643,955.609122,955.6091220000009,0.0,107308.8171046408,1,19,1
644,947.697997,947.6979970000014,0.0,106082.80802219114,1,18,0
645,897.512006,897.5120060000013,0.0,99112.97087430776,1,15,0
646,837.888553,837.888553000001,0.0,90951.70995469266,1,14,0
647,778.8098110000002,778.809811000001,0.0,83080.08689217508,1,13,0
648,693.374297,693.3742970000005,0.0,71696.70025268894,1,10,0
649,624.2653890000001,624.2653890000004,0.0,62731.35079442114,0,11,1
650,582.72605,582.7260500000006,0.0,57276.182430169116,0,12,1
651,558.0093530000001,558.0093529999997,0.0,54152.0695150809,0,13,1
652,555.802013,555.8020130000002,0.0,53873.068667921216,0,13,0
653,597.9572959999999,597.9572960000011,0.0,59274.991141691484,0,13,0
654,674.215176,674.2151760000006,0.0,69143.94822013611,1,15,2
655,784.7512659999999,784.7512660000009,0.0,84425.01892154939,1,16,1
656,821.2877480000001,821.2877480000004,0.0,89123.75523442736,1,17,1
657,761.2382890000001,761.2382890000006,0.0,80738.86578393386,1,17,0
658,694.6326350000002,694.6326350000007,0.0,71864.3606003186,1,17,0
659,671.46472,671.4647200000013,0.0,68911.95886920407,0,17,0
660,675.468732,675.4687320000007,0.0,69418.05341741032,0,17,0
661,692.4471759999999,692.4471760000007,0.0,71573.17109823703,1,17,0
662,683.0627919999998,683.0627920000011,0.0,70377.91876365604,0,17,0
663,692.937491,692.9374910000007,0.0,71638.50043212668,1,17,0
664,748.222666,748.222666000001,0.0,79004.67045899224,1,18,1
665,838.4970799999999,838.4970800000008,0.0,91032.78979839283,1,18,0
666,909.3842199999998,909.384220000001,0.0,100810.83660381743,1,18,0
667,947.959452,947.9594520000007,0.0,107344.55218650679,1,19,1
668,940.1385939999999,940.1385940000004,0.0,105576.9276274146,1,18,0
669,891.465858,891.4658580000014,0.0,98282.02794812643,1,13,0
670,823.9726079999999,823.9726080000004,0.0,89097.55616112119,1,13,0
671,759.228203,759.2282030000008,0.0,80471.04289570713,1,13,0
672,683.872589,683.8725890000012,0.0,70430.69726592759,1,9,0
673,630.2505400000001,630.2505400000002,0.0,63422.83817200929,0,9,0
674,592.828738,592.8287380000005,0.0,58553.130481031476,0,10,1
675,569.969698,569.9696980000008,0.0,55663.819579558076,0,11,1
676,568.1935559999998,568.1935560000002,0.0,55439.320806067735,0,11,0
677,608.7409650000001,608.7409650000004,0.0,60564.38602535091,0,13,2
678,684.0810620000002,684.0810620000002,0.0,70484.8743111964,0,15,2
679,789.772769,789.7727690000007,0.0,85082.63902847661,1,16,1
680,832.9454529999999,832.9454529999999,0.0,90837.97281486515,1,17,1
681,783.302542,783.3025420000007,0.0,83678.69620165031,1,17,0
682,733.9679160000001,733.9679160000003,0.0,77105.3744507863,1,17,0
683,705.5720159999998,705.5720160000004,0.0,73321.91844353174,1,17,0
684,662.7887539999999,662.7887540000003,0.0,67731.25252306121,0,17,0
685,669.2750750000001,669.275075000001,0.0,68551.10313689969,0,17,0
686,692.2518990000001,692.2518989999995,0.0,71547.15248503113,1,17,0
687,716.9940289999997,716.9940290000002,0.0,74843.78194142364,1,17,0
688,774.605376,774.6053759999998,0.0,82527.97226516702,0,18,1
689,863.124673,863.1246730000005,0.0,94387.00136337381,1,18,0
690,918.385099,918.3850990000002,0.0,102539.82355781266,1,19,1
691,941.5532959999999,941.5532960000007,0.0,107980.24125279713,1,19,0
692,916.940536,916.9405360000005,0.0,102315.95560500311,1,17,0
693,871.3842679999998,871.3842680000012,0.0,95522.14592787565,1,13,0
694,820.9879839999999,820.9879840000003,0.0,88699.88630025409,1,13,0
695,773.494872,773.494872000002,0.0,82371.92698571895,1,12,0
696,704.9670180000002,704.9670180000008,0.0,73241.3088020879,1,11,0
697,651.96221,651.9622100000007,0.0,66311.46703305021,0,11,0
698,608.490295,608.4902949999997,0.0,60700.561650643955,0,11,0
699,576.5863509999999,576.5863510000007,0.0,56668.00327552429,0,11,0
700,569.370016,569.3700160000006,0.0,55755.88118359985,0,11,0
701,588.176952,588.1769520000005,0.0,58133.018859027725,0,12,1
702,626.403783,626.4037830000008,0.0,62964.770303405254,0,12,0
703,683.712493,683.7124930000004,0.0,70409.36615217739,1,13,1
704,719.097698,719.0976980000007,0.0,75124.07378339123,1,13,0
705,680.612749,680.6127490000014,0.0,69996.3577580871,1,13,0
706,645.0491740000001,645.0491740000001,0.0,65321.48919792281,0,13,0
707,613.4714030000001,613.4714030000001,0.0,61330.15806614599,0,13,0
708,597.324159,597.3241590000008,0.0,59289.19711074499,0,13,0
709,592.3045269999999,592.3045270000006,0.0,58654.73138256981,0,13,0
710,601.2972559999997,601.2972560000006,0.0,59791.38409999349,0,13,0
711,607.412685,607.4126850000008,0.0,60564.35512926188,0,14,1
712,679.0468320000001,679.0468320000012,0.0,69787.71573298798,1,15,1
713,774.3822560000001,774.3822560000008,0.0,82490.16160147464,1,17,2
714,859.650781,859.6507810000007,0.0,93937.20416460265,1,17,0
715,917.661446,917.6614460000002,0.0,102427.67703623172,1,18,1
716,907.291582,907.2915820000009,0.0,100820.63032065488,1,17,0
717,866.902489,866.9024890000003,0.0,94906.19961680968,1,13,0
718,821.137156,821.137156000001,0.0,88719.7619055181,1,12,0
719,776.558458,776.5584580000012,0.0,82780.1177053453,1,12,0
720,713.7196699999998,713.7196700000005,0.0,74407.50792903254,1,11,0
721,658.562524,658.5625240000005,0.0,67280.83836603722,0,12,1
722,616.3654749999998,616.3654750000002,0.0,61947.263828973984,0,12,0
723,587.353118,587.3531180000003,0.0,58280.192973962636,0,12,0
724,575.437144,575.4371440000009,0.0,56774.05126460509,0,12,0
725,589.4349139999999,589.4349140000008,0.0,58543.32545360505,0,12,0
726,619.7116030000001,619.7116030000005,0.0,62370.203904678245,0,12,0
727,663.804627,663.8046270000007,0.0,67943.42373027593,0,12,0
728,691.19387,691.1938700000006,0.0,71406.18121185806,1,13,1
729,661.1309339999999,661.1309340000009,0.0,67605.47732779829,0,16,3
730,625.213293,625.2132930000001,0.0,63065.60025087329,0,16,0
731,598.856365,598.8563650000003,0.0,59734.1672860703,0,16,0
732,573.73242,573.7324200000002,0.0,56558.57950213362,0,16,0
733,576.28049,576.2804900000006,0.0,56880.647551741946,0,16,0
734,586.8113650000001,586.8113650000004,0.0,58211.71709532529,0,16,0
735,642.565646,642.5656460000008,0.0,65258.8832010373,0,17,1
736,708.6176829999999,708.6176830000011,0.0,73727.72164424908,1,17,0
737,801.8996910000001,801.8996910000006,0.0,86167.84619932296,0,19,2
738,897.435924,897.4359240000008,0.0,99102.51466322759,1,19,0
739,951.3805079999998,951.3805080000005,0.0,106653.49701171162,1,19,0
740,941.2628549999997,941.2628550000004,0.0,105125.8006116843,1,17,0
741,903.5891379999998,903.5891380000005,0.0,99948.17203823398,1,13,0
742,852.9149069999999,852.9149070000013,0.0,92983.83808724053,1,13,0
743,782.623743,782.6237430000003,0.0,83588.25335059542,1,12,0
744,709.322454,709.3224540000007,0.0,73821.62499204533,1,11,0
745,639.664787,639.6647870000005,0.0,64902.62075762202,0,11,0
746,605.5329850000002,605.5329850000006,0.0,60578.39452492015,0,11,0
747,585.388116,585.3881160000004,0.0,58032.146318063926,0,11,0
748,581.3238429999999,581.3238430000005,0.0,57518.43496861687,0,12,1
749,625.292403,625.292403000001,0.0,63075.9229353071,0,12,0
750,713.62993,713.6299300000001,0.0,74395.55101475646,1,13,1
751,822.672188,822.672188000001,0.0,88924.28882812767,1,15,2
752,867.677849,867.6778490000013,0.0,95012.76000984748,1,15,0
753,819.783033,819.7830330000004,0.0,88539.33921073072,1,15,0
754,759.8384820000001,759.8384820000007,0.0,80552.3561750415,1,16,1
755,726.3818749999999,726.3818750000011,0.0,76104.9424515345,0,18,2
756,729.988153,729.9881529999999,0.0,76575.1127499844,1,18,0
757,726.749803,726.7498030000012,0.0,76151.44739580853,0,18,0
758,744.514314,744.5143140000005,0.0,78510.57142880069,1,18,0
759,752.7739740000001,752.7739740000006,0.0,79611.08453966813,1,19,1
760,801.3646590000001,801.3646590000013,0.0,86085.28395084606,1,20,1
761,878.7927949999998,878.7927950000012,0.0,96540.32528836663,1,20,0
762,973.050528,973.0505280000008,0.0,110011.76038599375,1,20,0
763,1003.7091920000001,1003.7091920000003,0.0,117141.03346241028,1,20,0
764,998.1847080000001,998.1847080000007,0.0,115719.26372319582,1,20,0
765,946.3688,946.3688000000003,0.0,105876.81865982282,1,14,0
766,871.7497880000001,871.7497880000008,0.0,95572.38059933546,1,13,0
767,790.338576,790.3385760000008,0.0,84616.17397501014,1,13,0
768,710.973981,710.9739810000004,0.0,74041.67365221429,1,10,0
769,623.216038,623.2160380000008,0.0,62719.14470926744,0,11,1
770,582.8681690000001,582.8681690000004,0.0,57462.00535209755,0,11,0
771,562.461411,562.4614110000006,0.0,54882.655197710934,0,12,1
772,560.486775,560.4867750000006,0.0,54633.06740569335,0,13,1
773,602.1980599999999,602.1980600000006,0.0,59905.24289796974,0,13,0
774,686.8934649999999,686.8934650000003,0.0,70966.57129585341,0,14,1
775,797.2638939999999,797.2638940000004,0.0,85961.24268161382,1,15,1
776,843.5877590000001,842.9070694215807,0.6806895784204698,92346.11947623057,2,17,2
777,807.9043959999999,807.9043960000012,0.0,87028.75169713976,1,17,0
778,768.8443339999999,768.8443340000014,0.0,81752.29154774836,1,17,0
779,742.3673179999998,742.3673180000009,0.0,78224.50671827029,1,17,0
780,681.936648,681.936648000001,0.0,70172.75342170567,1,17,0
781,637.068484,637.0684840000002,0.0,64480.29113098875,0,17,0
782,669.817086,669.8170860000001,0.0,68619.61162592705,0,17,0
783,748.0471059999999,748.0471060000007,0.0,78981.27892934765,1,18,1
784,782.7331320000001,782.7331320000005,0.0,83602.8282881455,1,19,1
785,868.4108890000001,868.4108890000006,0.0,95113.50421964972,1,19,0
786,936.432231,936.4322310000009,0.0,104461.91133179211,1,19,0
787,976.235183,976.2351830000003,0.0,110505.29524411676,1,19,0
788,962.610297,962.6102970000007,0.0,108393.80870037718,1,18,0
789,913.3822210000001,913.3822210000008,0.0,101294.06913575085,1,13,0
790,844.7346279999999,844.7346280000013,0.0,91863.87768259941,2,13,0
791,770.133474,770.1334740000004,0.0,81924.05593898757,1,12,0
792,690.467779,690.4677790000011,0.0,71309.43719755452,1,9,0
793,613.730207,613.7302070000001,0.0,61379.84855606293,0,12,3
794,580.358047,580.3580470000004,0.0,56976.874284130514,0,12,0
795,556.246179,556.2461790000003,0.0,53929.20985608415,0,12,0
796,553.8646420000001,553.8646420000002,0.0,53628.19105492879,0,13,1
797,597.707354,597.7073540000002,0.0,59327.97631542663,0,13,0
798,686.5754429999998,686.5754430000004,0.0,70790.82422802526,1,16,3
799,798.737697,798.7376970000001,0.0,86777.81323329367,1,17,1
800,843.549665,843.5496650000007,0.0,92332.0063267187,1,17,1
801,808.4553490000001,808.4553490000006,0.0,87030.04406325937,1,17,0
802,767.840957,767.8409570000003,0.0,81618.60208067058,1,17,0
803,730.028464,730.0284640000003,0.0,76580.48376816341,1,17,0
804,703.0120350000001,703.0120350000007,0.0,72980.82781097892,1,17,0
805,681.564756,681.5647560000003,0.0,70188.57171559095,0,17,0
806,679.7025749999998,679.7025750000004,0.0,69953.19788257711,0,17,0
807,730.14152,730.1415200000001,0.0,76595.54729502313,1,17,0
808,771.5632090000001,771.5632090000005,0.0,82114.55314015156,1,19,2
809,855.156391,855.1563910000002,0.0,93291.89294695416,1,19,0
810,928.666497,928.6664970000008,0.0,103394.63978403868,1,19,0
811,950.8376040000002,950.8376040000003,0.0,106569.36166624575,1,19,0
812,941.9026400000001,941.9026400000005,0.0,105213.72846591927,1,18,0
813,894.7009730000001,894.7009730000007,0.0,98726.64093554132,1,16,0
814,829.612263,829.6122630000006,0.0,89848.9810706537,1,13,0
815,767.4672490000002,767.4672490000004,0.0,81568.80940716634,1,12,0
816,684.314612,684.3146120000002,0.0,70489.59219705114,1,9,0
817,611.8954209999999,611.8954210000004,0.0,61105.833358561744,0,11,2
818,572.454839,572.4548390000004,0.0,55977.93360110043,0,12,1
819,549.313458,549.3134580000009,0.0,53052.935683495445,0,12,0
820,547.5033180000001,547.5033180000008,0.0,52824.1396695249,0,12,0
821,592.988246,592.9882460000005,0.0,58652.870945115224,0,14,2
822,675.085032,675.085032000001,0.0,69259.84741363404,1,14,0
823,784.8863580000001,784.8863580000001,0.0,84444.48755295959,1,16,2
824,820.43014,820.4301400000005,0.0,89000.67601685012,1,17,1
825,784.938563,784.9385630000005,0.0,83896.67884986516,1,17,0
826,744.741689,744.7416890000012,0.0,78540.86676403048,1,17,0
827,699.9427899999998,699.9427900000003,0.0,72571.8830889244,1,17,0
828,681.0783799999999,681.0783800000005,0.0,70126.77188716523,0,17,0
829,690.4088470000002,690.4088470000007,0.0,71306.11362762935,0,17,0
830,692.760672,692.7606720000006,0.0,71614.9411539299,1,17,0
831,707.077958,707.0779580000009,0.0,73522.56942858515,1,17,0
832,747.236002,747.236002000001,0.0,78873.20782396597,1,18,1
833,832.5117200000001,832.5117199999995,0.0,90252.39214530084,0,18,0
834,913.8703929999999,913.8703930000013,0.0,101507.3563158622,1,18,0
835,937.2280380000001,937.2280380000002,0.0,105127.15563828922,1,18,0
836,932.2636219999999,932.263622,0.0,104357.80625940076,1,17,0
837,887.8272929999999,887.8272930000007,0.0,97781.96743882334,1,12,0
838,818.61765,818.6176500000006,0.0,88384.06414242499,1,12,0
839,749.639369,749.639369000001,0.0,79193.43128276769,1,11,0
840,673.616844,673.6168440000007,0.0,69064.22675331405,1,9,0
841,636.7476629999999,636.7476630000017,0.0,64218.83852056605,0,12,3
842,597.708584,597.7085840000003,0.0,59169.92769759485,0,12,0
843,575.791372,575.7913720000003,0.0,56399.660898923314,0,13,1
844,574.12299,574.1229900000004,0.0,56188.78265117444,0,13,0
845,618.749288,618.7492880000001,0.0,61997.26616286498,0,14,1
846,701.038896,701.0388959999999,0.0,72754.50937174544,0,14,0
847,805.8488500000001,805.8488500000008,0.0,86798.56714236816,1,15,1
848,845.925931,845.9259310000011,0.0,92023.31906447567,2,16,1
849,800.9615229999999,800.9615230000012,0.0,86031.57030482881,1,17,1
850,743.8344929999998,743.8344930000007,0.0,78419.99240695927,1,17,0
851,706.9012790000002,706.9012790000008,0.0,73558.5647891253,0,17,0
852,675.4501500000001,675.4501500000002,0.0,69583.24080861916,0,17,0
853,723.5135569999999,723.5135570000012,0.0,75712.44070469822,1,17,0
854,724.102941,724.102941000001,0.0,75790.9699443201,1,17,0
855,737.5530750000003,737.5530750000005,0.0,77583.05930513196,1,17,0
856,780.94617,780.9461700000014,0.0,83364.7343339608,1,17,0
857,841.215434,841.2154340000016,0.0,91394.98197300774,1,17,0
858,923.1731460000001,923.1731460000008,0.0,102881.95373842916,1,18,1
859,952.4450759999999,952.4450760000011,0.0,107118.39118288652,1,19,1
860,927.7259349999999,927.7259350000008,0.0,103265.37511163321,1,19,0
861,885.725246,885.7252460000007,0.0,97493.07588586253,1,14,0
862,835.68642,835.6864200000006,0.0,90658.29881690079,1,14,0
863,782.616565,782.6165650000008,0.0,83587.29695734082,1,13,0
864,712.4402620000001,712.4402620000004,0.0,74237.0402247749,1,11,0
865,647.139348,647.1393480000003,0.0,65754.85240657565,0,11,0
866,604.550863,604.550863,0.0,60286.397860561054,0,12,1
867,574.335733,574.3357330000001,0.0,56467.30027385412,0,13,1
868,567.029759,567.029759,0.0,55543.848093706496,0,13,0
869,588.639444,588.6394440000006,0.0,58275.24444490535,0,13,0
870,633.2465399999999,633.2465400000009,0.0,63913.44135763105,0,14,1
871,690.2047469999999,690.2047470000007,0.0,71274.39094085897,1,14,0
872,729.9954090000001,729.9954090000008,0.0,76576.07953592151,1,14,0
873,726.1947609999999,726.1947610000002,0.0,76069.68303124789,1,14,0
874,708.1691520000002,708.169152000001,0.0,73667.95959034728,1,14,0
875,682.719702,682.7197020000012,0.0,70277.08715862916,1,16,2
876,687.0626059999998,687.0626060000011,0.0,70855.7335909567,1,16,0
877,659.666412,659.6664120000012,0.0,67252.83024645287,0,16,0
878,652.4088739999999,652.408874,0.0,66335.5002246645,0,16,0
879,647.2787349999999,647.2787350000003,0.0,65687.06675857086,0,16,0
880,700.886196,700.886196000001,0.0,72697.5820489145,1,17,1
881,790.4257840000001,790.4257839999997,0.0,84660.61578392396,0,18,1
882,880.5858269999999,880.5858270000012,0.0,96881.65146817241,1,18,0
883,919.1391540000001,919.1391540000005,0.0,102656.68156203671,1,18,0
884,907.851343,907.8513430000006,0.0,100907.37804237596,1,17,0
885,870.2998579999999,869.9688552621081,0.33100273789293266,95322.00951703377,1,12,0
886,823.903898,823.9038980000015,0.0,89088.4012738926,1,12,0
887,774.5532250000001,774.5532250000005,0.0,82512.94142849554,1,11,0
888,712.248897,712.2488970000004,0.0,74211.54284456055,1,10,0
889,656.220308,656.2203080000005,0.0,66830.54696218265,0,11,1
890,614.2384390000001,614.2384390000007,0.0,61426.78558006005,0,12,1
891,587.151661,587.1516610000002,0.0,58003.10186625614,0,12,0
892,575.0325890000001,575.0325890000005,0.0,56471.28920722318,0,13,1
893,591.619848,591.6198480000008,0.0,58567.86667741723,0,13,0
894,628.345258,628.3452580000005,0.0,63209.8432203552,0,13,0
895,671.8637609999998,671.8637610000006,0.0,68830.64682073343,1,14,1
896,703.3701449999999,703.3701450000004,0.0,73028.54221449341,1,15,1
897,651.1515390000001,651.1515390000002,0.0,66092.48554983908,0,15,0
898,599.329413,599.3294130000002,0.0,59542.33149309261,0,16,1
899,556.543908,556.5439080000002,0.0,54134.3779647928,0,16,0
900,542.903389,542.9033890000004,0.0,52410.25918078197,0,16,0
901,552.0168440000001,552.0168440000003,0.0,53562.17128564672,0,16,0
902,567.9857759999999,567.9857760000006,0.0,55580.5941639692,0,16,0
903,599.712298,599.7122980000008,0.0,59590.72695521668,0,16,0
904,684.1871030000001,684.1871030000004,0.0,70472.60295944895,1,17,1
905,788.463253,788.4632530000008,0.0,84458.92597297655,0,19,2
906,896.4757860000001,896.4757860000009,0.0,98970.55959377544,1,19,0
907,953.84102,953.8410200000002,0.0,107034.80941158852,1,19,0
908,944.751862,944.7518620000001,0.0,105626.23727300888,1,19,0
909,910.3676059999999,910.3676060000005,0.0,100879.76022213999,1,14,0
910,859.3806719999999,859.3806719999997,0.0,94204.76538007372,0,13,0
911,782.8936890000001,782.8936890000002,0.0,84200.62844853762,0,12,0
912,708.5058259999998,708.5058260000001,0.0,74196.75671161109,0,9,0
913,629.668628,629.6686280000002,0.0,63861.77103115675,0,10,1
914,596.220234,596.2202340000002,0.0,59330.7845615655,0,10,0
915,575.896955,575.8969550000002,0.0,56761.98589073828,0,13,3
916,572.235707,572.2357070000004,0.0,56299.21563619578,0,14,1
917,615.7810229999998,615.7810230000003,0.0,61803.20688984885,0,14,0
918,703.666112,703.6661120000001,0.0,73325.46419096734,0,15,1
919,813.188291,813.1882910000007,0.0,87660.65897040753,1,16,1
920,852.094525,852.0945250000003,0.0,93212.33632154408,1,16,0
921,794.7091280000001,794.7091280000004,0.0,85198.50421350995,1,16,0
922,720.8529139999999,720.8529140000004,0.0,75371.3754546057,0,16,0
923,658.893292,658.8932920000005,0.0,67252.46236203647,0,16,0
924,650.9062230000001,650.9062230000002,0.0,66242.92191184602,0,17,1
925,656.207757,656.2077570000006,0.0,66913.01916793085,0,17,0
926,661.8446239999998,661.8446240000004,0.0,67625.5014626053,0,17,0
927,702.590967,702.5909670000004,0.0,72924.72491393874,1,17,0
928,763.3732499999999,763.37325,0.0,81023.32695687437,1,20,3
929,849.0554980000001,849.0554980000007,0.0,92637.22792485185,0,20,0
930,948.0570799999999,948.0570800000004,0.0,106138.4561151428,1,20,0
931,987.7444889999999,987.7444890000005,0.0,113032.3906242832,1,20,0
932,984.3671090000003,984.3671090000007,0.0,112163.19511537628,1,20,0
933,933.132824,933.1328240000003,0.0,104008.46247356967,1,14,0
934,858.817716,858.8177160000009,0.0,93795.08144138097,1,14,0
935,776.662617,776.6626170000002,0.0,82793.99580022013,1,14,0
936,699.33696,699.3369600000002,0.0,72491.16259220218,1,10,0
937,664.2756239999999,664.2756240000002,0.0,67866.14590713629,0,14,4
938,622.387017,622.3870170000002,0.0,62457.06368963366,0,15,1
939,602.975075,602.9750750000002,0.0,60003.45515491959,0,16,1
940,597.1814889999999,597.1814890000005,0.0,59271.16407058608,0,17,1
941,640.7269049999999,640.7269050000004,0.0,64918.57739915607,0,17,0
942,727.343167,727.3431670000004,0.0,76222.69609226963,1,17,0
943,838.358614,838.3586140000002,0.0,93177.08205551999,1,17,0
944,885.089232,885.0892320000004,0.0,97979.18649426717,1,20,3
945,822.400376,822.4003760000006,0.0,88888.07272847081,1,20,0
946,757.955498,757.9554980000006,0.0,80301.46829593343,1,20,0
947,703.2388559999999,703.2388560000005,0.0,73347.27359355107,0,20,0
948,677.981677,677.9816770000007,0.0,70154.84545023597,0,20,0
949,682.504162,682.5041620000004,0.0,70726.47335815552,0,20,0
950,696.475903,696.4759030000006,0.0,72492.45756326054,0,20,0
951,713.359625,713.3596250000005,0.0,74626.50702605718,0,20,0
952,782.2417129999999,782.2417130000002,0.0,83537.3518578288,1,21,1
953,882.359045,882.3590450000005,0.0,97030.44729836272,1,21,0
954,980.289217,980.2892170000005,0.0,111133.56018804829,1,21,0
955,1029.335069,1029.3350690000004,0.0,123736.05599472909,1,21,0
956,1014.8618710000001,1014.8618710000005,0.0,120011.26378860438,1,20,0
957,962.2474860000001,962.2474860000004,0.0,108337.58286887874,1,17,0
958,893.5377550000001,893.537755000001,0.0,98566.7758828323,1,13,0
959,815.444227,815.4442270000005,0.0,87961.23879394478,1,13,0
960,732.6725170000001,732.6725170000011,0.0,76932.77611340878,1,10,0
961,665.8189469999999,665.8189470000008,0.0,68176.92372873548,0,12,2
962,626.761086,626.7610860000009,0.0,63009.93228103115,0,15,3
963,603.108429,603.1084290000001,0.0,60020.31068192137,0,16,1
964,600.3257209999999,600.3257210000004,0.0,59668.58512564182,0,16,0
965,646.5567730000001,646.5567730000008,0.0,65727.7734490464,0,16,0
966,737.9120209999999,737.9120210000004,0.0,77630.88509688286,1,17,1
967,850.538147,850.5381470000002,0.0,95943.44770519697,1,17,0
968,895.299792,895.2997920000005,0.0,100174.33315952304,1,20,3
969,849.375898,849.3758980000014,0.0,92497.45990161851,1,20,0
970,780.723773,780.7237730000007,0.0,83335.1022650478,1,20,0
971,738.6269929999999,738.6269930000007,0.0,77820.22302698904,0,20,0
972,694.3919419999999,694.3919420000001,0.0,72229.05143441407,0,20,0
973,725.2368889999999,725.2368890000012,0.0,76127.75591292557,0,20,0
974,738.6890149999999,738.6890150000007,0.0,77828.06241310199,0,20,0
975,778.379666,778.3796660000007,0.0,83022.77458003703,1,20,0
976,843.6749589999998,843.674959000001,0.0,91722.68789661788,1,20,0
977,912.3714459999999,912.3714460000015,0.0,101155.15484913226,1,20,0
978,986.978467,986.978467,0.0,112835.24879182002,1,20,0
979,1016.967432,1016.9674320000005,0.0,120553.14659863157,1,20,0
980,1004.3655250000002,1004.3655250000007,0.0,117309.94596143252,1,20,0
981,957.135498,956.6351866738197,0.5003113261814746,107445.86865511986,1,15,0
982,891.371167,891.3711670000006,0.0,98269.01423813721,1,15,0
983,822.555141,822.5551410000012,0.0,88908.69354235467,1,14,0
984,733.623008,733.623008000001,0.0,77059.41907537832,1,11,0
985,632.447726,632.4477260000002,0.0,63958.90614659812,0,11,0
986,594.794441,594.7944410000002,0.0,58969.44869632973,0,12,1
987,571.093738,571.0937380000004,0.0,55973.75423363645,0,12,0
988,568.442089,568.4420890000004,0.0,55638.59412356266,0,14,2
989,615.0018049999999,615.0018050000001,0.0,61523.596075014124,0,14,0
990,698.284796,698.2847960000001,0.0,72406.39977686538,0,14,0
991,807.5560249999999,807.5560250000005,0.0,87444.48154746514,1,15,1
992,841.5428389999998,841.5428390000005,0.0,91942.56616084818,1,17,2
993,803.3212179999998,803.3212180000004,0.0,86345.97492743404,1,17,0
994,744.32591,744.3259100000006,0.0,78485.46857079686,1,17,0
995,702.5962759999999,702.5962760000007,0.0,72925.43228253574,1,17,0
996,683.927643,683.9276430000003,0.0,70487.23321528867,0,17,0
997,686.565638,686.5656380000004,0.0,70820.66750262237,0,17,0
998,695.849192,695.8491920000004,0.0,72026.45406767892,1,17,0
999,709.130372,709.1303720000003,0.0,73796.0320790971,1,17,0
1000,745.6793020000001,745.6793020000002,0.0,78665.79386749705,1,18,1
1001,837.5253719999998,837.5253720000003,0.0,90991.13551005731,0,19,1
1002,934.741321,934.7413210000003,0.0,104374.79094607246,1,19,0
1003,967.74386,967.7438600000003,0.0,109189.37126111634,1,19,0
1004,960.069824,960.0698240000004,0.0,108000.10452155069,1,16,0
1005,916.181413,916.1814130000006,0.0,101678.77172513891,1,13,0
1006,847.527663,847.5276630000003,0.0,92243.45060525797,1,13,0
1007,775.7744349999999,775.7744350000003,0.0,82675.65485932953,1,13,0
1008,698.6030200000001,698.6030200000004,0.0,72393.37278092785,1,10,0
1009,640.261319,640.2613190000011,0.0,64904.67112808741,0,11,1
1010,602.6313109999999,602.6313109999999,0.0,60057.03309239475,0,13,2
1011,581.5464269999999,581.546427,0.0,57391.96994024564,0,13,0
1012,579.4116890000001,579.4116890000005,0.0,57122.145757988284,0,13,0
1013,624.106825,624.1068250000004,0.0,62771.47065035638,0,14,1
1014,706.7301159999998,706.7301160000002,0.0,73643.6618140059,0,16,2
1015,810.2934370000002,810.2934370000006,0.0,87453.4856043824,1,16,0
1016,848.9714339999999,848.9714340000012,0.0,93062.43786602472,1,16,0
1017,792.973356,792.9733560000008,0.0,84967.23079021212,1,16,0
1018,739.218538,739.2185380000008,0.0,77804.96479121309,1,16,0
1019,677.1974749999999,677.1974750000011,0.0,69541.30829912571,1,16,0
1020,647.6979689999998,647.6979690000003,0.0,65753.31719935534,0,16,0
1021,641.860997,641.8609970000007,0.0,65015.5422608105,0,16,0
1022,647.258356,647.2583560000003,0.0,65697.75149610055,0,16,0
1023,668.340753,668.3407530000003,0.0,68362.50029925635,1,16,0
1024,756.223612,756.2236120000005,0.0,80070.71264139947,1,18,2
1025,849.3796980000001,849.3796980000006,0.0,92497.98214869533,1,19,1
1026,920.1278830000001,920.1278830000003,0.0,102221.14867818187,1,19,0
1027,958.286687,958.2866870000004,0.0,107723.76681265945,1,19,0
1028,933.1717780000001,933.1717780000007,0.0,104013.81605584171,1,17,0
1029,890.9827150000001,890.9827150000011,0.0,98215.62794300179,1,14,0
1030,840.194909,840.1949090000012,0.0,91259.0077146886,1,13,0
1031,788.012911,788.0129110000014,0.0,84474.76238913054,0,12,0
1032,718.2542720000001,716.8000000000001,1.4542720000001168,75312.1786301,0,9,0
1033,669.693157,669.6931570000012,0.0,68939.10044189033,0,10,1
1034,624.338252,624.3382520000006,0.0,62787.46171754704,0,11,1
1035,595.36921,595.3692100000007,0.0,59125.8657425699,0,11,0
1036,587.223045,587.2230450000002,0.0,58096.21605738176,0,13,2
1037,609.7461389999999,609.7461389999999,0.0,60943.064438989655,0,13,0
1038,654.8885000000001,654.8885000000007,0.0,66648.91716751858,0,13,0
1039,712.600679,712.6006790000001,0.0,74258.41410841001,1,14,1
1040,756.0402389999999,756.0402390000008,0.0,80046.28011140686,1,14,0
1041,771.386395,771.3863950000007,0.0,82090.99452815243,1,14,0
1042,774.705102,774.7051020000008,0.0,82533.17744665362,1,14,0
1043,766.6103200000001,766.6103200000001,0.0,81454.63260090761,1,14,0
1044,660.6751109999999,660.6751110000008,0.0,67645.8336125388,0,15,1
1045,664.0881190000001,664.0881190000002,0.0,67811.72013151448,0,15,0
1046,681.677515,681.6775150000004,0.0,70138.22666588775,1,15,0
1047,691.2881679999999,691.288168000001,0.0,71418.74543185366,1,15,0
1048,744.798749,744.7987490000008,0.0,78548.46941088348,1,17,2
1049,823.616601,823.6166010000003,0.0,89117.15454636145,0,17,0
1050,904.5673919999999,904.5673920000004,0.0,100082.6168519085,1,18,1
1051,945.4566449999999,945.4566450000011,0.0,106700.434970185,1,19,1
1052,934.695558,934.6955580000003,0.0,104733.40517364211,1,17,0
1053,896.4984079999999,896.4984080000006,0.0,98973.66861308427,1,12,0
1054,849.99175,849.9917500000009,0.0,92582.09856130305,1,12,0
1055,800.483167,800.4831670000011,0.0,85967.83438232569,1,12,0
1056,735.565695,735.5656950000008,0.0,77318.2617533834,1,10,0
1057,664.154188,664.1541880000003,0.0,67966.50341681392,0,11,1
1058,622.5569690000001,622.5569690000009,0.0,62478.545088954415,0,11,0
1059,594.8370180000001,594.8370180000005,0.0,58974.830295480555,0,11,0
1060,582.439209,582.4392090000005,0.0,57407.786154603,0,11,0
1061,599.6444260000001,599.6444260000005,0.0,59582.471576226846,0,11,0
1062,636.777624,636.7776240000009,0.0,64275.99124231837,0,11,0
1063,681.304062,681.3040620000007,0.0,70088.46796846048,1,11,0
1064,713.4164749999999,713.4164750000008,0.0,74367.11037360664,1,11,0
1065,703.453098,703.4530980000005,0.0,73039.59483216604,1,11,0
1066,691.716528,691.7165280000002,0.0,71475.81991145336,1,12,1
1067,661.4194929999998,661.4194930000004,0.0,67439.05759461355,1,13,1
1068,676.1221659999999,676.1221660000002,0.0,69398.03464709468,1,13,0
1069,681.8844580000001,681.8844580000012,0.0,70165.79965130158,1,13,0
1070,682.8376999999999,682.8377000000004,0.0,70292.80915518293,1,13,0
1071,681.5097399999997,681.5097400000004,0.0,70115.87240588483,1,13,0
1072,736.6183150000002,736.6183150000012,0.0,77458.51233400799,1,15,2
1073,820.636754,820.6367540000008,0.0,88653.08858461815,1,16,1
1074,912.887379,912.8873790000004,0.0,101287.93976924496,1,18,2
1075,965.5217090000001,964.6785650794294,0.8431439205718166,108977.24030316412,1,19,1
1076,958.1705139999998,958.1705140000008,0.0,107705.7631591797,1,19,0
1077,923.0990199999999,923.0990200000008,0.0,102629.48226063242,1,13,0
1078,869.5597539999999,869.5597540000012,0.0,95271.39669017606,1,13,0
1079,793.4972149999999,793.4972150000004,0.0,85037.02951046762,1,13,0
1080,717.980911,717.980911000001,0.0,74975.27362266477,1,10,0
1081,684.0537020000002,684.0537020000005,0.0,70456.78048264375,1,12,2
1082,645.9199910000001,645.9199910000007,0.0,65515.32578206833,0,12,0
1083,619.853106,619.8531060000004,0.0,62220.55334202031,0,13,1
1084,605.1804429999999,605.1804430000002,0.0,60365.97479630945,0,13,0
1085,632.795034,632.7950339999999,0.0,63856.37241650825,0,13,0
1086,687.7483619999999,687.748362000001,0.0,70982.60710468362,0,13,0
1087,754.158949,754.1589490000005,0.0,79795.61794004095,1,13,0
1088,796.8023960000002,796.8023960000002,0.0,85477.41023125872,1,14,1
1089,788.104529,788.1045290000009,0.0,84318.51063126547,1,14,0
1090,760.141316,760.1413160000004,0.0,80592.70563100166,1,14,0
1091,703.0040120000001,703.0040120000006,0.0,72979.75883033217,1,14,0
1092,698.4870999999999,698.4870999999999,0.0,72377.92765609075,1,14,0
1093,679.338357,679.3383570000001,0.0,69906.83844189737,0,14,0
1094,720.800878,720.8008780000015,0.0,75351.00466434372,1,14,0
1095,714.3249679999999,714.3249680000024,0.0,74488.15754233184,1,15,1
1096,767.4702219999999,767.4702220000012,0.0,81569.20552825117,1,18,3
1097,861.35044,861.3504400000003,0.0,94191.26999982886,0,18,0
1098,965.5124879999998,965.5124880000005,0.0,108843.56932544678,1,19,1
1099,1009.8794719999999,1009.8794720000008,0.0,118729.00392019085,1,20,1
1100,992.2806259999999,992.2806260000009,0.0,114199.801430348,1,20,0
1101,947.3469060000001,947.3469060000006,0.0,106028.39847174576,1,14,0
1102,889.0978589999999,889.0978590000009,0.0,97956.58569658789,1,14,0
1103,825.9955279999999,825.995528000001,0.0,89367.08904531212,1,13,0
1104,743.525779,743.5257790000003,0.0,78378.85950263766,1,10,0
1105,641.0022429999999,641.0022430000005,0.0,65064.11130885721,0,10,0
1106,598.769173,598.7691730000009,0.0,59471.842344446064,0,14,4
1107,580.373625,580.3736250000004,0.0,57146.70282087117,0,15,1
1108,576.8017470000001,576.8017470000005,0.0,56695.22865379622,0,15,0
1109,619.322869,619.3228690000005,0.0,62069.76500079427,0,15,0
1110,704.934766,704.9347660000008,0.0,73246.93511060961,0,17,2
1111,815.5598609999998,815.5598610000004,0.0,88597.94535696186,1,17,0
1112,850.4923809999999,850.4923810000008,0.0,93283.75144716784,1,18,1
1113,803.926493,803.9264930000013,0.0,86426.62147622432,1,18,0
1114,739.837473,739.8374730000012,0.0,77887.43139180866,1,18,0
1115,671.7488770000001,671.7488770000006,0.0,68947.87542203517,0,18,0
1116,647.398275,647.3982750000007,0.0,65870.03576577487,0,18,0
1117,654.641758,654.6417580000006,0.0,66785.5892796817,0,18,0
1118,681.0949700000001,681.0949700000007,0.0,70129.19223984925,0,18,0
1119,702.8103330000001,702.8103330000005,0.0,72953.95313387497,1,18,0
1120,747.805505,747.8055050000008,0.0,78980.35813243991,0,20,2
1121,842.0296610000001,842.0296610000009,0.0,91691.26146280149,0,20,0
1122,938.3102720000002,938.3102720000009,0.0,104720.01696930356,1,20,0
1123,997.2066599999999,997.2066600000006,0.0,115467.55531931604,1,20,0
1124,984.5038149999999,984.5038150000004,0.0,112198.3774878782,1,20,0
1125,933.3224619999997,933.3224620000005,0.0,104034.52507650884,1,13,0
1126,865.8911480000002,865.8911480000012,0.0,94767.20754286334,1,13,0
1127,790.249351,790.2493510000008,0.0,84604.28567908547,1,13,0
1128,708.620898,708.6208980000009,0.0,73728.15000929692,1,10,0
1129,635.093372,635.0933720000003,0.0,64204.30110587098,0,11,1
1130,599.731384,599.7313840000003,0.0,59593.13936570565,0,12,1
1131,576.3651810000001,576.3651810000011,0.0,56639.72465301698,0,14,2
1132,573.320488,573.3204880000005,0.0,56254.88501510823,0,15,1
1133,618.204224,618.2042240000003,0.0,61940.41052626547,0,15,0
1134,708.1089310000001,708.108931000001,0.0,73659.93577338028,1,16,1
1135,820.2262140000001,820.2262140000009,0.0,89421.71888945616,1,17,1
1136,855.255103,855.2551030000004,0.0,93756.3661951562,1,18,2
1137,779.5361,779.5361000000005,0.0,83176.85728790304,1,18,0
1138,730.95257,730.9525700000008,0.0,76703.61120547098,1,18,0
1139,711.6077200000001,711.6077200000007,0.0,74153.44415800698,0,18,0
1140,672.455901,672.4559010000007,0.0,69204.77713396684,0,18,0
1141,660.3305900000001,660.3305900000009,0.0,67672.17588491809,0,18,0
1142,677.2940429999999,677.2940430000008,0.0,69816.3030958391,0,18,0
1143,706.3381219999999,706.3381220000008,0.0,73487.38351207513,0,18,0
1144,764.63831,764.6383100000004,0.0,81191.88294053888,1,19,1
1145,846.7964940000002,846.7964940000011,0.0,92246.79525417034,0,19,0
1146,934.0536149999999,934.053615000001,0.0,104135.00994940751,1,19,0
1147,976.6746829999998,976.6746830000001,0.0,110573.40578360847,1,19,0
1148,967.599573,967.5995730000001,0.0,109167.01070272802,1,17,0
1149,920.7989799999999,920.7989800000005,0.0,102313.37984833049,1,13,0
1150,855.9582219999999,855.9582220000013,0.0,93402.09134061637,1,13,0
1151,788.964212,788.9642120000009,0.0,84433.05437915458,1,12,0
1152,702.6885469999999,702.6885470000003,0.0,72937.72642602983,1,10,0
1153,668.1452759999999,668.1452760000006,0.0,68355.25777309873,0,11,1
1154,626.67119,626.6711900000001,0.0,62998.5697088146,0,13,2
1155,604.6072199999999,604.6072200000009,0.0,60209.75315961652,0,13,0
1156,601.0699860000001,601.0699859999999,0.0,59762.65788539393,0,13,0
1157,649.22766,649.2276600000007,0.0,66040.50117253483,0,14,1
1158,734.2783430000001,734.2783430000013,0.0,77146.73559440096,1,16,2
1159,845.0542049999999,845.0542050000007,0.0,92448.60271668187,2,17,1
1160,880.419756,880.4197560000014,0.0,96955.62968669168,1,19,2
1161,840.378625,840.3786250000012,0.0,91283.48594583568,1,19,0
1162,774.9552819999999,774.9552820000008,0.0,82566.51130907374,1,19,0
1163,772.661286,772.6612860000013,0.0,82260.86038951082,1,19,0
1164,783.752872,783.7528720000012,0.0,83738.69795344367,1,19,0
1165,785.1142849999999,785.1142849999999,0.0,83920.09196431142,1,19,0
1166,815.340726,815.3407260000007,0.0,87947.44837067217,1,19,0
1167,820.553274,820.5532740000003,0.0,88641.9657497199,1,19,0
1168,855.7716570000001,855.7716570000006,0.0,93376.45107064222,1,19,0
1169,924.915518,924.9155180000007,0.0,102879.12983186661,1,20,1
1170,993.0680279999999,993.0680280000015,0.0,114402.4455752487,1,20,0
1171,1013.8959120000001,1013.8959120000006,0.0,119762.66658468057,1,20,0
1172,1006.522879,1006.522879000001,0.0,117865.15811047188,1,20,0
1173,961.257351,961.2573510000004,0.0,108184.13888931181,1,17,0
1174,891.6490820000001,891.6490820000007,0.0,98307.209052973,1,15,0
1175,819.069701,819.0697010000017,0.0,88444.29519942758,1,14,0
1176,740.535935,740.5359350000014,0.0,77980.49413149076,1,11,0
1177,662.1823150000002,662.1823150000001,0.0,67720.74745074382,0,13,2
1178,621.839973,621.8399730000004,0.0,62387.919045204806,0,13,0
1179,599.048505,599.0485050000001,0.0,59507.14903242281,0,14,1
1180,596.310109,596.3101090000006,0.0,59161.024373847904,0,15,1
1181,641.9975020000002,641.9975020000002,0.0,65067.71405383893,0,16,1
1182,725.667967,725.6679670000004,0.0,75999.49325300928,1,17,1
1183,830.9570970000001,830.9570970000004,0.0,91640.58307251935,1,17,0
1184,864.107715,864.1077150000008,0.0,95127.5091510946,1,18,2
1185,825.2664330000001,825.2664330000005,0.0,89269.94477949872,1,18,0
1186,786.803485,786.8034850000008,0.0,84145.16015681309,1,18,0
1187,731.2738049999999,731.2738050000006,0.0,76746.41240178769,1,18,0
1188,691.518143,691.5181430000004,0.0,71614.18468638916,0,18,0
1189,682.0325060000001,682.0325060000005,0.0,70415.2299450037,0,18,0
1190,688.052955,688.0529550000003,0.0,71176.19580041428,0,18,0
1191,732.7888659999999,732.7888660000002,0.0,76948.27839799863,1,18,0
1192,804.7339959999999,804.7339960000005,0.0,86534.2127861044,1,19,1
1193,865.5319489999999,865.5319490000007,0.0,94719.79961167215,1,19,0
1194,946.191628,946.1916280000002,0.0,105849.3618213636,1,19,0
1195,980.10372,980.10372,0.0,111104.81320114467,1,19,0
1196,957.4987069999999,957.4987070000002,0.0,107601.65135666692,1,16,0
1197,913.790119,913.7901190000006,0.0,101350.12796158563,1,13,0
1198,863.207595,863.2075950000005,0.0,94398.39761919237,1,13,0
1199,809.174588,809.1745880000007,0.0,87125.8751203909,1,12,0
1200,737.270578,737.2705780000006,0.0,77545.41954123357,1,10,0
1201,669.053583,669.0535830000001,0.0,68585.77156561299,0,11,1
1202,626.4592700000001,626.4592700000009,0.0,62971.78368603157,0,11,0
1203,594.789223,594.7892230000002,0.0,58968.78915750903,0,12,1
1204,586.7931319999999,586.7931320000004,0.0,57958.10835483868,0,12,0
1205,609.292553,609.2925530000002,0.0,60801.964543556154,0,12,0
1206,654.9434620000001,654.9434620000019,0.0,66614.75547797694,0,12,0
1207,712.6193379999999,712.6193380000003,0.0,74260.90022456199,1,12,0
1208,749.897809,749.897809000001,0.0,79227.86570360008,1,12,0
1209,726.616577,726.6165770000011,0.0,76125.88559144705,1,13,1
1210,694.6784040000002,694.6784040000007,0.0,71870.45883978263,1,14,1
1211,662.7323799999999,662.7323800000004,0.0,67613.98602466847,1,14,0
1212,649.399519,649.3995190000013,0.0,65871.35915019001,0,14,0
1213,646.5550289999999,646.5550290000004,0.0,65511.824543044015,0,14,0
1214,669.6192150000002,669.6192150000008,0.0,68531.58459529742,1,14,0
1215,675.7271079999999,675.7271080000013,0.0,69345.39730989776,1,15,1
1216,737.861289,737.8612890000012,0.0,77624.12558969496,1,17,2
1217,801.1408590000001,801.1408590000011,0.0,86055.46494689041,1,17,0
1218,887.7408639999999,887.7408640000009,0.0,97770.08920392623,1,19,2
1219,944.1254769999999,944.1254770000007,0.0,105829.07974660659,1,19,0
1220,933.6409510000002,933.6409510000008,0.0,104078.2961157915,1,19,0
1221,894.726989,894.726989,0.0,98730.21640394982,1,15,0
1222,849.0504809999999,849.0504810000008,0.0,92604.01223346108,0,14,0
1223,799.159198,799.1591980000001,0.0,86106.02618515084,0,14,0
1224,734.178262,734.1782620000006,0.0,77649.25213977603,0,11,0
1225,650.4412030000001,650.4412030000005,0.0,66646.22963141424,0,11,0
1226,607.2358530000001,607.2358530000006,0.0,60877.39974365751,0,11,0
1227,581.6592000000002,581.6592000000007,0.0,57644.59108957129,0,11,0
1228,570.0325119999999,570.0325120000008,0.0,56175.01422254494,0,11,0
1229,586.707956,586.7079560000008,0.0,58282.73799992621,0,11,0
1230,623.2100740000001,623.210074000001,0.0,62896.491134977834,0,11,0
1231,666.99585,666.9958500000007,0.0,68614.38804339309,0,11,0
1232,685.0111610000002,685.0111610000006,0.0,70755.10366745545,0,13,2
1233,661.537359,661.5373590000007,0.0,67740.93964963018,0,13,0
1234,626.4628249999998,626.4628250000007,0.0,63307.62865099241,0,13,0
1235,575.034362,575.0343620000006,0.0,56807.23236173775,0,13,0
1236,568.066848,568.0668479999999,0.0,55926.560463164125,0,13,0
1237,576.22273,576.2227300000008,0.0,56957.43834665062,0,14,1
1238,606.8580079999999,606.8580080000005,0.0,60829.64132171295,0,14,0
1239,624.194518,624.1945180000006,0.0,63020.92176640807,0,16,2
1240,684.6934060000001,684.6934060000015,0.0,70667.79130359874,0,16,0
1241,786.624785,786.6247850000008,0.0,84266.72196673675,0,17,1
1242,888.7306789999999,888.7306790000013,0.0,97906.12288561555,1,19,2
1243,944.9138859999999,944.9138860000008,0.0,106560.75164014252,1,19,0
1244,938.3801429999999,938.3801430000008,0.0,105304.41557672113,1,18,0
1245,903.9920579999999,903.9920580000008,0.0,100003.54672039812,1,12,0
1246,853.352303,853.3523030000015,0.0,93043.95092472652,1,12,0
1247,777.560542,777.5605420000013,0.0,82913.63489372723,1,12,0
1248,704.1796289999999,704.1796290000005,0.0,73136.3974718572,1,10,0
1249,658.3724790000001,658.372479000001,0.0,67120.00690910855,0,13,3
1250,623.8508599999998,623.8508600000006,0.0,62642.08884983053,0,14,1
1251,602.498995,602.4989950000005,0.0,59943.28013733475,0,15,1
1252,597.946477,597.9464770000004,0.0,59367.85615248875,0,15,0
1253,642.749085,642.7490850000008,0.0,65038.53742274773,0,17,2
1254,732.0049410000003,732.0049410000018,0.0,76843.82860945586,1,18,1
1255,841.1940740000001,841.1940740000016,0.0,91826.25614410754,1,18,0
1256,880.131423,880.1314230000005,0.0,96811.4882109365,1,20,2
1257,825.664573,825.6645730000015,0.0,89322.99276088801,1,20,0
1258,789.6790239999999,789.6790240000016,0.0,84528.29558494348,1,20,0
1259,767.097816,767.0978160000013,0.0,81519.58633259837,1,20,0
1260,748.918123,748.9181229999998,0.0,79120.98955513186,0,20,0
1261,753.4023920000001,753.4023920000009,0.0,79694.81465060553,1,20,0
1262,765.492653,765.4926530000014,0.0,81305.71518940611,1,20,0
1263,794.3675549999998,794.3675550000012,0.0,85152.99319189193,1,20,0
1264,849.842654,849.8426540000006,0.0,92561.6077849406,1,20,0
1265,914.0465459999999,914.0465460000007,0.0,101385.36960663502,1,20,0
1266,979.7778089999999,979.777809000001,0.0,111054.30586545356,1,20,0
1267,1020.2277969999999,1019.3468299978997,0.8809670021021067,120988.28691783521,1,20,0
1268,1018.283552,1018.169230955376,0.11432104462529732,120839.4420953436,1,20,0
1269,966.494519,966.4945190000005,0.0,108995.75740555512,1,17,0
1270,892.8416170000003,892.8416170000008,0.0,98471.10324188037,1,15,0
1271,809.5507040000001,809.5507040000005,0.0,87175.98863465265,1,15,0
1272,728.5103909999999,728.5103910000012,0.0,76378.21645452666,1,12,0
1273,647.905832,647.9058320000003,0.0,65912.7622220034,0,14,2
1274,606.086036,606.0860360000005,0.0,60396.67086001305,0,14,0
1275,587.209311,587.2093110000004,0.0,58010.71207405282,0,16,2
1276,582.130272,582.1302720000003,0.0,57368.73748755624,0,17,1
1277,624.953943,624.9539430000005,0.0,62811.73041360193,0,17,0
1278,710.8007459999999,710.8007460000002,0.0,74018.59190444728,1,17,0
1279,821.383999,821.3839990000004,0.0,89653.28028835144,1,17,0
1280,860.5011699999998,860.5011700000006,0.0,94568.59282424298,1,19,2
1281,817.2758209999998,817.2758210000002,0.0,88205.27949426245,1,19,0
1282,739.6937320000001,739.6937320000002,0.0,77868.27941036267,1,19,0
1283,693.9963460000001,693.9963460000005,0.0,71927.42176650996,0,19,0
1284,663.3061339999999,663.3061340000004,0.0,68048.2753062854,0,19,0
1285,682.039404,682.0394040000006,0.0,70416.1018305509,0,19,0
1286,697.4572580000001,697.4572580000006,0.0,72364.8701795072,0,19,0
1287,739.485565,739.4855650000005,0.0,77840.54333977989,1,19,0
1288,774.8621939999999,774.8621940000008,0.0,82554.10830889402,1,20,1
1289,856.4478040000001,856.4478040000002,0.0,93571.59219880326,0,20,0
1290,948.677606,948.6776060000004,0.0,106234.62075821141,1,20,0
1291,1005.2371260000001,1005.2371260000006,0.0,117534.25938626447,1,20,0
1292,992.5056970000002,992.5056970000003,0.0,114257.72523589691,1,20,0
1293,942.433873,942.4338730000004,0.0,105286.73764523544,1,13,0
1294,874.4414869999998,874.4414870000003,0.0,95942.31005581905,1,13,0
1295,797.5205659999999,797.520566,0.0,85573.09885534635,1,13,0
1296,715.2264679999998,715.2264680000008,0.0,74608.27296711269,1,10,0
1297,634.824145,634.8241450000005,0.0,64215.47130287457,0,11,1
1298,597.331535,597.3315350000008,0.0,59290.12941399173,0,11,0
1299,573.758354,573.7583540000006,0.0,56310.55333180686,0,12,1
1300,572.7550790000001,572.7550790000007,0.0,56183.7425210871,0,13,1
1301,617.6136069999998,617.6136070000006,0.0,61861.518593252156,0,13,0
1302,707.5247679999999,707.5247680000002,0.0,73582.10217727775,1,15,2
1303,819.548527,819.1620498819016,0.3864771180982416,89379.4895058368,1,16,1
1304,851.378782,851.3787820000009,0.0,93154.87093998125,1,18,2
1305,805.444885,805.4448850000005,0.0,86628.93129326709,1,18,0
1306,747.9904549999999,747.9904550000009,0.0,78973.7307774572,1,18,0
1307,697.8646090000001,697.8646090000009,0.0,72416.35806723245,0,18,0
1308,667.0959879999999,667.095988000001,0.0,68527.30095553378,0,18,0
1309,690.4367320000001,690.4367320000008,0.0,71477.49773053834,0,18,0
1310,720.7396870000001,720.7396870000011,0.0,75342.85160504497,1,18,0
1311,746.812313,746.8123130000002,0.0,78854.82178126951,0,19,1
1312,801.7331370000002,801.7331370000007,0.0,86134.37978167512,1,19,0
1313,854.857214,854.8572140000019,0.0,93271.6075162177,0,19,0
1314,934.593869,934.5938690000004,0.0,104209.2589157975,1,19,0
1315,973.0528399999998,973.0528400000005,0.0,110012.11868307517,1,19,0
1316,967.2513089999999,967.2513090000012,0.0,109113.03926034921,1,19,0
1317,919.245601,919.2456010000008,0.0,102099.89362673477,1,14,0
1318,854.400165,854.4001650000005,0.0,93187.96220538215,1,13,0
1319,789.0066469999999,789.0066470000012,0.0,84438.7083980682,1,12,0
1320,702.623642,702.6236420000005,0.0,72929.07851516416,1,9,0
1321,604.79788,604.7978800000011,0.0,60277.838296494825,0,9,0
1322,567.665142,567.6651419999997,0.0,55469.88299191922,0,9,0
1323,544.9121290000002,544.9121290000004,0.0,52593.973570427115,0,9,0
1324,543.263533,543.2635330000003,0.0,52385.59621096995,0,10,1
1325,588.320263,588.3202629999998,0.0,58080.62544989443,0,11,1
1326,670.3066270000002,670.3066270000004,0.0,68746.6589667979,0,11,0
1327,779.895238,779.8952380000017,0.0,83338.41794293367,1,13,2
1328,799.7343869999999,799.7343870000014,0.0,85897.59945172786,1,13,0
1329,753.6064009999999,753.6064010000008,0.0,79721.99671127569,1,14,1
1330,694.031704,694.0317040000008,0.0,71784.29284399128,1,14,0
1331,662.8156209999999,662.815621,0.0,67748.23243544567,0,14,0
1332,645.7087900000001,645.7087900000006,0.0,65585.98269538827,0,14,0
1333,645.837089,645.8370890000006,0.0,65602.1992862577,0,14,0
1334,669.608688,669.608688,0.0,68606.85478080837,0,14,0
1335,745.024434,745.0244340000012,0.0,78578.53957132912,1,15,1
1336,774.986431,774.9864310000007,0.0,82570.66158679586,1,15,0
1337,815.234556,815.2345560000015,0.0,87933.30233112814,1,16,1
1338,891.2840269999999,891.2840270000002,0.0,98405.94306524673,1,18,2
1339,929.7346469999999,929.7346470000008,0.0,104164.67087417902,1,18,0
1340,925.694391,925.6943910000006,0.0,103338.4692454844,1,18,0
1341,881.646754,881.6467540000008,0.0,96932.55469503373,1,13,0
1342,812.8363719999999,812.8363720000009,0.0,87613.76945274419,1,12,0
1343,743.8975119999999,743.8975120000009,0.0,78428.38902809547,1,11,0
1344,669.096886,669.0968860000007,0.0,68461.98973150321,1,9,0
1345,609.2633910000001,609.2633910000003,0.0,60758.4968208157,0,10,1
1346,573.8572300000001,573.85723,0.0,56168.77542931503,0,11,1
1347,552.9237460000002,552.9237460000003,0.0,53522.848761921334,0,12,1
1348,551.992328,551.9923280000006,0.0,53405.12045044249,0,12,0
1349,595.490192,595.4901920000002,0.0,58903.113920247335,0,12,0
1350,676.314327,676.3143270000008,0.0,69526.95540083766,0,14,2
1351,781.0782309999998,781.0782309999996,0.0,83775.66617966702,1,15,1
1352,806.885451,806.8854510000008,0.0,87295.15821549998,1,16,1
1353,759.6395830000001,759.6395830000016,0.0,80525.85496830447,1,16,0
1354,689.826022,689.8260220000003,0.0,71335.59950354228,0,16,0
1355,645.33129,645.3312900000005,0.0,65370.40835392075,0,16,0
1356,615.6606789999998,615.6606790000008,0.0,61620.13625956871,0,16,0
1357,615.44725,615.4472500000008,0.0,61593.15950392235,0,16,0
1358,634.0042510000001,634.004251,0.0,63938.70617989611,0,16,0
1359,648.442383,648.4423830000005,0.0,65763.64074339981,0,16,0
1360,705.4404829999999,705.4404830000013,0.0,73304.39305011231,1,17,1
1361,792.475957,792.4759570000009,0.0,84929.69665000109,0,18,1
1362,880.5594409999999,880.5594410000002,0.0,96861.7570616482,1,18,0
1363,918.0669790000001,918.0669790000003,0.0,102490.52361509798,1,18,0
1364,898.023767,898.0237670000004,0.0,99384.3712090286,1,15,0
1365,854.3334849999999,854.3334850000009,0.0,93178.79814351707,1,14,0
1366,805.316972,805.3169720000004,0.0,86611.88822689987,1,14,0
1367,753.6005400000001,753.6005400000005,0.0,79721.21579446518,1,13,0
1368,685.864168,685.8641680000004,0.0,70696.05429040892,1,10,0
1369,599.869719,599.8697190000007,0.0,59596.42545345439,0,10,0
1370,558.281716,558.2817160000004,0.0,54186.495343333525,0,11,1
1371,531.229034,531.2290340000005,0.0,50767.12125690233,0,11,0
1372,525.730003,525.7300030000007,0.0,50072.06099996066,0,11,0
1373,545.220052,545.2200520000011,0.0,52535.542014296916,0,11,0
1374,587.7410579999998,587.7410580000004,0.0,57910.06369925898,0,11,0
1375,644.607458,644.6074580000007,0.0,65199.03016759335,1,11,0
1376,664.050232,664.0502320000008,0.0,67789.57598892649,1,11,0
1377,620.805143,620.8051430000007,0.0,62093.332065730836,0,11,0
1378,552.712851,552.7128510000007,0.0,53482.60828800078,0,13,2
1379,531.8055619999999,531.8055620000001,0.0,50839.9925863809,0,14,1
1380,524.286205,524.2862050000002,0.0,49889.56946484252,0,14,0
1381,531.776895,531.7768950000009,0.0,50836.3691675667,0,14,0
1382,563.699287,563.6992870000003,0.0,54871.25931197813,0,15,1
1383,590.88669,590.8866900000011,0.0,58307.66170992022,0,15,0
1384,622.5698549999998,622.5698550000003,0.0,62480.17383890519,0,16,1
1385,719.765885,719.765885000001,0.0,75267.70216115602,0,17,1
1386,798.148692,798.1486920000008,0.0,85656.79006034479,1,17,0
1387,851.584725,851.5847250000005,0.0,93187.30049378939,1,17,0
1388,846.7437300000001,846.7437300000008,0.0,92437.07801113446,2,17,0
1389,811.4564640000001,811.4564640000008,0.0,87429.91117700511,1,14,0
1390,767.424113,767.4241130000005,0.0,81563.0619873512,1,14,0
1391,722.4207859999999,722.4207860000012,0.0,75566.84042421746,1,12,0
1392,663.2013060000002,663.2013060000008,0.0,67676.46549852417,1,10,0
1393,650.412005,650.4120050000001,0.0,65972.4252076005,1,11,1
1394,611.1304709999998,611.1304710000003,0.0,60879.67266225156,0,11,0
1395,582.6828549999999,582.6828550000005,0.0,57283.98329691821,0,11,0
1396,570.761284,570.7612840000005,0.0,55777.13414432959,0,11,0
1397,587.220811,587.2208109999999,0.0,57857.56669067426,0,11,0
1398,623.699888,623.6998880000006,0.0,62474.88913847859,0,12,1
1399,667.793782,667.7937820000006,0.0,68288.36478364533,1,12,0
1400,691.28334,691.2833400000004,0.0,71418.10215146442,1,12,0
1401,683.6617970000001,683.6617970000004,0.0,70402.61144161197,1,12,0
1402,656.755695,656.7556950000004,0.0,66817.65540064464,1,12,0
1403,627.8987909999998,627.8987910000004,0.0,62999.1356744951,0,13,1
1404,639.537852,639.5378520000005,0.0,64523.55831161714,1,13,0
1405,656.955218,656.9552180000001,0.0,66844.23974884048,1,13,0
1406,669.668296,669.6682960000004,0.0,68538.12412404243,1,14,1
1407,731.209626,731.2096260000006,0.0,76737.86122281152,1,17,3
1408,775.3191609999999,775.319161,0.0,82614.99437136305,1,17,0
1409,836.9008620000001,836.9008620000004,0.0,90820.11048268217,1,18,1
1410,905.4069229999999,905.4069230000003,0.0,100197.99648630709,1,19,1
1411,951.192321,951.1923210000006,0.0,106624.33314801347,1,19,0
1412,944.497142,944.4971420000002,0.0,105586.76260493304,1,19,0
1413,907.3435420000001,907.3435420000009,0.0,100464.15269994244,1,16,0
1414,854.324553,854.3245530000007,0.0,93177.57058801944,1,13,0
1415,778.4550629999999,778.4550630000002,0.0,83032.82043991738,1,12,0
1416,706.05912,706.0591200000013,0.0,73386.81994533168,1,10,0
1417,611.977648,611.9776480000006,0.0,61295.33566568208,0,10,0
1418,572.486734,572.4867340000003,0.0,56233.592604262005,0,11,1
1419,551.4121519999999,551.4121520000003,0.0,53569.83159257491,0,11,0
1420,547.3237880000001,547.3237880000004,0.0,53053.07521634951,0,11,0
1421,590.525267,590.5252670000006,0.0,58513.60655250695,0,11,0
1422,674.455946,674.4559460000005,0.0,69429.3140138812,0,11,0
1423,772.693647,772.6936470000004,0.0,82265.17215352773,1,12,1
1424,807.6278619999999,807.627862000001,0.0,87122.02358110188,1,12,0
1425,783.279863,783.2798630000005,0.0,83675.67446263909,1,12,0
1426,741.417266,741.4172659999997,0.0,78097.92224844862,1,12,0
1427,690.7579700000001,690.7579700000014,0.0,71348.10210629847,1,12,0
1428,660.4297730000001,660.4297729999996,0.0,67349.3166806625,0,13,1
1429,680.0964990000001,680.0964990000008,0.0,69927.57285731807,1,13,0
1430,670.070772,670.0707720000009,0.0,68591.74983197835,1,14,1
1431,686.6013099999999,686.6013100000004,0.0,70794.2707346174,1,15,1
1432,749.7633949999997,749.763395000002,0.0,79209.95644713154,1,17,2
1433,826.0351619999999,826.0351620000006,0.0,89444.51942850312,0,19,2
1434,917.9155879999998,917.915588000001,0.0,101917.10536318597,1,19,0
1435,953.44251,953.4425100000016,0.0,106973.05120659927,1,19,0
1436,947.475043,947.4750430000008,0.0,106048.25621963851,1,14,0
1437,900.691312,900.6913120000011,0.0,99549.91383879789,1,13,0
1438,837.2547170000003,837.2547170000007,0.0,90867.25795205093,1,13,0
1439,754.0865609999998,754.0865610000009,0.0,79785.97299786788,1,12,0
1440,678.490129,678.4901290000006,0.0,69713.5408940285,1,10,0
1441,576.0854799999998,576.0854800000005,0.0,56655.420927581705,0,10,0
1442,536.7304190000001,536.730419,0.0,51630.338578494746,0,10,0
1443,515.198024,515.1980240000003,0.0,48908.71144068269,0,10,0
1444,515.033926,515.0339260000001,0.0,48887.96996858629,0,10,0
1445,554.523265,554.5232650000005,0.0,53879.29846115121,0,11,1
1446,635.2812980000001,635.2812980000014,0.0,64285.96289984845,0,12,2
1447,735.482277,735.4822770000007,0.0,77307.14717933528,1,13,1
1448,761.452323,761.4523230000002,0.0,80800.29846564992,1,14,1
1449,715.420795,715.4207950000002,0.0,74634.165002777,1,13,0
1450,666.114425,666.1144250000006,0.0,68064.60806771186,1,14,1
1451,638.221229,638.2212290000004,0.0,64458.45838284222,0,15,1
1452,610.3924599999999,610.3924600000001,0.0,60940.989335748076,0,15,0
1453,606.450823,606.4508230000002,0.0,60442.778791746634,0,15,0
1454,617.4275560000001,617.4275560000007,0.0,61830.2033869818,0,15,0
1455,600.1268810000001,600.1268810000001,0.0,59643.45237380055,0,15,0
1456,656.207256,656.2072560000004,0.0,66744.58165305562,1,15,0
1457,761.79706,761.7970600000001,0.0,80852.52339772892,0,17,2
1458,858.0037089999998,858.0037090000004,0.0,93683.20965813773,1,18,1
1459,905.85212,905.8521200000013,0.0,100597.55288402725,1,18,0
1460,898.399025,898.3990250000003,0.0,99442.52598679558,1,18,0
1461,846.6237969999999,846.6237970000006,0.0,92119.22919041406,2,13,0
1462,791.208527,791.2085270000003,0.0,84825.27702729971,0,13,0
1463,716.3852549999999,716.3852550000004,0.0,74974.37277373794,0,12,0
1464,639.316306,639.3163060000012,0.0,64891.97155304964,0,8,0
1465,557.560651,557.5606510000002,0.0,54333.23684373655,0,8,0
1466,521.779965,521.7799650000001,0.0,49685.018375649866,0,8,0
1467,501.1358450000001,501.1358450000007,0.0,47075.66640954263,0,9,1
1468,503.08738600000004,503.0873859999989,0.0,47322.3350660552,0,9,0
1469,544.451977,544.4519770000009,0.0,52550.68952500431,0,10,1
1470,626.994793,626.994793,0.0,63234.55041785783,0,12,2
1471,728.7967780000001,728.796778,0.0,76416.3745201469,1,13,1
1472,739.1988979999999,739.1988980000007,0.0,77814.28831597317,1,15,2
1473,686.841036,686.8410360000001,0.0,70862.592378068,0,15,0
1474,660.8685909999999,660.8685909999998,0.0,67365.65567809354,1,15,0
1475,616.127854,616.1278540000002,0.0,61610.29538722633,0,15,0
1476,543.627343,543.6273429999987,0.0,52446.45837593016,0,15,0
1477,537.729671,537.7296709999978,0.0,51701.011147922436,0,15,0
1478,567.130212,567.1302120000028,0.0,55417.14724202487,0,15,0
1479,634.133404,634.1334040000007,0.0,63886.14038780493,0,15,0
1480,691.4399980000001,691.4399980000006,0.0,71438.97518775435,1,17,2
1481,761.705892,761.7058920000007,0.0,80801.16898190824,1,17,0
1482,840.2913739999999,840.2913740000004,0.0,91271.86066471791,1,17,0
1483,876.753518,876.7535180000009,0.0,96754.96779311931,1,17,0
1484,866.496536,866.4965360000002,0.0,95165.41471558304,1,14,0
1485,822.411424,822.4114240000007,0.0,88889.54475865715,1,11,0
1486,769.8594540000001,769.8594540000007,0.0,81887.5456464768,1,11,0
1487,704.801889,704.8018890000008,0.0,73219.30709384751,1,11,0
1488,623.458224,623.4582240000015,0.0,62381.116439691425,1,8,0
1489,582.0614290000001,582.0614290000003,0.0,57037.90090349441,0,8,0
1490,546.192627,546.1926270000001,0.0,52504.196922863855,0,9,1
1491,522.8199620000001,522.8199620000004,0.0,49549.96543365933,0,11,2
1492,522.426713,522.4267130000001,0.0,49500.259994467895,0,11,0
1493,566.4529320000001,566.4529320000005,0.0,55065.03587776652,0,11,0
1494,645.0403689999999,645.0403690000004,0.0,65364.362584921764,0,12,1
1495,744.5464550000002,744.5464550000005,0.0,78943.96980347816,1,14,2
1496,771.4515190000001,771.4515190000004,0.0,82521.44769334272,1,14,0
1497,731.8139639999999,731.8139640000004,0.0,76818.38292617403,1,15,1
1498,694.8686379999999,694.868638000001,0.0,71895.80552610302,1,15,0
1499,649.128306,649.1283060000003,0.0,65811.15667770508,0,15,0
1500,629.735717,629.7357170000002,0.0,63315.40883238437,0,15,0
1501,631.3023780000001,631.3023780000003,0.0,63513.4298650355,0,15,0
1502,618.3000259999999,618.3000260000003,0.0,61869.97338661843,0,15,0
1503,665.757768,665.7577680000003,0.0,68017.08726121584,1,15,0
1504,738.170519,738.1705190000001,0.0,77665.32724560722,1,17,2
1505,811.395661,811.3956610000008,0.0,87421.8098146391,1,17,0
1506,875.4968930000001,875.4968930000003,0.0,96226.12945778405,1,17,0
1507,903.2837580000001,903.2837580000004,0.0,100532.3373438691,1,17,0
1508,894.654028,894.6540280000008,0.0,99194.96404246274,1,16,0
1509,853.1485459999999,853.1485460000005,0.0,93015.9478990297,1,11,0
1510,795.8054499999998,795.8054500000004,0.0,85344.5776275164,1,11,0
1511,722.9333909999999,722.9333910000003,0.0,75635.13966694602,1,11,0
1512,648.022224,648.0222240000007,0.0,65654.01194087994,1,9,0
1513,572.4058749999999,572.4058750000004,0.0,55981.8490059594,0,10,1
1514,537.2531399999999,537.2531400000004,0.0,51528.549345633575,0,10,0
1515,517.053605,517.0536050000003,0.0,48975.39152797392,0,11,1
1516,517.2586400000001,517.2586400000005,0.0,49001.30730836908,0,11,0
1517,559.200407,559.2004070000004,0.0,54302.61500196247,0,12,1
1518,635.070709,635.0707090000002,0.0,64122.58343781449,0,12,0
1519,729.4088790000001,729.4088790000002,0.0,76849.29996051517,1,13,1
1520,737.7537489999999,737.7537490000004,0.0,78051.91150077607,1,14,1
1521,675.644412,675.6444120000003,0.0,69334.37893478094,1,14,0
1522,608.113651,608.1136510000003,0.0,60568.50230350972,0,15,1
1523,563.3976050000001,563.3976050000001,0.0,54833.12765415792,0,15,0
1524,515.316923,515.3169230000003,0.0,48755.88037461873,0,15,0
1525,510.31997399999995,510.3199740000003,0.0,48124.28170644165,0,15,0
1526,502.88932499999993,502.88932500000027,0.0,47185.07099764886,0,15,0
1527,537.5104639999998,537.5104640000004,0.0,51561.07429149354,0,15,0
1528,614.660865,614.6608650000004,0.0,61312.64280278481,0,15,0
1529,709.143181,709.1431810000004,0.0,73820.50700924489,0,18,3
1530,819.1633609999999,819.1633610000004,0.0,88851.39665565433,1,18,0
1531,867.045974,867.0459740000002,0.0,95640.71167640919,1,18,0
1532,846.9826559999999,846.9826560000005,0.0,92474.10503902659,1,15,0
1533,808.4957750000001,808.4957750000008,0.0,87035.43040398287,1,12,0
1534,765.506008,765.5060080000002,0.0,81307.49460315857,1,11,0
1535,713.8883879999998,713.8883880000004,0.0,74429.98783390019,1,11,0
1536,647.493692,647.4936920000005,0.0,65583.59059236036,1,9,0
1537,602.701155,602.7011550000007,0.0,59967.87157947997,0,8,0
1538,559.224135,559.224135,0.0,54334.07587756024,0,8,0
1539,531.428611,531.428611,0.0,50820.808894110065,0,9,1
1540,526.19822,526.19822,0.0,50159.70388990741,0,9,0
1541,547.5925419999999,547.5925419999999,0.0,52863.87903393064,0,10,1
1542,589.4940650000001,589.4940650000009,0.0,58352.00911102618,0,10,0
1543,640.424327,640.4243270000002,0.0,65040.98107582368,0,10,0
1544,651.645204,651.6452040000005,0.0,66599.40379389732,0,10,0
1545,611.7415359999999,611.7415360000008,0.0,61223.65722992859,0,10,0
1546,576.3124739999998,576.3124740000005,0.0,56493.98828686417,0,11,1
1547,526.2165959999999,526.2165960000003,0.0,50162.026558625184,0,11,0
1548,487.534369,487.53436899999997,0.0,45467.684634896104,0,12,1
1549,486.5779329999999,486.57793300000003,0.0,45375.81485111637,0,12,0
1550,472.697979,472.69797900000003,0.0,44042.585682773846,0,12,0
1551,479.80015399999996,479.80015399999957,0.0,44724.78008116108,0,12,0
1552,572.126132,572.1261320000002,0.0,55964.84779899168,0,13,1
1553,666.4987389999999,666.498739000001,0.0,68451.7296995084,0,16,3
1554,789.450081,789.4500810000006,0.0,84535.3772188273,1,17,1
1555,858.7018610000001,858.7018610000007,0.0,94290.26288877495,1,17,0
1556,848.681298,848.681298000001,0.0,92737.3483223562,1,17,0
1557,814.864625,814.8646250000006,0.0,87884.0129032804,1,12,0
1558,779.183424,779.1834240000009,0.0,83129.86690792516,1,12,0
1559,726.0770480000001,726.0770480000006,0.0,76053.99900795644,1,12,0
1560,665.916713,665.9167130000004,0.0,68038.26501628166,1,10,0
1561,610.0775109999998,610.0775110000022,0.0,60847.81502537325,0,11,1
1562,568.390304,568.3903040000005,0.0,55464.18913567579,0,11,0
1563,542.4383810000002,542.4383810000002,0.0,52183.94753156206,0,10,0
1564,534.029852,534.0298519999999,0.0,51121.13586033455,0,11,1
1565,549.214168,549.214168,0.0,53040.38573916664,0,11,0
1566,581.547661,581.547661,0.0,57194.037433821744,0,12,1
1567,618.791439,618.7914390000002,0.0,62131.734484732646,0,13,1
1568,621.805416,621.8054160000002,0.0,62537.061887753305,0,14,1
1569,575.143464,575.1434640000007,0.0,56408.93720689069,0,14,0
1570,528.260589,528.2605890000007,0.0,50534.47511530971,0,14,0
1571,472.580752,472.58075200000025,0.0,43896.05795592836,0,15,1
1572,473.33089399999994,473.3308939999999,0.0,43968.11231538793,0,15,0
1573,483.017305,483.017305,0.0,44898.53367570037,0,15,0
1574,498.549975,498.5499750000002,0.0,46636.59077886849,0,15,0
1575,553.1526040000001,553.1526040000002,0.0,53538.19168681607,0,15,0
1576,638.0129029999999,638.0129030000004,0.0,64599.66272805753,0,17,2
1577,745.3647710000001,745.3647710000013,0.0,78661.49816117708,0,18,1
1578,847.6712069999999,847.6712070000012,0.0,92263.17835115443,1,18,0
1579,897.552184,897.5521840000005,0.0,99311.28867764035,1,18,0
1580,886.8986399999999,886.8986400000006,0.0,97660.27928210208,1,18,0
1581,857.3916980000001,857.3916980000012,0.0,93599.09888030123,1,12,0
1582,813.404069,813.4040690000007,0.0,87889.43082615812,0,12,0
1583,737.0020240000001,737.0020240000001,0.0,78028.99893884192,0,11,0
1584,664.3026049999999,664.3026050000004,0.0,68252.19350722095,0,10,0
1585,585.9848000000001,585.9848000000006,0.0,58235.319662872884,0,10,0
1586,547.04354,547.0435400000003,0.0,53198.772854447976,0,10,0
1587,527.950197,527.9501970000005,0.0,50785.43423325166,0,10,0
1588,524.696705,524.6967050000002,0.0,50374.20305716302,0,10,0
1589,565.831313,565.831313000001,0.0,55573.48838682861,0,11,1
1590,646.3905879999998,646.3905880000002,0.0,65755.92787126431,0,11,0
1591,746.8202429999999,746.820243000001,0.0,78817.81229552279,1,11,0
1592,766.193971,766.193971000001,0.0,81399.15846114939,1,12,1
1593,721.754275,721.7542750000014,0.0,75478.03482035032,1,12,0
1594,676.8359300000001,676.8359300000006,0.0,69604.1235321358,0,13,1
1595,627.206454,627.2064540000008,0.0,63331.113552661,0,13,0
1596,607.3036899999998,607.3036900000008,0.0,60815.46665783718,0,14,1
1597,617.017732,617.0177320000006,0.0,62043.29107425932,0,14,0
1598,654.4758269999999,654.4758270000009,0.0,66777.87670129914,0,14,0
1599,677.924801,677.9248010000007,0.0,69741.75340856974,0,14,0
1600,716.2740910000001,716.2740910000012,0.0,74747.8577498697,1,16,2
1601,785.6052430000001,785.6052430000011,0.0,83985.50697121081,1,16,0
1602,863.1668949999998,863.1668950000003,0.0,94392.80407813187,1,17,1
1603,920.7405399999999,920.7405400000004,0.0,102904.85281208112,1,18,1
1604,918.0392489999999,918.039249000001,0.0,102486.22621973943,1,18,0
1605,875.733701,875.733701000001,0.0,96119.90347272072,1,13,0
1606,811.3178300000001,811.3178300000009,0.0,87411.43964977373,1,13,0
1607,730.5791450000002,730.5791450000005,0.0,76653.85623875007,1,12,0
1608,655.358566,655.3585660000009,0.0,66631.50260717946,1,9,0
1609,619.1062999999999,619.1063000000001,0.0,61934.83619960233,0,9,0
1610,577.838545,577.8385449999998,0.0,56658.41714004722,0,10,1
1611,554.6457190000001,554.6457190000004,0.0,53726.916735928105,0,10,0
1612,551.61082,551.6108200000004,0.0,53343.31502887607,0,10,0
1613,591.6683680000001,591.6683680000002,0.0,58406.46335543287,0,11,1
1614,672.32614,672.3261400000008,0.0,69083.18054669665,0,12,1
1615,775.9522700000001,775.9522700000007,0.0,82857.04642211297,1,12,0
1616,807.6505220000001,807.6505220000007,0.0,87125.28920147727,1,12,0
1617,764.43017,764.4301700000007,0.0,81164.15046742307,1,12,0
1618,719.8799440000001,719.8799440000006,0.0,75228.29986278476,1,14,2
1619,664.2968060000001,664.2968060000001,0.0,67838.09751324596,0,14,0
1620,630.6192949999999,630.6192950000004,0.0,63581.36583655305,0,14,0
1621,632.0559740000001,632.0559740000008,0.0,63762.95755241771,0,14,0
1622,638.5171070000001,638.5171070000001,0.0,64579.62448212114,0,14,0
1623,666.863543,666.8635430000005,0.0,68164.42018837864,1,14,0
1624,727.636677,727.6366770000016,0.0,76261.80322297139,1,15,1
1625,807.1678039999999,807.1678040000008,0.0,86858.49218905006,1,17,2
1626,904.429508,904.4295080000006,0.0,100176.88634070524,1,18,1
1627,962.7459020000001,962.7459020000002,0.0,108714.73888725643,1,19,1
1628,950.708289,950.708289000001,0.0,106549.3213604111,1,18,0
1629,901.090505,901.0905050000009,0.0,99604.77630652626,1,13,0
1630,846.423536,846.4235359999999,0.0,92091.70663202803,2,13,0
1631,765.942315,765.942315000001,0.0,81365.62793720188,1,12,0
1632,684.7272670000001,684.7272670000007,0.0,70587.97975010895,0,11,0
1633,603.3486819999999,603.3486820000003,0.0,60301.98205348724,0,11,0
1634,564.631209,564.6312090000004,0.0,55408.21500043498,0,11,0
1635,543.0339929999999,543.0339930000002,0.0,52678.39469169601,0,13,2
1636,541.5515560000001,541.5515559999999,0.0,52491.019308265706,0,13,0
1637,583.428952,583.4289520000008,0.0,57784.19070951976,0,13,0
1638,666.616297,666.6162970000007,0.0,68306.17426475837,0,13,0
1639,771.7319370000001,771.7319370000008,0.0,82137.03437741443,1,14,1
1640,781.391643,781.391643000001,0.0,83424.0889414189,1,15,1
1641,711.778091,711.7780910000009,0.0,74148.81288041257,1,16,1
1642,643.747006,643.7470059999999,0.0,65408.203396748155,0,17,1
1643,623.5510089999999,623.5510090000001,0.0,62855.49277118276,0,18,1
1644,575.2335329999999,575.2335330000009,0.0,56748.315473340015,0,18,0
1645,581.249836,581.249836,0.0,57508.75728736479,0,18,0
1646,584.9291499999999,584.9291500000006,0.0,57973.81102759822,0,18,0
1647,627.823551,627.8235510000011,0.0,63395.52866847355,0,18,0
1648,716.8000329999999,716.8000330000003,0.0,74817.9340080395,1,19,1
1649,792.31678,792.3167800000001,0.0,85025.28381574759,0,19,0
1650,888.2875439999999,888.2875440000007,0.0,97875.52160461005,1,19,0
1651,932.149634,932.1496340000015,0.0,105560.13431260116,1,19,0
1652,923.563336,923.5633360000013,0.0,103350.38247545615,1,19,0
1653,882.6212940000001,882.6212940000012,0.0,97066.48908090737,1,12,0
1654,828.796458,828.7964580000007,0.0,89740.28360630153,1,12,0
1655,757.8324009999998,757.8324010000007,0.0,80285.06691108122,1,12,0
1656,672.085326,672.0853260000008,0.0,68860.16803436806,1,9,0
1657,602.235559,602.2355590000004,0.0,59856.61690846035,0,9,0
1658,563.83293,563.8329300000003,0.0,54888.151367672755,0,9,0
1659,538.977689,538.9776890000005,0.0,51746.526925874285,0,9,0
1660,537.00772,537.0077200000003,0.0,51497.52902800695,0,9,0
1661,580.1747189999999,580.1747190000002,0.0,56953.702200397085,0,9,0
1662,657.5568149999999,657.5568150000004,0.0,67206.41197223733,0,12,3
1663,759.99318,759.9931800000008,0.0,80572.96806187763,1,13,1
1664,784.636251,784.6362510000007,0.0,83856.39894493295,1,13,0
1665,755.925579,755.9255790000003,0.0,80031.00286836145,1,13,0
1666,726.738366,726.7383660000005,0.0,76142.11269901064,1,13,0
1667,684.4727189999999,684.4727190000013,0.0,70510.65829740166,1,13,0
1668,661.6732039999999,661.6732039999998,0.0,67506.48245593261,0,13,0
1669,670.120643,670.1206430000005,0.0,68598.39461994197,1,14,1
1670,649.0045449999999,649.0045449999999,0.0,65905.20372525322,0,15,1
1671,681.698047,681.6980470000004,0.0,70140.9623396555,1,15,0
1672,734.6713030000001,734.6713030000012,0.0,77199.09339509087,1,18,3
1673,811.162499,811.1624990000005,0.0,87407.32354063567,0,18,0
1674,896.259449,896.2594490000004,0.0,99110.949932999,1,18,0
1675,930.69264,930.6926400000007,0.0,105185.16535995009,1,19,1
1676,920.2230790000001,920.2230789999996,0.0,102824.66043921199,1,18,0
1677,880.397601,880.3976010000009,0.0,96760.87929954752,1,12,0
1678,820.8924190000001,820.8924190000014,0.0,88687.15326579033,1,12,0
1679,745.2065790000001,745.2065790000005,0.0,78602.80848319453,1,12,0
1680,668.641733,668.6417330000005,0.0,68401.34536551833,1,9,0
1681,619.8904259999999,619.8904260000005,0.0,62088.13667863285,0,9,0
1682,580.13842,580.1384200000003,0.0,56949.114120739665,0,9,0
1683,559.484865,559.4848650000007,0.0,54338.56960024885,0,9,0
1684,557.0033129999999,557.0033130000007,0.0,54024.90921704057,0,9,0
1685,599.5788580000001,599.5788580000001,0.0,59406.32446040474,0,11,2
1686,675.9018259999998,675.9018260000005,0.0,69535.13603301825,0,13,2
1687,773.2563600000001,773.256360000001,0.0,82468.52838917726,1,13,0
1688,797.694696,797.6946960000005,0.0,85690.51655188185,1,13,0
1689,766.424548,766.4245480000002,0.0,81429.88042931317,1,14,1
1690,718.842764,718.8427640000007,0.0,75090.10650030624,1,14,0
1691,674.324144,674.3241440000008,0.0,69158.46706384943,1,14,0
1692,656.507394,656.507394,0.0,66853.54028741021,0,14,0
1693,665.084085,665.0840850000002,0.0,67937.60710757719,0,14,0
1694,649.5941259999998,649.5941260000006,0.0,65979.72491295855,0,14,0
1695,652.801128,652.8011280000007,0.0,66385.07989897928,0,14,0
1696,710.233995,710.2339950000012,0.0,73979.80963012982,0,17,3
1697,786.5800559999999,786.5800559999998,0.0,84257.55492530912,0,17,0
1698,882.6978279999998,882.6978280000008,0.0,97077.00741190292,1,18,1
1699,928.9896459999999,928.9896460000009,0.0,104746.8863577367,1,19,1
1700,907.32545,907.3254500000022,0.0,100825.87893897475,1,16,0
1701,867.3081540000001,867.3081540000005,0.0,94961.95155377011,1,13,0
1702,827.851532,827.8515320000012,0.0,89614.38212224538,1,12,0
1703,768.78476,768.7847600000007,0.0,81744.35393674894,1,11,0
1704,697.7377830000001,697.7377830000006,0.0,72278.08902076009,1,10,0
1705,635.9827550000001,635.982755,0.0,64213.003418602384,0,11,1
1706,590.659031,590.6590310000008,0.0,58446.7458533818,0,11,0
1707,559.8385959999999,559.8385960000004,0.0,54551.1396147272,0,12,1
1708,554.293623,554.2936230000006,0.0,53850.272433197475,0,12,0
1709,576.4632070000001,576.4632070000009,0.0,56652.43826047334,0,14,2
1710,619.121177,619.1211770000001,0.0,62044.2717651054,0,14,0
1711,670.628013,670.6280130000005,0.0,68665.99635379795,1,14,0
1712,679.477467,679.4774670000012,0.0,69845.09333248944,1,15,1
1713,650.6838060000001,650.6838059999999,0.0,66033.68899561295,0,15,0
1714,623.3299400000001,623.3299400000003,0.0,62576.24619699838,0,15,0
1715,575.178399,575.178399000001,0.0,56490.04256228566,0,15,0
1716,581.721578,581.721578,0.0,57317.07984884665,0,15,0
1717,573.297504,573.2975040000007,0.0,56252.30333841502,0,16,1
1718,578.015495,578.0154950000002,0.0,56848.64259104121,0,16,0
1719,584.226751,584.2267510000004,0.0,57633.725852308664,0,16,0
1720,663.7278369999999,663.7278370000008,0.0,67849.94966647975,0,17,1
1721,750.2059379999998,750.205938000001,0.0,79291.60591585243,0,18,1
1722,849.320218,849.3202180000013,0.0,92489.80760760754,1,18,0
1723,905.8094879999999,905.8094880000007,0.0,100590.94608421005,1,18,0
1724,891.2605379999998,891.2605380000009,0.0,98336.25476785406,1,18,0
1725,856.49072,856.4907200000013,0.0,93475.27437323575,1,12,0
1726,820.446213,820.4462130000003,0.0,88627.70099376595,1,12,0
1727,763.9223870000001,763.9223870000012,0.0,81096.49370564657,1,12,0
1728,700.927182,700.9271820000009,0.0,72703.04300376758,1,11,0
1729,628.4835280000001,628.483528000001,0.0,63478.94768960573,0,11,0
1730,585.909257,585.9092570000007,0.0,58097.69347584236,0,11,0
1731,561.25359,561.2535900000003,0.0,54981.29456118103,0,11,0
1732,550.886128,550.8861280000001,0.0,53670.879907844224,0,11,0
1733,566.678073,566.6780730000004,0.0,55666.93218492888,0,12,1
1734,600.581365,600.5813650000002,0.0,59952.201871295285,0,12,0
1735,638.0542679999999,638.0542680000005,0.0,64688.659183052805,0,13,1
1736,639.564889,639.564889,0.0,64879.596935613416,0,13,0
1737,609.325332,609.3253320000002,0.0,61057.41185278288,0,13,0
1738,585.640756,585.6407559999998,0.0,58063.75579226688,0,13,0
1739,554.456988,554.4569880000006,0.0,54122.225402914744,0,14,1
1740,544.323041,544.3230410000001,0.0,52841.32631257431,0,14,0
1741,557.1773379999998,557.1773380000004,0.0,54466.06910373607,0,14,0
1742,577.6063320000001,577.6063320000005,0.0,57048.22981872391,0,15,1
1743,591.7406030000001,591.7406030000004,0.0,58834.75730564723,0,15,0
1744,681.560278,681.5602780000007,0.0,70187.68228168745,0,16,1
1745,776.383298,776.3832980000011,0.0,82811.33443565613,0,17,1
1746,868.4377690000001,868.4377690000007,0.0,95117.19843055158,1,17,0
1747,921.1523389999998,921.1523390000003,0.0,102968.67045042505,1,18,1
1748,912.0938359999999,912.0938360000011,0.0,101564.84900260351,1,18,0
1749,880.868205,880.8682050000009,0.0,96825.5560267518,1,13,0
1750,837.61895,837.6189500000005,0.0,90915.78818112939,1,12,0
1751,758.9169759999999,758.9169760000012,0.0,80429.57516047884,1,12,0
1752,684.328109,684.3281090000006,0.0,70491.39053081522,1,9,0
1753,591.4120940000001,591.4120940000004,0.0,58506.709472316295,0,10,1
1754,552.182099,552.1820990000003,0.0,53429.10690915128,0,11,1
1755,531.3968129999998,531.3968130000005,0.0,50801.91200376406,0,11,0
1756,529.197488,529.1974880000006,0.0,50523.92422744523,0,11,0
1757,570.831074,570.8310740000006,0.0,55786.2788100188,0,12,1
1758,652.532926,652.5329260000003,0.0,66512.44023896672,0,14,2
1759,752.8643800000001,752.864380000001,0.0,79623.13019146268,1,14,0
1760,762.5694609999999,762.5694610000003,0.0,80916.23049856126,1,14,0
1761,730.8487590000001,730.8487590000003,0.0,76689.77947794797,1,14,0
1762,661.8717360000002,661.8717360000004,0.0,67545.16028546073,0,15,1
1763,608.015593,608.0155930000008,0.0,60737.91286469368,0,15,0
1764,583.362977,583.3629770000006,0.0,57621.89958685527,0,15,0
1765,578.717855,578.7178550000004,0.0,57034.7707470932,0,15,0
1766,586.2036510000001,586.2036510000008,0.0,57980.95186357962,0,15,0
1767,620.078355,620.0783550000008,0.0,62262.60811648376,0,15,0
1768,699.921408,699.9214080000016,0.0,72569.03416156722,1,17,2
1769,766.084839,766.0848390000003,0.0,81538.84635605717,0,18,1
1770,871.083952,871.0839520000002,0.0,95480.87246652144,1,18,0
1771,930.2369099999999,930.236910000001,0.0,105067.87963276688,1,19,1
1772,926.9248559999999,926.9248560000001,0.0,104215.49628767159,1,19,0
1773,881.430475,881.4304750000006,0.0,96902.8307277852,1,12,0
1774,817.709107,817.7091070000005,0.0,88263.01031172411,1,12,0
1775,736.502481,736.5024810000006,0.0,77443.07866776932,1,12,0
1776,661.3273919999999,661.3273920000003,0.0,67426.7861018373,1,9,0
1777,560.0192789999999,560.0192790000001,0.0,54507.26484376402,0,10,1
1778,520.637892,520.6378920000005,0.0,49441.694732857075,0,10,0
1779,496.36987700000003,496.369877,0.0,46374.29381415608,0,11,1
1780,497.60952499999996,497.6095250000002,0.0,46530.98143010104,0,12,1
1781,535.541311,535.5413110000007,0.0,51325.44011262486,0,14,2
1782,614.309012,614.3090120000005,0.0,61521.5761215114,0,14,0
1783,716.7896509999999,716.7896510000002,0.0,74978.00981648653,1,14,0
1784,713.772346,713.7723460000004,0.0,74543.17430515005,1,14,0
1785,651.363515,651.3635150000008,0.0,66205.14898662652,0,14,0
1786,589.784287,589.7842869999998,0.0,58181.58201032309,0,14,0
1787,534.1734250000001,534.1734250000007,0.0,51152.54361601901,0,14,0
1788,512.366988,512.3669880000006,0.0,48396.278429624734,0,14,0
1789,520.744618,520.7446180000005,0.0,49455.184564244155,0,14,0
1790,542.071779,542.0717790000003,0.0,52150.87076868576,0,14,0
1791,547.6096269999999,547.6096270000005,0.0,52850.8373725809,0,14,0
1792,602.97307,602.97307,0.0,60016.46230837327,0,15,1
1793,704.320789,704.3207890000004,0.0,73258.30503118628,0,17,2
1794,817.3715199999999,817.3715200000008,0.0,88218.03038282169,1,18,1
1795,884.783403,884.7834030000008,0.0,97363.63516121882,1,18,0
1796,878.206878,878.2068780000006,0.0,96459.80069874697,1,17,0
1797,829.099379,829.0993790000015,0.0,89780.64465409984,1,12,0
1798,774.537306,774.5373060000007,0.0,82510.82038862084,1,12,0
1799,699.6963339999999,699.6963340000007,0.0,72539.04541046651,1,11,0
1800,622.531328,622.5313280000006,0.0,62406.413821161485,0,9,0
1801,571.7631929999999,571.7631930000008,0.0,55989.48091833725,0,9,0
1802,535.11782,535.1178200000007,0.0,51357.62080096313,0,10,1
1803,513.317013,513.3170130000004,0.0,48602.06722889626,0,10,0
1804,513.678185,513.6781850000004,0.0,48647.71823597735,0,10,0
1805,554.153344,554.1533440000005,0.0,53763.651282053244,0,10,0
1806,636.320106,636.3201060000008,0.0,64453.69939773737,0,10,0
1807,741.0721019999999,741.0721020000005,0.0,78136.92731572753,1,11,1
1808,735.0960900000002,735.0960900000007,0.0,77275.70107781881,1,11,0
1809,659.1273760000001,659.1273760000008,0.0,67336.46673371684,0,11,0
1810,589.3594269999999,589.3594270000003,0.0,58213.58966135869,0,12,1
1811,547.542168,547.5421680000006,0.0,52928.019388134715,0,13,1
1812,507.23014300000006,507.2301430000004,0.0,47832.70596758117,0,13,0
1813,517.477513,517.4775130000005,0.0,49127.94136908676,0,13,0
1814,504.508382,504.5083820000007,0.0,47488.68392078899,0,13,0
1815,551.317041,551.3170410000007,0.0,53405.15148600838,0,13,0
1816,633.660574,633.6605740000005,0.0,63813.11558085826,0,13,0
1817,725.4070220000001,725.4070220000004,0.0,76095.56382668592,0,16,3
1818,833.3301029999998,833.3301030000013,0.0,90344.34427738473,1,17,1
1819,893.8248600000001,893.824860000001,0.0,99066.46556735627,1,17,0
1820,886.9359209999999,886.9359210000007,0.0,97998.86749724079,1,16,0
1821,844.767082,844.7670820000003,0.0,91868.20183789138,2,12,0
1822,789.371835,789.371835000001,0.0,84487.36587088564,1,12,0
1823,722.441558,722.4415580000011,0.0,75569.6080754693,1,12,0
1824,639.95374,639.9537400000007,0.0,64606.93486521023,0,9,0
1825,559.0093200000001,559.0093200000003,0.0,54375.81426174457,0,10,1
1826,521.647363,521.6473630000004,0.0,49653.38017612758,0,10,0
1827,499.68796199999997,499.68796200000065,0.0,46877.78082028736,0,10,0
1828,499.010868,499.0108680000001,0.0,46792.19826408535,0,11,1
1829,540.223013,540.2230130000003,0.0,52001.284027162226,0,11,0
1830,616.587087,616.5870870000009,0.0,61856.83298447907,0,12,1
1831,718.073697,718.0736970000006,0.0,74987.63638451025,1,13,1
1832,713.6400850000001,713.6400850000011,0.0,74396.90406205402,1,13,0
1833,665.4997930000001,665.4997930000013,0.0,68008.90780313066,0,13,0
1834,606.5255170000001,606.5255170000003,0.0,60381.71240920217,0,13,0
1835,555.011055,555.0110550000004,0.0,53870.44611629839,0,14,1
1836,523.0022609999999,523.0022610000005,0.0,49824.63503030279,0,14,0
1837,534.8449520000001,534.8449520000007,0.0,51321.513998495764,0,14,0
1838,528.817547,528.8175470000003,0.0,50559.66892652,0,14,0
1839,570.7501369999999,570.7501370000007,0.0,55859.81667612004,0,14,0
1840,624.0794020000001,624.0794020000008,0.0,62600.46837155722,0,15,1
1841,719.35657,719.3565700000007,0.0,75268.55283918686,0,17,2
1842,823.993703,823.9937030000004,0.0,89197.61499942328,1,17,0
1843,874.033825,874.0338250000007,0.0,96332.20440826769,1,17,0
1844,867.917084,867.9170840000005,0.0,95384.27601363444,1,16,0
1845,829.569038,829.5690380000011,0.0,89843.2217925216,1,11,0
1846,770.377695,770.377695000001,0.0,82023.89299639323,0,11,0
1847,698.342383,698.3423830000002,0.0,72547.92079656816,0,11,0
1848,625.365004,625.3650040000005,0.0,63015.764465730375,0,8,0
1849,577.665318,577.6653180000005,0.0,56767.42958161687,0,8,0
1850,539.996442,539.9964420000007,0.0,51890.49525892864,0,9,1
1851,519.346744,519.3467440000007,0.0,49280.43825113067,0,10,1
1852,519.1289219999999,519.1289220000006,0.0,49252.90623407391,0,10,0
1853,559.9801879999999,559.9801880000006,0.0,54416.37802434993,0,11,1
1854,634.9988629999999,634.9988630000007,0.0,64140.10434444914,0,13,2
1855,731.546373,731.5463730000009,0.0,77096.94828551938,1,14,1
1856,728.6563289999999,728.6563290000008,0.0,76680.45284984911,1,14,0
1857,678.197454,678.1974540000007,0.0,69674.5450183238,1,14,0
1858,645.9649729999999,645.9649730000006,0.0,65379.90481082308,1,14,0
1859,613.4025869999999,613.4025870000007,0.0,61168.80156503949,0,14,0
1860,599.6108260000001,599.6108260000009,0.0,59425.566266977294,0,14,0
1861,603.845597,603.8455970000006,0.0,59960.82802843108,0,15,1
1862,597.182555,597.1825550000007,0.0,59118.64043491994,0,15,0
1863,626.3742930000001,626.3742930000004,0.0,62808.38448525432,0,15,0
1864,661.346611,661.3466110000007,0.0,67429.34683211899,1,16,1
1865,733.606123,733.606123000001,0.0,77122.53221130003,0,17,1
1866,822.8849860000001,822.8849860000013,0.0,88953.79559002415,1,17,0
1867,876.5895820000001,876.5895820000009,0.0,96728.27719115693,1,17,0
1868,856.7365480000001,856.7365480000008,0.0,93651.59719960282,1,14,0
1869,818.2891020000001,818.2891020000011,0.0,88340.28856551883,1,11,0
1870,777.656991,777.6569910000005,0.0,82926.48571192427,1,11,0
1871,722.1242929999999,722.1242930000006,0.0,75527.3358400359,1,11,0
1872,654.108743,654.1087430000008,0.0,66464.976794039,1,9,0
1873,606.451264,606.4512640000006,0.0,60372.32706308238,0,9,0
1874,562.4145,562.4145000000003,0.0,54806.21832488453,0,9,0
1875,532.078457,532.0784570000003,0.0,50971.83771452351,0,10,1
1876,527.962054,527.9620540000005,0.0,50451.53729671256,0,11,1
1877,548.692667,548.6926670000005,0.0,53071.82170651834,0,11,0
1878,590.049353,590.0493530000009,0.0,58299.17699828104,0,11,0
1879,641.0970450000001,641.0970450000013,0.0,64751.445028375914,0,11,0
1880,634.532622,634.5326220000006,0.0,63921.72256689962,0,11,0
1881,615.7601659999999,615.7601660000005,0.0,61548.94305523899,0,11,0
1882,574.928827,574.9288270000001,0.0,56387.989975212055,0,11,0
1883,559.675053,559.6750530000005,0.0,54459.9608232087,0,11,0
1884,535.2645580000001,535.2645580000005,0.0,51374.550879752496,0,11,0
1885,532.892349,532.8923490000002,0.0,51074.71110851651,0,11,0
1886,543.35085,543.3508500000005,0.0,52396.632805681904,0,13,2
1887,566.8347530000001,566.8347529999999,0.0,55364.92442891031,0,14,1
1888,634.570797,634.5707970000008,0.0,63926.54776706832,0,14,0
1889,712.2671410000003,712.2671410000012,0.0,74300.1749016067,0,16,2
1890,804.449824,804.4498239999997,0.0,86496.34984601458,1,17,1
1891,865.167602,865.167602000001,0.0,94959.46611105771,1,17,0
1892,857.0137039999998,857.013704,0.0,93695.83382040756,1,14,0
1893,820.799811,820.7998110000008,0.0,88674.81422057877,1,11,0
1894,784.7739269999998,784.7739270000004,0.0,83874.74282870679,1,11,0
1895,730.713026,730.7130260000004,0.0,76671.69447855605,1,11,0
1896,669.8009989999999,669.800999,0.0,68555.80540769707,1,10,0
1897,613.4786760000001,613.4786760000012,0.0,61330.75392175618,0,10,0
1898,572.242554,572.2425540000007,0.0,56118.63754114308,0,10,0
1899,547.992885,547.9928850000002,0.0,53053.555499254,0,11,1
1900,538.0525839999999,538.0525840000001,0.0,51797.13265545882,0,11,0
1901,553.2024469999999,553.2024470000007,0.0,53712.02778323894,0,11,0
1902,586.594727,586.5947270000001,0.0,57932.70715687196,0,11,0
1903,624.130842,624.1308419999996,0.0,62677.1542670069,0,12,1
1904,615.022628,615.0226280000006,0.0,61525.90460809078,0,12,0
1905,587.3062370000001,587.3062370000007,0.0,58022.63978744213,0,12,0
1906,564.1812139999998,564.1812140000004,0.0,55099.7094696893,0,12,0
1907,548.905429,548.9054290000003,0.0,53168.89819637839,0,12,0
1908,524.819641,524.8196410000005,0.0,50124.530198466964,0,12,0
1909,513.677664,513.6776640000003,0.0,48716.219280332734,0,12,0
1910,520.727494,520.7274940000007,0.0,49607.29566291642,0,13,1
1911,547.8371510000001,547.8371510000003,0.0,53033.871210503035,0,15,2
1912,641.5978480000001,641.5978479999997,0.0,64884.92899647509,0,16,1
1913,743.7578480000001,743.7578480000004,0.0,78409.78026416128,1,18,2
1914,835.9458529999999,835.9458530000009,0.0,90692.86554457381,1,18,0
1915,900.018035,900.018035,0.0,99693.42847722225,1,18,0
1916,893.3919700000001,893.3919700000009,0.0,98666.56872328064,1,17,0
1917,862.689105,862.6891050000006,0.0,94327.13975421854,1,12,0
1918,818.4474460000001,818.4474460000007,0.0,88361.38624363474,1,12,0
1919,741.4706809999999,741.4706810000007,0.0,78215.64321977706,0,12,0
1920,668.47144,668.4714400000006,0.0,68812.82919361527,0,9,0
1921,610.950951,610.9509510000007,0.0,61302.031514960276,0,9,0
1922,572.46678,572.4667800000002,0.0,56244.6544892176,0,9,0
1923,552.738841,552.7388410000005,0.0,53751.104925618165,0,9,0
1924,547.6674149999999,547.6674150000001,0.0,53110.09259842432,0,9,0
1925,589.9397830000001,589.9397830000001,0.0,58453.18722066118,0,10,1
1926,672.8993550000001,672.8993550000002,0.0,69228.7011381992,0,10,0
1927,773.617754,773.6177540000008,0.0,82388.2997240748,1,10,0
1928,780.35943,780.3594300000013,0.0,83286.55737962248,1,11,1
1929,750.2019469999999,750.2019470000005,0.0,79268.38890389072,1,11,0
1930,712.4268669999999,712.4268670000009,0.0,74235.25548144168,1,11,0
1931,685.058252,685.058252000001,0.0,70588.67443164268,1,11,0
1932,679.757401,679.7574010000002,0.0,69882.39160350502,1,13,2
1933,678.6437239999999,678.6437240000013,0.0,69734.00581767723,1,14,1
1934,682.027183,682.0271830000006,0.0,70184.81626139786,1,14,0
1935,705.377803,705.3778030000009,0.0,73296.0415971724,1,16,2
1936,742.567919,742.5679190000004,0.0,78251.23469866566,1,17,1
1937,840.74782,840.747820000002,0.0,91332.67730939876,1,18,1
1938,910.4756749999999,910.475675000001,0.0,100894.6125167067,1,18,0
1939,954.6109790000002,954.6109790000011,0.0,107154.1321030028,1,19,1
1940,950.907563,950.9075630000015,0.0,106580.2034073888,1,19,0
1941,906.8497630000002,906.8497630000007,0.0,100396.29095273628,1,13,0
1942,842.719864,842.7198640000005,0.0,91595.43149991095,1,13,0
1943,758.8554389999999,758.855439,0.0,80421.37600030702,1,13,0
1944,682.425805,682.4258050000012,0.0,70237.9284642344,1,9,0
1945,601.696527,601.6965270000003,0.0,59815.68412741184,0,12,3
1946,561.4274,561.427400000001,0.0,54681.45198339152,0,12,0
1947,535.642363,535.6423630000004,0.0,51422.3042458226,0,13,1
1948,535.486522,535.486522,0.0,51402.60643260745,0,13,0
1949,575.40785,575.4078500000004,0.0,56448.53697875891,0,13,0
1950,656.236488,656.2364880000009,0.0,66968.23756336428,0,13,0
1951,759.7151479999999,759.7151480000003,0.0,80830.07380670543,1,13,0
1952,760.1184219999999,760.1184220000001,0.0,80888.19118496141,1,13,0
1953,712.084601,712.0846010000008,0.0,74189.6521248381,1,15,2
1954,659.9405099999999,659.9405100000001,0.0,67295.58824023968,0,15,0
1955,628.834084,628.8340840000001,0.0,63201.44525141034,0,16,1
1956,601.5809190000001,601.5809190000008,0.0,59756.730743095366,0,16,0
1957,604.4954549999999,604.4954550000009,0.0,60125.11894476687,0,16,0
1958,608.677509,608.6775090000008,0.0,60653.71744289935,0,16,0
1959,630.411828,630.4118280000008,0.0,63400.86714047201,0,16,0
1960,713.635255,713.6352550000015,0.0,74409.71821757473,0,19,3
1961,798.7055599999999,798.7055600000004,0.0,85793.53823880997,0,19,0
1962,883.002059,883.0020590000005,0.0,97118.8189251796,1,19,0
1963,939.8378509999999,939.8378510000011,0.0,107538.75788705895,1,19,0
1964,929.446585,929.4465850000008,0.0,104864.48323065134,1,19,0
1965,878.649867,878.6498670000008,0.0,96520.68220147007,1,12,0
1966,824.10781,824.1078100000009,0.0,89115.57041032951,1,12,0
1967,745.9036799999999,745.9036800000003,0.0,78695.68988389366,1,12,0
1968,665.710248,665.7102480000004,0.0,68010.75571935717,1,9,0
1969,594.949985,594.9499850000004,0.0,58935.74322427714,0,9,0
1970,557.027035,557.0270350000005,0.0,54027.90760337719,0,10,1
1971,535.4976230000001,535.4976230000002,0.0,51306.65750740142,0,11,1
1972,533.9708049999999,533.9708050000005,0.0,51113.672504883165,0,11,0
1973,575.5303120000001,575.5303120000005,0.0,56366.6637343907,0,11,0
1974,657.9948439999998,657.9948440000004,0.0,67271.74971823474,0,13,2
1975,763.483855,763.4838550000009,0.0,81060.17483900127,1,14,1
1976,755.9973890000001,755.9973890000005,0.0,80040.57079809358,1,14,0
1977,702.5400610000002,702.5400610000011,0.0,72917.94222307479,1,15,1
1978,687.494105,687.4941050000006,0.0,70913.226309401,1,15,0
1979,650.4968829999999,650.4968830000005,0.0,66093.83056400431,0,15,0
1980,640.607334,640.6073340000007,0.0,64843.822613698656,0,15,0
1981,646.5649129999999,646.5649130000006,0.0,65596.84189845817,0,15,0
1982,648.17425,648.1742500000003,0.0,65800.25704354927,0,15,0
1983,684.2044660000001,684.2044660000014,0.0,70474.9163971867,1,15,0
1984,723.6891480000002,723.689148000001,0.0,75735.83636476775,1,17,2
1985,789.0232130000002,789.023213000001,0.0,84512.71279998761,0,17,0
1986,877.8367659999998,877.8367660000015,0.0,96408.9349329248,1,18,1
1987,923.4408230000001,923.4408229999999,0.0,103323.32319185443,1,18,0
1988,914.216239,914.2162390000012,0.0,101893.76370874437,1,17,0
1989,872.5873199999999,872.5873200000008,0.0,95687.485504285,1,12,0
1990,815.2455480000002,815.2455480000006,0.0,87934.76689990143,1,12,0
1991,747.7146249999998,747.714625,0.0,78936.97932142009,1,12,0
1992,663.5713229999998,663.5713230000009,0.0,67725.76638497034,1,9,0
1993,615.0620420000001,615.0620420000006,0.0,61477.84409733024,0,9,0
1994,574.796548,574.7965480000004,0.0,56273.918268075875,0,9,0
1995,552.097142,552.0971420000004,0.0,53404.78460311131,0,9,0
1996,549.573847,549.5738470000005,0.0,53085.848035734314,0,10,1
1997,593.343133,593.3431330000005,0.0,58618.148394345575,0,10,0
1998,671.227675,671.2276750000003,0.0,68944.33801877822,0,11,1
1999,773.580681,773.5806810000004,0.0,82515.26754477204,1,12,1
2000,763.4528280000001,763.4528280000006,0.0,81033.92989117642,1,12,0
2001,718.4801669999999,718.4801669999998,0.0,75041.7942510778,1,12,0
2002,693.8103729999999,693.8103730000007,0.0,71754.80280840368,1,12,0
2003,678.684634,678.6846339999996,0.0,69739.45664632681,1,12,0
2004,664.5872350000001,664.5872350000006,0.0,67874.8068271894,0,12,0
2005,657.7686590000001,657.7686590000009,0.0,67012.9602242995,0,12,0
2006,650.193222,650.1932220000004,0.0,66055.4487667962,0,13,1
2007,670.420588,670.4205880000013,0.0,68638.35914693701,1,13,0
2008,734.873003,734.8730030000004,0.0,77225.96780571566,1,15,2
2009,818.4409229999999,818.4409230000001,0.0,88360.51712226379,1,16,1
2010,906.559007,906.5590070000006,0.0,100356.33135508091,1,17,1
2011,941.4267050000001,941.4267050000008,0.0,105148.31908103953,1,19,2
2012,937.1069,937.1069000000009,0.0,104554.63341419298,1,13,0
2013,896.746512,896.7465120000006,0.0,99007.76639960178,1,13,0
2014,836.954855,836.9548550000004,0.0,90827.30448393585,1,13,0
2015,759.762763,759.7627630000007,0.0,80542.2674120365,1,12,0
2016,682.86454,682.8645399999998,0.0,70296.38530382527,1,10,0
2017,635.778356,635.7783560000008,0.0,64233.45495266061,0,10,0
2018,597.7635729999998,597.7635730000005,0.0,59428.505709864425,0,10,0
2019,569.08528,569.0852799999996,0.0,55803.65949582602,0,10,0
2020,557.3372379999998,557.3372380000008,0.0,54318.74386413,0,11,1
2021,583.3984620000001,583.3984620000002,0.0,57612.80077154781,0,12,1
2022,627.052428,627.052428000001,0.0,63130.52504414863,0,14,2
2023,682.048921,682.0489210000015,0.0,70187.71262202348,1,14,0
2024,668.9176319999999,668.9176320000006,0.0,68438.10601508201,1,14,0
2025,627.6832129999999,627.6832129999997,0.0,63210.254288114345,0,15,1
2026,594.843674,594.8436740000004,0.0,59059.43964182736,0,15,0
2027,573.5813369999998,573.5813370000003,0.0,56371.94698750319,0,15,0
2028,564.7915669999999,564.791567,0.0,55260.94765059118,0,15,0
2029,550.252968,550.2529680000006,0.0,53423.314373653506,0,15,0
2030,551.8937009999999,551.8937010000001,0.0,53630.697874592566,0,15,0
2031,570.62206,570.6220600000003,0.0,55997.90366387368,0,15,0
2032,648.447922,648.4479220000006,0.0,65834.84832529291,0,15,0
2033,753.951123,753.9511230000007,0.0,79922.50056674435,0,17,2
2034,863.5923040000001,863.592304,0.0,94451.26950095706,1,18,1
2035,909.4754009999999,909.4754010000003,0.0,101159.06283542687,1,18,0
2036,873.0480510000001,873.0480510000002,0.0,95750.80535112334,1,15,0
2037,840.995763,840.9957630000013,0.0,91365.71311501873,1,12,0
2038,814.5127809999999,814.5127810000018,0.0,87837.13337858095,1,12,0
2039,776.205963,776.2059630000007,0.0,82733.15144171997,1,11,0
2040,703.5561020000001,703.5561020000018,0.0,73068.68992121378,0,11,0
2041,632.554527,632.5545270000016,0.0,63593.10345997104,1,9,0
2042,586.045005,586.0450050000009,0.0,57695.68792396942,0,9,0
2043,558.309998,558.3099980000005,0.0,54190.07009935633,0,9,0
2044,550.922169,550.9221690000005,0.0,53256.271704151564,0,9,0
2045,572.878519,572.878519,0.0,56031.48542316886,0,9,0
2046,615.538509,615.5385090000008,0.0,61442.952445709976,0,11,2
2047,666.287139,666.2871390000001,0.0,68087.62039769032,1,11,0
2048,647.599367,647.5993670000004,0.0,65597.67067834342,1,11,0
2049,600.182903,600.1829030000008,0.0,59482.67385230758,0,12,1
2050,551.220402,551.2204020000004,0.0,53293.967419198154,0,12,0
2051,512.7886210000001,512.7886210000001,0.0,48436.31093815869,0,12,0
2052,493.66440500000004,493.6644050000006,0.0,46019.07006667277,0,14,2
2053,489.779291,489.77929100000046,0.0,45528.00385244561,0,14,0
2054,480.25436900000005,480.25436900000017,0.0,44324.083610375725,0,15,1
2055,489.765939,489.76593900000006,0.0,45526.316201557485,0,15,0
2056,572.569104,572.5691040000005,0.0,55992.376338422604,0,15,0
2057,692.397507,692.3975070000005,0.0,71745.67381751865,0,17,2
2058,822.690958,822.6909580000006,0.0,88926.78973386595,1,18,1
2059,903.7071159999999,903.7071160000005,0.0,100465.2075377576,1,18,0
2060,895.596914,895.5969140000008,0.0,99008.27503815909,1,17,0
2061,854.519902,854.519902000001,0.0,93204.4180733418,1,13,0
2062,815.828443,815.828443000001,0.0,88012.43154829611,1,13,0
2063,760.362615,760.3626150000006,0.0,80622.19140292473,1,13,0
2064,696.9057280000001,696.9057280000006,0.0,72167.22641425295,1,12,0
2065,619.924347,619.924347000001,0.0,62410.678086394895,0,12,0
2066,577.095079,577.0950790000007,0.0,56997.1930522671,0,12,0
2067,549.6475350000001,549.6475350000001,0.0,53527.90964850763,0,12,0
2068,542.174007,542.1740070000003,0.0,52583.27916871205,0,12,0
2069,558.9699110000001,558.9699110000006,0.0,54706.22871196944,0,13,1
2070,592.332287,592.3322870000005,0.0,58923.12831387117,0,13,0
2071,627.892008,627.8920080000005,0.0,63417.76542630694,0,13,0
2072,593.866069,593.8660690000007,0.0,59116.993544129495,0,13,0
2073,573.747972,573.7479720000003,0.0,56574.12923403592,0,13,0
2074,556.5713150000001,556.5713150000004,0.0,54403.05370676225,0,13,0
2075,539.367609,539.3676090000004,0.0,52228.55927079539,0,13,0
2076,524.1809849999999,524.1809849999996,0.0,50412.75936313857,0,13,0
2077,522.746098,522.7460979999997,0.0,50274.93230681868,0,14,1
2078,521.618821,521.6188209999997,0.0,50166.65251156852,0,14,0
2079,532.421566,532.4215660000002,0.0,51350.60123922434,0,15,1
2080,610.047794,610.0477940000009,0.0,61162.31278969474,0,15,0
2081,713.9699390000001,713.9699390000001,0.0,74601.21143829903,0,15,0
2082,841.0250559999998,841.0250560000001,0.0,91369.61610019676,1,18,3
2083,913.3839539999998,913.2327775301733,0.1511764698279392,101918.59934963527,1,18,0
2084,904.0642770000001,904.0642770000009,0.0,100320.48587320455,1,17,0
2085,871.935299,871.9352990000014,0.0,95597.8760144625,1,12,0
2086,827.160622,827.1606220000002,0.0,89522.32560739727,1,12,0
2087,749.5392539999999,749.5392540000004,0.0,79180.09200850033,1,12,0
2088,676.605863,676.6058630000012,0.0,69462.48220185944,1,9,0
2089,604.33352,604.3335200000005,0.0,60121.792593360784,0,10,1
2090,563.251028,563.2510280000005,0.0,54814.60078146317,0,10,0
2091,542.873095,542.8730950000004,0.0,52238.89401659484,0,10,0
2092,539.986938,539.9869380000004,0.0,51874.09283144166,0,11,1
2093,583.498176,583.4981760000003,0.0,57373.77673286557,0,11,0
2094,665.5296509999998,665.5296510000003,0.0,68224.12567127556,0,12,1
2095,762.21537,762.2153700000005,0.0,80877.36855206713,1,13,1
2096,758.6286900000002,758.6286900000011,0.0,80391.16407301524,1,13,0
2097,717.8397789999999,717.839779,0.0,74956.46926311922,1,13,0
2098,672.4890239999997,672.4890240000007,0.0,68913.95656099396,1,13,0
2099,600.524267,600.5242670000003,0.0,59777.44876564593,0,14,1
2100,570.293286,570.2932860000008,0.0,55956.34766229534,0,15,1
2101,572.8530879999997,572.8530880000008,0.0,56279.898599876855,0,15,0
2102,567.0913690000001,567.0913690000009,0.0,55551.635404312816,0,15,0
2103,602.820591,602.8205910000007,0.0,60067.69691108494,0,15,0
2104,684.2461489999998,684.2461490000006,0.0,70480.47021998324,1,15,0
2105,774.4652100000001,774.4652100000004,0.0,82601.44616333586,0,18,3
2106,879.8586919999999,879.8586920000004,0.0,96735.17027056013,1,19,1
2107,946.145998,946.1459980000004,0.0,106877.84542789226,1,19,0
2108,943.1494709999998,943.1494710000006,0.0,106106.66545681452,1,19,0
2109,897.733561,897.7335610000009,0.0,99143.4199403925,1,12,0
2110,834.6952500000001,834.6952500000004,0.0,90526.2358046099,1,12,0
2111,753.158451,753.1584510000009,0.0,79662.31206953345,1,12,0
2112,676.084211,676.0842109999995,0.0,69392.9775412182,1,10,0
2113,604.6350700000002,604.6350700000005,0.0,60310.625368955334,0,11,1
2114,563.193812,563.1938120000005,0.0,55072.5804418642,0,11,0
2115,537.949168,537.949168000001,0.0,51881.736683201765,0,11,0
2116,537.6533089999999,537.6533090000005,0.0,51844.34103430311,0,11,0
2117,578.825033,578.8250330000008,0.0,57048.317709861505,0,11,0
2118,659.1972289999999,659.1972290000012,0.0,67397.95442365359,0,12,1
2119,759.172925,759.1729250000003,0.0,80463.67768167371,1,12,0
2120,742.846418,742.8464180000012,0.0,78288.34177097425,1,14,2
2121,699.828015,699.8280150000008,0.0,72556.59052333464,1,14,0
2122,635.363365,635.3633650000004,0.0,64194.58540083731,0,14,0
2123,585.02481,585.0248100000006,0.0,57831.950061561474,0,14,0
2124,556.161857,556.1618570000006,0.0,54183.76340317095,0,14,0
2125,564.51274,564.5127400000007,0.0,55239.28880094922,0,14,0
2126,560.5874490000001,560.587449,0.0,54743.14434003758,0,15,1
2127,582.7065039999999,582.7065040000007,0.0,57538.923460324026,0,15,0
2128,645.1717290000003,645.1717290000008,0.0,65434.33182198277,0,15,0
2129,746.962606,746.9626060000028,0.0,78964.87985360573,0,18,3
2130,873.960242,873.9602420000008,0.0,95876.17089936606,1,18,0
2131,942.766713,942.7667130000009,0.0,105332.48099183408,1,19,1
2132,936.5643159999998,936.5643160000002,0.0,104480.06422788466,1,19,0
2133,885.6886220000002,885.6886220000014,0.0,97488.04252350886,1,13,0
2134,829.795994,829.7959940000017,0.0,89873.46130039365,1,13,0
2135,750.18672,750.1867200000005,0.0,79266.36006576191,1,12,0
2136,669.949257,669.9492570000008,0.0,68575.55923204237,1,10,0
2137,623.497415,623.4974150000007,0.0,62696.0602830944,0,10,0
2138,583.931956,583.931956000001,0.0,57695.11046147025,0,10,0
2139,560.450991,560.4509909999999,0.0,54727.19019221925,0,12,2
2140,559.413687,559.4136870000001,0.0,54596.07822271652,0,12,0
2141,604.242058,604.2420580000004,0.0,60262.243600859976,0,12,0
2142,687.881671,687.8816710000024,0.0,71242.86397267357,0,12,0
2143,791.361654,791.3616540000007,0.0,84752.48839381672,1,12,0
2144,777.922269,777.9222690000022,0.0,82961.83122457567,1,13,1
2145,710.949992,710.9499920000005,0.0,74066.66624414297,0,13,0
2146,679.158718,679.1587180000006,0.0,69802.62336961244,1,13,0
2147,670.0315949999999,670.0315950000007,0.0,68586.52990741188,1,13,0
2148,670.3571190000001,670.3571190000007,0.0,68629.902568018,1,13,0
2149,688.0870929999999,688.0870930000009,0.0,70992.23574424304,1,13,0
2150,673.7744000000001,673.7744000000006,0.0,69085.21943869042,1,13,0
2151,696.287244,696.2872440000007,0.0,72084.81990467972,1,13,0
2152,755.325713,755.3257130000009,0.0,79951.07701212002,1,16,3
2153,842.736526,842.7365260000007,0.0,91597.65153674701,1,18,2
2154,932.7807650000001,932.7807650000008,0.0,104134.95028878392,1,19,1
2155,968.8896359999999,968.8896360000002,0.0,109548.8889953649,1,19,0
2156,954.9799110000001,954.979911,0.0,107211.30652292477,1,19,0
2157,910.9885810000001,910.9885810000005,0.0,100965.1029533443,1,13,0
2158,855.844373,855.8443730000014,0.0,93386.44468075907,1,13,0
2159,783.229461,783.229461000001,0.0,83754.2588793582,1,12,0
2160,695.6321310000001,695.6321310000005,0.0,71997.53296482991,1,9,0
2161,681.214876,681.2148760000013,0.0,70076.58486887702,1,10,1
2162,637.662535,637.6625350000004,0.0,64341.50525734532,0,11,1
2163,612.5102820000001,612.5102820000005,0.0,61040.81586226487,0,12,1
2164,612.074559,612.0745590000005,0.0,60985.74184279935,0,13,1
2165,659.7532849999999,659.7532850000005,0.0,67242.38356560844,0,14,1
2166,733.999862,733.9998620000017,0.0,77510.92430420693,1,16,2
2167,836.8792409999999,836.8792410000004,0.0,94695.70946538723,1,17,1
2168,832.2550139999998,832.2550140000011,0.0,91685.09882917233,1,17,0
2169,781.046686,781.0466860000012,0.0,83378.12703727448,1,17,0
2170,730.325824,730.3258240000008,0.0,76620.1038710064,1,17,0
2171,705.538457,705.5384570000003,0.0,73317.44705857307,1,17,0
2172,696.3946779999999,696.3946780000005,0.0,72099.13435897356,1,17,0
2173,684.696301,684.6963010000005,0.0,70540.44825514242,1,17,0
2174,683.7384459999998,683.7384460000014,0.0,70412.82411736812,1,17,0
2175,731.6255989999999,731.6255990000005,0.0,76793.28526451139,1,17,0
2176,795.210386,795.2103860000007,0.0,85332.49301459665,1,17,0
2177,905.13705,905.1370500000003,0.0,101340.68262680927,1,20,3
2178,977.198085,977.1980850000004,0.0,115102.17552274911,1,20,0
2179,1001.764112,1001.7641119999994,0.0,116640.45170955293,1,20,0
2180,1002.993155,1002.9931550000003,0.0,116956.75566583087,1,20,0
2181,974.6226059999999,974.5068088014044,0.11579719859659206,110232.36150342475,1,18,0
2182,906.6041790000002,906.6041790000011,0.0,100362.53949849085,1,18,0
2183,830.234208,830.2342080000008,0.0,89931.84872219608,1,13,0
2184,746.140386,746.1403860000007,0.0,78727.22847705868,1,12,0
2185,689.411896,689.4118960000003,0.0,71442.43163074873,0,13,1
2186,645.639186,645.6391860000004,0.0,65815.2285356352,0,15,2
2187,616.23684,616.236840000001,0.0,62098.864295199346,0,15,0
2188,606.0903559999999,606.0903560000003,0.0,60816.380567412525,0,15,0
2189,636.246908,636.2469079999998,0.0,64628.07407879576,0,15,0
2190,674.430038,674.4300380000001,0.0,69454.30185395072,0,15,0
2191,730.088444,730.0884440000005,0.0,76588.47547440679,1,15,0
2192,719.72342,719.7234200000009,0.0,75207.4446805902,1,15,0
2193,689.245256,689.2452560000007,0.0,71326.8989041815,0,15,0
2194,662.7979960000001,662.7979960000006,0.0,67984.04825813063,0,16,1
2195,651.7400139999999,651.7400140000001,0.0,66586.35404433605,0,17,1
2196,646.3143710000002,646.314371000001,0.0,65900.56980022954,0,17,0
2197,630.1203810000001,630.1203810000006,0.0,63853.70029716411,0,17,0
2198,657.894883,657.8948830000011,0.0,67364.3101658024,0,17,0
2199,708.771527,708.771527,0.0,73794.95826561673,0,17,0
2200,763.567712,763.5677120000007,0.0,81049.23697987366,1,19,2
2201,859.946229,859.9462290000013,0.0,93950.17686651017,1,19,0
2202,929.5865280000002,929.5865280000012,0.0,103521.0828104611,1,19,0
2203,950.5710129999999,950.5710130000008,0.0,106528.04731622616,1,19,0
2204,919.1810649999998,919.1810650000004,0.0,102091.02422216772,1,13,0
2205,897.6774050000001,897.6774050000012,0.0,99135.70222806351,1,13,0
2206,865.9374789999999,865.9374790000014,0.0,94773.57497163172,1,13,0
2207,831.1621049999999,831.1621050000011,0.0,90055.48127051344,1,12,0
2208,752.62971,752.6297100000012,0.0,79591.86287395481,1,11,0
2209,677.448867,677.4488670000003,0.0,69780.24931971998,0,11,0
2210,629.83174,629.8317400000004,0.0,63565.58940552819,0,11,0
2211,599.316042,599.3160420000007,0.0,59708.50096710424,0,12,1
2212,594.283132,594.2831320000004,0.0,59072.35694140869,0,12,0
2213,618.82702,618.82702,0.0,62174.6273413442,0,13,1
2214,656.054911,656.054911000001,0.0,66880.11590539447,0,13,0
2215,709.4020509999999,709.4020510000003,0.0,73832.23045789805,1,14,1
2216,696.44919,696.4491900000004,0.0,72106.39751153669,1,14,0
2217,647.4536779999999,647.453678000001,0.0,65792.94705346487,0,14,0
2218,604.278224,604.2782240000005,0.0,60335.705195614915,0,14,0
2219,581.88665,581.8866500000005,0.0,57505.4805291657,0,15,1
2220,559.6110419999999,559.6110420000007,0.0,54689.91360109923,0,16,1
2221,558.205248,558.2052480000007,0.0,54512.2256522866,0,16,0
2222,597.4401719999998,597.4401720000008,0.0,59471.39688746016,0,16,0
2223,639.6667510000001,639.6667510000007,0.0,64808.70392382869,0,16,0
2224,718.2649290000002,718.2649290000006,0.0,75013.11604386877,1,18,2
2225,788.292136,788.2921360000007,0.0,84390.62998392202,0,18,0
2226,875.1478009999998,875.1478010000012,0.0,96039.38121946962,1,18,0
2227,929.114308,929.1143080000006,0.0,104778.96911138932,1,19,1
2228,924.8403349999999,924.8403350000008,0.0,103679.02828838759,1,19,0
2229,901.101414,901.1014140000002,0.0,99861.32273925649,1,15,0
2230,859.3154129999999,859.315413000001,0.0,93863.48165281011,1,13,0
2231,806.855664,806.8556640000004,0.0,86816.90280614246,1,13,0
2232,738.521589,738.5215890000005,0.0,77712.10364292053,1,11,0
2233,669.187856,669.1878560000004,0.0,68718.33701037838,0,11,0
2234,624.8768739999999,624.8768740000012,0.0,63023.40137405266,0,12,1
2235,597.421133,597.4211330000009,0.0,59553.081895223615,0,12,1
2236,589.252059,589.2520590000003,0.0,58520.536584346824,0,12,0
2237,607.287828,607.2878280000007,0.0,60800.20117166799,0,12,0
2238,635.443303,635.4433030000004,0.0,64371.12011726177,0,12,0
2239,675.7335600000001,675.7335600000008,0.0,69789.4578274849,0,12,0
2240,649.2822829999998,649.2822830000006,0.0,66232.22185223021,0,12,0
2241,620.837926,620.8379260000003,0.0,62512.891025110315,0,13,1
2242,592.7449199999999,592.7449200000001,0.0,59062.35551746799,0,13,0
2243,543.786343,543.7863430000003,0.0,52773.812798829356,0,15,2
2244,542.634427,542.634427,0.0,52628.21423229364,0,15,0
2245,541.910986,541.9109860000005,0.0,52536.77356077502,0,15,0
2246,535.967095,535.9670950000002,0.0,51785.48439624882,0,16,1
2247,581.1899539999998,581.1899539999997,0.0,57501.51181929435,0,16,0
2248,674.574511,674.5745110000001,0.0,69305.02668996998,0,16,0
2249,778.006564,778.0065639999999,0.0,83053.03695760648,0,19,3
2250,888.846942,888.8469420000007,0.0,97922.10130980001,1,19,0
2251,939.649708,939.6497080000004,0.0,104904.10026816961,1,19,0
2252,943.3446990000001,943.3446990000004,0.0,105411.91559683076,1,19,0
2253,924.6307350000001,924.6307350000006,0.0,102839.99112415608,1,17,0
2254,873.0145629999998,873.0145630000004,0.0,95746.20298004147,1,17,0
2255,799.329147,799.3291470000014,0.0,85814.07331465426,1,16,0
2256,720.2268009999999,720.226801000001,0.0,75274.51492201196,1,13,0
2257,637.5369329999999,637.5369330000007,0.0,64583.4879254874,0,13,0
2258,596.815735,596.8157350000002,0.0,59321.96254108786,0,13,0
2259,575.071366,575.0713660000002,0.0,56573.54255506215,0,13,0
2260,573.794552,573.7945520000005,0.0,56412.15727338133,0,13,0
2261,619.068534,619.0685340000006,0.0,62134.646483151846,0,13,0
2262,696.667963,696.6679630000001,0.0,72371.83725990416,0,13,0
2263,800.2722029999999,800.2722030000022,0.0,86009.28675454379,1,13,0
2264,788.264892,788.2648920000014,0.0,84339.87731996679,1,14,1
2265,715.825059,715.8250590000013,0.0,74754.84328164256,0,14,0
2266,678.9183150000001,678.9183150000009,0.0,69770.59218995232,1,14,0
2267,634.6079120000002,634.6079120000005,0.0,64098.7750842443,0,15,1
2268,648.8456019999999,648.8456020000004,0.0,65898.37440813537,0,15,0
2269,646.3775439999998,646.377544000001,0.0,65586.4196241695,0,15,0
2270,618.5655399999999,618.56554,0.0,62071.06962044995,0,15,0
2271,663.660899,663.6608990000007,0.0,67770.98144371812,0,15,0
2272,708.2817790000001,708.2817790000016,0.0,73707.03514202569,0,16,1
2273,815.915695,815.9156950000008,0.0,88024.05696265324,1,18,2
2274,908.247987,908.2479870000002,0.0,100769.03216499648,1,19,1
2275,961.005964,961.0059640000005,0.0,108445.09584775206,1,19,0
2276,965.980839,965.9808390000004,0.0,108916.1509847903,1,19,0
2277,933.3271089999998,933.3271090000012,0.0,104035.16372971059,1,15,0
2278,862.5376329999999,862.5376330000015,0.0,94306.32243599975,1,15,0
2279,784.2733209999999,784.2733210000014,0.0,83808.04232694548,1,15,0
2280,703.017643,703.0176430000006,0.0,72981.57501819152,1,12,0
2281,642.1061709999999,642.1061710000006,0.0,65161.34869460931,0,12,0
2282,599.755924,599.755924,0.0,59693.91663019457,0,12,0
2283,574.7326080000001,574.7326080000004,0.0,56531.04803598353,0,12,0
2284,576.0266360000002,576.0266360000004,0.0,56694.60911322965,0,13,1
2285,617.7759310000001,617.7759310000001,0.0,61971.58895019261,0,13,0
2286,693.5690240000001,693.569024,0.0,71980.70709820365,0,13,0
2287,796.9088319999998,796.9088320000005,0.0,85523.2933481311,1,13,0
2288,782.3541829999999,782.3541830000011,0.0,83552.33730633155,1,13,0
2289,712.587145,712.5871450000001,0.0,74304.8935945337,0,13,0
2290,665.803984,665.8039840000005,0.0,68042.18408933427,0,14,1
2291,629.7255320000002,629.7255320000002,0.0,63481.981006795075,0,14,0
2292,603.6821020000001,603.6821020000008,0.0,60190.17320512192,0,14,0
2293,605.474623,605.4746230000011,0.0,60416.74223279853,0,14,0
2294,614.2639819999999,614.2639820000014,0.0,61527.689620600686,0,14,0
2295,647.7627030000001,647.7627030000001,0.0,65761.8228025153,0,15,1
2296,696.590281,696.5902810000013,0.0,72156.64856324659,0,16,1
2297,805.291343,805.2913430000002,0.0,86608.47343131281,1,17,1
2298,900.354421,900.3544210000017,0.0,99545.3587547081,1,18,1
2299,963.2002919999999,963.2002920000015,0.0,108785.1569715334,1,19,1
2300,964.678658,964.6786580000008,0.0,108714.34836721153,1,19,0
2301,926.6792010000001,926.6792010000013,0.0,103121.51885589927,1,14,0
2302,862.283266,862.2832660000012,0.0,94271.36390383942,1,14,0
2303,787.547001,787.5470010000006,0.0,84244.22586970434,1,13,0
2304,702.0710800000002,702.071080000001,0.0,72855.45542104567,1,11,0
2305,617.9100190000001,617.9100190000003,0.0,62142.489342250396,0,12,1
2306,579.2394309999999,579.2394310000005,0.0,57254.64840602616,0,12,0
2307,557.2214099999999,557.2214100000002,0.0,54471.63966619404,0,12,0
2308,559.113576,559.1135760000002,0.0,54710.80350908496,0,12,0
2309,603.223128,603.2231280000007,0.0,60286.11242200127,0,13,1
2310,680.683721,680.6837210000007,0.0,70199.54640671301,0,14,1
2311,788.5812280000001,788.5812280000002,0.0,84382.02577588844,1,15,1
2312,779.901666,779.9016660000008,0.0,83225.56512525803,1,15,0
2313,724.486963,724.4869630000009,0.0,75842.13685020502,1,15,0
2314,680.359646,680.3596460000007,0.0,70035.92616567128,0,15,0
2315,641.991192,641.9911920000003,0.0,65186.27401864834,0,15,0
2316,616.226229,616.2262290000006,0.0,61929.66357166723,0,15,0
2317,642.3905539999998,642.3905539999998,0.0,65236.752121850965,0,15,0
2318,650.7747389999998,650.7747390000007,0.0,66296.48678789436,0,15,0
2319,748.628121,748.6281210000008,0.0,79058.6930874499,1,18,3
2320,787.8263930000002,787.8263930000003,0.0,84281.45192490166,1,18,0
2321,846.9887209999999,846.9887210000012,0.0,92169.38195154301,1,18,0
2322,904.7534400000001,904.7534400000004,0.0,100427.28738339277,1,18,0
2323,927.714914,927.7149140000008,0.0,104418.82397522124,1,19,1
2324,928.662408,928.6624080000007,0.0,104662.669065059,1,19,0
2325,897.701127,897.7011270000004,0.0,99334.3707893207,1,14,0
2326,835.036773,835.036773,0.0,90571.74016425209,1,13,0
2327,771.5547049999999,771.5547050000004,0.0,82113.42007129705,1,13,0
2328,682.0759290000001,682.0759290000002,0.0,70191.3111549046,1,10,0
2329,605.4057079999999,605.4057080000006,0.0,60270.235468398394,0,12,2
2330,566.557768,566.557768,0.0,55232.562337606236,0,12,0
2331,544.733587,544.7335870000003,0.0,52474.05436531043,0,12,0
2332,545.2662009999999,545.2662010000003,0.0,52541.37510303509,0,12,0
2333,589.599843,589.5998430000003,0.0,58145.00828853285,0,12,0
2334,660.597325,660.5973250000011,0.0,67600.02160343243,0,13,1
2335,761.352113,761.3521130000012,0.0,80754.03163874288,1,14,1
2336,748.1264960000001,748.1264960000013,0.0,78991.85681462045,1,14,0
2337,713.59319,713.5931900000006,0.0,74390.65579489357,1,14,0
2338,653.410639,653.4106390000003,0.0,66462.12017612421,0,15,1
2339,610.7660730000001,610.7660729999998,0.0,61071.980895016815,0,15,0
2340,599.943076,599.943076,0.0,59703.98804760443,0,15,0
2341,603.1617320000001,603.1617320000005,0.0,60110.81606264332,0,16,1
2342,606.4023040000001,606.4023040000002,0.0,60520.41419128776,0,16,0
2343,638.55184,638.5518400000007,0.0,64584.01462429432,0,16,0
2344,687.595408,687.5954080000006,0.0,70950.82719817436,0,17,1
2345,786.261105,786.2611050000012,0.0,84072.893707459,1,18,1
2346,860.2120830000001,860.212083000001,0.0,93986.71409661054,1,18,0
2347,904.4527950000002,904.4527949999999,0.0,100380.69559011512,1,18,0
2348,909.068188,909.0681880000008,0.0,101095.95590228007,1,18,0
2349,882.316063,882.3160630000011,0.0,97024.54013418934,1,14,0
2350,815.6056359999999,815.6056360000005,0.0,87982.74485118102,1,13,0
2351,746.0223849999998,746.0223850000011,0.0,78711.5060807863,1,13,0
2352,666.7536390000002,666.7536390000005,0.0,68149.77663247722,1,10,0
2353,618.187073,618.1870730000004,0.0,61886.098785417904,0,11,1
2354,579.1806700000001,579.18067,0.0,56841.31810627686,0,11,0
2355,559.7226469999999,559.7226470000005,0.0,54381.88507781113,0,11,0
2356,559.604475,559.6044750000008,0.0,54366.948507953064,0,11,0
2357,603.1342609999999,603.1342610000005,0.0,59868.97681835478,0,11,0
2358,673.0512039999999,673.0512040000002,0.0,69198.03237385068,0,13,2
2359,770.1769830000001,770.176983000001,0.0,81972.06312617958,1,14,1
2360,741.8384450000001,741.8384450000003,0.0,78154.03993507529,1,14,0
2361,678.820217,678.8202170000002,0.0,69759.86719433295,1,14,0
2362,617.3096660000001,617.3096660000002,0.0,61912.33108903845,0,15,1
2363,577.253569,577.2535690000004,0.0,56849.36616432695,0,15,0
2364,565.363545,565.3635450000007,0.0,55346.50445351234,0,15,0
2365,573.6524549999999,573.6524550000007,0.0,56394.19665862385,0,15,0
2366,568.490723,568.4907230000005,0.0,55741.76993650056,0,15,0
2367,623.073427,623.0734270000006,0.0,62640.85238699272,0,15,0
2368,674.1970219999998,674.1970220000007,0.0,69141.52938994038,1,15,0
2369,767.139632,767.1396320000001,0.0,81525.15787625064,1,18,3
2370,856.693124,856.6931240000005,0.0,93503.09145148628,1,18,0
2371,897.852394,897.8523940000008,0.0,99357.81305775604,1,18,0
2372,888.860973,888.8609729999998,0.0,97964.38749437153,1,13,0
2373,860.8992630000001,860.8992630000012,0.0,94081.15560879538,1,12,0
2374,814.8271410000001,814.8271410000009,0.0,87879.01855321664,1,12,0
2375,763.153059,763.153059000001,0.0,80993.98881433654,1,11,0
2376,690.117807,690.1178070000008,0.0,71262.80709723117,1,10,0
2377,636.126907,636.1269070000006,0.0,64217.618696597594,0,10,0
2378,591.01626,591.0162600000009,0.0,58491.89847763996,0,11,1
2379,562.6607859999999,562.6607860000004,0.0,54907.85557187279,0,11,0
2380,557.804267,557.8042670000002,0.0,54294.0068148859,0,11,0
2381,579.9482760000001,579.9482760000009,0.0,57092.94004244174,0,11,0
2382,615.418426,615.4184260000004,0.0,61576.255661640826,0,12,1
2383,665.5668640000001,665.5668640000006,0.0,67991.65130441898,1,13,1
2384,631.9685479999999,631.968548000001,0.0,63668.139131607946,0,13,0
2385,572.960676,572.9606760000008,0.0,56209.72933651814,0,15,2
2386,538.607354,538.6073540000006,0.0,51867.57727079585,0,15,0
2387,521.789055,521.7890550000005,0.0,49741.79706983641,0,15,0
2388,520.807554,520.8075540000006,0.0,49617.73842436806,0,15,0
2389,509.12776199999996,509.12776200000036,0.0,48141.44937843512,0,15,0
2390,506.67509700000005,506.6750970000001,0.0,47831.440221350524,0,15,0
2391,551.44621,551.4462100000006,0.0,53490.36836802687,0,15,0
2392,618.4243399999999,618.4243400000009,0.0,61956.193755676846,0,15,0
2393,717.4830790000001,717.4830790000003,0.0,75000.53858233505,0,16,1
2394,811.85334,811.8533400000007,0.0,87597.8493135488,1,17,1
2395,873.4762079999999,873.4762079999997,0.0,97295.58335623816,1,18,1
2396,875.310487,875.3104870000006,0.0,97767.64959364201,1,18,0
2397,851.577315,851.5773149999994,0.0,93186.15214544421,1,15,0
2398,809.027583,809.0275830000006,0.0,87106.28824516083,1,13,0
2399,760.848962,760.8489619999998,0.0,80686.99204240994,1,13,0
2400,695.6459959999999,695.6459960000008,0.0,71999.38033073628,1,11,0
2401,643.9957329999997,643.9957330000001,0.0,65355.87365995411,0,13,2
2402,600.572444,600.5724439999999,0.0,59867.30623605826,0,13,0
2403,576.2491280000002,576.2491280000007,0.0,56792.91544454729,0,13,0
2404,567.559131,567.5591310000008,0.0,55694.52710164787,0,13,0
2405,583.7729729999999,583.7729730000004,0.0,57743.905835197795,0,13,0
2406,610.927678,610.9276780000002,0.0,61176.175308578786,0,14,1
2407,647.518856,647.5188560000001,0.0,65801.18534807101,0,15,1
2408,623.92063,623.9206300000013,0.0,62818.44365650259,0,15,0
2409,588.6667469999999,588.6667470000002,0.0,58362.4635072412,0,15,0
2410,539.1834369999999,539.1834370000004,0.0,52107.92845135129,0,15,0
2411,533.813564,533.813564000001,0.0,51429.19336018271,0,15,0
2412,528.969792,528.9697920000009,0.0,50816.95578398303,0,15,0
2413,513.871511,513.8715110000005,0.0,48959.81355138677,0,15,0
2414,492.389173,492.389173,0.0,46896.34276280969,0,15,0
2415,542.136515,542.1365150000001,0.0,52481.18824083942,0,15,0
2416,625.9804659999999,625.9804660000005,0.0,63078.800461077284,0,16,1
2417,750.701631,750.7016310000009,0.0,79338.3589026918,1,17,1
2418,847.8794589999999,847.8794590000005,0.0,92291.79914016962,1,17,0
2419,906.289582,906.2895820000007,0.0,100665.34758898085,1,18,1
2420,913.166652,913.1666520000015,0.0,101731.10628709817,1,18,0
2421,893.133903,893.1339030000007,0.0,98626.57536128968,1,15,0
2422,841.8569960000001,841.8569960000008,0.0,91480.46338415949,1,15,0
2423,770.241718,770.2417180000012,0.0,81938.4783172905,1,14,0
2424,693.3384569999998,693.338457,0.0,71691.92494839142,1,11,0
2425,609.15249,609.1524900000003,0.0,60828.24733137393,0,12,1
2426,570.989225,570.9892250000009,0.0,55890.03664882285,0,12,0
2427,553.4548530000001,553.4548529999996,0.0,53673.747068416385,0,12,0
2428,550.427615,550.427615,0.0,53291.11368771651,0,12,0
2429,593.7623419999998,593.7623420000003,0.0,58768.487152808506,0,12,0
2430,669.5828450000001,669.5828450000004,0.0,68655.17519394959,0,13,1
2431,768.1906799999999,768.1906800000004,0.0,82051.51555391662,1,14,1
2432,741.033085,741.0330850000006,0.0,78137.72934122187,1,14,0
2433,685.799113,685.7991130000005,0.0,70704.86056628435,0,14,0
2434,635.7042960000001,635.7042960000008,0.0,64069.81848261496,0,14,0
2435,585.8772450000001,585.8772450000004,0.0,57771.835643327984,0,14,0
2436,560.589483,560.5894829999999,0.0,54575.54190481285,0,14,0
2437,563.7073279999998,563.7073279999998,0.0,54969.627725897386,0,14,0
2438,560.5873,560.5873000000005,0.0,54575.26598046537,0,14,0
2439,603.107374,603.1073740000005,0.0,59949.66986355308,0,15,1
2440,664.8306479999999,664.8306480000005,0.0,67893.55824000345,1,15,0
2441,754.029809,754.0298090000011,0.0,79902.76898476969,0,18,3
2442,867.7300069999999,867.7300070000007,0.0,95039.43527458889,1,18,0
2443,922.429094,922.429094000001,0.0,102832.43707194457,1,18,0
2444,931.6034780000001,931.6034780000009,0.0,104254.21692119248,1,18,0
2445,899.126998,899.1269980000008,0.0,99334.92478252163,1,12,0
2446,829.220909,829.2209090000001,0.0,89796.8372526284,1,12,0
2447,752.849199,752.849199,0.0,79621.10748235154,1,12,0
2448,674.4725169999999,674.4725170000004,0.0,69178.23621073905,1,10,0
2449,648.591679,648.5916790000006,0.0,65868.21991055968,0,12,2
2450,607.066567,607.0665670000003,0.0,60619.57610108622,0,13,1
2451,581.8265389999999,581.8265390000005,0.0,57429.315790334134,0,13,0
2452,582.327891,582.3278910000004,0.0,57492.68510939019,0,13,0
2453,624.370019,624.370019,0.0,62806.67811835035,0,14,1
2454,700.5214090000001,700.5214090000006,0.0,72862.29674031722,0,14,0
2455,803.4132290000001,803.4132290000003,0.0,86454.24227863386,1,14,0
2456,792.4554860000001,792.4554860000009,0.0,84898.23004142527,1,15,1
2457,724.787989,724.7879890000012,0.0,75914.9488637184,0,15,0
2458,669.538461,669.5384610000006,0.0,68520.82497132316,1,15,0
2459,604.0976019999999,604.0976020000006,0.0,60244.308244667394,0,15,0
2460,589.6715790000001,589.6715790000007,0.0,58420.90422075361,0,16,1
2461,601.0222869999999,601.0222870000007,0.0,59855.59808208118,0,16,0
2462,608.603328,608.6033280000009,0.0,60813.81786759352,0,16,0
2463,669.163467,669.1634669999999,0.0,68470.86095179965,1,16,0
2464,746.320851,746.3208510000012,0.0,78751.27354653529,1,18,2
2465,848.161797,848.1617970000011,0.0,92330.60182311633,1,19,1
2466,918.5194439999998,918.5194440000015,0.0,102000.09537130891,1,19,0
2467,971.2487949999999,971.2487950000001,0.0,109732.54080317207,1,19,0
2468,974.1472890000001,974.1472890000001,0.0,110181.72849385145,1,19,0
2469,934.586274,934.5862740000002,0.0,104208.2151088109,1,13,0
2470,870.746392,870.7463920000013,0.0,95434.48043408012,1,13,0
2471,796.0890409999998,796.0890410000005,0.0,85382.36315544661,1,13,0
2472,709.9659909999999,709.9659910000003,0.0,73907.36955124361,1,10,0
2473,634.943259,634.9432590000004,0.0,64242.395094270054,0,10,0
2474,595.810475,595.810475,0.0,59181.64025343897,0,11,1
2475,572.6446959999998,572.644696000001,0.0,56253.55850521937,0,11,0
2476,573.736209,573.7362090000003,0.0,56391.522322159966,0,12,1
2477,618.502063,618.5020630000004,0.0,62049.78574774428,0,11,0
2478,696.8261770000001,696.826177,0.0,72368.6289993404,0,12,1
2479,801.1946560000001,801.1946560000005,0.0,86194.90934487342,1,12,0
2480,783.0151060000001,783.0151060000015,0.0,83640.39836777648,1,12,0
2481,736.6797639999999,736.6797640000004,0.0,77466.69976910205,1,12,0
2482,675.6572010000001,675.6572010000006,0.0,69336.0829349668,1,12,0
2483,645.603439,645.6034390000004,0.0,65475.31460292503,0,14,2
2484,639.3349089999999,639.3349090000006,0.0,64682.99208784072,0,15,1
2485,651.8237220000001,651.8237220000003,0.0,66261.53884865667,0,15,0
2486,668.9618480000001,668.9618480000008,0.0,68443.9973335758,1,15,0
2487,711.8638790000001,711.8638790000007,0.0,74160.24323211651,1,16,1
2488,766.230389,766.2303890000009,0.0,81404.01077788777,1,18,2
2489,846.0869279999998,846.0869280000005,0.0,92045.44543622277,2,18,0
2490,919.983117,919.9831169999999,0.0,102387.58605655345,1,19,1
2491,946.068856,946.0688560000009,0.0,106130.25060468838,1,19,0
2492,948.9121199999998,948.9121200000009,0.0,106270.96404617134,1,19,0
2493,918.2522330000002,918.2522330000018,0.0,101963.37164402874,1,15,0
2494,854.3775429999998,854.3775429999998,0.0,93531.9316840809,0,14,0
2495,789.225351,789.2253510000005,0.0,85052.12668998563,0,13,0
2496,699.3964629999999,699.3964630000007,0.0,72971.70607321462,0,10,0
2497,643.972808,643.9728080000001,0.0,65547.40895467762,0,13,3
2498,602.614135,602.6141350000004,0.0,60041.60152075028,0,13,0
2499,580.5096319999999,580.5096320000009,0.0,57247.66172758526,0,14,1
2500,579.982209,579.9822090000004,0.0,57180.99711596598,0,14,0
2501,626.1081769999998,626.1081770000003,0.0,63011.174681752425,0,15,1
2502,698.850733,698.8507330000003,0.0,72624.52652265916,0,15,0
2503,801.059203,801.0592030000006,0.0,86175.38868835477,1,16,1
2504,780.6954020000001,780.6954020000005,0.0,83331.32212670447,1,16,0
2505,706.818165,706.8181650000004,0.0,73574.55016916143,0,16,0
2506,664.4089789999999,664.4089790000004,0.0,67852.27582833497,0,16,0
2507,617.3497399999999,617.3497400000003,0.0,61904.135737686185,0,16,0
2508,604.9507799999999,604.9507800000002,0.0,60336.9461140216,0,16,0
2509,609.170651,609.1706510000001,0.0,60870.324562246526,0,16,0
2510,611.7711049999999,611.7711050000005,0.0,61199.01378502147,0,16,0
2511,672.791987,672.7919870000005,0.0,68954.3232048519,1,16,0
2512,716.9351929999999,716.9351930000001,0.0,74835.94266118802,1,18,2
2513,813.9343799999999,813.9343800000004,0.0,87787.59480326073,0,19,1
2514,906.3700039999999,906.3700040000006,0.0,100330.35602237699,1,19,0
2515,953.5838469999998,953.5838470000008,0.0,106994.95459526844,1,19,0
2516,957.902186,957.9021860000003,0.0,107664.17962143052,1,19,0
2517,930.3235270000001,930.3235270000005,0.0,103622.37111925741,1,19,0
2518,863.063002,863.0630020000007,0.0,94378.52570561612,1,15,0
2519,790.088429,790.0884290000006,0.0,84582.84450949408,1,14,0
2520,708.4096970000002,708.4096970000005,0.0,73700.00969001882,1,10,0
2521,656.167597,656.1675970000002,0.0,66925.08479427305,0,10,0
2522,614.9363990000002,614.9363990000005,0.0,61599.09701076361,0,10,0
2523,591.7879789999998,591.7879790000003,0.0,58673.20938565395,0,11,1
2524,592.967059,592.9670590000003,0.0,58822.24139652184,0,12,1
2525,638.364787,638.3647870000002,0.0,64560.371712253625,0,12,0
2526,710.161827,710.1618270000006,0.0,74054.21329873512,0,12,0
2527,803.401492,803.4014920000004,0.0,86512.9450291996,1,13,1
2528,787.2527,787.2527000000005,0.0,84205.0133465446,1,13,0
2529,726.1279059999999,726.1279060000004,0.0,76060.77530332362,1,13,0
2530,693.3455280000001,693.3455280000002,0.0,71692.86708501779,1,13,0
2531,664.7303660000001,664.7303660000003,0.0,67892.89813630116,0,13,0
2532,660.7040890000001,660.7040890000004,0.0,67383.98936198467,0,13,0
2533,669.882338,669.8823380000001,0.0,68566.64297678889,1,13,0
2534,674.066695,674.0666950000003,0.0,69124.16468337853,1,13,0
2535,693.9824350000001,693.9824350000001,0.0,71777.7282662169,1,13,0
2536,747.937643,747.9376430000005,0.0,78966.6941320733,1,15,2
2537,829.10116,829.1011600000005,0.0,89780.8819536799,1,16,1
2538,906.8466879999999,906.8466880000001,0.0,100751.6838579548,1,17,1
2539,933.0878729999998,933.0878730000003,0.0,105801.59755484243,1,19,2
2540,925.057652,925.0576520000003,0.0,103734.95654058568,1,19,0
2541,907.3446200000002,907.3446200000008,0.0,100828.84976728412,1,16,0
2542,860.4024650000001,860.4024650000005,0.0,94012.8789500299,1,12,0
2543,805.775666,805.7756660000002,0.0,86673.00439401525,1,12,0
2544,730.060531,730.0605310000007,0.0,76584.7563597624,1,11,0
2545,681.584996,681.5849960000004,0.0,70227.40048053676,0,13,2
2546,634.0256320000001,634.0256320000009,0.0,64095.68418970125,0,13,0
2547,603.877591,603.8775910000003,0.0,60285.06644200187,0,13,0
2548,598.568528,598.568528000001,0.0,59614.01754395073,0,13,0
2549,622.6686520000001,622.6686520000004,0.0,62660.19756726141,0,14,1
2550,659.9105109999999,659.9105110000003,0.0,67367.451642666,0,14,0
2551,697.29666,697.2966600000004,0.0,72219.31400520192,1,14,0
2552,689.325921,689.3259210000004,0.0,71157.29658889149,1,14,0
2553,676.189628,676.1896280000007,0.0,69425.08093131777,0,14,0
2554,656.9626400000001,656.96264,0.0,66994.85000163302,0,14,0
2555,640.2552539999999,640.2552540000004,0.0,64883.08885571773,0,16,2
2556,643.98743,643.9874300000013,0.0,65354.82418681738,0,16,0
2557,625.1828760000001,625.1828760000004,0.0,62977.987588712276,0,17,1
2558,633.1345369999999,633.1345370000007,0.0,63983.05257884844,0,17,0
2559,651.8651589999998,651.865159000001,0.0,66350.544404226,0,17,0
2560,717.486635,717.4866350000007,0.0,74909.41652704733,1,18,1
2561,808.874138,808.8741380000009,0.0,87085.84330743982,1,18,0
2562,882.7782140000002,882.778214000002,0.0,97088.05513651452,1,18,0
2563,931.838528,931.8385280000003,0.0,105480.06871797027,1,19,1
2564,929.8248650000002,929.8248650000008,0.0,104961.83658653944,1,19,0
2565,906.033878,906.0338780000005,0.0,100625.72042768342,1,16,0
2566,862.6340199999999,862.6340200000011,0.0,94319.56923310521,1,12,0
2567,810.206875,810.2068750000009,0.0,87263.41654191169,1,12,0
2568,742.3997450000002,742.3997450000008,0.0,78228.82727609541,1,11,0
2569,670.3349150000001,670.3349150000004,0.0,68889.85855566674,0,11,0
2570,626.0299849999999,626.0299850000005,0.0,63085.059507237136,0,11,0
2571,601.0503369999999,601.0503370000004,0.0,59927.710411152184,0,11,0
2572,591.3923269999999,591.3923270000004,0.0,58706.968263645584,0,11,0
2573,609.015254,609.0152540000004,0.0,60934.45091807773,0,11,0
2574,637.5861140000001,637.5861140000001,0.0,64545.71793814816,0,11,0
2575,669.941882,669.9418820000001,0.0,68635.38544859241,0,11,0
2576,632.3981350000001,632.3981350000005,0.0,63889.97367761429,0,11,0
2577,576.459642,576.4596420000005,0.0,56819.52375334381,0,11,0
2578,545.6688499999999,545.6688500000005,0.0,52927.664296839896,0,11,0
2579,507.027622,507.0276220000003,0.0,48043.53437245458,0,11,1
2580,512.869503,512.8695030000002,0.0,48781.92979319012,0,11,0
2581,503.352952,503.3529520000005,0.0,47579.06761924374,0,12,1
2582,513.039602,513.0396020000002,0.0,48803.42977284935,0,14,2
2583,571.351443,571.3514430000005,0.0,56173.86343438048,0,14,0
2584,649.6204530000002,649.620453,0.0,66066.82061195801,0,14,0
2585,768.7383949999999,768.7383950000003,0.0,81904.02789333397,0,17,3
2586,876.5991180000002,876.599118000001,0.0,96396.47320666452,0,17,0
2587,941.0655939999999,941.0655940000012,0.0,105098.69035362234,1,18,1
2588,945.2909779999999,945.2909780000008,0.0,105709.78558156104,1,18,0
2589,926.444405,926.4444050000016,0.0,103099.79600326512,0,13,0
2590,874.315778,874.315778000001,0.0,96089.40375244734,0,12,0
2591,799.793135,799.7931350000008,0.0,86067.40645338838,0,12,0
2592,720.6025589999999,720.6025590000006,0.0,75417.6534812223,0,10,0
2593,655.891466,655.8914660000003,0.0,67027.31649688826,0,10,0
2594,614.3975789999998,614.3975790000005,0.0,61782.61942939957,0,10,0
2595,593.0813649999999,593.0813650000003,0.0,59088.316891395305,0,10,0
2596,591.609934,591.6099340000003,0.0,58902.332631817204,0,12,2
2597,637.3082949999999,637.3082950000006,0.0,64678.462015062054,0,12,0
2598,714.482686,714.4826860000005,0.0,74772.2531603812,0,12,0
2599,811.5993150000002,811.5993150000011,0.0,87655.13199973281,0,12,0
2600,808.4127119999999,808.4127120000007,0.0,87226.58940685703,0,12,0
2601,783.6844939999999,783.6844940000005,0.0,83901.07485141457,0,12,0
2602,756.991962,756.9919620000004,0.0,80311.394281322,0,12,0
2603,716.218561,716.2185610000004,0.0,74828.08211946742,0,12,0
2604,684.5695829999999,684.5695830000004,0.0,70652.14046507899,0,12,0
2605,683.9722600000001,683.9722600000005,0.0,70576.6407128759,0,14,2
2606,686.329046,686.3290460000003,0.0,70874.53106532461,0,15,1
2607,727.503956,727.5039560000004,0.0,76345.77115538651,0,16,1
2608,780.170849,780.1708490000004,0.0,83428.55080661045,0,19,3
2609,878.316056,878.3160560000007,0.0,96627.37145860452,0,19,0
2610,945.9492910000001,945.9492910000004,0.0,105811.80618129804,1,19,0
2611,977.792125,977.7921250000009,0.0,110746.57888365575,1,19,0
2612,987.177059,987.1770590000001,0.0,112886.3580168717,1,19,0
2613,955.8965619999999,955.8965620000006,0.0,107353.36248227787,1,15,0
2614,885.9293899999999,885.929390000001,0.0,97651.2322573263,0,12,0
2615,805.2378379999999,805.2378380000007,0.0,86799.62416016209,0,12,0
2616,722.5998320000001,722.5998320000008,0.0,75686.25190722664,0,9,0
2617,660.332162,660.3321620000006,0.0,67483.41132775357,0,11,2
2618,617.3655300000001,617.3655300000005,0.0,61822.36349528137,0,12,1
2619,591.342178,591.3421780000004,0.0,58533.0934897833,0,12,0
2620,592.1051289999999,592.1051290000005,0.0,58629.52810128011,0,13,1
2621,635.0587479999999,635.0587480000005,0.0,64174.87072064134,0,13,0
2622,711.4235969999999,711.4235970000007,0.0,74183.24298974032,0,14,1
2623,808.150968,808.1509680000003,0.0,89301.97764431952,0,16,2
2624,803.633974,803.6339740000005,0.0,86721.34817147932,0,18,2
2625,747.253425,747.2534250000007,0.0,79015.044442899,0,18,0
2626,721.3341669999999,721.3341670000003,0.0,75516.04201261088,0,18,0
2627,723.3005229999999,723.3005230000005,0.0,75780.4826406894,0,18,0
2628,707.1081759999998,707.1081760000004,0.0,73602.89403987413,0,18,0
2629,707.9327219999999,707.9327220000005,0.0,73713.7811132828,0,18,0
2630,706.236851,706.2368510000003,0.0,73485.71600585559,0,18,0
2631,735.7624509999999,735.7624510000006,0.0,77456.39486990366,0,18,0
2632,785.8791090000001,785.8791090000004,0.0,84196.21233872125,0,19,1
2633,857.588667,857.5886670000007,0.0,93839.89870922091,0,19,0
2634,938.6582400000001,938.6582400000004,0.0,104767.83940900188,1,19,0
2635,984.5210769999999,984.5210770000004,0.0,112202.82000038038,1,19,0
2636,987.1542819999999,987.1542820000003,0.0,112880.49617541293,1,19,0
2637,949.0585999999998,949.0586000000009,0.0,106293.66445987957,1,17,0
2638,885.526293,885.5262930000009,0.0,97597.02273277601,0,13,0
2639,808.310933,808.310933000001,0.0,87212.90190434724,0,12,0
2640,721.1629999999999,721.1630000000004,0.0,75493.02303284002,0,9,0
2641,649.733381,649.7333810000005,0.0,66143.7586789271,0,11,2
2642,609.26412,609.2641200000005,0.0,60798.37070160737,0,12,1
2643,589.1753869999999,589.1753870000005,0.0,58259.21790894025,0,13,1
2644,587.6591579999999,587.6591580000007,0.0,58067.571322783115,0,13,0
2645,632.680078,632.6800780000002,0.0,63877.298386570284,0,13,0
2646,711.805021,711.8050210000007,0.0,74234.53787333425,0,14,1
2647,810.4754119999999,810.4754120000007,0.0,89818.8008852828,0,16,2
2648,799.0308260000002,799.0308260000007,0.0,86443.04207220326,0,16,1
2649,722.5061020000002,722.5061020000005,0.0,75673.64685500319,0,16,0
2650,688.1905769999998,688.1905770000005,0.0,71058.80651894872,0,16,0
2651,666.303624,666.3036240000006,0.0,68175.52105788431,0,16,0
2652,644.646032,644.6460320000006,0.0,65438.069412265606,0,16,0
2653,655.360215,655.3602150000005,0.0,66792.30851164515,0,16,0
2654,680.420509,680.4205090000006,0.0,70082.67177879157,0,16,0
2655,748.509839,748.5098390000013,0.0,79170.69649640477,0,16,0
2656,795.7851980000002,795.7851980000008,0.0,85528.40874515093,0,18,2
2657,872.3388649999998,872.3388650000007,0.0,95823.54339177176,0,18,0
2658,930.4095499999999,930.4095500000004,0.0,103634.19355617739,1,18,0
2659,967.479173,967.4791730000004,0.0,109148.35197928139,1,18,0
2660,968.4837579999999,968.4837580000011,0.0,109304.03531560759,1,18,0
2661,936.8722989999999,936.8722990000008,0.0,104522.39139143318,1,13,0
2662,872.883345,872.8833450000006,0.0,95896.76646693016,0,13,0
2663,806.0509259999999,806.0509260000007,0.0,86908.97033216915,0,12,0
2664,715.5439109999999,715.5439110000003,0.0,74737.3534468704,0,9,0
2665,661.3246840000002,661.3246840000006,0.0,67608.86299302701,0,11,2
2666,621.331228,621.3312280000002,0.0,62323.61527415532,0,11,0
2667,595.7794179999999,595.7794180000005,0.0,59093.94669728695,0,12,1
2668,594.43022,594.4302200000004,0.0,58923.412305219455,0,14,2
2669,641.171786,641.1717860000008,0.0,64978.657424586585,0,15,1
2670,715.2720970000001,715.2720970000006,0.0,74700.79919887031,0,16,1
2671,813.380687,813.3806870000003,0.0,90464.7676805204,0,16,0
2672,788.6846460000002,788.6846460000007,0.0,84918.71440747089,0,16,1
2673,744.2627540000001,744.2627540000005,0.0,78599.53754812536,0,16,0
2674,673.219846,673.2198460000004,0.0,69138.18984259357,0,16,0
2675,630.279084,630.2790840000007,0.0,63622.132282915394,0,16,0
2676,644.450319,644.4503190000005,0.0,65413.3319034087,0,16,0
2677,671.710722,671.7107220000014,0.0,68858.9612722038,0,16,0
2678,702.5856529999999,702.5856530000004,0.0,72994.69347872477,0,16,0
2679,729.215326,729.2153260000007,0.0,76575.92060832115,0,16,0
2680,769.3127510000002,769.3127510000006,0.0,81968.32577367764,0,18,2
2681,865.1764559999999,865.1764560000008,0.0,94860.32415043654,0,18,0
2682,936.4107499999999,936.4107500000008,0.0,104458.95912403977,1,18,0
2683,973.960441,973.9604409999998,0.0,110152.77213871386,1,18,0
2684,978.3156110000001,978.3156110000001,0.0,110827.70496756095,1,18,0
2685,949.3323890000001,949.3323889999998,0.0,106336.09430401344,1,14,0
2686,881.091436,881.0914360000006,0.0,97000.61172148491,0,13,0
2687,806.507134,806.5071340000006,0.0,86970.32236102577,0,13,0
2688,724.2281669999999,724.2281670000006,0.0,75905.23459913091,0,10,0
2689,665.009907,665.0099070000002,0.0,68074.66361231195,0,10,0
2690,626.4052729999999,626.4052730000005,0.0,62964.9586347281,0,10,0
2691,602.6128669999999,602.6128670000007,0.0,59957.673200690566,0,11,1
2692,600.861127,600.8611270000006,0.0,59736.2587634024,0,13,2
2693,646.3792509999998,646.379251,0.0,65665.15823462154,0,13,0
2694,718.771301,718.7713010000015,0.0,75171.38118073675,0,16,3
2695,814.3338979999999,814.3338980000005,0.0,90676.70722319893,0,16,0
2696,794.238328,794.2383280000004,0.0,85736.95177756551,0,16,1
2697,733.0181589999999,733.0181590000011,0.0,77087.33540147032,0,16,0
2698,695.9837720000003,695.9837720000006,0.0,72106.85548899183,0,16,0
2699,672.9373620000001,672.9373620000006,0.0,69014.00471778073,0,16,0
2700,666.086538,666.0865380000009,0.0,68148.08206891731,0,16,0
2701,693.565982,693.5659820000005,0.0,71781.70485189362,0,16,0
2702,678.676702,678.6767020000007,0.0,69779.35606315122,0,16,0
2703,706.603858,706.6038580000004,0.0,73535.07205409367,0,16,0
2704,776.381249,776.3812490000007,0.0,82918.9156214425,0,17,1
2705,866.0964020000001,866.0964020000008,0.0,94984.04086197725,0,18,1
2706,924.0143669999999,924.0143670000004,0.0,102772.9982235269,0,18,0
2707,957.9487609999999,957.9487610000009,0.0,107671.39747894328,1,18,0
2708,946.419475,946.4194750000003,0.0,105884.67190575851,1,14,0
2709,917.1020280000001,917.1020280000009,0.0,101843.40904097234,0,12,0
2710,869.6216590000001,869.6216590000008,0.0,95458.1265185003,0,12,0
2711,814.581754,814.5817540000005,0.0,88056.21809114536,0,12,0
2712,739.04382,739.0438200000007,0.0,77897.68183895567,0,10,0
2713,675.679661,675.6796610000006,0.0,69609.19441045963,0,10,0
2714,631.97101,631.9710100000004,0.0,63920.07789595965,0,11,1
2715,599.900902,599.9009020000002,0.0,59866.516912828636,0,11,0
2716,592.8018820000001,592.8018820000002,0.0,58969.22306865242,0,11,0
2717,616.5866550000001,616.5866550000004,0.0,61975.54371544999,0,11,0
2718,653.9448399999999,653.9448400000007,0.0,66697.5010321073,0,12,1
2719,699.2468419999999,699.2468420000007,0.0,72545.68156131245,0,12,0
2720,662.1354200000001,662.1354200000006,0.0,67732.76463387668,0,12,0
2721,644.4152630000001,644.4152630000006,0.0,65492.992412649495,0,13,1
2722,616.955357,616.9553570000005,0.0,62022.146490894425,0,13,0
2723,603.507631,603.5076310000004,0.0,60322.39613690633,0,13,0
2724,609.7117940000002,609.7117940000006,0.0,61106.5828652387,0,13,0
2725,604.5087119999998,604.5087120000004,0.0,60448.929632913074,0,13,0
2726,588.7927950000001,588.7927950000004,0.0,58462.487056376536,0,13,0
2727,623.6470169999999,623.6470170000006,0.0,62867.9513097737,0,13,0
2728,702.662023,702.6620230000007,0.0,73106.82761534987,0,14,1
2729,779.114634,779.1146340000007,0.0,83286.5082883758,0,14,0
2730,866.198678,866.1986780000003,0.0,94997.79520232926,0,14,0
2731,920.6294849999999,920.6294850000016,0.0,102625.28044519754,0,14,0
2732,924.2049360000001,924.2049360000022,0.0,103152.06026859091,0,15,1
2733,898.620937,898.620937000002,0.0,99382.70796173127,0,12,0
2734,856.414422,856.4144220000005,0.0,93681.9832120688,0,11,0
2735,804.2101310000002,804.210131000001,0.0,86661.41547131809,0,11,0
2736,736.042616,736.0426160000003,0.0,77494.0721819293,0,10,0
2737,667.189697,667.1896970000007,0.0,68479.85214958232,0,10,0
2738,622.338651,622.3386510000008,0.0,62702.5779543346,0,10,0
2739,597.443056,597.4430560000008,0.0,59555.8528936073,0,11,1
2740,588.1927830000001,588.1927829999997,0.0,58386.64742301412,0,11,0
2741,605.2234550000001,605.2234550000007,0.0,60539.27090453484,0,11,0
2742,633.775871,633.7758710000004,0.0,64148.20666090096,0,11,0
2743,669.003287,669.0032870000006,0.0,68600.84146444216,0,11,0
2744,626.9355259999999,626.9355260000002,0.0,63283.608524743904,0,11,0
2745,567.087898,567.087898,0.0,55719.056207248184,0,12,1
2746,518.4903610000001,518.4903610000002,0.0,49576.48007811685,0,14,2
2747,489.54248300000006,489.5424830000001,0.0,46573.49014586953,0,14,0
2748,510.5161820000001,510.51618199999956,0.0,48588.10397490928,0,14,0
2749,530.867254,530.8672539999999,0.0,51140.88050224968,0,14,0
2750,515.148062,515.1480619999999,0.0,49154.02397599337,0,14,0
2751,578.139755,578.1397550000002,0.0,57115.976240269076,0,15,1
2752,641.9931119999999,641.9931120000001,0.0,65186.84012938143,0,15,0
2753,759.280602,759.280602,0.0,80637.91675605373,0,17,2
2754,867.8583010000001,867.8583010000004,0.0,95220.9855851966,0,18,1
2755,934.7180549999999,934.7180549999999,0.0,104226.32622513732,1,18,0
2756,941.0690530000002,941.0690530000012,0.0,105099.16573589575,1,18,0
2757,920.961679,920.9616790000007,0.0,102362.4648653519,0,15,0
2758,869.249852,869.2498520000008,0.0,95408.12495387823,0,15,0
2759,795.248815,795.2488150000015,0.0,85456.27457544289,0,15,0
2760,716.683329,716.6833290000009,0.0,74890.5853192089,0,13,0
2761,654.1824890000001,654.1824890000005,0.0,66841.70947200709,0,13,0
2762,612.184851,612.1848510000007,0.0,61418.84607835278,0,13,0
2763,593.4495659999999,593.4495660000005,0.0,59050.76486441238,0,13,0
2764,590.085146,590.0851460000003,0.0,58625.51273732674,0,14,1
2765,635.01358,635.0135800000006,0.0,64304.32576457244,0,14,0
2766,713.850088,713.8500880000003,0.0,74737.19903385863,0,14,0
2767,809.352844,809.3528440000003,0.0,87353.02078375754,0,14,0
2768,787.7762659999999,787.7762660000005,0.0,84451.34690674633,0,14,0
2769,733.1886890000001,733.1886890000005,0.0,77110.26871583766,0,14,0
2770,675.9719600000001,675.9719600000004,0.0,69481.3364282176,0,14,0
2771,639.142993,639.1429930000004,0.0,64826.270605545,0,14,0
2772,642.586142,642.5861420000005,0.0,65261.4738311003,0,14,0
2773,657.1720870000001,657.1720870000005,0.0,67105.09149381895,0,15,1
2774,664.2989820000001,664.2989820000006,0.0,68005.90865049555,0,16,1
2775,717.076769,717.0767690000006,0.0,74943.49614548408,0,16,0
2776,767.648434,767.6484340000004,0.0,81744.50412957976,0,18,2
2777,860.0037500000001,860.0037500000008,0.0,94164.68530197506,0,18,0
2778,933.9743799999999,933.9743800000003,0.0,104124.12041068693,1,18,0
2779,979.110975,979.1109750000005,0.0,110950.96474260608,1,19,1
2780,989.791292,989.7912920000001,0.0,113559.15159735024,1,19,0
2781,955.3088119999999,955.3088120000006,0.0,107262.27722724652,1,17,0
2782,883.8480449999998,883.8480450000006,0.0,97371.32761185613,0,13,0
2783,803.8569609999998,803.8569610000006,0.0,86613.92025853942,0,12,0
2784,721.0356470000002,721.0356470000007,0.0,75475.89627282933,0,9,0
2785,653.2399299999998,653.2399300000003,0.0,66586.97546546978,0,10,1
2786,610.3424330000001,610.3424330000005,0.0,60934.66607998285,0,10,0
2787,586.693073,586.6930730000005,0.0,57945.4612113239,0,12,2
2788,586.552928,586.5529280000005,0.0,57927.747323239055,0,13,1
2789,630.130035,630.1300350000005,0.0,63511.16563329498,0,14,1
2790,706.3861679999999,706.3861680000007,0.0,73505.79654125351,0,16,2
2791,806.050604,806.0506040000005,0.0,88834.97696386326,0,16,0
2792,783.7975589999999,783.7975590000004,0.0,84464.93662697994,0,16,0
2793,733.365261,733.3652610000008,0.0,77134.01457395346,0,16,0
2794,682.1605400000001,682.1605400000002,0.0,70305.80350641262,0,16,0
2795,647.510628,647.5106280000005,0.0,65632.60925701876,0,16,0
2796,651.711978,651.7119780000005,0.0,66163.64670898112,0,16,0
2797,679.447578,679.4475780000006,0.0,69883.02545649132,0,16,0
2798,693.4677649999998,693.4677650000003,0.0,71768.49637633373,0,16,0
2799,739.5548270000002,739.5548270000006,0.0,77966.40337871373,0,17,1
2800,790.177645,790.1776450000007,0.0,84774.29055022418,0,19,2
2801,871.9569899999999,871.9569900000004,0.0,95772.18785653422,0,19,0
2802,935.7266850000001,935.7266850000004,0.0,104364.9457170245,1,19,0
2803,979.7827669999999,979.7827670000005,0.0,111055.074220527,1,19,0
2804,982.8859370000001,982.8859370000008,0.0,111782.00376281345,1,19,0
2805,939.077118,939.0771180000006,0.0,104825.40725402208,1,17,0
2806,873.931463,873.9314630000008,0.0,96037.72007971459,0,12,0
2807,798.7934249999998,798.7934250000008,0.0,85932.96287333657,0,12,0
2808,712.044358,712.0443580000011,0.0,74266.72453058377,0,9,0
2809,627.3033570000001,627.3033570000005,0.0,63308.67405317244,0,10,1
2810,591.6858780000001,591.6858780000006,0.0,58576.536090909016,0,10,0
2811,569.45737,569.4573700000005,0.0,55766.92245499563,0,11,1
2812,568.734345,568.7343450000009,0.0,55675.53436457115,0,12,1
2813,613.880977,613.8809770000007,0.0,61381.926934093266,0,13,1
2814,691.702874,691.7028740000005,0.0,71574.46549671858,0,13,0
2815,787.1588030000001,787.158803000001,0.0,85264.60894426402,0,15,2
2816,761.705626,761.7056260000006,0.0,81210.07883025562,0,14,0
2817,706.224073,706.2240730000002,0.0,73483.99758744835,0,14,0
2818,652.1315230000001,652.1315230000016,0.0,66290.77399920298,0,14,0
2819,637.6624000000002,637.6624000000011,0.0,64387.824151406516,0,14,0
2820,627.0724850000001,627.072485000001,0.0,63049.2921371497,0,14,0
2821,632.996525,632.9965250000009,0.0,63798.072197588124,0,14,0
2822,649.207062,649.2070620000004,0.0,65847.03318951243,0,14,0
2823,705.062291,705.0622910000008,0.0,73327.75814669087,0,15,1
2824,741.069643,741.0696430000007,0.0,78177.15310529119,0,17,2
2825,832.6594930000002,832.6594930000002,0.0,90487.35907243192,0,17,0
2826,906.4672780000001,906.4672780000008,0.0,100538.72831448192,0,17,0
2827,936.98853,936.9885300000003,0.0,105088.75343293555,1,18,1
2828,944.066461,944.0664610000002,0.0,106342.6601005065,1,18,0
2829,909.4483589999999,909.4483590000008,0.0,100977.93817156038,0,13,0
2830,846.1221509999999,846.1221510000012,0.0,92297.8520539297,0,11,0
2831,779.863441,779.8634410000005,0.0,83387.20978565783,0,11,0
2832,691.1581629999998,691.1581630000004,0.0,71457.89514060058,0,9,0
2833,638.658896,638.6588960000007,0.0,64624.36546968223,0,9,0
2834,597.98241,597.9824100000003,0.0,59456.166019735036,0,10,1
2835,572.9855949999999,572.985595000001,0.0,56296.64706873741,0,11,1
2836,572.789831,572.7898310000003,0.0,56271.90311364052,0,12,1
2837,619.8155799999998,619.8155800000008,0.0,62215.81017341446,0,12,0
2838,692.297871,692.2978709999995,0.0,71796.26533529288,0,13,1
2839,785.9186589999999,785.9186590000007,0.0,84444.63273349426,0,14,1
2840,750.166296,750.1662960000001,0.0,79393.46110742367,0,14,0
2841,694.2579410000001,694.2579409999997,0.0,71907.89943035999,0,14,0
2842,635.312436,635.312436000001,0.0,64174.564127183505,0,14,0
2843,625.030987,625.030987,0.0,62875.021247051794,0,14,0
2844,607.8855789999999,607.8855790000005,0.0,60707.895495287565,0,14,0
2845,641.780764,641.7807640000004,0.0,64992.140482301846,0,14,0
2846,647.2165040000001,647.2165040000008,0.0,65679.20095551402,0,14,0
2847,704.976919,704.9769190000005,0.0,73316.27709987109,0,15,1
2848,763.3655769999999,763.3655770000009,0.0,81168.53447044878,0,16,1
2849,845.406065,845.4060650000005,0.0,92201.55096114772,0,17,1
2850,902.742268,902.7422680000008,0.0,99989.91360273279,0,17,0
2851,938.2901349999999,938.2901350000004,0.0,105290.46678618963,1,18,1
2852,951.1673969999999,951.167397000001,0.0,108170.14225538286,1,18,0
2853,919.637205,919.6372050000002,0.0,102479.08543842571,0,14,0
2854,851.1363069999999,851.1363070000003,0.0,92972.16868933207,0,12,0
2855,779.224005,779.224005000001,0.0,83301.216782633,0,11,0
2856,698.1027909999999,698.1027910000008,0.0,72391.82663118088,0,10,0
2857,639.749505,639.7495050000005,0.0,64903.255247263856,0,10,0
2858,602.610449,602.6104490000005,0.0,60208.99514836064,0,10,0
2859,579.332492,579.3324920000005,0.0,57266.73445306766,0,10,0
2860,579.1159410000001,579.1159410000004,0.0,57239.36308642124,0,10,0
2861,624.800571,624.8005710000001,0.0,63013.75691436763,0,10,0
2862,695.295225,695.2952250000006,0.0,72211.8564622453,0,12,2
2863,787.1131939999999,787.1131940000001,0.0,84362.1752734605,0,12,0
2864,768.755498,768.7554980000007,0.0,81893.38495252491,0,13,1
2865,719.784127,719.7841270000008,0.0,75307.58863430776,0,13,0
2866,691.768517,691.7685170000005,0.0,71539.97712123391,0,13,0
2867,672.0124409999999,672.0124410000009,0.0,68981.1890843078,0,13,0
2868,645.7762640000001,645.7762640000011,0.0,65665.01866686743,0,14,1
2869,650.6294140000001,650.629414000001,0.0,66278.44159282956,0,14,0
2870,660.8934410000002,660.8934410000003,0.0,67575.78238684872,0,15,1
2871,668.011453,668.0114530000006,0.0,68475.4767602091,0,15,0
2872,733.661494,733.661494000001,0.0,77173.85275207463,0,17,2
2873,810.010148,810.0101480000011,0.0,87441.41672152196,0,17,0
2874,870.6997890000001,870.6997890000011,0.0,95603.11622247576,0,17,0
2875,906.3287859999999,906.3287860000003,0.0,100852.41961194067,0,17,0
2876,901.033517,901.0335170000009,0.0,100072.25485268666,0,17,0
2877,886.190765,886.1907650000009,0.0,97885.43638496606,0,13,0
2878,838.6838690000001,838.683869000001,0.0,91297.53269980212,0,11,0
2879,785.812346,785.812346000001,0.0,84187.23387823279,0,11,0
2880,711.0527530000002,711.0527530000007,0.0,74133.37093184283,0,10,0
2881,643.2590050000001,643.2590050000013,0.0,65334.25356928787,0,11,1
2882,602.7013690000001,602.701369,0.0,60136.395673362706,0,11,0
2883,576.749568,576.7495680000007,0.0,56856.16948966612,0,13,2
2884,569.473418,569.4734180000006,0.0,55936.486969500955,0,14,1
2885,587.294366,587.2943660000004,0.0,58188.99885674516,0,14,0
2886,625.9072999999999,625.9073000000014,0.0,63069.55250834547,0,14,0
2887,643.891777,643.891777000001,0.0,65342.73394787211,0,15,1
2888,610.249812,610.2498119999999,0.0,61090.49517400011,0,15,0
2889,579.194986,579.1949860000007,0.0,57165.26264869902,0,16,1
2890,532.9556489999999,532.9556490000003,0.0,51320.75559717781,0,15,0
2891,533.496972,533.496972,0.0,51389.177125164875,0,15,0
2892,526.076586,526.0765860000001,0.0,50451.26362735656,0,15,0
2893,516.9361840000001,516.9361839999999,0.0,49295.94550627842,0,15,0
2894,528.015963,528.0159630000006,0.0,50696.39479245222,0,15,0
2895,579.0054609999999,579.0054610000005,0.0,57141.30728361796,0,16,1
2896,643.003999,643.0039990000007,0.0,65230.52159540721,0,16,0
2897,745.678274,745.6782740000015,0.0,78803.2811759115,0,17,1
2898,830.2531480000001,830.2531480000002,0.0,90163.74758846183,0,17,0
2899,880.3878809999999,880.3878810000007,0.0,97030.48348288695,0,17,0
2900,888.98719,888.987190000001,0.0,98297.44042798961,0,17,0
2901,860.8349809999999,860.8349809999999,0.0,94276.47139143094,0,13,0
2902,826.6252479999999,826.6252480000016,0.0,89693.14444862366,0,13,0
2903,772.2157590000002,772.2157589999998,0.0,82358.72977927816,0,12,0
2904,708.241147,708.241147,0.0,73755.25890301923,0,9,0
2905,648.9837270000002,648.983727000001,0.0,65962.09256156076,0,9,0
2906,611.8311869999999,611.8311870000007,0.0,61052.33244270408,0,9,0
2907,588.2418390000001,588.2418390000007,0.0,58070.71290246745,0,9,0
2908,577.4006279999999,577.4006280000006,0.0,56700.417862628776,0,10,1
2909,589.085954,589.0859540000006,0.0,58177.40638879046,0,11,1
2910,619.7297780000001,619.7297780000008,0.0,62050.68955142694,0,12,1
2911,642.837948,642.8379480000006,0.0,64971.489702881285,0,12,0
2912,598.387399,598.3873990000005,0.0,59353.0798395546,0,12,0
2913,579.8779909999998,579.8779910000007,0.0,57013.54876938633,0,12,0
2914,550.922884,550.9228840000003,0.0,53353.714134667156,0,12,0
2915,526.36851,526.3685100000004,0.0,50250.11833724716,0,12,0
2916,521.915197,521.9151970000005,0.0,49687.23355299668,0,13,1
2917,532.4015200000001,532.4015200000005,0.0,51012.67186362878,0,13,0
2918,543.187852,543.1878520000006,0.0,52376.03037013264,0,13,0
2919,592.7876990000001,592.7876990000004,0.0,58645.29533701289,0,13,0
2920,659.533955,659.5339550000008,0.0,67204.99005830399,0,13,0
2921,741.2581220000001,741.2581220000009,0.0,78288.46783829514,0,16,3
2922,848.8662260000001,848.866226000001,0.0,92736.09444424344,0,16,0
2923,915.9797769999999,915.9797770000002,0.0,101940.22774581195,0,17,1
2924,927.9186150000002,927.9186150000013,0.0,103699.2055567682,1,17,0
2925,904.971514,904.9715140000009,0.0,100318.35379508341,0,14,0
2926,860.4935560000001,860.4935560000016,0.0,94230.55567655466,0,11,0
2927,782.150116,782.1501160000012,0.0,83694.72773927942,0,11,0
2928,705.32535,705.3253500000009,0.0,73363.1349997031,0,10,0
2929,635.8739439999999,635.8739440000007,0.0,64470.20150822653,0,10,0
2930,599.8913209999998,599.8913210000001,0.0,59865.30590450338,0,10,0
2931,582.974905,582.9749050000007,0.0,57727.12402273328,0,10,0
2932,579.210693,579.2106930000004,0.0,57251.33944179472,0,10,0
2933,619.9582259999999,619.9582260000004,0.0,62401.69970648863,0,10,0
2934,700.247737,700.2477369999997,0.0,72846.02298385336,0,10,0
2935,788.125417,788.1254170000004,0.0,84498.30163403587,0,10,0
2936,762.2131649999999,762.213165000001,0.0,81013.55513146581,0,10,0
2937,730.121728,730.1217280000009,0.0,76697.81588779835,0,11,1
2938,702.5338049999999,702.5338050000007,0.0,72987.72082591699,0,12,1
2939,671.1877980000002,671.1877980000005,0.0,68876.95679766212,0,12,0
2940,637.066083,637.0660830000007,0.0,64564.07912972554,0,12,0
2941,645.3295469999999,645.3295470000012,0.0,65608.5550403121,0,14,2
2942,689.205199,689.2051990000004,0.0,71195.25550323346,0,14,0
2943,724.788618,724.7886180000006,0.0,75882.32921677441,1,16,2
2944,775.926632,775.9266320000007,0.0,82695.93351413314,1,17,1
2945,838.5489210000001,838.5489210000012,0.0,91039.69706820555,1,18,1
2946,908.3808359999999,908.3808360000005,0.0,100606.71158399062,1,19,1
2947,957.7353319999999,957.7353320000008,0.0,107638.32179217835,1,19,0
2948,972.2815120000001,972.2815120000008,0.0,109892.58383391687,1,19,0
2949,934.249929,934.249929,0.0,104161.99005800058,1,13,0
2950,871.723206,871.7232060000008,0.0,95568.72734359915,1,13,0
2951,787.0451200000001,787.0451200000015,0.0,84353.02050630977,0,12,0
2952,707.9445469999998,707.9445470000004,0.0,73715.37136979129,0,9,0
2953,657.010592,657.0105920000002,0.0,67047.27891954604,0,11,2
2954,621.4401140000001,621.4401140000003,0.0,62421.14617160218,0,12,1
2955,596.936597,596.9365970000006,0.0,59323.978539342075,0,12,0
2956,593.9477009999999,593.9477010000005,0.0,58946.19146708661,0,13,1
2957,631.7527839999999,631.7527840000006,0.0,63724.63528813108,0,13,0
2958,711.9790819999998,711.9790820000003,0.0,74283.90862637163,0,13,0
2959,800.0783729999999,800.0783730000004,0.0,86530.8175645041,0,13,0
2960,785.4275610000001,785.4275610000007,0.0,84135.48699868744,0,14,1
2961,782.4621660000001,782.4621660000006,0.0,83736.69302836833,0,14,0
2962,734.796139,734.7961390000004,0.0,77326.44273905866,0,15,1
2963,695.322649,695.3226490000004,0.0,72017.94596225445,0,16,1
2964,738.5564750000001,738.5564750000005,0.0,77832.14242600556,0,16,0
2965,743.2501649999999,743.2501650000005,0.0,78463.36196692576,0,16,0
2966,717.383591,717.3835910000007,0.0,74984.75835964487,0,16,0
2967,747.505027,747.505027000001,0.0,79035.56678622976,0,16,0
2968,812.6868069999999,812.686807000001,0.0,87801.38072962216,0,18,2
2969,883.9119249999999,883.9119250000006,0.0,97379.91835906652,0,18,0
2970,945.1568339999999,945.1568340000009,0.0,105688.99691214222,1,18,0
2971,980.522915,980.5229150000001,0.0,111173.8613240447,1,19,1
2972,990.5495880000001,990.5495880000002,0.0,113754.30508248434,1,19,0
2973,946.289151,946.2891510000007,0.0,105864.47523238265,1,13,0
2974,890.131493,890.1314930000002,0.0,98216.34191019193,0,12,0
2975,808.165101,808.1651010000007,0.0,87193.29004074064,0,12,0
2976,722.9601930000001,722.9601930000009,0.0,75734.71418423802,0,10,0
2977,658.4432689999999,658.4432690000003,0.0,67349.77708933242,0,10,0
2978,624.4321210000002,624.4321210000005,0.0,62883.094513332224,0,10,0
2979,605.2218619999999,605.2218620000012,0.0,60454.97807673532,0,11,1
2980,601.4574070000001,601.4574070000011,0.0,59979.162781359555,0,11,0
2981,643.018938,643.0189380000008,0.0,65232.40983811371,0,12,1
2982,726.3134519999999,726.3134520000006,0.0,76242.32208425424,0,13,1
2983,819.466963,819.4669630000002,0.0,89054.57463917174,0,14,1
2984,805.2622339999999,805.2622340000004,0.0,86961.75763959068,0,14,0
2985,751.317838,751.317838000001,0.0,79548.32344656215,0,15,1
2986,708.2205330000002,708.2205330000005,0.0,73752.48667911519,0,15,0
2987,676.2516349999999,676.2516350000009,0.0,69453.22679631838,0,16,1
2988,642.3615839999999,642.3615840000004,0.0,65149.32235594786,0,16,0
2989,652.054459,652.0544590000002,0.0,66374.4713300132,0,16,0
2990,668.0505410000001,668.0505410000007,0.0,68396.32588311187,0,16,0
2991,714.733491,714.7334910000004,0.0,74628.36607438681,0,16,0
2992,780.509175,780.5091750000004,0.0,83474.04975997152,0,19,3
2993,854.446322,854.4463220000006,0.0,93417.3080463708,0,19,0
2994,934.5259709999999,934.5259710000006,0.0,104199.9274600009,1,19,0
2995,981.459391,981.4593910000009,0.0,111414.87084426437,1,19,0
2996,988.5851339999999,988.5851340000016,0.0,113248.73727718747,1,19,0
2997,951.9420870000001,951.9420870000004,0.0,106740.52647395786,1,14,0
2998,895.967483,895.967483000001,0.0,99001.18090224624,0,13,0
2999,822.135391,822.1353910000007,0.0,89072.05068328885,0,13,0
3000,730.1972439999998,730.1972440000002,0.0,76707.9714743095,0,11,0
3001,655.883989,655.8839890000004,0.0,67084.80889168702,0,12,1
3002,617.806332,617.8063320000003,0.0,62045.615582083876,0,12,0
3003,595.964564,595.9645640000011,0.0,59284.88466819373,0,13,1
3004,595.1750809999999,595.1750810000002,0.0,59185.09649518075,0,13,0
3005,638.102305,638.102305000001,0.0,64610.96286022472,0,13,0
3006,715.5581870000001,715.5581870000003,0.0,74882.89034903105,0,13,0
3007,803.5361559999998,803.5361560000007,0.0,86707.45040282451,0,13,0
3008,781.8320779999999,781.832078000001,0.0,83651.95716850137,0,15,2
3009,724.6674060000001,724.6674060000013,0.0,75964.30459308764,0,15,0
3010,669.9229799999999,669.92298,0.0,68632.99629512576,0,15,0
3011,601.9841180000001,601.9841179999999,0.0,60045.73739841357,0,16,1
3012,595.867166,595.8671660000003,0.0,59272.57386672596,0,16,0
3013,613.656297,613.6562970000002,0.0,61521.064185043724,0,16,0
3014,635.107163,635.1071630000008,0.0,64232.386313175426,0,16,0
3015,673.3567319999999,673.3567320000004,0.0,69067.01176937828,0,16,0
3016,749.7568710000002,749.7568710000011,0.0,79338.40057710731,0,17,1
3017,827.020785,827.0207850000003,0.0,89729.05107272533,0,18,1
3018,921.1248480000002,921.1248480000004,0.0,102384.40825344787,0,18,0
3019,964.687998,964.6879980000003,0.0,108715.79581303363,1,18,0
3020,979.9709560000002,979.9709560000008,0.0,111084.23839417075,1,18,0
3021,946.3095179999999,945.2247571412896,1.0847608587109583,105651.90890594634,1,12,0
3022,885.335616,885.3356160000001,0.0,97571.37999786926,0,13,1
3023,806.520333,806.5203330000002,0.0,86972.09739659913,0,12,0
3024,725.4673749999998,725.4673750000014,0.0,76071.88648812767,0,10,1
3025,654.825784,654.8257840000003,0.0,66871.19048191406,0,10,0
3026,620.182223,620.1822230000008,0.0,62262.15269772209,0,10,0
3027,598.659678,598.6596780000003,0.0,59541.77056899078,0,10,0
3028,596.051141,596.0511410000003,0.0,59212.05968038843,0,11,1
3029,637.172923,637.1729230000004,0.0,64409.72384391474,0,12,1
3030,712.661478,712.6614779999999,0.0,74370.16133873053,0,12,0
3031,795.117275,795.1172750000001,0.0,85799.8870250346,0,13,1
3032,776.0987520000001,776.0987520000006,0.0,82997.84213974864,0,13,0
3033,728.227602,728.2276020000008,0.0,76443.08893647326,0,11,0
3034,678.9341240000001,678.9341240000007,0.0,69813.97483785999,0,11,0
3035,662.07995,662.0799500000006,0.0,67557.89387355701,0,11,0
3036,651.7662849999999,651.766285,0.0,66254.27899215138,0,11,0
3037,631.892731,631.8927310000012,0.0,63742.32414963752,0,11,0
3038,637.712581,637.712581000001,0.0,64477.934921128355,0,11,0
3039,678.6821370000001,678.6821370000011,0.0,69780.0869759736,0,11,0
3040,752.2429579999999,752.2429580000015,0.0,79672.73597097184,0,13,2
3041,834.5851719999998,834.5851720000013,0.0,90746.32935260388,0,14,1
3042,906.2813410000001,906.2813410000006,0.0,100388.21513583984,0,14,0
3043,939.131143,939.1311430000012,0.0,104832.83209568777,1,14,0
3044,938.95888,938.958880000001,0.0,104809.15739879101,1,13,0
3045,905.0682280000001,905.0682280000001,0.0,100225.07256976825,0,13,0
3046,865.5398840000003,865.5398840000009,0.0,94909.19888552083,0,12,0
3047,807.065709,807.0657090000021,0.0,87045.44096814947,0,11,0
3048,732.586492,732.5864920000006,0.0,77029.28370960942,0,10,0
3049,676.0252239999999,676.0252240000004,0.0,69535.45747507988,0,10,0
3050,637.2214300000002,637.2214300000005,0.0,64499.62302529127,0,10,0
3051,607.690225,607.6902250000006,0.0,60766.97141174378,0,10,0
3052,599.2663919999999,599.2663920000003,0.0,59702.22536295554,0,10,0
3053,618.583787,618.5837870000005,0.0,62143.883453652656,0,10,0
3054,659.056114,659.0561140000004,0.0,67259.45854381818,0,10,0
3055,694.34268,694.3426800000007,0.0,71886.15720281446,0,10,0
3056,673.319687,673.3196870000004,0.0,69062.32939766253,0,10,0
3057,646.4654079999999,646.4654080000004,0.0,65668.03282764432,0,11,1
3058,643.9520770000001,643.9520770000006,0.0,65350.35567859035,0,11,0
3059,629.1297370000001,629.1297370000004,0.0,63476.85842991559,0,12,1
3060,644.3540030000001,644.3540030000005,0.0,65401.157863344626,0,14,2
3061,672.1573279999999,672.1573280000005,0.0,68915.41086870745,0,14,0
3062,698.238937,698.2389370000006,0.0,72410.13589651753,0,14,0
3063,719.62255,719.6225500000007,0.0,75285.85934247906,0,14,0
3064,787.887748,787.8877480000007,0.0,84466.3392937299,0,15,1
3065,823.8296259999998,823.8296260000004,0.0,89299.89577721512,0,16,1
3066,866.277659,866.2776590000004,0.0,95008.41677098026,0,16,0
3067,915.075996,915.0759960000005,0.0,102141.16716825844,0,17,1
3068,921.1941170000001,921.0999999999999,0.09411700000073606,103028.69821350001,0,17,0
3069,901.0268050000001,901.0268050000006,0.0,100071.26595753056,0,16,0
3070,866.563743,866.5637430000008,0.0,95046.89008539704,0,14,0
3071,809.3288950000001,809.3288950000008,0.0,87349.80006044917,0,11,0
3072,743.625241,743.6252410000004,0.0,78513.80315510182,0,11,0
3073,649.2564789999999,649.2564790000004,0.0,66210.66884262144,0,10,0
3074,610.8270560000001,610.8270560000008,0.0,61247.54848123129,0,10,0
3075,587.334765,587.3347650000006,0.0,58278.19664113273,0,10,0
3076,577.83003,577.8300300000004,0.0,57076.82797249587,0,10,0
3077,589.6026020000002,589.6026020000005,0.0,58564.84411919237,0,10,0
3078,619.4988789999999,619.4988790000011,0.0,62343.63968757894,0,10,0
3079,634.4392150000001,634.439215000001,0.0,64232.05126026423,0,10,0
3080,603.040741,603.0407410000006,0.0,60263.38270647407,0,11,1
3081,573.965633,573.9656330000007,0.0,56588.380322038094,0,11,0
3082,538.180144,538.180144,0.0,52065.206843087995,0,11,0
3083,513.92748,513.9274800000007,0.0,48999.74624260038,0,11,0
3084,528.698699,528.6986990000005,0.0,50866.781957343905,0,12,1
3085,518.111382,518.1113820000005,0.0,49528.57832213197,0,12,0
3086,526.9183590000001,526.9183590000006,0.0,50641.75256983118,0,12,0
3087,571.322253,571.3222530000007,0.0,56254.26538760792,0,13,1
3088,659.287434,659.2874340000006,0.0,67384.71604234488,0,14,1
3089,754.6329800000002,754.632980000001,0.0,80102.18654146238,0,15,1
3090,858.7140980000001,858.7140980000007,0.0,93991.2495737129,0,15,0
3091,913.835052,913.835052000001,0.0,101624.2402363406,0,15,0
3092,927.8120230000001,927.8120230000007,0.0,103683.50110020158,1,15,0
3093,904.5255059999997,904.5255060000007,0.0,100252.64236022606,0,14,0
3094,860.346644,860.3466440000007,0.0,94210.7985717616,0,11,0
3095,780.822535,780.8225350000007,0.0,83516.19122124038,0,11,0
3096,705.3035710000003,705.3035710000007,0.0,73360.20610359326,0,10,0
3097,654.174851,654.1748510000004,0.0,66783.2026076053,0,10,0
3098,619.3329670000002,619.3329670000004,0.0,62322.66893157662,0,11,1
3099,601.2154749999999,601.2154750000002,0.0,60032.67481358399,0,12,1
3100,595.838146,595.8381460000007,0.0,59352.997307419784,0,12,0
3101,637.003026,637.0030260000013,0.0,64556.10892286154,0,12,0
3102,718.514412,718.5144120000006,0.0,75328.51634725832,0,13,1
3103,809.600685,809.6006850000006,0.0,87386.35108086736,0,13,0
3104,811.1425099999999,811.1425100000009,0.0,87593.6996847759,0,13,0
3105,766.7756189999999,766.775619,0.0,81627.12571651698,0,13,0
3106,696.836157,696.8361570000001,0.0,72242.18151346824,0,14,1
3107,657.2525530000001,657.2525530000017,0.0,67115.58557239633,0,14,0
3108,641.3797150000001,641.3797150000001,0.0,65109.30867403462,0,14,0
3109,642.614016,642.6140160000006,0.0,65265.32044596383,0,14,0
3110,656.820311,656.8203110000005,0.0,67060.95154040382,0,14,0
3111,694.0376950000001,694.0376950000004,0.0,71845.14203315314,0,16,2
3112,765.4810539999999,765.4810540000007,0.0,81453.02927533937,0,18,2
3113,828.762285,828.7622850000008,0.0,89963.25248579538,0,19,1
3114,913.6010120000001,913.601012000001,0.0,101372.58337667107,0,19,0
3115,968.304427,968.3044270000004,0.0,109276.24389090305,1,19,0
3116,988.2461629999999,988.2461630000004,0.0,113161.50040397496,1,19,0
3117,956.818665,956.8186649999999,0.0,107496.26335326063,1,15,0
3118,893.3933500000002,893.3933500000009,0.0,98655.00485514307,0,12,0
3119,808.104972,808.1049720000007,0.0,87185.20373768783,0,12,0
3120,727.2949529999999,727.2949530000008,0.0,76317.66389271882,0,10,0
3121,655.5891979999999,655.5891980000001,0.0,67024.08112515371,0,10,0
3122,616.8793340000001,616.8793340000009,0.0,61928.445944730665,0,10,0
3123,595.9576189999999,595.9576190000001,0.0,59284.00684199396,0,10,0
3124,593.1525629999999,593.1525630000004,0.0,58929.456568664784,0,10,0
3125,631.8161460000001,631.8161460000013,0.0,63816.41209487784,0,10,0
3126,711.2817150000001,711.2817150000003,0.0,74256.03477817563,0,10,0
3127,782.224025,782.2240250000004,0.0,83704.66721228453,0,11,1
3128,765.1046199999998,765.104620000001,0.0,81402.4054598197,0,11,0
3129,721.758445,721.7584450000006,0.0,75573.10001268817,0,11,0
3130,668.490705,668.4907050000013,0.0,68451.96123103714,0,12,1
3131,637.801254,637.8012540000016,0.0,64572.91095882387,0,12,0
3132,638.851176,638.8511760000004,0.0,64705.61780391856,0,13,1
3133,646.904208,646.9042080000002,0.0,65723.49577025109,0,14,1
3134,658.584543,658.5845430000002,0.0,67199.85344967952,0,14,0
3135,683.434051,683.4340510000009,0.0,70419.13663063166,0,15,1
3136,750.0913950000001,750.0913950000007,0.0,79383.38822769916,0,16,1
3137,842.957541,842.9575410000008,0.0,91872.26713643585,0,17,1
3138,917.053746,917.0537460000012,0.0,101836.91595304482,0,17,0
3139,973.3212579999997,973.321258000001,0.0,110053.7161683751,1,18,1
3140,989.0124449999998,989.0124450000011,0.0,113358.7091494986,1,19,1
3141,944.908339,944.9083390000004,0.0,105650.48694965978,1,13,0
3142,889.307528,889.3075280000003,0.0,98105.53297116225,0,13,0
3143,807.118542,807.1185420000011,0.0,87052.54608629848,0,13,0
3144,722.193408,722.1934080000003,0.0,75631.59495913266,0,10,0
3145,608.64446,608.6444600000002,0.0,61175.39449740586,0,10,0
3146,575.775982,575.7759820000002,0.0,56817.20275295252,0,10,0
3147,557.054565,557.0545650000003,0.0,54450.87441068048,0,11,1
3148,556.5508979999998,556.5508980000004,0.0,54387.21248289122,0,12,1
3149,596.3028859999998,596.3028860000006,0.0,59411.7389846009,0,12,0
3150,677.1656820000001,677.1656820000007,0.0,69731.53856731707,0,12,0
3151,763.7633139999999,763.763314000002,0.0,81222.02316837035,0,12,0
3152,720.805233,720.8052330000006,0.0,75444.90960364121,0,13,1
3153,653.004618,653.0046180000007,0.0,66578.65992266417,0,14,1
3154,612.070734,612.0707340000007,0.0,61404.74547652605,0,14,0
3155,578.967169,578.9671690000005,0.0,57220.55877261656,0,14,0
3156,537.627975,537.6279750000003,0.0,51995.41441474652,0,14,0
3157,542.165166,542.1651660000003,0.0,52568.90111490397,0,14,0
3158,556.0152870000001,556.0152870000003,0.0,54319.51293377413,0,15,1
3159,617.847714,617.8477140000006,0.0,62134.93761458582,0,15,0
3160,688.673458,688.6734580000004,0.0,71123.74560166168,0,15,0
3161,769.373781,769.3737810000005,0.0,81999.70868696147,0,17,2
3162,859.8347779999999,859.8347780000006,0.0,94202.03162807939,0,17,0
3163,908.1132820000001,908.1132820000004,0.0,101115.33371360955,0,17,0
3164,926.0065279999999,926.0065280000003,0.0,104119.62907818725,0,18,1
3165,891.769314,891.7693140000006,0.0,98707.33747017477,0,15,0
3166,835.6060319999999,835.6060320000004,0.0,90883.61723922257,0,12,0
3167,765.349299,765.3492990000008,0.0,81435.3105230115,0,12,0
3168,678.2062379999999,678.2062380000007,0.0,69716.0868506341,0,11,0
3169,619.8981509999999,619.8981510000012,0.0,62310.014937464155,0,11,0
3170,584.443144,584.4431440000002,0.0,57828.61334593099,0,11,0
3171,564.5986379999999,564.5986380000005,0.0,55320.33007943537,0,12,1
3172,563.401725,563.4017250000004,0.0,55169.044033345264,0,12,0
3173,605.066958,605.0669580000011,0.0,60435.398697378965,0,12,0
3174,680.417251,680.4172510000005,0.0,70205.63210472054,0,12,0
3175,763.7678670000001,763.7678670000001,0.0,81222.63546755684,0,13,1
3176,724.4185569999999,724.4185570000002,0.0,75930.83873753707,0,13,0
3177,654.0232250000001,654.023225000001,0.0,66623.31717245684,0,13,0
3178,616.05363,616.0536300000001,0.0,61824.07955101543,0,13,0
3179,572.4124149999999,572.4124150000004,0.0,56307.966964789346,0,14,1
3180,557.36388,557.3638799999998,0.0,54405.879378140635,0,14,0
3181,573.861531,573.8615310000006,0.0,56491.13067841425,0,15,1
3182,571.2984829999999,571.2984830000006,0.0,56167.16945662192,0,15,0
3183,615.3197789999999,615.3197790000005,0.0,61731.32308817376,0,15,0
3184,682.210037,682.2100370000003,0.0,70262.2124947215,0,16,1
3185,773.860407,773.8604070000004,0.0,82579.9062855101,0,17,1
3186,861.046811,861.0468110000006,0.0,94480.83207200501,0,17,0
3187,915.3263790000001,915.3263790000011,0.0,102178.05669982272,0,17,0
3188,936.2727359999999,936.272736000001,0.0,104912.03369752069,1,18,1
3189,903.0496079999999,903.049608000001,0.0,99953.60334412876,0,13,0
3190,843.6145339999999,843.6145340000016,0.0,91960.62125011794,0,12,0
3191,767.37535,767.375350000001,0.0,81707.7790887031,0,13,1
3192,689.1743009999999,689.174301,0.0,71191.10026047657,0,9,0
3193,618.688233,618.688233000001,0.0,62093.161839584165,0,9,0
3194,586.599561,586.5995610000004,0.0,57962.103318938076,0,10,1
3195,567.430552,567.430552,0.0,55539.20075285728,0,11,1
3196,566.157581,566.157581,0.0,55378.301214313244,0,11,0
3197,605.8441,605.8440999999999,0.0,60394.552639930094,0,11,0
3198,679.607946,679.6079460000004,0.0,70032.28715318533,0,11,0
3199,759.5842309999998,759.5842310000011,0.0,80518.47989454679,1,11,0
3200,729.701017,729.7010170000007,0.0,76536.85488796573,1,11,0
3201,682.24149,682.2414900000007,0.0,70213.37042261646,1,11,0
3202,640.7121069999998,640.7121069999998,0.0,64801.759274056094,0,11,1
3203,629.5193679999999,629.5193680000007,0.0,63387.03219846392,0,12,1
3204,619.500691,619.5006910000006,0.0,62120.702874291026,0,12,0
3205,617.6703720000002,617.670372,0.0,61889.35629806229,0,12,0
3206,605.170286,605.1702860000001,0.0,60309.38466543226,0,12,0
3207,646.371701,646.3717010000009,0.0,65517.114190190674,0,12,0
3208,703.3239679999998,703.3239680000014,0.0,73093.9839847776,0,14,2
3209,771.7540940000001,771.7540940000017,0.0,82296.64387898274,0,14,0
3210,844.6279720000001,844.6279720000018,0.0,91849.66688864998,2,17,3
3211,891.8504489999999,891.8504490000013,0.0,98760.48559377626,1,17,0
3212,896.5486279999999,896.548628000001,0.0,99488.57548301126,1,17,0
3213,864.1347080000002,864.1347080000011,0.0,94525.81394924602,1,13,0
3214,825.204144,825.2041440000021,0.0,89261.6454232103,1,13,0
3215,768.611236,768.6112360000008,0.0,81721.23368276149,1,11,0
3216,697.7252360000001,697.7252360000006,0.0,72432.37514205657,1,9,0
3217,660.125918,660.1259180000001,0.0,67289.48320711342,0,9,0
3218,621.471025,621.471025,0.0,62173.42564969252,0,9,0
3219,591.903474,591.9034740000008,0.0,58436.180015835205,0,9,0
3220,583.963825,583.9638250000012,0.0,57432.63330479347,0,9,0
3221,602.5703409999999,602.5703410000009,0.0,59784.43852133971,0,9,0
3222,642.3686070000001,642.3686070000006,0.0,64900.726741207895,1,11,2
3223,676.778602,676.7786020000005,0.0,69493.8496651784,1,11,0
3224,632.725909,632.725909000001,0.0,63681.91998243698,0,11,0
3225,601.538075,601.5380749999997,0.0,59653.96333922253,0,11,0
3226,574.9221740000002,574.9221740000006,0.0,56289.79700013589,0,11,0
3227,541.677006,541.6770059999999,0.0,52087.71212151814,0,12,1
3228,548.540231,548.5402310000004,0.0,52955.20221785493,0,13,1
3229,534.7300419999999,534.7300420000005,0.0,51209.63767843821,0,13,0
3230,535.4929880000001,535.4929880000005,0.0,51306.07165795072,0,13,0
3231,569.868299,569.8682990000007,0.0,55651.00306424951,0,13,0
3232,633.858302,633.8583020000002,0.0,63766.81781154481,1,14,1
3233,725.774989,725.7749890000017,0.0,76087.75009525829,0,17,3
3234,834.572666,834.5726660000009,0.0,90509.90277163006,1,18,1
3235,899.615293,899.6152930000007,0.0,99631.01442740214,1,18,0
3236,907.776334,907.7763340000012,0.0,100895.75368866335,1,18,0
3237,880.021712,880.0217120000007,0.0,96709.21958073489,1,13,0
3238,844.133826,844.1338260000001,0.0,91783.82711416962,1,13,0
3239,789.214412,789.2144119999999,0.0,84636.34334348292,0,12,0
3240,724.7748569999999,724.7748570000005,0.0,76384.6579745911,0,11,0
3241,675.016204,675.0162040000002,0.0,69758.59181630568,0,11,0
3242,638.175489,638.1754889999999,0.0,64871.840663380004,0,11,0
3243,612.025007,612.0250070000004,0.0,61566.50182494307,0,11,0
3244,600.196939,600.196939,0.0,60071.47115804847,0,11,0
3245,613.092895,613.0928950000005,0.0,61701.479516042644,0,12,1
3246,644.4859589999999,644.4859590000002,0.0,65669.46426281471,0,12,0
3247,660.6390650000001,660.639065,0.0,67759.51119608768,0,12,0
3248,629.512005,629.5120050000007,0.0,63776.803480456394,0,13,1
3249,607.7160019999998,607.7160020000006,0.0,61021.85711890979,0,13,0
3250,567.5244619999999,567.5244620000005,0.0,55941.77262415383,0,13,0
3251,525.8301029999999,525.8301030000001,0.0,50671.7365251467,0,13,0
3252,522.4892219999999,522.489222,0.0,50249.459653772145,0,13,0
3253,547.439214,547.4392140000001,0.0,53403.06032454727,0,14,1
3254,545.644479,545.6444790000004,0.0,53176.211454220465,0,14,0
3255,588.9937319999999,588.9937319999996,0.0,58655.42096011519,0,16,2
3256,673.006171,673.0061710000006,0.0,69274.3295346693,0,16,0
3257,767.9203869999999,767.9203870000006,0.0,81629.18529552403,1,17,1
3258,864.739422,864.7394220000018,0.0,94608.92187526163,1,19,2
3259,938.4632800000002,938.4632800000003,0.0,104741.0453852882,1,19,0
3260,957.999245,957.9992450000004,0.0,107679.22112507677,1,19,0
3261,934.7181999999999,934.7182000000009,0.0,104226.34615298644,1,16,0
3262,890.4742429999999,890.4742430000003,0.0,98145.74688624268,1,17,1
3263,809.3145239999999,809.3145240000011,0.0,87144.52012547382,1,16,0
3264,731.28176,731.2817600000011,0.0,76747.4723221473,1,14,0
3265,642.147563,642.1475630000006,0.0,65373.8983486398,0,15,1
3266,606.295652,606.2956520000007,0.0,60842.329337388444,0,16,1
3267,589.4618699999999,589.4618700000009,0.0,58714.59213383016,0,16,0
3268,584.4587029999999,584.4587030000004,0.0,58082.20752997131,0,16,0
3269,625.056159,625.0561590000002,0.0,63213.598532956916,0,16,0
3270,706.666186,706.666186000001,0.0,73528.84977188225,0,16,0
3271,791.3328810000002,791.3328810000007,0.0,84748.6546931875,1,17,1
3272,779.4443510000001,779.4443510000011,0.0,83164.63269543693,1,17,0
3273,743.515407,743.5154070000012,0.0,78377.47754236512,1,17,0
3274,710.48515,710.4851500000011,0.0,74011.55483375427,0,17,0
3275,649.4377750000001,649.437775,0.0,66295.35826146427,0,17,0
3276,629.9851920000001,629.9851920000003,0.0,63836.61283192234,0,17,0
3277,632.3454569999999,632.3454569999999,0.0,64134.94291905045,0,17,0
3278,646.939019,646.9390190000007,0.0,65979.52334665944,0,17,0
3279,693.32673,693.3267300000008,0.0,71842.78440603463,0,18,1
3280,766.8103969999999,766.8103970000005,0.0,81481.29076379612,1,18,0
3281,812.741246,812.741246000001,0.0,87601.09491042836,1,18,0
3282,900.112249,900.1122490000008,0.0,99470.33121798486,1,19,1
3283,960.424948,960.4249480000007,0.0,108355.05417946233,1,19,0
3284,979.956303,979.9563030000007,0.0,111081.967577936,1,19,0
3285,942.2988869999999,942.2988870000008,0.0,105268.18605472968,1,15,0
3286,878.685931,878.6859310000004,0.0,96525.63860109665,1,14,0
3287,793.7034209999999,793.7034210000011,0.0,85064.50429835722,1,14,0
3288,714.0199389999999,714.0199390000014,0.0,74447.51562563119,1,11,0
3289,649.2307800000001,649.2307800000009,0.0,66048.29290014169,0,13,2
3290,614.072841,614.0728410000006,0.0,61489.94599027218,0,14,1
3291,589.7820900000002,589.7820900000002,0.0,58419.671312539496,0,14,0
3292,587.107788,587.1077880000012,0.0,58081.64793437361,0,14,0
3293,625.492057,625.4920569999994,0.0,62933.29904775299,0,14,0
3294,705.7674660000001,705.7674660000013,0.0,73498.77986223438,0,14,0
3295,791.3768909999999,791.3768910000002,0.0,84780.03320077897,1,14,0
3296,771.9787149999999,771.9787150000016,0.0,82169.91495899702,1,15,1
3297,723.5399,723.5399000000004,0.0,75715.95063330047,1,15,0
3298,675.881945,675.8819450000011,0.0,69366.02771702677,1,15,0
3299,624.701055,624.701055,0.0,62833.31887790835,0,15,0
3300,610.652212,610.6522120000009,0.0,61057.58922202663,0,16,1
3301,613.809666,613.8096660000006,0.0,61456.68149637849,0,16,0
3302,617.6959560000001,617.695956,0.0,61947.896353314114,0,16,0
3303,664.065952,664.065952000001,0.0,67808.91829229679,0,16,0
3304,740.946122,740.9461220000006,0.0,78035.14724934389,1,18,2
3305,825.5325419999999,825.5325420000012,0.0,89305.40101418884,1,18,0
3306,903.868943,903.8689430000001,0.0,99986.62660227374,1,19,1
3307,961.0719669999999,961.0719670000002,0.0,108455.32451655308,1,19,0
3308,979.411164,979.411164,0.0,110997.48586829315,1,19,0
3309,936.5137399999999,936.513740000001,0.0,104473.11339415815,1,14,0
3310,880.2422019999999,880.2422020000004,0.0,96739.52228020459,1,14,0
3311,799.0392139999999,799.0392140000008,0.0,85775.44278170573,1,14,0
3312,714.6444269999998,714.6444270000011,0.0,74530.72210526583,1,11,0
3313,640.6343580000001,640.6343580000004,0.0,64961.732143510286,0,12,1
3314,606.4710200000001,606.4710200000011,0.0,60529.09967798835,0,12,0
3315,588.2582159999998,588.2582160000004,0.0,58227.05842238002,0,12,0
3316,585.15556,585.155560000001,0.0,57834.89244321727,0,12,0
3317,626.103312,626.1033120000006,0.0,63010.55976102371,0,12,0
3318,708.825679,708.8256790000002,0.0,73885.32838570363,0,13,1
3319,792.5666249999999,792.5666250000008,0.0,84951.4903760545,1,14,1
3320,741.55675,741.5567500000002,0.0,78116.50702926972,1,14,0
3321,678.5306300000001,678.5306299999994,0.0,69731.2821988703,0,14,0
3322,629.7069570000001,629.7069570000011,0.0,63466.04917718211,0,14,0
3323,595.600684,595.6006840000005,0.0,59155.12332957297,0,14,0
3324,592.0884149999999,592.0884150000009,0.0,58711.18355298542,0,14,0
3325,604.93907,604.9390700000006,0.0,60335.46600677934,0,15,1
3326,599.8817179999998,599.8817180000004,0.0,59696.232589007246,0,15,0
3327,666.502938,666.5029380000002,0.0,68116.94567299764,1,15,0
3328,732.7521900000002,732.752190000001,0.0,76943.39170546488,1,16,1
3329,810.2383919999999,810.2383920000011,0.0,87267.61585177621,1,17,1
3330,892.00882,892.0088200000013,0.0,98356.64908427544,1,19,2
3331,946.926084,946.9260840000012,0.0,106263.0976161729,1,19,0
3332,964.3722860000001,964.3722860000008,0.0,108666.86904478795,1,19,0
3333,929.1734950000001,929.1734950000005,0.0,103464.31826390517,1,14,0
3334,873.5895610000001,873.5895610000014,0.0,95825.22693391575,1,13,0
3335,800.869299,800.8692990000009,0.0,86019.28242359194,1,13,0
3336,711.098196,711.0981960000009,0.0,74058.22399884684,1,11,0
3337,646.7432969999999,646.743297000001,0.0,65809.4729942348,0,13,2
3338,610.045202,610.0452020000005,0.0,61148.401161110974,0,13,0
3339,589.345491,589.3454910000005,0.0,58532.02266710381,0,13,0
3340,586.736406,586.7364060000002,0.0,58202.242513021585,0,13,0
3341,629.3021770000001,629.3021770000006,0.0,63582.42235346648,0,13,0
3342,706.3410199999998,706.3410200000004,0.0,73445.23132386262,0,13,0
3343,788.973307,788.9733070000005,0.0,84434.26619256374,1,13,0
3344,748.894352,748.8943520000006,0.0,79094.165577361,1,14,1
3345,687.305376,687.3053760000003,0.0,70913.84463502475,0,14,0
3346,643.7747519999999,643.7747520000008,0.0,65411.71040405358,0,14,0
3347,611.238512,611.2385120000004,0.0,61299.23179931087,0,14,0
3348,635.5965889999999,635.596589,0.0,64378.016272107125,0,14,0
3349,651.5887290000001,651.5887290000007,0.0,66399.37256877976,0,14,0
3350,641.979628,641.9796280000004,0.0,65184.81236534775,0,15,1
3351,674.442214,674.4422140000006,0.0,69287.98133569032,0,15,0
3352,734.507391,734.5073910000008,0.0,77177.25383934296,1,15,0
3353,812.836272,812.8362720000001,0.0,87613.75612879236,1,18,3
3354,902.730763,902.7307630000007,0.0,99830.20260806773,1,18,0
3355,951.84484,951.8448400000008,0.0,106725.45583542787,1,18,0
3356,969.2077089999999,969.2077090000009,0.0,109416.22801907876,1,19,1
3357,935.779464,935.7794640000006,0.0,104372.19931662231,1,14,0
3358,874.8954510000001,874.8954510000012,0.0,96004.69989056038,1,13,0
3359,796.4349799999998,796.4349800000008,0.0,85428.455900797,1,13,0
3360,715.973432,715.9734320000007,0.0,74707.79808985938,1,11,0
3361,639.8680009999999,639.8680010000003,0.0,64973.81672536723,0,11,0
3362,607.9193330000002,607.919333000001,0.0,60880.02142137382,0,12,1
3363,586.7746109999999,586.7746110000004,0.0,58207.39493385611,0,12,0
3364,584.46096,584.460960000001,0.0,57914.95671000668,0,12,0
3365,625.4247549999999,625.4247550000001,0.0,63092.651812654076,0,13,1
3366,700.1167830000002,700.1167830000012,0.0,72595.06583224559,1,13,0
3367,773.598857,773.5988570000006,0.0,82385.78189691772,1,13,0
3368,728.8066579999999,728.8066580000001,0.0,76417.69092657714,1,13,0
3369,668.251765,668.2517650000008,0.0,68505.85144266975,0,13,0
3370,642.4206290000001,642.420629,0.0,65240.87693620556,0,13,0
3371,607.7224950000001,607.7224950000004,0.0,60855.14171604824,0,13,0
3372,605.624797,605.6247970000009,0.0,60589.99927352232,0,13,0
3373,611.4063989999999,611.406399,0.0,61320.77561787353,0,13,0
3374,594.290072,594.2900720000001,0.0,59157.32561322399,0,15,2
3375,654.6312960000001,654.6312960000006,0.0,66784.26691572192,0,15,0
3376,728.3672669999997,728.367267,0.0,76469.14666182638,0,18,3
3377,842.4264530000002,842.426453,0.0,91556.3375599215,1,18,0
3378,881.4666780000001,881.4666780000007,0.0,96907.80623066021,1,18,0
3379,915.008428,915.008428000001,0.0,102016.53144519356,1,18,0
3380,922.141715,922.1417150000001,0.0,103121.9968056473,1,18,0
3381,888.725301,888.7253010000006,0.0,97943.36202653561,1,13,0
3382,850.9587829999999,850.9587830000006,0.0,92715.00123433283,1,12,0
3383,791.51035,791.5103500000008,0.0,84772.30057707043,1,12,0
3384,719.1048609999998,719.1048610000003,0.0,75125.02817805308,1,10,0
3385,676.5574580000001,676.5574580000006,0.0,69516.96957522116,0,10,0
3386,635.7333089999998,635.7333090000004,0.0,64143.9931044231,0,10,0
3387,605.6703629999998,605.6703630000003,0.0,60344.13109761056,0,10,0
3388,597.3303919999998,597.3303920000004,0.0,59289.98494237955,0,10,0
3389,616.627089,616.6270890000004,0.0,61729.026870847665,0,10,0
3390,657.116243,657.1162430000003,0.0,66865.69464210214,1,10,0
3391,684.279287,684.2792870000001,0.0,70484.88551110505,1,10,0
3392,646.1183759999999,646.1183760000004,0.0,65456.63297449778,0,12,2
3393,611.6260860000001,611.6260860000004,0.0,61096.9157897961,0,13,1
3394,588.5122629999998,588.5122630000002,0.0,58175.40111688647,0,14,1
3395,570.344024,570.3440240000004,0.0,55878.992737388704,0,14,0
3396,592.159083,592.1590830000004,0.0,58636.34771751851,0,14,0
3397,597.9494320000001,597.9494320000003,0.0,59368.229655212985,0,14,0
3398,629.217826,629.2178260000002,0.0,63320.4565053242,0,14,0
3399,666.9842520000001,666.9842520000004,0.0,68180.50339726372,1,14,0
3400,739.2589720000001,739.2589720000002,0.0,77810.35219785261,1,15,1
3401,780.3575749999999,780.3575750000005,0.0,83286.31022031789,1,16,1
3402,862.989403,862.9894030000007,0.0,94368.4107417707,1,17,1
3403,913.887836,913.8878360000004,0.0,101842.87018087009,1,18,1
3404,929.146695,929.1466950000006,0.0,104787.3041625079,1,19,1
3405,898.6966869999999,898.6966870000003,0.0,99488.65549625222,1,19,0
3406,863.073971,863.0739710000004,0.0,94380.03321303357,1,14,0
3407,806.547816,806.5478160000006,0.0,86775.8852872429,1,13,0
3408,740.8769830000001,740.8769830000001,0.0,78025.93520236222,1,12,0
3409,687.6943819999999,687.6943820000005,0.0,71073.62095621678,0,12,0
3410,649.084338,649.084338,0.0,65999.057358823,0,12,0
3411,622.634483,622.6344830000005,0.0,62655.87871291792,0,12,0
3412,610.5417900000001,610.5417900000001,0.0,61127.4002766812,0,12,0
3413,623.968297,623.9682969999998,0.0,62824.46861567569,0,12,0
3414,656.9851950000001,656.9851950000007,0.0,66997.70088283297,0,12,0
3415,671.375456,671.3754560000007,0.0,68816.58470220369,0,12,0
3416,630.090326,630.0903260000003,0.0,63598.273864226714,0,13,1
3417,605.778785,605.7787850000002,0.0,60525.37139575391,0,14,1
3418,582.004745,582.0047450000008,0.0,57520.40736646552,0,14,0
3419,539.3626399999999,539.3626400000005,0.0,52130.57914803309,0,14,0
3420,537.7071700000001,537.7071700000004,0.0,51921.332936553394,0,14,0
3421,553.7806579999999,553.7806580000004,0.0,53952.97136507456,0,15,1
3422,560.104002,560.1040020000005,0.0,54752.22219769777,0,16,1
3423,613.2123599999999,613.2123600000016,0.0,61464.951941762156,0,16,0
3424,686.010557,686.0105570000006,0.0,70715.55909009643,1,16,0
3425,777.837223,777.8372230000004,0.0,83023.08147881148,0,18,2
3426,888.072127,888.0721270000008,0.0,97815.61581798784,1,18,0
3427,960.3045580000002,960.3045580000006,0.0,108036.48190352354,1,18,0
3428,975.248336,975.2483360000007,0.0,110352.36081507058,1,19,1
3429,949.0059449999999,949.0059450000012,0.0,106285.50436782742,1,15,0
3430,904.015993,904.0159930000012,0.0,100006.83618981541,1,14,0
3431,821.6338530000002,821.6338530000012,0.0,88785.9415740067,1,14,0
3432,742.982342,742.982342000001,0.0,78306.45221911394,1,11,0
3433,630.7889120000001,630.7889120000003,0.0,63822.34037979063,0,11,0
3434,597.4487639999999,597.4487640000002,0.0,59486.066897209836,0,12,1
3435,579.829267,579.8292670000005,0.0,57259.01778401095,0,12,0
3436,575.282833,575.282833,0.0,56684.362797667214,0,12,0
3437,615.4448989999999,615.4448989999997,0.0,61760.721871342,0,12,0
3438,696.6086,696.6086000000004,0.0,72177.58041480991,0,12,0
3439,775.799826,775.7998260000004,0.0,82679.03794391148,1,13,1
3440,748.1385379999999,748.1385380000012,0.0,78993.4612848869,1,13,0
3441,737.916052,737.9160520000014,0.0,77631.42218537694,1,14,1
3442,704.6713760000001,704.6713760000008,0.0,73201.91760473557,1,15,1
3443,664.118874,664.1188740000005,0.0,67912.95952373456,0,15,0
3444,638.0212830000002,638.021283000001,0.0,64614.30594167279,0,15,0
3445,648.7254569999999,648.7254570000005,0.0,65967.27993487053,0,15,0
3446,647.2612199999999,647.2612200000008,0.0,65782.20497431052,0,15,0
3447,678.2516149999998,678.2516149999999,0.0,69699.2936234605,0,15,0
3448,736.890918,736.8909180000006,0.0,77494.83382612283,1,18,3
3449,822.046111,822.0461110000015,0.0,88840.87063090014,1,19,1
3450,889.9862939999998,889.9862940000007,0.0,98078.68637599928,1,19,0
3451,944.5484059999999,944.548406000001,0.0,105594.7071298399,1,19,0
3452,968.8173579999998,968.8173580000005,0.0,109355.73423705107,1,19,0
3453,930.722825,930.722825000001,0.0,103677.24801749722,1,14,0
3454,866.717605,866.7176050000005,0.0,94880.79037245044,1,14,0
3455,782.294669,782.2946690000003,0.0,83544.40768970315,1,14,0
3456,702.953301,702.953301000001,0.0,72973.0021211741,1,11,0
3457,619.6308160000001,619.6308160000002,0.0,62222.858887228605,0,11,0
3458,584.6331880000001,584.633188,0.0,57684.77478454287,0,13,2
3459,562.6058239999999,562.6058240000003,0.0,54900.5851188385,0,13,0
3460,561.025428,561.0254279999998,0.0,54700.82802530147,0,13,0
3461,598.154096,598.1540960000002,0.0,59393.775113612675,0,14,1
3462,676.9651099999999,676.9651099999999,0.0,69707.70238293693,0,14,0
3463,757.8118980000002,757.8118979999997,0.0,80282.33510125936,1,14,0
3464,715.141706,715.1417060000009,0.0,74596.97931915343,1,14,0
3465,659.6550499999998,659.6550500000003,0.0,67227.78768017652,0,14,0
3466,607.7394469999999,607.7394470000004,0.0,60605.33339159591,0,14,0
3467,578.0805070000001,578.0805070000005,0.0,56856.53647500857,0,15,1
3468,578.348552,578.3485519999998,0.0,56890.41652161523,0,15,0
3469,625.746899,625.7468990000007,0.0,62881.41879900411,0,15,0
3470,672.124048,672.1240480000008,0.0,68865.32733495417,1,15,0
3471,696.5075869999998,696.5075870000011,0.0,72132.15342512856,0,15,0
3472,775.670872,775.6708720000008,0.0,82661.8561752069,1,17,2
3473,825.090827,825.090827000001,0.0,89246.54712083645,1,18,1
3474,880.3328530000001,880.3328530000009,0.0,96942.67607998104,1,18,0
3475,926.6780710000003,926.6780710000011,0.0,103425.1217307571,1,19,1
3476,946.329972,946.329972000001,0.0,106170.71647870414,1,19,0
3477,902.402228,902.4022280000008,0.0,99785.05091243394,1,13,0
3478,845.946787,845.9467870000009,0.0,92026.18537632718,2,13,0
3479,767.2083129999999,767.2083130000011,0.0,81534.30889953348,1,13,0
3480,684.9916610000001,684.9916610000002,0.0,70705.48979937614,0,11,0
3481,634.6903069999998,634.6903070000008,0.0,64347.556549726425,0,11,0
3482,601.826847,601.8268470000004,0.0,60193.71836412731,0,11,0
3483,583.4927479999999,583.4927480000005,0.0,57876.345801264084,0,11,0
3484,580.716572,580.7165720000007,0.0,57525.44586928057,0,11,0
3485,621.3323,621.332300000001,0.0,62659.14639571042,0,12,1
3486,703.7636330000001,703.7636330000013,0.0,73080.97036564854,1,12,0
3487,781.6202050000002,781.620205000001,0.0,83454.54243195555,1,13,1
3488,745.596565,745.5965650000012,0.0,78654.7700295603,1,13,0
3489,674.4940910000001,674.4940910000007,0.0,69378.62990324844,0,13,0
3490,637.1844870000001,637.1844870000001,0.0,64662.813072495315,0,13,0
3491,635.7856890000002,635.7856889999999,0.0,64486.00939612222,0,14,1
3492,666.2669819999999,666.2669820000008,0.0,68338.74915054359,0,14,0
3493,726.9797129999998,726.9797130000001,0.0,76174.26965677502,1,14,0
3494,756.1797200000002,756.1797200000005,0.0,80064.86449250931,1,14,0
3495,805.0187770000001,805.0187770000011,0.0,86572.15686906017,1,16,2
3496,847.516287,847.5162870000013,0.0,92241.88716242998,1,16,0
3497,885.4520159999998,885.4520160000006,0.0,97455.52494669921,1,18,2
3498,915.457736,915.4577360000003,0.0,101579.31430464731,1,18,0
3499,943.909807,943.9098070000007,0.0,105495.74166360802,1,19,1
3500,958.457133,958.4571330000006,0.0,107750.18130415939,1,19,0
3501,922.916932,922.9169320000003,0.0,102604.45728017496,1,14,0
3502,868.344063,868.3440630000003,0.0,95104.32009250212,1,14,0
3503,794.7720569999999,794.7720570000009,0.0,85206.88884308966,1,12,0
3504,706.107977,706.107977000001,0.0,73393.32962842485,1,10,0
3505,656.9409090000001,656.9409090000006,0.0,66948.56614872125,0,11,1
3506,621.989461,621.9894610000006,0.0,62406.49043040199,0,12,1
3507,599.0657919999999,599.0657920000004,0.0,59509.01062619896,0,12,0
3508,596.147602,596.1476020000005,0.0,59140.16057039738,0,12,0
3509,639.144674,639.1446740000005,0.0,64644.34971388974,0,12,0
3510,716.458326,716.458326,0.0,74772.40513232606,1,12,0
3511,795.332038,795.3320380000009,0.0,85417.35788046604,1,13,1
3512,757.4790669999999,757.4790670000004,0.0,80237.98885950094,1,14,1
3513,712.06776,712.0677600000013,0.0,74187.40823812853,1,14,0
3514,664.7093720000001,664.7093719999999,0.0,67974.01260944127,0,14,0
3515,663.7376469999999,663.737647000001,0.0,67851.18961968616,0,14,0
3516,703.467549,703.4675490000003,0.0,73041.52027642948,1,15,1
3517,740.968915,740.9689150000008,0.0,78038.18417766008,1,15,0
3518,765.9301519999999,765.9301520000015,0.0,81364.00734495386,1,15,0
3519,758.7157729999999,758.715773000001,0.0,80402.76696989397,1,16,1
3520,823.2661060000001,823.2661060000003,0.0,89003.42217572057,1,18,2
3521,904.4617799999997,904.4617800000005,0.0,100068.10223130712,1,18,0
3522,952.5304100000001,952.5304100000009,0.0,106831.70052839571,1,18,0
3523,968.7327969999999,968.7327970000001,0.0,109342.62958328545,1,19,1
3524,984.1842490000001,984.1842490000006,0.0,112116.13464520153,1,20,1
3525,948.9556480000001,948.9556480000003,0.0,106277.70970160472,1,14,0
3526,887.705256,887.7052560000014,0.0,97765.19547394886,1,14,0
3527,807.5081990000001,807.5081990000004,0.0,86903.84625451686,1,13,0
3528,725.9153469999999,725.9153470000002,0.0,76032.45404478113,1,10,0
3529,654.6580479999999,654.6580480000007,0.0,66766.22112919742,0,11,1
3530,621.779624,621.7796240000006,0.0,62380.291121040325,0,12,1
3531,600.136742,600.1367420000004,0.0,59644.6987732469,0,12,0
3532,598.239037,598.2390370000005,0.0,59404.83481814292,0,13,1
3533,640.317958,640.3179580000003,0.0,64795.49127430742,0,13,0
3534,716.9091330000001,716.9091330000003,0.0,74832.47043936909,1,13,0
3535,788.1882750000001,788.1882750000005,0.0,84653.32007234484,1,13,0
3536,754.204002,754.2040020000004,0.0,79801.6207800106,1,13,0
3537,704.133929,704.1339290000002,0.0,73130.30842591985,1,14,1
3538,687.1556529999999,687.1556530000003,0.0,70868.13112831612,1,14,0
3539,659.3761129999999,659.3761130000004,0.0,67166.7986299002,1,14,0
3540,674.2587490000001,674.2587490000005,0.0,69149.75386562028,1,14,0
3541,692.85067,692.8506700000005,0.0,71626.9324440014,1,15,1
3542,723.315868,723.3158680000004,0.0,75686.10071777682,1,15,0
3543,801.313885,801.3138850000007,0.0,86078.51884759824,1,18,3
3544,855.8375910000001,855.8375910000007,0.0,93385.51260716016,1,19,1
3545,890.0715449999999,890.0715450000006,0.0,98090.40271430262,1,19,0
3546,919.4236040000001,919.4236040000006,0.0,102124.3571915845,1,19,0
3547,944.575825,944.5758250000009,0.0,105598.95632866201,1,19,0
3548,945.133244,945.1332440000007,0.0,105685.34110411807,1,19,0
3549,909.785816,909.785816000001,0.0,100799.80282033262,1,13,0
3550,867.721103,867.7211030000012,0.0,95018.704555917,1,13,0
3551,808.330629,808.3306290000014,0.0,87013.42643067079,1,12,0
3552,734.1602970000001,734.1602970000007,0.0,77131.00720235019,1,10,0
3553,669.4744569999999,669.4744570000012,0.0,68638.96871808963,0,11,1
3554,627.7111609999998,627.711161,0.0,63130.01877874561,0,11,0
3555,597.9508590000002,597.950859,0.0,59368.41002353359,0,11,0
3556,590.67701,590.6770100000006,0.0,58449.01834254568,0,10,0
3557,609.9839319999999,609.9839320000007,0.0,60947.278220004635,0,11,1
3558,650.8639460000003,650.8639460000003,0.0,66444.92797316072,0,11,0
3559,677.6679420000002,677.6679419999998,0.0,70049.59850955031,0,11,0
3560,641.791158,641.7911580000002,0.0,65224.796035127685,0,12,1
3561,612.9620339999999,612.9620340000013,0.0,61347.78106046788,0,13,1
3562,603.3083660000001,603.3083660000003,0.0,60049.53088136431,0,13,0
3563,594.1252430000001,594.1252430000006,0.0,58884.8641697423,0,14,1
3564,599.8626100000001,599.8626100000008,0.0,59610.049348947316,0,15,1
3565,629.1610729999999,629.1610730000004,0.0,63313.283104271904,0,15,0
3566,670.114047,670.1140470000007,0.0,68597.51577208638,1,15,0
3567,720.7241469999998,720.7241470000008,0.0,75340.78106294722,1,16,1
3568,778.2290099999999,778.2290100000009,0.0,83002.70124732952,1,17,1
3569,817.349179,817.3491790000006,0.0,88215.05367876728,1,18,1
3570,859.6795960000001,859.6795960000011,0.0,93913.53257575899,1,18,0
3571,905.959614,905.9596140000004,0.0,100614.21152869635,1,18,0
3572,922.405299,922.4052990000004,0.0,103162.84515249918,1,18,0
3573,891.48747,891.4874700000009,0.0,98371.42305214972,1,15,0
3574,855.0847729999998,855.0847730000007,0.0,93282.05023875601,1,14,0
3575,798.1710420000002,798.1710420000012,0.0,85659.7679635549,1,14,0
3576,732.035674,732.0356740000009,0.0,76847.92345953871,1,12,0
3577,665.9323759999999,665.9323760000008,0.0,68262.47367066114,0,12,0
3578,629.8676200000001,629.8676200000001,0.0,63486.35647606083,0,12,0
3579,604.123435,604.123435,0.0,60232.37230305753,0,12,0
3580,593.1126700000001,593.1126700000004,0.0,58840.64616984892,0,12,0
3581,605.7314069999999,605.731407000001,0.0,60435.61491643356,0,12,0
3582,636.561638,636.5616380000001,0.0,64332.45933873833,0,12,0
3583,651.0138500000002,651.0138500000008,0.0,66159.17357004495,0,12,0
3584,607.4407159999998,607.4407159999996,0.0,60651.66620851242,0,13,1
3585,578.7312179999999,578.7312180000006,0.0,57022.87578042676,0,13,0
3586,564.15849,564.1584900000007,0.0,55180.92870501997,0,13,0
3587,536.2183670000001,536.2183670000004,0.0,51649.384861866034,0,13,0
3588,574.067269,574.0672690000008,0.0,56433.367266962705,0,14,1
3589,583.3234999999999,583.3235000000002,0.0,57603.325810053524,0,14,0
3590,606.493923,606.493923,0.0,60531.994545295696,0,15,1
3591,642.9685609999999,642.9685610000002,0.0,65142.27429460704,0,15,0
3592,710.1724999999999,710.1725000000008,0.0,73934.88471070693,1,15,0
3593,785.7595189999998,785.7595190000005,0.0,84006.0626309706,1,17,2
3594,870.501033,870.501033000001,0.0,95400.75990235891,1,19,2
3595,935.797623,935.7976230000007,0.0,104738.17541479743,1,19,0
3596,953.1455090000002,953.1455089999998,0.0,106927.02413415401,1,19,0
3597,928.052468,928.0524679999999,0.0,103310.25166551743,1,16,0
3598,881.776477,881.7764770000013,0.0,96950.38297333807,1,14,0
3599,801.174104,801.1741040000011,0.0,86059.89449464064,1,13,0
3600,722.8833910000001,722.8833910000008,0.0,75628.47769108466,1,12,0
3601,667.1149479999999,667.1149480000012,0.0,68529.69744001835,0,12,0
3602,629.526572,629.5265720000001,0.0,63778.644703530495,0,12,0
3603,607.0897729999999,607.0897730000011,0.0,60942.70373904268,0,12,0
3604,593.2546830000001,593.2546830000009,0.0,59193.991791390166,0,12,0
3605,617.8461840000001,617.8461840000001,0.0,62302.280325068416,0,13,1
3606,668.6726790000001,668.6726789999999,0.0,68726.5897487006,0,13,0
3607,704.8366569999998,704.8366570000005,0.0,73297.60304917372,0,13,0
3608,676.745558,676.745558000001,0.0,69746.97631353355,0,13,0
3609,677.973219,677.9732190000004,0.0,69902.1488103056,0,13,0
3610,688.8200730000001,688.8200729999999,0.0,71273.15710763082,0,13,0
3611,677.972901,677.9729010000001,0.0,69902.10861610375,0,13,0
3612,677.220879,677.2208790000004,0.0,69807.05539590085,0,13,0
3613,658.9742870000001,658.9742870000005,0.0,67500.74344315314,0,14,1
3614,660.9535880000001,660.9535880000008,0.0,67750.92087652735,0,14,0
3615,719.742789,719.742789000001,0.0,75210.02539679939,1,15,1
3616,776.6577910000001,776.6577910000012,0.0,82793.35278631012,1,17,2
3617,851.529298,851.5292980000006,0.0,92793.40907408972,1,17,0
3618,917.446823,917.4468230000004,0.0,101852.68137608015,1,19,2
3619,960.7888220000001,960.7888220000007,0.0,108111.52964481236,1,19,0
3620,965.432027,965.4320270000002,0.0,108831.10006010417,1,19,0
3621,929.7415420000001,929.7415420000009,0.0,103542.38691792899,1,14,0
3622,876.925008,876.9250080000005,0.0,96283.62889336205,1,14,0
3623,812.2418759999999,812.2418760000013,0.0,87534.55909271025,1,14,0
3624,729.333182,729.3331820000009,0.0,76487.84473014617,1,11,0
3625,713.0339590000001,713.0339590000006,0.0,74316.1441264346,1,13,2
3626,674.1379259999998,674.1379260000002,0.0,69133.6554674302,1,14,1
3627,641.946077,641.9460770000003,0.0,64929.26747774433,0,14,0
3628,639.339482,639.3394820000003,0.0,64599.80205184603,0,14,0
3629,669.984358,669.9843580000004,0.0,68674.60253730204,0,14,0
3630,735.8157420000001,735.8157420000003,0.0,77351.57789494767,1,16,2
3631,813.5510120000001,813.5510120000007,0.0,88308.44234612514,1,16,0
3632,814.823905,814.8239050000005,0.0,87878.58739013884,1,18,2
3633,785.09,785.0900000000005,0.0,83916.85624263562,1,18,0
3634,728.8377559999999,728.8377560000004,0.0,76421.83440908392,1,18,0
3635,710.1867800000001,710.1867800000005,0.0,73973.84180233761,0,18,0
3636,736.866261,736.8662610000005,0.0,77491.54853934652,1,18,0
3637,752.692661,752.6926610000004,0.0,79600.25043480372,1,18,0
3638,738.784824,738.7848240000003,0.0,77747.176947238,1,18,0
3639,786.3894109999999,786.3894110000003,0.0,84089.98913695636,1,20,2
3640,862.2659619999998,862.2659620000005,0.0,94301.24783570415,0,20,0
3641,943.0383169999999,943.0383170000003,0.0,105369.8084642218,1,20,0
3642,995.5322079999999,995.5322080000002,0.0,115036.62182699934,1,20,0
3643,1018.0274240000001,1018.0274240000001,0.0,120825.94394032161,1,21,1
3644,1024.273529,1024.2735290000003,0.0,122433.42856276904,1,21,0
3645,984.814439,984.8144390000002,0.0,112278.319035989,1,20,0
3646,933.957349,933.9573490000004,0.0,104121.77978174834,1,16,0
3647,865.216513,865.2165130000005,0.0,94674.49013319938,1,13,0
3648,784.9975249999999,784.9975250000003,0.0,83904.53491827991,1,13,0
3649,697.92552,697.9255200000013,0.0,72784.41302426375,0,13,0
3650,662.90938,662.909380000001,0.0,68249.75442137629,0,13,0
3651,632.7480339999998,632.7480340000005,0.0,64437.454963441334,0,13,0
3652,630.0037329999999,630.003733000001,0.0,64090.58393140224,0,14,1
3653,662.929011,662.9290110000005,0.0,68252.23571815451,0,14,0
3654,730.9926070000001,730.9926070000008,0.0,76855.26060092672,0,15,1
3655,806.9736170000001,806.9736170000016,0.0,86832.61880691822,1,15,0
3656,808.855105,808.8551049999998,0.0,87083.30735970827,1,15,0
3657,755.092529,755.0925290000014,0.0,79920.00768853478,1,15,0
3658,694.26294,694.2629400000004,0.0,72212.74598655138,0,15,0
3659,650.357443,650.3574430000004,0.0,66663.22898510647,0,15,0
3660,645.1007940000001,645.1007940000003,0.0,65998.80505212766,0,16,1
3661,650.594902,650.594902000001,0.0,66693.24305732273,0,16,0
3662,652.6833540000001,652.683354000001,0.0,66957.21683447191,0,16,0
3663,711.923539,711.9235390000006,0.0,74444.99026353114,0,16,0
3664,767.940863,767.9408630000007,0.0,81631.9135078788,1,17,1
3665,860.407886,860.4078860000005,0.0,94072.13413290589,0,19,2
3666,953.3636510000001,953.3636510000005,0.0,106960.83020765992,1,20,1
3667,989.4064869999999,989.4064870000005,0.0,113460.1189810013,1,20,0
3668,998.364835,998.3648350000004,0.0,115765.62083416132,1,20,0
3669,968.192275,968.1922750000006,0.0,109258.86338299619,1,19,0
3670,918.18186,918.181860000001,0.0,101953.70004046481,1,13,0
3671,858.2164370000002,858.2164370000013,0.0,93712.44559923635,1,13,0
3672,773.2960609999998,773.2960610000006,0.0,82345.43750405914,1,12,0
3673,700.9300479999999,700.9300480000011,0.0,72968.40019784402,0,13,1
3674,660.1385350000002,660.1385350000005,0.0,67647.90073577869,0,14,1
3675,631.0253249999998,631.0253250000003,0.0,63968.08237814485,0,14,0
3676,630.336364,630.3363640000001,0.0,63880.99987039342,0,14,0
3677,664.7740269999999,664.7740270000004,0.0,68233.81237376928,0,14,0
3678,727.3398179999999,727.3398180000006,0.0,76222.24987312646,1,14,0
3679,803.394815,803.3948150000009,0.0,86355.78095618353,1,14,0
3680,795.6275380000001,795.6275380000005,0.0,85320.87271852733,1,14,0
3681,768.983527,768.9835270000009,0.0,81770.83755586985,1,14,0
3682,718.0813970000002,718.0813970000015,0.0,74988.662328793,1,14,0
3683,664.487647,664.4876470000004,0.0,68197.61484071611,0,14,0
3684,667.9033980000002,667.9033980000008,0.0,68629.35504507377,0,16,2
3685,678.386946,678.3869460000005,0.0,69954.44260441656,0,17,1
3686,709.437689,709.4376889999996,0.0,73879.15905133417,0,17,0
3687,746.3052000000001,746.3052000000012,0.0,78749.18821485115,1,17,0
3688,807.10576,807.1057600000012,0.0,86850.22547644323,1,19,2
3689,893.019057,893.0190570000009,0.0,98495.48943170265,1,19,0
3690,973.715527,973.7155270000002,0.0,110114.81713377856,1,20,1
3691,991.1119100000001,991.1119100000003,0.0,113899.02310561459,1,20,0
3692,1001.0490420000001,1001.0490420000008,0.0,116456.42277808736,1,20,0
3693,972.6809890000001,972.6809890000004,0.0,109954.49189759041,1,19,0
3694,919.174062,919.1740620000006,0.0,102461.8909539139,1,18,0
3695,852.976408,852.9764080000004,0.0,93002.5726893899,1,17,0
3696,776.1778420000003,776.1778419999997,0.0,82922.45004928511,1,14,0
3697,707.1262469999999,707.1262470000013,0.0,73529.00343163263,1,15,1
3698,670.363546,670.3635460000005,0.0,68630.75889839522,1,15,0
3699,641.1466,641.1466000000008,0.0,64828.21609450269,0,15,0
3700,638.970726,638.9707260000008,0.0,64553.192450971175,0,16,1
3701,672.451063,672.4510630000011,0.0,68968.8093562973,0,16,0
3702,733.24701,733.2470100000005,0.0,77009.32128337956,1,16,0
3703,803.583648,803.5836480000003,0.0,86872.00691065627,1,16,0
3704,809.8855400000001,809.8855400000011,0.0,87220.60202164325,1,18,2
3705,787.706237,787.7062370000008,0.0,84265.44239746968,1,18,0
3706,769.09691,769.0969100000007,0.0,81785.94465205168,1,18,0
3707,751.9489530000001,751.9489530000011,0.0,79501.1591399252,1,18,0
3708,754.7318649999999,754.7318650000013,0.0,79871.95299129326,1,18,0
3709,745.514369,745.5143690000007,0.0,78643.81827420216,1,18,0
3710,743.4262339999999,743.426234000001,0.0,78365.59617489531,1,18,0
3711,800.4204130000002,800.4204130000011,0.0,85959.47306966157,1,18,0
3712,854.894662,854.8946620000012,0.0,93255.92262979923,1,19,1
3713,906.8365389999999,906.8365390000007,0.0,100394.47353290868,1,19,0
3714,965.4604829999998,965.4604830000013,0.0,108835.50996570564,1,19,0
3715,980.8886069999999,980.7286791007234,0.1599278992780137,111194.64501560779,1,19,0
3716,969.6275350000001,969.6275350000008,0.0,109481.28962397671,1,18,0
3717,941.6075009999998,941.6075010000013,0.0,105173.16649749085,1,14,0
3718,907.9004400000001,907.900440000001,0.0,100540.68910852933,1,13,0
3719,860.2409959999999,860.2409960000006,0.0,93990.68770969845,1,13,0
3720,791.338878,791.3388780000012,0.0,84749.45373057238,1,11,0
3721,721.548675,721.5486750000006,0.0,75514.41715482924,0,11,0
3722,676.481958,676.4819580000009,0.0,69462.03052569393,0,12,1
3723,638.4103669999998,638.4103670000009,0.0,64649.900930018084,0,13,1
3724,630.976774,630.9767739999998,0.0,63710.31810886638,0,13,0
3725,642.377551,642.3775510000005,0.0,65151.34053462746,0,14,1
3726,669.5898030000001,669.5898030000004,0.0,68590.88376816842,0,14,0
3727,694.2692349999999,694.2692350000007,0.0,71815.94135975794,1,15,1
3728,696.781517,696.7815170000009,0.0,72150.67660057858,1,15,0
3729,685.117103,685.1171030000004,0.0,70596.51571047097,1,15,0
3730,646.3103279999999,646.3103280000009,0.0,65648.43120244051,0,15,0
3731,637.1338639999999,637.1338640000008,0.0,64488.554957761,0,15,0
3732,626.078225,626.0782250000007,0.0,63091.15689181179,0,15,0
3733,608.484512,608.4845120000003,0.0,60867.36679527687,0,15,0
3734,600.76143,600.7614300000006,0.0,59891.1934732313,0,15,0
3735,644.185811,644.1858110000012,0.0,65379.898922499415,0,15,0
3736,715.0700170000001,715.0700170000002,0.0,74587.42751140277,1,15,0
3737,828.375094,828.3750940000008,0.0,89684.14127036429,1,19,4
3738,906.2119850000001,906.2119850000005,0.0,100308.63892741795,1,19,0
3739,940.6560289999999,940.6560290000009,0.0,105042.40242624085,1,19,0
3740,948.1004879999999,948.1004880000007,0.0,106145.18317384194,1,19,0
3741,924.0828569999999,924.0828570000001,0.0,102764.69436520958,1,14,0
3742,894.0482810000001,894.048281000001,0.0,98636.93922787972,1,13,0
3743,850.279941,850.2799410000014,0.0,92621.70564218157,1,13,0
3744,788.5692769999999,788.5692770000014,0.0,84380.43343041823,1,12,0
3745,700.880462,700.8804620000003,0.0,73066.64204967837,0,14,2
3746,662.591634,662.5916340000002,0.0,68042.0562267009,0,14,0
3747,628.7829170000001,628.7829170000003,0.0,63768.740523463566,0,16,2
3748,618.57694,618.5769400000004,0.0,62478.73706722539,0,16,0
3749,623.1210639999999,623.1210640000003,0.0,63053.100076820134,0,16,0
3750,640.1427289999999,640.1427290000005,0.0,65204.58510181372,0,16,0
3751,649.1498660000001,649.1498660000003,0.0,66343.05894521067,0,16,0
3752,641.702061,641.7020610000006,0.0,65401.67977187059,0,16,0
3753,615.088856,615.0888560000005,0.0,62037.85419872106,0,16,0
3754,580.4635099999999,580.4635100000005,0.0,57661.319153282166,0,16,0
3755,550.0082,550.0082000000003,0.0,54026.44014088264,0,16,0
3756,584.379746,584.3797460000003,0.0,58156.31909061734,0,16,0
3757,612.472334,612.4723340000005,0.0,61707.13403118364,0,16,0
3758,616.4503159999999,616.4503160000006,0.0,62209.93846909814,0,16,0
3759,698.8440789999999,698.8440790000002,0.0,72624.25147827603,0,17,1
3760,798.068989,798.0689890000001,0.0,85646.1704711031,1,18,1
3761,838.789617,838.7896170000005,0.0,91071.76728704415,1,18,0
3762,918.6053259999999,918.6053260000002,0.0,102011.89843011352,1,19,1
3763,950.390211,950.3902110000005,0.0,106500.02792655333,1,19,0
3764,958.8252139999998,958.8252140000003,0.0,107807.22384224049,1,19,0
3765,938.927384,938.9273840000006,0.0,104804.82879512417,1,19,0
3766,899.97293,899.9729300000006,0.0,99451.1841283779,1,15,0
3767,833.4781859999999,833.4781860000004,0.0,90364.0747848143,1,13,0
3768,762.1647460000002,762.1647460000004,0.0,80862.30646734631,1,11,0
3769,699.1664849999999,699.1664850000004,0.0,72559.48395169363,0,11,0
3770,662.918698,662.9186980000001,0.0,67747.67703676697,0,11,0
3771,635.0039000000002,635.003900000001,0.0,64219.33419411802,0,12,1
3772,630.2217769999999,630.2217770000009,0.0,63614.88885800211,0,13,1
3773,662.6968110000001,662.6968109999999,0.0,67719.63121647024,0,13,0
3774,729.3056740000001,729.3056740000012,0.0,76484.55296205111,1,13,0
3775,799.763769,799.7637690000008,0.0,85871.98214011085,1,13,0
3776,794.4854309999998,794.4854310000007,0.0,85168.69893322463,1,13,0
3777,755.8497069999999,755.8497070000003,0.0,80020.89371971031,1,14,1
3778,689.965274,689.9652740000006,0.0,71242.4836739498,1,15,1
3779,650.531882,650.5318820000001,0.0,66182.0223765824,0,15,0
3780,650.6861530000001,650.6861530000004,0.0,66201.52174672578,0,15,0
3781,656.385651,656.3856510000008,0.0,66921.9204032016,0,15,0
3782,670.765252,670.7652520000007,0.0,68739.45683203405,0,15,0
3783,701.7112000000001,701.7111999999997,0.0,72807.50518358551,1,15,0
3784,760.3585879999999,760.3585880000011,0.0,80621.65484738891,1,17,2
3785,856.660227,856.660227,0.0,93498.57030356812,1,19,2
3786,950.8903540000001,950.8903540000006,0.0,106877.45158293266,1,20,1
3787,999.040264,999.0402640000009,0.0,115939.44784012035,1,20,0
3788,1015.211689,1015.2116890000007,0.0,120101.29222322971,1,20,0
3789,983.039673,982.031546415287,1.0081265847140524,111359.32335446814,1,19,0
3790,923.710844,923.7108440000006,0.0,103065.1254979805,1,17,0
3791,851.3028830000001,851.3028830000005,0.0,92762.2920814803,1,15,0
3792,776.1031790000001,776.1031790000009,0.0,82719.4565511812,1,12,0
3793,698.709021,698.7090210000006,0.0,72518.15681885315,0,13,1
3794,661.386567,661.3865670000007,0.0,67470.25243888627,0,13,0
3795,628.5570369999999,628.5570370000005,0.0,63320.70289878091,0,13,0
3796,626.4023069999998,626.4023070000003,0.0,63048.35179047836,0,14,1
3797,656.3958240000001,656.3958240000009,0.0,66839.43818962856,0,14,0
3798,720.9460800000002,720.9460800000004,0.0,75417.30902616492,0,15,1
3799,794.8093279999999,794.8093280000005,0.0,85274.6949926845,1,16,1
3800,786.6365460000001,786.6365460000015,0.0,84122.91728504664,1,16,0
3801,752.1800590000001,752.1800590000012,0.0,79531.95159179374,1,16,0
3802,692.335786,692.3357860000008,0.0,71558.32954841302,1,16,0
3803,659.980614,659.9806139999998,0.0,67292.54439297262,0,17,1
3804,675.690348,675.6903480000003,0.0,69340.49942524433,1,17,0
3805,671.107289,671.1072890000007,0.0,68729.85485665694,1,17,0
3806,658.0772939999999,658.0772940000004,0.0,67051.97071949417,0,17,0
3807,704.126296,704.1262960000001,0.0,73207.81564859685,0,19,2
3808,768.558543,768.5585430000006,0.0,81714.21289288018,1,20,1
3809,846.972908,846.9729080000003,0.0,92373.9950861018,0,20,0
3810,945.257154,945.2571540000008,0.0,105704.54378204395,1,20,0
3811,992.5109499999999,992.5109500000008,0.0,114259.07713707723,1,20,0
3812,1006.1227600000001,1006.1227600000007,0.0,117762.18431485856,1,20,0
3813,967.87635,967.8763500000003,0.0,109209.90360554695,1,17,0
3814,917.7694829999999,917.2439043891015,0.5255786109006406,102139.69942418655,1,16,0
3815,849.118828,849.1188280000009,0.0,92462.12988686633,1,16,0
3816,769.888002,769.888002000001,0.0,82015.99684265723,1,13,0
3817,695.8616670000001,695.8616670000008,0.0,72100.1238774674,0,13,0
3818,657.485168,657.4851680000014,0.0,66914.85003099561,1,14,1
3819,630.761747,630.7617470000007,0.0,63515.603273356246,0,15,1
3820,628.255089,628.2550890000007,0.0,63198.76957055571,0,17,2
3821,661.2910470000002,661.2910470000008,0.0,67524.90756882004,0,17,0
3822,728.3789009999999,728.3789010000013,0.0,76360.69679040636,1,17,0
3823,805.3831230000001,805.3831230000006,0.0,87131.33622332518,1,17,0
3824,801.231823,801.2318230000009,0.0,86133.18949695298,1,18,1
3825,756.5080849999999,756.5080850000006,0.0,80108.61568658389,1,18,0
3826,705.844704,705.8447040000011,0.0,73358.25126100569,1,18,0
3827,681.840175,681.8401750000007,0.0,70223.38381265076,0,18,0
3828,686.096068,686.096068000001,0.0,70761.31532860266,0,18,0
3829,688.293061,688.2930610000008,0.0,71039.0083474416,0,18,0
3830,705.13673,705.1367300000006,0.0,73263.92114703567,1,18,0
3831,771.1347889999998,771.1347890000002,0.0,82057.47066618068,1,19,1
3832,834.3509789999999,834.3509790000008,0.0,90480.36530277433,1,20,1
3833,909.6482849999999,909.648285000001,0.0,100780.90146171873,1,20,0
3834,960.3171030000001,960.3171030000005,0.0,108038.42603712517,1,20,0
3835,988.087916,988.0879160000009,0.0,113120.7742844096,1,20,0
3836,996.42782,996.4278200000011,0.0,115267.1146729698,1,20,0
3837,966.16472,966.1647200000011,0.0,108944.64753567161,1,17,0
3838,916.0761420000001,916.0761420000007,0.0,101664.30396934101,1,13,0
3839,856.018346,856.0183460000009,0.0,93410.35438884035,1,13,0
3840,771.9426350000001,771.942635000001,0.0,82165.10767721535,1,12,0
3841,700.023248,700.0232480000002,0.0,72844.52249544108,0,12,0
3842,659.1427620000001,659.1427620000004,0.0,67522.03815431011,0,12,0
3843,630.9100880000001,630.9100880000002,0.0,63953.516783073785,0,13,1
3844,629.065002,629.0650020000005,0.0,63720.30370439878,0,13,0
3845,663.2313179999999,663.2313180000003,0.0,68038.81879873283,0,13,0
3846,725.2739630000002,725.2739630000005,0.0,75946.9963502634,1,13,0
3847,801.206195,801.2061950000004,0.0,86064.17028398793,1,13,0
3848,809.300369,809.3003690000005,0.0,87142.63412010735,1,13,0
3849,785.17274,785.1727400000005,0.0,83927.88048029106,1,14,1
3850,733.3963660000001,733.3963660000003,0.0,77029.22140471466,1,14,0
3851,712.3696040000001,712.3696040000005,0.0,74249.7439040531,0,16,2
3852,700.1808629999999,700.1808630000004,0.0,72709.12530211108,0,16,0
3853,696.038589,696.0385890000005,0.0,72185.55487110917,0,16,0
3854,695.086524,695.0865240000004,0.0,72065.2168436412,0,17,1
3855,756.945395,756.9453950000003,0.0,80166.88265986284,1,17,0
3856,823.996985,823.9969850000006,0.0,89100.80414083268,1,18,1
3857,886.460995,886.460995000001,0.0,97594.19240285737,1,19,1
3858,962.2543820000001,962.254382,0.0,108338.65156121165,1,19,0
3859,987.112532,987.1125320000008,0.0,112869.75148204218,1,20,1
3860,997.5458280000001,997.5458280000005,0.0,115554.84289203954,1,20,0
3861,969.5607030000001,969.5607030000002,0.0,109470.9324827359,1,18,0
3862,916.494713,916.4947130000007,0.0,101721.8296222947,1,16,0
3863,849.909672,849.9096720000006,0.0,92570.8182993089,1,13,0
3864,774.6633959999999,774.6633960000003,0.0,82527.62055934806,1,12,0
3865,729.4020529999998,729.4020530000001,0.0,76576.52845957373,0,13,1
3866,690.973105,690.9731050000003,0.0,71545.29359406342,0,14,1
3867,655.5145919999999,655.5145920000003,0.0,67063.44885513575,0,14,0
3868,643.9121689999998,643.9121690000011,0.0,65596.93900794163,0,14,0
3869,660.2051850000001,660.2051850000007,0.0,67656.32508656436,0,14,0
3870,687.729519,687.729519000001,0.0,71135.31450527997,0,14,0
3871,717.803695,717.8036950000013,0.0,74951.66144837972,1,14,0
3872,712.41904,712.41904,0.0,74255.99245927342,0,14,0
3873,691.4821529999999,691.482153,0.0,71609.63566336173,0,14,0
3874,649.9036739999999,649.9036740000012,0.0,66354.24643260746,0,14,0
3875,621.7814569999999,621.7814570000007,0.0,62799.68647944656,0,14,0
3876,628.768769,628.7687690000009,0.0,63682.86078307422,0,16,2
3877,629.4111970000001,629.4111970000004,0.0,63764.06166569265,0,17,1
3878,661.3529950000001,661.3529950000002,0.0,67801.40466758871,0,17,0
3879,695.685723,695.6857230000011,0.0,72140.95371635562,0,17,0
3880,756.802687,756.8026870000014,0.0,80147.86831483839,1,17,0
3881,839.686818,839.6868180000004,0.0,91234.68622907024,0,18,1
3882,923.772505,923.7725050000009,0.0,102722.04162183881,1,19,1
3883,954.8528129999999,954.8528130000001,0.0,107191.60979175683,1,19,0
3884,941.527544,941.5275440000005,0.0,105162.17773182562,1,18,0
3885,921.652642,921.6526420000012,0.0,102430.70155468806,1,14,0
3886,901.8068490000002,901.8068490000007,0.0,99703.22592759284,1,13,0
3887,873.726047,873.726047000001,0.0,95843.98467458348,1,13,0
3888,802.595619,802.5956190000007,0.0,86249.29646697297,1,12,0
3889,721.330578,721.3305780000004,0.0,75511.73221563172,0,12,0
3890,679.0519180000001,679.0519180000001,0.0,70038.49297786939,0,12,0
3891,641.768658,641.7686580000003,0.0,65326.00594602257,0,12,0
3892,634.200715,634.2007150000002,0.0,64369.44170659563,0,12,0
3893,645.6759559999999,645.6759560000006,0.0,65819.87614821419,0,12,0
3894,673.130494,673.1304940000005,0.0,69290.04357161938,0,12,0
3895,693.835204,693.8352040000002,0.0,71907.05392353465,0,12,0
3896,686.347339,686.3473390000004,0.0,70960.61129194291,0,12,0
3897,672.682846,672.6828460000007,0.0,69233.46226958648,0,13,1
3898,645.235652,645.2356519999998,0.0,65764.22310472834,0,13,0
3899,619.241923,619.241923000001,0.0,62478.69735344381,0,13,0
3900,613.7940600000001,613.7940600000004,0.0,61790.10457108571,0,13,0
3901,616.010449,616.0104490000008,0.0,62070.249183440676,0,14,1
3902,627.1896750000001,627.1896750000001,0.0,63483.26825825018,0,15,1
3903,649.2677269999999,649.2677270000001,0.0,66273.86472804495,0,15,0
3904,731.130304,731.130304000001,0.0,76727.29239782602,1,15,0
3905,820.7361670000001,820.7361670000009,0.0,88666.33432474437,1,16,1
3906,904.7719760000001,904.771976000001,0.0,100110.73353506121,1,17,1
3907,946.0994790000001,946.0994790000005,0.0,106134.99633631713,1,19,2
3908,953.425886,953.4258860000017,0.0,106970.47493900314,1,19,0
3909,928.7642860000001,928.764286000001,0.0,103408.07926282889,1,16,0
3910,898.796934,898.7969340000008,0.0,99289.56295115607,1,13,0
3911,853.8641230000001,853.8641230000006,0.0,93114.29210864683,1,13,0
3912,792.897416,792.897416000001,0.0,84957.11258127386,1,11,0
3913,712.989903,712.9899030000005,0.0,74500.95870299712,0,12,1
3914,673.2470319999999,673.2470320000007,0.0,69137.23751132662,0,12,0
3915,639.1044400000001,639.10444,0.0,64821.72105612283,0,12,0
3916,628.50359,628.5035900000014,0.0,63481.80689219116,0,12,0
3917,633.457757,633.4577569999999,0.0,64107.99804986076,0,14,2
3918,650.560401,650.560401,0.0,66269.71856626125,0,14,0
3919,657.3961250000001,657.3961250000004,0.0,67133.73262252368,0,14,0
3920,633.390002,633.3900020000008,0.0,64099.43403054381,0,14,0
3921,619.2270449999999,619.2270450000003,0.0,62309.28072326578,0,14,0
3922,572.580939,572.5809390000001,0.0,56413.35934699248,0,14,0
3923,540.6493999999999,540.6494000000005,0.0,52377.31305049347,0,14,0
3924,550.829808,550.8298080000005,0.0,53664.084665392744,0,15,1
3925,563.071753,563.0717530000007,0.0,55211.428085927415,0,16,1
3926,577.747821,577.7478210000007,0.0,57066.43701294996,0,16,0
3927,636.9402729999999,636.9402730000005,0.0,64548.17714064312,0,16,0
3928,714.0693169999998,714.0693170000006,0.0,74464.582291854,0,17,1
3929,807.3503399999998,807.350340000001,0.0,87094.19170674859,0,18,1
3930,918.946263,918.9462630000007,0.0,102058.75457528625,1,18,0
3931,957.74411,957.744110000001,0.0,107639.68214329478,1,19,1
3932,971.2801819999999,971.2801820000011,0.0,109737.40493400958,1,19,0
3933,952.218417,952.2184170000008,0.0,106783.35010394144,1,16,0
3934,913.558864,913.5588640000007,0.0,101491.84487293057,1,15,0
3935,846.0047200000001,846.0047200000012,0.0,92034.14730788139,2,13,0
3936,774.141141,774.141141000001,0.0,82458.03555527823,1,10,0
3937,703.237056,703.2370560000003,0.0,73077.06067781098,0,10,0
3938,665.145971,665.1459710000005,0.0,67945.42930371707,0,10,0
3939,636.919206,636.9192060000015,0.0,64377.65481153255,0,11,1
3940,632.0177810000001,632.0177810000006,0.0,63758.13007710551,0,11,0
3941,664.505012,664.505012000001,0.0,67887.29605407757,0,14,3
3942,731.152595,731.1525950000009,0.0,76730.26243990452,1,14,0
3943,807.757752,807.7577520000002,0.0,87140.74253214168,1,14,0
3944,798.7150399999999,798.7150399999999,0.0,85837.56227811071,1,15,1
3945,774.614648,774.6146480000008,0.0,82521.12539936227,1,15,0
3946,728.067067,728.0670670000003,0.0,76319.14817879097,1,16,1
3947,684.187784,684.1877840000006,0.0,70472.69369556021,1,16,0
3948,673.554881,673.5548810000008,0.0,69055.97083310806,1,16,0
3949,678.231416,678.2314160000001,0.0,69679.07009880783,1,17,1
3950,686.6798179999998,686.6798180000003,0.0,70804.73110263592,1,17,0
3951,732.6180639999999,732.6180640000006,0.0,76925.52082197709,1,18,1
3952,803.745491,803.7454910000009,0.0,86402.50485712699,1,20,2
3953,886.740071,886.7400710000011,0.0,97632.54677791848,1,20,0
3954,970.118965,970.1189650000005,0.0,109557.4479002507,1,20,0
3955,1006.920648,1006.9206480000006,0.0,117967.52711496124,1,20,0
3956,1017.176767,1017.176767000001,0.0,120607.02061987208,1,20,0
3957,985.7638229999999,985.7638230000006,0.0,112522.6505323052,1,20,0
3958,927.3883430000001,927.3883430000009,0.0,103218.97868132165,1,13,0
3959,854.952215,854.9522150000004,0.0,93263.83233664563,1,13,0
3960,779.5610619999999,779.5610620000003,0.0,83180.18321273207,1,13,0
3961,698.1262989999999,698.1262990000006,0.0,72772.59101221313,0,13,0
3962,659.741326,659.7413260000003,0.0,67849.32234029772,0,13,0
3963,626.952399,626.9523990000006,0.0,63704.90489193961,0,14,1
3964,624.836335,624.8363350000001,0.0,63437.44104466444,0,15,1
3965,654.991379,654.9913790000005,0.0,67248.94394958136,0,15,0
3966,718.915453,718.9154530000008,0.0,75328.74624551312,0,15,0
3967,797.2068979999999,797.206898,0.0,85531.30588245647,1,16,1
3968,811.3472699999999,811.3472700000008,0.0,87415.3622211609,1,16,0
3969,791.5176790000003,791.5176790000012,0.0,84773.27708949227,1,16,0
3970,751.3675800000001,751.36758,0.0,79430.59323108636,0,16,0
3971,696.5633559999999,696.5633560000011,0.0,72503.51134794565,0,16,0
3972,716.324556,716.3245560000006,0.0,75001.26499753878,0,16,0
3973,742.82219,742.8221900000002,0.0,78350.4827590656,0,16,0
3974,735.3780339999998,735.3780340000011,0.0,77409.5648078714,0,17,1
3975,735.830777,735.8307770000009,0.0,77466.7901019111,0,17,0
3976,776.257098,776.2570980000008,0.0,82739.96464443342,1,18,1
3977,862.1232569999999,862.1232570000008,0.0,94288.95164275635,0,18,0
3978,949.6159259999998,949.6159260000003,0.0,106380.03482286647,1,18,0
3979,995.7529529999999,995.7529529999999,0.0,115093.43230216461,1,20,2
3980,1003.893987,1003.8939870000013,0.0,117188.59192017018,1,20,0
3981,965.230784,965.2307840000007,0.0,108799.91287171075,1,17,0
3982,915.2133660000001,915.2133660000009,0.0,101545.72969459963,1,13,0
3983,847.1640690000003,847.1640690000007,0.0,92193.48063060608,1,13,0
3984,767.5816870000001,767.5816870000008,0.0,81584.05707103891,1,12,0
3985,686.5401979999999,686.5401980000006,0.0,71110.4668307429,0,13,1
3986,651.37755,651.3775500000002,0.0,66540.53973251056,0,14,1
3987,622.509086,622.5090860000009,0.0,62891.65650101915,0,14,0
3988,619.8841679999999,619.8841680000003,0.0,62559.875105436666,0,14,0
3989,651.85885,651.8588500000005,0.0,66601.37454170991,0,14,0
3990,718.5856799999999,718.5856800000012,0.0,75055.85275225923,1,14,0
3991,797.43214,797.4321400000011,0.0,85561.3170177961,1,14,0
3992,788.6298300000002,788.6298300000007,0.0,84388.50148290483,1,14,0
3993,742.069088,742.0690880000005,0.0,78184.77069704734,1,14,0
3994,689.574817,689.5748170000007,0.0,71368.55438008952,0,14,0
3995,643.533074,643.533074000001,0.0,65549.02258992083,0,14,0
3996,629.1823990000001,629.1823990000012,0.0,63735.14231668968,0,16,2
3997,638.1499519999999,638.1499520000006,0.0,64868.61286674074,0,17,1
3998,653.7387979999999,653.7387980000003,0.0,66838.99406775311,0,17,0
3999,730.295574,730.2955740000007,0.0,76616.07337561024,1,17,0
4000,790.4489339999999,790.4489340000013,0.0,84630.87802165245,1,18,1
4001,874.5005440000001,874.5005440000007,0.0,95950.42646256129,1,18,0
4002,956.9206310000001,956.9206309999996,0.0,107512.06530836824,1,19,1
4003,976.205846,976.2058460000009,0.0,110500.74880749096,1,19,0
4004,985.2435649999999,983.366409618754,1.8771553812469692,111528.04587325077,1,19,0
4005,954.174988,954.1749880000006,0.0,107086.56536301742,1,15,0
4006,904.32035,904.3203500000008,0.0,100159.96982131994,1,15,0
4007,845.94865,845.9486500000014,0.0,92026.44141482835,2,15,0
4008,762.479825,762.4798250000009,0.0,80948.37575898605,1,12,0
4009,684.144726,684.1447259999997,0.0,70619.13931454504,0,12,0
4010,643.968279,643.968279000001,0.0,65184.86746285233,0,12,0
4011,615.9242099999999,615.9242100000002,0.0,61640.18517158483,0,13,1
4012,614.3781029999999,614.3781030000006,0.0,61444.76210001475,0,13,0
4013,647.560567,647.5605670000003,0.0,65659.16520947966,0,13,0
4014,709.343488,709.3434879999999,0.0,73824.42755205059,1,14,1
4015,787.0360500000002,787.0360500000004,0.0,84487.26846435368,1,14,0
4016,802.4399489999998,802.4399490000012,0.0,86440.93547779141,1,15,1
4017,792.661878,792.6618780000006,0.0,84925.72961186494,1,15,0
4018,747.077168,747.077168000001,0.0,78852.0448584866,1,15,0
4019,720.4224439999999,720.4224440000008,0.0,75300.58230088097,1,15,0
4020,675.4850569999999,675.4850570000009,0.0,69336.02536856617,0,15,0
4021,659.0674050000001,659.0674050000008,0.0,67260.88569077579,0,15,0
4022,669.0036320000002,669.0036320000005,0.0,68516.7935937592,0,15,0
4023,714.242429,714.2424290000006,0.0,74486.46310525543,0,16,1
4024,751.8068619999999,751.806862000001,0.0,79482.22700368277,1,18,2
4025,828.5526170000002,828.552617000001,0.0,89707.79434918116,1,18,0
4026,929.3117819999999,929.3117820000001,0.0,103833.275262214,1,19,1
4027,966.989484,965.567573632694,1.4219103673085354,109089.6081936989,1,19,0
4028,978.509894,978.5098940000001,0.0,110857.81354536318,1,19,0
4029,951.2593749999999,951.2593750000009,0.0,106634.72469321277,1,16,0
4030,897.155636,897.1556360000006,0.0,99063.9937188356,1,13,0
4031,831.976533,831.9765330000012,0.0,90163.99526405042,1,13,0
4032,758.0668570000001,758.0668570000009,0.0,80316.30571533245,1,10,0
4033,703.322513,703.3225130000008,0.0,73022.19574980886,1,11,1
4034,664.75657,664.7565700000009,0.0,67896.21023964687,0,11,0
4035,637.068492,637.0684920000006,0.0,64396.524093323686,0,12,1
4036,635.085188,635.0851880000005,0.0,64145.840693314916,0,12,0
4037,667.927309,667.9273090000006,0.0,68306.15585666223,1,14,2
4038,728.8563320000002,728.8563320000006,0.0,76424.30946635596,1,14,0
4039,804.3715799999999,804.3715800000008,0.0,86652.74816859768,1,15,1
4040,811.1057049999998,811.1057050000004,0.0,87623.22900755129,1,15,0
4041,780.246111,780.2461110000011,0.0,83271.45881076965,1,15,0
4042,725.0572639999999,725.0572640000009,0.0,75918.12348011966,1,15,0
4043,681.841659,681.841659000001,0.0,70160.0971332037,1,15,0
4044,673.326963,673.3269630000004,0.0,69025.60314882045,1,15,0
4045,649.050628,649.0506280000005,0.0,65911.02847179877,0,15,0
4046,662.118244,662.1182440000007,0.0,67562.73411495215,0,15,0
4047,700.056256,700.0562560000006,0.0,72587.00124398628,1,15,0
4048,782.0303260000001,782.0303260000011,0.0,83509.18675600064,1,18,3
4049,874.7986599999999,874.7986600000007,0.0,95991.39757034452,1,18,0
4050,940.9930950000002,940.993095000001,0.0,105088.72656656233,1,19,1
4051,966.969611,966.9696110000011,0.0,109069.38373644989,1,19,0
4052,965.2719979999998,965.2719980000006,0.0,108806.29992011715,1,19,0
4053,938.0839880000001,938.0839880000008,0.0,104688.91798047494,1,17,0
4054,904.1245020000001,904.1245020000006,0.0,100021.74895509612,1,15,0
4055,856.889003,856.889003000001,0.0,93530.01177653256,1,13,0
4056,788.504758,788.5047580000007,0.0,84371.83695000611,1,11,0
4057,708.1929549999999,708.1929550000003,0.0,73826.2960704343,0,12,1
4058,663.3114820000001,663.3114820000004,0.0,67797.32370141803,0,12,0
4059,628.6305869999999,628.6305870000002,0.0,63413.76743674743,0,12,0
4060,622.026586,622.0265860000003,0.0,62579.04244030658,0,13,1
4061,632.968694,632.9686940000008,0.0,63962.09054422963,0,13,0
4062,659.524145,659.5241450000004,0.0,67318.61619306888,0,13,0
4063,687.7633689999999,687.7633690000004,0.0,70949.10291476785,1,13,0
4064,670.655788,670.6557880000005,0.0,68725.6209260415,0,13,0
4065,655.8904510000001,655.8904510000004,0.0,66859.32867763436,0,13,0
4066,606.328524,606.3285240000006,0.0,60594.85667972321,0,13,0
4067,585.167389,585.1673890000004,0.0,57920.15564052597,0,13,0
4068,586.695637,586.6956370000004,0.0,58113.321390555495,0,13,0
4069,594.114555,594.1145550000003,0.0,59051.04933777189,0,14,1
4070,583.332386,583.3323860000004,0.0,57688.21702140038,0,15,1
4071,610.7118519999999,610.7118520000004,0.0,61148.89557965661,0,15,0
4072,692.3036380000001,692.3036380000007,0.0,71554.04616441314,1,17,2
4073,764.2683099999999,764.2683100000007,0.0,81198.46653923283,0,18,1
4074,861.0467619999998,861.0467620000005,0.0,94101.42690395194,1,18,0
4075,918.852366,918.8523660000005,0.0,102612.23722665611,1,19,1
4076,931.598503,931.5985030000004,0.0,105418.29638201006,1,19,0
4077,911.8201860000001,911.8201860000006,0.0,101522.44069968667,1,18,0
4078,882.8699369999999,882.8699370000008,0.0,97100.6609440497,1,13,0
4079,839.298342,839.2983420000004,0.0,91139.54956044597,1,12,0
4080,779.0433809999998,779.0433810000005,0.0,83111.20764621397,1,12,0
4081,684.7354540000001,684.7354540000005,0.0,70960.78128606682,0,12,0
4082,642.599368,642.5993680000003,0.0,65431.00508242388,0,12,0
4083,612.7019070000001,612.7019070000002,0.0,61497.78434163396,0,11,0
4084,603.828173,603.8281730000004,0.0,60376.17221868501,0,11,0
4085,607.342394,607.3423940000006,0.0,60820.358721945304,0,11,0
4086,623.352501,623.3525010000002,0.0,62843.98599101938,0,11,0
4087,628.980048,628.9800480000004,0.0,63555.29026694936,0,12,1
4088,619.1726310000001,619.1726310000006,0.0,62315.663543631366,0,12,0
4089,619.661987,619.6619870000003,0.0,62377.516605942845,0,12,0
4090,582.80676,582.8067600000002,0.0,57719.13160170037,0,12,0
4091,536.714779,536.7147790000004,0.0,51893.24988602876,0,14,2
4092,558.534439,558.5344390000006,0.0,54651.18641811605,0,14,0
4093,572.8305480000001,572.8305480000005,0.0,56458.16972022988,0,14,0
4094,563.807775,563.8077750000002,0.0,55317.719535514305,0,14,0
4095,588.7856260000001,588.7856260000003,0.0,58474.841496440014,0,15,1
4096,647.1089889999998,647.1089890000003,0.0,65846.73150260355,0,15,0
4097,737.5258979999999,737.5258980000002,0.0,77712.2521422386,0,16,1
4098,858.0527709999999,858.0527710000006,0.0,93689.95241763427,1,17,1
4099,918.785373,918.7853730000005,0.0,102215.07516149682,1,17,0
4100,935.515002,935.5150020000003,0.0,104807.71237807653,1,17,0
4101,919.576335,919.5763350000004,0.0,102337.65274633745,1,16,0
4102,880.0753589999999,880.0753590000007,0.0,96716.59247255971,1,12,0
4103,815.1260280000001,815.1260280000008,0.0,87918.84211280238,1,12,0
4104,745.226763,745.2267630000017,0.0,78605.4977896104,1,11,0
4105,682.9081729999999,682.9081730000004,0.0,70488.23520579426,0,13,2
4106,643.9974109999999,643.9974110000004,0.0,65453.43781064692,0,14,1
4107,619.234304,619.2343040000005,0.0,62323.45881723981,0,14,0
4108,615.0346199999999,615.03462,0.0,61792.63194244781,0,14,0
4109,646.852144,646.8521440000011,0.0,65814.26710084011,0,14,0
4110,712.9766670000001,712.9766670000015,0.0,74308.5105680137,1,14,0
4111,790.1431049999998,790.143105000001,0.0,84590.12951333809,1,14,0
4112,776.8454680000001,776.8454680000003,0.0,82818.3587791848,1,16,2
4113,737.3069880000002,737.3069880000015,0.0,77550.270792056,1,17,1
4114,691.935966,691.9359660000001,0.0,71512.72068352273,0,18,1
4115,663.5584579999999,663.5584580000003,0.0,67925.89274932038,0,18,0
4116,662.6574610000001,662.6574610000006,0.0,67812.00955675,0,18,0
4117,668.5244650000001,668.5244650000008,0.0,68553.58044582445,0,18,0
4118,660.688214,660.6882140000006,0.0,67563.10291741633,0,18,0
4119,692.4518340000001,692.4518340000005,0.0,71577.92477941312,1,18,0
4120,747.8414799999999,747.841480000001,0.0,78953.88142037814,1,19,1
4121,815.112926,815.1129260000007,0.0,88076.23942614427,0,20,1
4122,919.026108,919.0261080000012,0.0,102069.72794840604,1,20,0
4123,968.724775,968.7247750000001,0.0,109341.38639159536,1,20,0
4124,989.439819,989.4398190000002,0.0,113468.69723535898,1,20,0
4125,961.574676,961.5746760000006,0.0,108233.31562866161,1,16,0
4126,904.3507229999999,904.350723000001,0.0,100052.83928561797,1,14,0
4127,832.7045459999999,832.7045460000014,0.0,90260.99536470615,1,14,0
4128,759.107989,759.1079890000008,0.0,80455.02564038306,1,12,0
4129,694.777176,694.7771760000003,0.0,72088.78054973458,0,13,1
4130,653.21784,653.2178400000006,0.0,66605.6105141603,0,13,0
4131,622.816631,622.8166310000004,0.0,62762.99312595534,0,13,0
4132,622.5612779999998,622.5612780000014,0.0,62730.71730830853,0,13,0
4133,652.40691,652.406910000001,0.0,66503.11150766962,0,14,1
4134,717.2044249999999,717.2044250000004,0.0,74871.81500289039,1,14,0
4135,790.7343959999998,790.734396000001,0.0,84668.91284071935,1,14,0
4136,782.543529,782.5435290000007,0.0,83577.56567596053,1,14,0
4137,737.757977,737.7579770000008,0.0,77610.36034869106,1,14,0
4138,682.2948860000001,682.2948860000006,0.0,70280.85785571291,0,15,1
4139,649.775037,649.7750370000002,0.0,66170.45102191888,0,16,1
4140,643.3082529999999,643.308253000001,0.0,65353.06982355394,0,16,0
4141,633.602397,633.6023970000003,0.0,64126.28009183586,0,17,1
4142,644.991503,644.991503000001,0.0,65565.8273398322,0,17,0
4143,691.4923320000001,691.4923319999999,0.0,71445.94814464886,1,17,0
4144,744.333324,744.3333240000003,0.0,78486.45640857755,1,19,2
4145,840.234462,840.2344620000008,0.0,91396.62459042385,0,20,1
4146,938.3891590000001,938.3891590000009,0.0,104839.87786678062,1,20,0
4147,985.5745690000001,985.5745690000009,0.0,112473.94451555774,1,20,0
4148,998.595797,998.5957970000012,0.0,115825.060735247,1,20,0
4149,962.08784,962.0878400000009,0.0,108312.8420834688,1,18,0
4150,911.521177,911.5211770000008,0.0,101038.29945444097,1,13,0
4151,843.577988,843.5779880000016,0.0,91709.76752739285,1,13,0
4152,765.0652199999998,765.0652199999995,0.0,81248.76422283857,1,12,0
4153,681.4317230000003,681.4317230000012,0.0,70453.78664070166,0,12,0
4154,643.957403,643.9574030000008,0.0,65602.65644355207,0,12,0
4155,617.628864,617.6288640000002,0.0,62274.81175923593,0,12,0
4156,615.427628,615.4276280000004,0.0,61996.58243851574,0,13,1
4157,647.1197269999999,647.1197270000006,0.0,66002.364270617,0,13,0
4158,714.6321849999999,714.6321850000005,0.0,74535.72704021134,0,13,0
4159,794.7596499999999,794.7596500000003,0.0,85205.23574039934,1,14,1
4160,792.6295219999998,792.6295220000014,0.0,84921.41851404561,1,14,0
4161,749.369497,749.3694970000012,0.0,79157.47366777435,1,14,0
4162,680.6487990000002,680.6487990000006,0.0,70240.33372366,0,14,0
4163,644.4244439999999,644.4244440000008,0.0,65661.68895991037,0,17,3
4164,625.030018,625.0300180000006,0.0,63210.29439261357,0,17,0
4165,631.063177,631.0631770000007,0.0,63972.86675212747,0,17,0
4166,645.918604,645.9186040000001,0.0,65850.54609374204,0,17,0
4167,683.221307,683.2213070000004,0.0,70565.49065975737,0,17,0
4168,737.838237,737.8382370000012,0.0,77621.05415234382,1,17,0
4169,820.5986680000002,820.5986680000007,0.0,88724.1043655285,0,18,1
4170,914.9020379999998,914.9020380000006,0.0,101502.94281619006,1,19,1
4171,962.072355,962.0723550000008,0.0,108310.44232987601,1,19,0
4172,978.108926,978.1089260000009,0.0,110795.67441726562,1,19,0
4173,948.227686,948.2276860000009,0.0,106364.96730209855,1,16,0
4174,898.063977,898.0639770000015,0.0,99290.6309640179,1,14,0
4175,838.807146,838.8071460000015,0.0,91074.10284254175,1,13,0
4176,756.3635769999999,756.3635770000002,0.0,80089.36151042824,1,12,1
4177,708.6454130000001,708.6454130000005,0.0,73731.41637606175,1,12,0
4178,666.7322230000001,666.7322230000003,0.0,68146.92317497624,1,13,1
4179,635.1591149999999,635.1591150000003,0.0,64155.18483405805,0,13,0
4180,636.465411,636.4654110000004,0.0,64320.29654799491,0,13,0
4181,671.0627790000001,671.0627790000003,0.0,68733.62948118294,0,13,0
4182,733.7031049999999,733.703105,0.0,77070.0911609896,1,13,0
4183,812.7524769999999,812.7524770000002,0.0,87602.59132344624,1,15,2
4184,817.1958240000001,817.1958240000002,0.0,88194.62073260275,1,16,1
4185,792.5824370000001,792.5824370000005,0.0,84915.14493137682,1,16,0
4186,752.3830119999999,752.3830120000005,0.0,79558.99295153361,1,17,1
4187,735.4766430000001,735.4766430000008,0.0,77306.39650789522,1,17,0
4188,735.237786,735.2377860000005,0.0,77274.57131652867,1,17,0
4189,747.348752,747.3487520000002,0.0,78888.23057953335,1,17,0
4190,752.604059,752.6040590000006,0.0,79588.44514709833,1,17,0
4191,797.4220579999999,797.4220580000014,0.0,85559.97369698342,1,19,2
4192,847.846358,847.8463580000008,0.0,92287.24995582957,1,20,1
4193,889.9067339999999,889.9067340000001,0.0,98067.75217141026,1,20,0
4194,977.9409259999999,977.9409260000007,0.0,110769.63898920047,1,20,0
4195,999.2204339999998,999.2204340000011,0.0,115985.81601747671,1,20,0
4196,1007.1455019999999,1007.1455020000016,0.0,118025.39507384073,1,20,0
4197,979.05593,979.0559300000014,0.0,110942.43426559524,1,19,0
4198,925.2131719999999,925.2131720000004,0.0,102920.03744539997,1,13,0
4199,857.6498210000001,857.6498210000002,0.0,93634.57361246692,1,13,0
4200,782.823339,782.8233390000013,0.0,83614.84742527618,1,12,0
4201,708.6482200000003,708.6482200000004,0.0,74009.1447994446,0,13,1
4202,670.5567539999998,670.5567540000003,0.0,68964.73091458922,0,14,1
4203,640.4075250000001,640.4075250000005,0.0,65153.963007419086,0,14,0
4204,638.3134190000001,638.3134190000007,0.0,64889.27458241785,0,14,0
4205,671.529714,671.529714000001,0.0,69087.71000446787,0,14,0
4206,732.2576900000001,732.2576900000014,0.0,76877.50476419566,1,14,0
4207,804.9083710000001,804.908371000001,0.0,86557.44642692109,1,14,0
4208,809.2264819999999,809.226482000001,0.0,87132.789451898,1,14,0
4209,770.5526010000001,770.5526010000016,0.0,81979.90021812492,1,14,0
4210,722.350436,722.3504360000004,0.0,75557.46702418035,1,14,0
4211,671.910125,671.910125,0.0,69135.79276075761,0,14,0
4212,637.2650909999999,637.2650910000003,0.0,64756.76921391939,0,16,2
4213,635.720278,635.7202780000005,0.0,64561.5096998874,0,17,1
4214,660.659871,660.6598710000006,0.0,67713.795969705,0,17,0
4215,705.665837,705.6658370000011,0.0,73402.40879837779,0,17,0
4216,775.5639349999999,775.5639350000012,0.0,82647.60794095317,1,18,1
4217,851.218486,851.2184860000002,0.0,92798.30259379881,0,18,0
4218,933.381435,933.3814350000009,0.0,104042.629938842,1,19,1
4219,966.8776440000001,966.8776440000009,0.0,109055.13135423043,1,19,0
4220,967.6630979999999,967.663098000001,0.0,109176.85534896525,1,19,0
4221,941.142793,941.1427930000002,0.0,105109.30007785627,1,15,0
4222,907.775674,907.7756740000016,0.0,100523.54208779355,1,14,0
4223,859.3696749999999,859.3696750000012,0.0,93870.93906620133,1,13,0
4224,790.527965,790.5279650000007,0.0,84641.40807393841,1,11,0
4225,698.9372699999999,698.9372700000007,0.0,72656.40654002955,0,13,2
4226,654.797898,654.7978980000007,0.0,66721.23340795825,0,13,0
4227,620.4176520000001,620.4176520000009,0.0,62375.67823315047,0,13,0
4228,614.27502,614.2750200000008,0.0,61599.26883007232,0,13,0
4229,624.775592,624.775592,0.0,62926.50816957671,0,13,0
4230,651.018883,651.0188830000005,0.0,66243.57777428631,0,13,0
4231,678.274832,678.2748320000002,0.0,69688.64417146235,1,14,1
4232,668.2919240000001,668.2919240000011,0.0,68426.83593661069,0,14,0
4233,648.16701,648.1670100000005,0.0,65883.10997911564,0,14,0
4234,636.376123,636.3761230000003,0.0,64392.77887390994,0,14,0
4235,609.1852429999999,609.1852430000001,0.0,60955.93699408224,0,14,0
4236,601.016022,601.0160220000006,0.0,59923.37310286701,0,15,1
4237,594.886558,594.8865580000005,0.0,59148.628093654486,0,16,1
4238,594.781661,594.7816610000001,0.0,59135.369442126124,0,16,0
4239,590.533494,590.5334940000006,0.0,58598.41446832239,0,16,0
4240,665.6857259999999,665.6857260000006,0.0,68097.42069026615,0,16,0
4241,771.0706050000001,771.0706050000006,0.0,82123.93829046692,0,17,1
4242,866.998154,866.9981540000006,0.0,94919.3471869706,1,18,1
4243,911.8257249999999,911.8257250000013,0.0,101523.29909394898,1,18,0
4244,923.5312629999999,923.5128179707375,0.018445029264588474,103333.67083116564,1,18,0
4245,900.3663140000001,900.366314000001,0.0,99747.40224419314,1,16,0
4246,871.433274,870.8373465554043,0.5959274445970004,95544.81669048226,1,13,0
4247,828.973914,828.9739140000008,0.0,89763.92775807074,1,13,0
4248,769.001004,769.0010040000009,0.0,81773.16618291244,1,11,0
4249,711.960753,711.960753000001,0.0,74173.15067710847,1,11,0
4250,669.485544,669.4855440000011,0.0,68513.77433579006,1,11,0
4251,638.6716299999999,638.6716300000007,0.0,64599.155704273515,0,11,0
4252,627.49976,627.4997600000002,0.0,63187.06640477338,0,11,0
4253,632.632182,632.6321820000003,0.0,63835.78843490073,0,11,0
4254,649.442124,649.4421240000008,0.0,65960.51233729285,0,11,0
4255,662.094812,662.094812000001,0.0,67559.77238370523,0,11,0
4256,644.772377,644.7723770000007,0.0,65370.27097482868,0,11,0
4257,616.534031,616.5340310000003,0.0,61801.03268059673,0,12,1
4258,561.2243250000001,561.2243250000002,0.0,54810.059459363845,0,12,0
4259,533.5651130000001,533.5651130000003,0.0,51314.02188483034,0,12,0
4260,540.5592139999999,540.5592140000006,0.0,52198.05429674732,0,13,1
4261,549.249407,549.2494069999999,0.0,53296.467413431405,0,14,1
4262,573.382493,573.3824930000001,0.0,56346.813730074464,0,14,0
4263,652.953525,652.9535250000014,0.0,66404.34240140519,0,14,0
4264,744.378489,744.3784890000011,0.0,78492.47417137327,1,17,3
4265,830.7156740000001,830.7156740000005,0.0,89995.99901959774,1,18,1
4266,915.3030180000001,915.3030180000009,0.0,101662.29807529126,1,19,1
4267,957.079369,957.0793690000005,0.0,107836.58048070857,1,19,0
4268,968.0771369999999,968.0771370000003,0.0,109241.02012634996,1,19,0
4269,949.5294339999999,949.529434000001,0.0,106366.63091665103,1,18,0
4270,912.689756,912.6897560000007,0.0,101198.90128782879,1,17,0
4271,845.452897,845.4528970000014,0.0,91959.57949739926,2,16,0
4272,773.398898,773.3988980000007,0.0,82359.13945629232,1,14,0
4273,699.426592,699.4265920000004,0.0,72676.45213761777,0,14,0
4274,660.6108099999999,660.6108100000004,0.0,67540.05871562746,0,14,0
4275,634.509159,634.5091590000003,0.0,64240.891962309935,0,14,0
4276,629.121765,629.1217649999998,0.0,63559.94227173964,0,14,0
4277,662.0220319999999,662.0220319999997,0.0,67718.43274660151,0,14,0
4278,730.403423,730.4034230000013,0.0,76630.44312430386,1,14,0
4279,807.4397760000002,807.4397760000004,0.0,86894.72960702956,1,14,0
4280,815.0373219999999,815.0373220000007,0.0,87907.02296818713,1,14,0
4281,784.035172,784.0351720000014,0.0,83776.31146915715,1,15,1
4282,742.0044169999999,742.0044170000002,0.0,78176.15396422865,1,15,0
4283,700.715703,700.7157030000009,0.0,72674.86564390374,1,15,0
4284,694.9197539999999,694.9197540000006,0.0,71902.61619726558,1,15,0
4285,717.9930809999998,717.9930809999997,0.0,74976.89514758928,1,16,1
4286,728.066084,728.0660840000014,0.0,76319.01720434568,1,16,0
4287,762.606327,762.6063270000011,0.0,80921.14250660346,1,17,1
4288,832.742978,832.742978000001,0.0,90266.11602583222,1,20,3
4289,903.675989,903.6759890000009,0.0,99960.10827004338,1,20,0
4290,975.190771,975.1907710000005,0.0,110343.43980663862,1,20,0
4291,1004.3114779999999,1004.3114780000009,0.0,117296.03653765733,1,20,0
4292,1016.856728,1016.8567280000005,0.0,120524.65604689682,1,20,0
4293,981.3617789999998,981.3617790000009,0.0,111389.74962248438,1,20,0
4294,923.77959,923.7795900000002,0.0,102723.01533777027,1,13,0
4295,851.4947629999999,851.4947630000008,0.0,92788.66281019483,1,13,0
4296,775.641617,775.641617000001,0.0,82657.95825313043,1,12,0
4297,713.6631230000002,713.6631230000003,0.0,74593.87074209303,0,12,0
4298,674.2918719999999,674.2918720000006,0.0,69436.83810525385,0,12,0
4299,642.5260739999999,642.5260740000001,0.0,65421.74095089372,0,12,0
4300,639.3923719999999,639.3923720000004,0.0,65025.65085478433,0,12,0
4301,670.7353339999999,670.7353340000003,0.0,68987.3028660266,0,13,1
4302,738.5467529999999,738.5467530000006,0.0,77715.45648213207,1,13,0
4303,820.0937370000001,820.0937370000006,0.0,88580.73726169152,1,14,1
4304,820.3003519999999,820.3003520000009,0.0,88608.26654454364,1,14,0
4305,780.570091,780.5700910000002,0.0,83314.62574956108,1,14,0
4306,730.18906,730.1890600000004,0.0,76601.88150167218,1,14,0
4307,691.6271549999999,691.6271550000004,0.0,71627.96346100049,0,15,1
4308,687.067041,687.0670410000002,0.0,71051.57936559831,0,17,2
4309,688.6532599999999,688.6532600000004,0.0,71252.0724680569,0,19,2
4310,702.5703689999999,702.5703690000008,0.0,73011.15135985179,0,19,0
4311,758.428189,758.4281890000005,0.0,80364.44941657144,1,20,1
4312,842.3993699999999,842.3993700000007,0.0,91552.72903407649,1,21,1
4313,893.8447000000001,893.8447000000006,0.0,98608.96039046862,1,21,0
4314,971.3311999999997,971.3312,0.0,109745.31133561076,1,21,0
4315,1017.694861,1017.6948610000007,0.0,120740.35621669318,1,21,0
4316,1027.086294,1027.086294000001,0.0,123157.31592682381,1,21,0
4317,986.3470179999999,986.347018000001,0.0,112672.7403874051,1,20,0
4318,936.468204,936.4682040000012,0.0,104466.85522497562,1,13,0
4319,865.5175769999998,865.5175770000011,0.0,94715.86639476763,1,13,0
4320,785.478433,785.4784330000006,0.0,83968.61086803106,1,13,0
4321,697.948949,697.948949000001,0.0,72790.66506444137,0,13,0
4322,660.1797880000001,660.1797880000003,0.0,67904.74256076549,0,13,0
4323,633.4256199999999,633.4256200000004,0.0,64523.09970689887,0,13,0
4324,630.3390020000002,630.3390020000004,0.0,64132.960880592764,0,14,1
4325,663.3801709999999,663.3801710000007,0.0,68309.2609259633,0,14,0
4326,731.4943280000001,731.4943280000005,0.0,76918.67656042447,0,14,0
4327,811.8318470000002,811.8318470000004,0.0,87479.92702670068,1,14,0
4328,814.354716,814.354716,0.0,87816.07287429011,1,14,0
4329,775.03647,775.0364700000009,0.0,82577.32875899845,1,15,1
4330,721.459897,721.4598970000009,0.0,75650.3559801034,0,16,1
4331,671.930479,671.9304790000004,0.0,69389.99301774646,0,18,2
4332,647.0441299999999,647.0441300000005,0.0,66244.43662239597,0,19,1
4333,649.0813640000001,649.0813640000008,0.0,66501.93660511849,0,19,0
4334,665.255383,665.2553830000008,0.0,68546.28183647286,0,19,0
4335,756.869342,756.8693420000005,0.0,80156.74939485911,1,19,0
4336,800.5366369999999,800.5366370000004,0.0,85974.95869931177,1,20,1
4337,895.1312200000001,895.1312200000006,0.0,98785.77126135548,1,20,0
4338,965.0991519999999,965.0991520000007,0.0,108779.51349393062,1,20,0
4339,987.710941,987.7109410000003,0.0,113023.75678061362,1,20,0
4340,998.964567,998.9645670000004,0.0,115919.96661726772,1,20,0
4341,966.771224,966.7712240000003,0.0,109038.63915033339,1,19,0
4342,917.7373050000001,917.7373050000009,0.0,101892.60331697266,1,16,0
4343,858.1951470000001,858.1951470000008,0.0,93709.51964127124,1,13,0
4344,773.953234,773.9532340000003,0.0,82432.99891731438,1,12,0
4345,707.4514989999999,707.4514990000004,0.0,73797.18794233057,0,13,1
4346,667.845085,667.8450850000002,0.0,68621.98446491819,0,13,0
4347,635.144458,635.1444580000004,0.0,64488.72785938638,0,13,0
4348,627.8484879999999,627.8484880000016,0.0,63566.540153436355,0,13,0
4349,663.467124,663.4671240000016,0.0,68068.62393693796,0,13,0
4350,726.720306,726.7203060000008,0.0,76139.70639332953,1,13,0
4351,790.359135,790.3591350000004,0.0,84618.91324624476,1,14,1
4352,786.4927739999999,786.4927740000004,0.0,84103.76117317559,1,15,1
4353,764.0128480000001,764.0128480000004,0.0,81108.54668561442,1,15,0
4354,710.3944179999999,710.3944180000004,0.0,74000.08659376192,0,16,1
4355,679.8386970000001,679.8386970000004,0.0,70137.93937377015,0,16,0
4356,658.222183,658.2221830000004,0.0,67405.6798584076,0,17,1
4357,693.397887,693.3978870000003,0.0,71851.77842747273,0,17,0
4358,732.4636480000001,732.4636480000004,0.0,76904.94650868479,1,18,1
4359,768.225552,768.2255520000007,0.0,81669.84533279893,1,18,0
4360,816.237554,816.2375540000005,0.0,88066.94130042872,1,19,1
4361,893.0058479999998,893.0058480000008,0.0,98493.67407337665,1,20,1
4362,966.282969,966.2829690000005,0.0,108962.97291265528,1,20,0
4363,986.076126,986.0761260000005,0.0,112603.02418437225,1,20,0
4364,989.0294649999997,989.029465,0.0,113363.08938138277,1,20,0
4365,966.6819849999999,966.6819850000005,0.0,109024.80953387448,1,19,0
4366,922.514805,922.5148050000007,0.0,102549.19158272988,1,15,0
4367,850.554039,850.5540390000007,0.0,92659.37587357186,1,13,0
4368,779.682208,779.6822080000005,0.0,83196.3246472862,1,12,0
4369,718.9966730000001,718.9966730000004,0.0,75295.66309525055,0,13,1
4370,680.077369,680.0773690000005,0.0,70168.10676537876,0,14,1
4371,648.4154139999999,648.4154140000004,0.0,66166.1350402555,0,14,0
4372,640.5526490000001,640.5526489999997,0.0,65172.30622547474,0,14,0
4373,675.0073679999998,675.0073680000006,0.0,69527.27455371192,0,14,0
4374,736.8416100000001,736.8416100000015,0.0,77488.26405200746,1,14,0
4375,797.5115780000001,797.5115780000004,0.0,85571.90129856556,1,14,0
4376,795.260705,795.2607050000013,0.0,85271.9960667041,1,14,0
4377,758.8848639999999,758.8848640000008,0.0,80425.29657310156,1,14,0
4378,708.803323,708.8033230000003,0.0,73798.97718020913,0,14,0
4379,681.754951,681.7549510000003,0.0,70380.14786424884,0,14,0
4380,669.250786,669.2507860000005,0.0,68799.6606588228,0,16,2
4381,668.622104,668.622104,0.0,68720.19722745553,0,17,1
4382,671.4289369999999,671.4289370000001,0.0,69074.97210800675,0,17,0
4383,712.854107,712.8541070000003,0.0,74310.98356239815,0,17,0
4384,789.7289690000002,789.7289690000009,0.0,84534.95023263134,1,18,1
4385,863.632758,863.6327580000008,0.0,94479.74783083271,0,18,0
4386,946.9319530000001,946.9319530000001,0.0,105964.0920492344,1,19,1
4387,975.768279,975.7682790000007,0.0,110432.93783039472,1,19,0
4388,965.333635,965.3336350000005,0.0,108815.85197773408,1,19,0
4389,943.7941369999999,943.7941370000005,0.0,105477.81596143958,1,14,0
4390,919.9530550000001,918.2024624824348,1.7505925175668706,102034.79295793003,1,14,0
4391,864.945819,864.9458190000005,0.0,94637.28772524314,1,14,0
4392,800.3798899999999,800.3798900000011,0.0,85954.07380470494,1,12,0
4393,725.132082,725.1320820000004,0.0,75967.34855131464,0,12,0
4394,680.5723070000001,680.5723070000006,0.0,69990.96928553126,1,12,0
4395,641.3603840000001,641.3603840000005,0.0,65022.77381871468,0,12,0
4396,628.661468,628.6614680000005,0.0,63417.670698212,0,12,0
4397,642.3794210000001,642.3794210000005,0.0,65151.576896757535,0,12,0
4398,670.862945,670.8629450000003,0.0,68751.80492057567,0,12,0
4399,690.5000539999999,690.5000540000004,0.0,71313.73750297296,1,12,0
4400,688.5332439999999,688.5332440000004,0.0,71051.68068809375,1,12,0
4401,708.1009120000001,708.1009120000004,0.0,73658.86732569156,1,12,0
4402,680.820414,680.8204140000006,0.0,70024.02694243215,1,12,0
4403,660.7395409999999,660.7395410000006,0.0,67472.23843234086,0,12,0
4404,628.7844160000001,628.7844160000004,0.0,63433.210939478224,0,12,0
4405,621.0690899999998,621.0690900000003,0.0,62458.01795148652,0,12,0
4406,618.090855,618.0908550000005,0.0,62081.5783961662,0,12,0
4407,630.4038199999999,630.4038200000006,0.0,63637.898521769086,0,12,0
4408,694.184513,694.1845130000005,0.0,71804.65304137934,1,12,0
4409,779.1241529999999,779.1241530000007,0.0,83138.4711817268,0,14,2
4410,883.788716,883.7887160000008,0.0,97226.93190380356,1,14,0
4411,937.421398,937.4213980000009,0.0,104597.85595661143,1,14,0
4412,938.5061679999998,938.5061680000003,0.0,104746.93963071822,1,14,0
4413,921.9788000000001,921.9788000000005,0.0,102475.52657103186,1,13,0
4414,902.1576829999998,902.1576830000002,0.0,99751.44225153388,1,13,0
4415,849.260478,849.2604780000014,0.0,92481.59733382495,1,13,0
4416,792.1906129999998,792.1906130000008,0.0,84862.93849077853,1,12,0
4417,707.6592,707.6592000000004,0.0,73696.6052364739,0,11,0
4418,663.5151989999999,663.5151990000007,0.0,67907.16436835042,0,11,0
4419,632.022763,632.0227630000006,0.0,63926.619312707015,0,12,1
4420,616.756535,616.7565350000008,0.0,61997.016014196735,0,12,0
4421,623.800519,623.8005190000008,0.0,62887.35348073095,0,12,0
4422,641.5012459999999,641.5012460000005,0.0,65124.669810948864,0,13,1
4423,644.736905,644.7369050000008,0.0,65533.6469518153,0,13,0
4424,627.1956880000001,627.1956880000009,0.0,63316.492184895484,0,13,0
4425,603.413551,603.4135510000004,0.0,60310.50472022346,0,13,0
4426,577.33094,577.330940000001,0.0,57013.74456313945,0,13,0
4427,536.470598,536.4705980000002,0.0,51849.125594952915,0,13,0
4428,534.7190199999999,534.7190200000005,0.0,51627.73163395628,0,14,1
4429,549.0814349999998,549.0814350000003,0.0,53443.095806335565,0,14,0
4430,537.0900190000001,537.0900190000002,0.0,51927.41846499039,0,14,0
4431,590.974565,590.9745649999998,0.0,58738.25593580044,0,16,2
4432,666.054723,666.0547230000008,0.0,68228.15223038458,0,18,2
4433,762.200247,762.2002470000002,0.0,81072.50446414256,0,19,1
4434,879.0326960000001,879.0326960000002,0.0,96573.29570836516,1,19,0
4435,938.623823,938.6238230000008,0.0,105342.17934523843,1,19,0
4436,945.461801,945.4618010000013,0.0,106701.76190764662,1,19,0
4437,934.1442999999999,934.1443000000004,0.0,104647.9751855212,1,17,0
4438,904.8272080000002,904.8272080000002,0.0,100118.32425889035,1,12,0
4439,832.7876619999998,832.7876620000004,0.0,90279.21534894529,0,12,0
4440,766.2157020000001,766.2157020000012,0.0,81402.05388909832,1,12,0
4441,709.5074619999998,709.5074620000007,0.0,74086.56339815687,0,12,0
4442,665.801522,665.8015219999995,0.0,68447.77599406238,0,12,0
4443,633.590801,633.5908010000009,0.0,64376.44196911577,0,12,0
4444,617.2942140000001,617.2942140000004,0.0,62316.60452730229,0,12,0
4445,635.293666,635.2936659999999,0.0,64591.678759822404,0,12,0
4446,670.885927,670.8859270000002,0.0,69090.42882611517,0,14,2
4447,693.4739770000001,693.473977,0.0,71945.4874422262,0,15,1
4448,694.017047,694.0170470000011,0.0,72014.1297855296,0,15,0
4449,677.9027039999999,677.902704,0.0,69977.32741325213,0,15,0
4450,646.8404689999999,646.8404690000009,0.0,66051.15841360792,0,15,0
4451,644.291606,644.2916059999999,0.0,65728.99013128874,0,15,0
4452,631.0073210000002,631.0073210000002,0.0,64049.89820665939,0,16,1
4453,628.269285,628.2692850000007,0.0,63703.819050954466,0,17,1
4454,641.4189449999999,641.4189450000008,0.0,65365.89479817175,0,17,0
4455,663.7647159999998,663.764716,0.0,68190.33010919647,0,17,0
4456,731.1107540000003,731.1107540000007,0.0,76724.68756526419,1,17,0
4457,840.8410339999999,840.8410340000019,0.0,91407.18371017046,0,18,1
4458,926.183415,926.1834150000002,0.0,103053.38127977632,1,19,1
4459,960.6553569999999,960.655357000001,0.0,108090.84620191534,1,19,0
4460,955.8928290000001,955.8928289999999,0.0,107352.78396886727,1,19,0
4461,936.430099,936.4300990000013,0.0,104461.61832369532,1,17,0
4462,902.2549280000002,902.2549280000003,0.0,99764.806966532,1,14,0
4463,844.310521,844.3105210000012,0.0,91807.36987066639,2,14,0
4464,773.1166690000001,773.1166690000006,0.0,82321.53540058457,1,12,0
4465,694.7456940000001,694.7456940000006,0.0,72059.59510231513,0,12,0
4466,653.387345,653.3873450000003,0.0,66542.94393648408,0,13,1
4467,621.828822,621.8288220000003,0.0,62554.045691487765,0,13,0
4468,614.528377,614.528377000001,0.0,61631.29235958472,0,14,1
4469,646.3261920000001,646.3261920000003,0.0,65650.43636224334,0,14,0
4470,710.809626,710.8096260000007,0.0,74019.77507136033,1,14,0
4471,781.145901,781.1459010000007,0.0,83391.34639597622,1,15,1
4472,789.756511,789.7565110000003,0.0,84538.61991541475,1,15,0
4473,759.149187,759.1491870000008,0.0,80460.5148420138,1,15,0
4474,717.4455449999999,717.4455450000004,0.0,74903.9417152844,1,15,0
4475,701.616259,701.616259,0.0,72794.85529058041,1,15,0
4476,672.8394779999999,672.8394780000004,0.0,69001.63248743859,0,16,1
4477,648.8968789999999,648.8968790000007,0.0,65975.3631296569,0,16,0
4478,654.412505,654.412505000001,0.0,66672.52094250692,0,16,0
4479,679.162328,679.1623280000006,0.0,69803.10436426963,1,17,1
4480,759.1824900000003,759.1824900000006,0.0,80464.95211765604,1,18,1
4481,826.970608,826.9706080000007,0.0,89605.2039295726,0,19,1
4482,921.7616219999999,921.7616220000014,0.0,102445.67905111972,1,19,0
4483,973.3301500000001,973.33015,0.0,110055.094186389,1,20,1
4484,981.300141,981.3001410000006,0.0,111373.88659470003,1,20,0
4485,951.2125669999999,951.2125670000004,0.0,106627.47072704088,1,15,0
4486,911.2956910000003,911.2956910000014,0.0,101007.31013749861,1,13,0
4487,837.880573,837.8805730000006,0.0,90950.64670334516,1,13,0
4488,763.4726029999999,763.4726030000012,0.0,81036.56470262968,1,12,0
4489,690.7331989999998,690.7331990000008,0.0,71629.46400976843,0,12,0
4490,650.5032549999999,650.5032550000001,0.0,66430.03158892255,0,12,0
4491,623.446526,623.4465260000006,0.0,63010.14597439496,0,12,0
4492,615.605803,615.6058030000006,0.0,62019.103199224446,0,12,0
4493,649.276919,649.2769190000008,0.0,66275.02656799136,0,13,1
4494,717.1676109999999,717.1676110000004,0.0,74866.90992330314,1,13,0
4495,785.8925049999999,785.8925050000004,0.0,84023.78162140866,1,13,0
4496,792.57389,792.5738900000018,0.0,84914.00613322327,1,13,0
4497,735.7546239999999,735.7546240000012,0.0,77343.43456213383,1,13,0
4498,692.909866,692.9098660000002,0.0,71790.09410497063,0,13,0
4499,667.7880930000001,667.7880930000001,0.0,68614.78085501607,0,14,1
4500,637.1790109999998,637.1790110000003,0.0,64745.8889721245,0,14,0
4501,638.410871,638.4108709999998,0.0,64901.592209315895,0,16,2
4502,656.5204480000001,656.5204480000006,0.0,67190.58589615379,0,16,0
4503,692.7648230000001,692.7648230000005,0.0,71771.76112506066,0,17,1
4504,757.6533099999999,757.6533100000012,0.0,80261.2049127014,1,17,0
4505,829.0643860000001,829.0643860000022,0.0,89917.0886961367,0,18,1
4506,926.0417340000001,926.041734000001,0.0,103033.90957238118,1,19,1
4507,967.1094999999999,967.1095000000001,0.0,109091.06272452475,1,19,0
4508,972.495032,972.4950320000005,0.0,109925.67362320528,1,19,0
4509,947.597274,947.597274,0.0,106067.19869825641,1,16,0
4510,908.481684,908.4816840000005,0.0,100620.57147167773,1,16,0
4511,842.358861,842.3588610000007,0.0,91547.33163447311,1,14,0
4512,763.287429,763.287429000001,0.0,81011.89220826646,1,12,0
4513,711.432722,711.4327220000004,0.0,74193.9892823757,0,13,1
4514,667.5418319999999,667.5418320000002,0.0,68416.11813994937,0,14,1
4515,638.007164,638.0071640000002,0.0,64683.028814072226,0,14,0
4516,630.658653,630.6586530000002,0.0,63754.20009064825,0,14,0
4517,666.169112,666.1691120000007,0.0,68242.61064091751,0,14,0
4518,729.142289,729.1422890000006,0.0,76462.41023898395,1,15,1
4519,798.1511250000001,798.1511250000005,0.0,85657.11423209019,1,15,0
4520,806.2738899999998,806.2738900000004,0.0,86739.38751924667,1,15,0
4521,792.465536,792.4655359999999,0.0,84899.56909857328,1,15,0
4522,733.297144,733.297144000001,0.0,77016.00111333636,1,15,0
4523,689.501576,689.5015760000015,0.0,71191.76084991312,0,15,0
4524,675.869604,675.869604,0.0,69468.72237987303,0,16,1
4525,686.08076,686.0807600000007,0.0,70759.38044545444,0,17,1
4526,701.1718510000001,701.1718510000002,0.0,72735.64258320817,1,17,0
4527,708.356801,708.3568010000009,0.0,73692.96185251557,1,17,0
4528,756.5530600000001,756.5530600000011,0.0,80114.60813387127,1,19,2
4529,829.2155729999998,829.2155730000013,0.0,90037.87080079645,0,19,0
4530,935.2540570000002,935.2540570000008,0.0,104299.99082453511,1,20,1
4531,983.6946970000001,983.6946970000014,0.0,111990.14455827734,1,20,0
4532,992.9207520000001,992.9207520000003,0.0,114364.54292947873,1,20,0
4533,970.784106,970.7841060000003,0.0,109660.52665417123,1,19,0
4534,926.800794,926.800794000001,0.0,103138.22980032588,1,14,0
4535,853.361571,853.3615710000014,0.0,93045.22465786037,1,14,0
4536,781.99084,781.9908400000008,0.0,83503.92566042334,1,14,0
4537,693.4218030000001,693.4218030000005,0.0,72194.58362079044,0,14,0
4538,653.450829,653.4508290000003,0.0,67054.2232653678,0,14,0
4539,625.179579,625.1795790000002,0.0,63480.82600882154,0,14,0
4540,618.143016,618.1430160000006,0.0,62591.42653339283,0,14,0
4541,651.51047,651.5104700000005,0.0,66808.96797855472,0,14,0
4542,711.545753,711.5457530000006,0.0,74397.2392990014,0,14,0
4543,775.7294829999998,775.7294830000001,0.0,82669.66547655109,1,14,0
4544,773.3687959999999,773.3687960000003,0.0,82355.1286803447,1,14,0
4545,731.238384,731.2383840000005,0.0,76886.32604223266,0,14,0
4546,678.262616,678.2626160000009,0.0,70190.35525796848,0,14,0
4547,644.131005,644.1310050000004,0.0,65876.22676669534,0,14,0
4548,611.8133200000001,611.8133200000003,0.0,61791.372827908555,0,14,0
4549,606.5418990000001,606.5418990000004,0.0,61125.08176049908,0,14,0
4550,618.548227,618.5482270000003,0.0,62642.643931835475,0,14,0
4551,655.4721349999999,655.4721350000004,0.0,67309.70999888827,0,14,0
4552,735.424565,735.4245650000004,0.0,77415.44618021049,0,14,0
4553,830.8288719999999,830.8288720000007,0.0,90011.08146646898,1,14,0
4554,912.893232,912.8932320000002,0.0,101226.86569472842,1,14,0
4555,942.5849910000001,942.5849910000004,0.0,105307.50631201612,1,14,0
4556,936.2099409999998,936.2099410000003,0.0,104431.36125212794,1,14,0
4557,914.519572,914.5195720000005,0.0,101450.37919763409,1,13,0
4558,890.9611299999999,890.9611300000005,0.0,98212.66144217149,1,13,0
4559,837.207461,837.2074610000004,0.0,90860.96158542475,1,12,0
4560,774.618159,774.6181590000003,0.0,82521.59320330722,1,11,0
4561,717.29587,717.2958700000004,0.0,74920.14074361238,0,12,1
4562,672.515464,672.5154640000003,0.0,68960.67813491852,0,13,1
4563,634.81702,634.8170200000003,0.0,64195.71314873425,0,13,0
4564,622.3602830000001,622.3602830000005,0.0,62621.22069363173,0,13,0
4565,635.77883,635.7788300000001,0.0,64317.28291361263,0,14,1
4566,663.81435,663.8143499999998,0.0,67860.8846381153,0,14,0
4567,682.1660020000002,682.1660020000004,0.0,70203.31243793991,1,14,0
4568,678.1977410000001,678.1977410000005,0.0,69678.90011105104,0,15,1
4569,666.441685,666.4416850000003,0.0,68192.97153491082,0,15,0
4570,639.0027670000001,639.0027670000003,0.0,64724.77843047442,0,15,0
4571,624.4075100000001,624.4075100000008,0.0,62879.9837601862,0,16,1
4572,598.525403,598.5254030000009,0.0,59608.56667932009,0,17,1
4573,584.8023780000001,584.8023780000004,0.0,57874.0193958955,0,17,0
4574,577.365498,577.3654980000013,0.0,56934.02110826191,0,17,0
4575,638.1206390000001,638.1206390000013,0.0,64613.28022027434,0,17,0
4576,704.7062649999999,704.7062650000005,0.0,73281.12190967421,0,18,1
4577,800.9160929999998,800.9160930000002,0.0,86025.51723356103,1,18,0
4578,874.742321,874.7423210000007,0.0,95983.6547076958,1,19,1
4579,929.5928529999999,929.592853000001,0.0,104902.12645963267,1,19,0
4580,930.209513,930.2095130000014,0.0,105060.82879769435,1,19,0
4581,911.723452,911.7234520000013,0.0,101507.449562196,1,17,0
4582,892.816978,892.816978000001,0.0,98577.46061105438,1,14,0
4583,841.4059579999999,841.4059580000015,0.0,91420.3672987881,1,12,0
4584,784.9112819999999,784.9112820000013,0.0,83893.04394259574,1,12,0
4585,708.2655369999998,708.2655370000008,0.0,73961.20313784946,0,12,0
4586,666.0665420000001,666.0665420000009,0.0,68397.18221256476,0,12,0
4587,633.1479220000001,633.147922,0.0,64236.37197611284,0,12,0
4588,617.75635,617.7563500000001,0.0,62290.92558945735,0,12,0
4589,624.970688,624.9706880000006,0.0,63202.79526685042,0,12,0
4590,643.2381149999999,643.2381150000006,0.0,65511.74069819708,0,12,0
4591,652.670522,652.6705220000013,0.0,66703.96733467159,0,13,1
4592,646.1967619999999,646.196762000001,0.0,65885.70439180419,0,13,0
4593,647.2856180000001,647.2856180000005,0.0,66023.33237228515,0,13,0
4594,604.6265300000002,604.6265300000005,0.0,60631.35755596238,0,13,0
4595,587.7941420000001,587.7941420000005,0.0,58503.79654962831,0,13,0
4596,586.850202,586.8502020000004,0.0,58384.48549665596,0,13,0
4597,579.536058,579.5360580000009,0.0,57460.00065415404,0,13,0
4598,558.45742,558.4574200000004,0.0,54795.726976798665,0,13,0
4599,590.6437019999998,590.643702,0.0,58863.971988859405,0,14,1
4600,664.5161980000001,664.5161980000004,0.0,68201.22359749454,0,14,0
4601,756.6506240000001,756.650624000001,0.0,80265.27287718421,0,18,4
4602,880.8335629999999,880.8335630000007,0.0,96820.79505747862,1,18,0
4603,942.804876,942.8048760000011,0.0,105337.725864254,1,19,1
4604,948.3473899999999,948.3473900000004,0.0,106183.44626467602,1,19,0
4605,935.534306,935.5343060000012,0.0,104338.5064090229,1,18,0
4606,906.633297,906.6332970000012,0.0,100366.54128543433,1,18,0
4607,834.4877910000001,834.4877910000009,0.0,90498.59406760536,1,17,0
4608,768.7632810000001,768.7632810000006,0.0,81741.4920851584,1,16,0
4609,712.8334780000001,712.8334780000004,0.0,74441.94012967999,0,16,0
4610,670.264673,670.2646730000006,0.0,68927.81279303151,0,17,1
4611,642.4630780000001,642.4630779999998,0.0,65413.77845423812,0,17,0
4612,634.3193699999999,634.3193700000005,0.0,64384.43932613763,0,17,0
4613,669.393938,669.3939380000007,0.0,68817.7546222687,0,17,0
4614,739.9491329999998,739.9491330000004,0.0,77902.30891630224,1,17,0
4615,807.5681240000001,807.5681240000007,0.0,86911.83063258679,1,17,0
4616,814.7748650000001,814.7748650000005,0.0,87872.053324214,1,17,0
4617,776.1299770000002,776.1299770000008,0.0,82723.02710376386,1,17,0
4618,737.280821,737.2808210000007,0.0,77546.7843136086,1,17,0
4619,703.3570529999998,703.357053,0.0,73110.58574805061,0,17,0
4620,680.28715,680.287150000001,0.0,70194.62242527626,0,17,0
4621,691.7956790000001,691.7956790000004,0.0,71649.26436560365,0,17,0
4622,736.691011,736.6910110000006,0.0,77468.19831395234,1,18,1
4623,789.112554,789.1125539999999,0.0,84452.8193956191,1,19,1
4624,878.477071,878.4770710000005,0.0,96496.93425254908,1,20,1
4625,930.915428,930.9154280000014,0.0,103703.71811058979,1,20,0
4626,983.119029,983.1190290000011,0.0,111841.99183627934,1,20,0
4627,1014.344375,1014.344375000001,0.0,119878.08209182252,1,20,0
4628,1016.986057,1016.9860570000001,0.0,120557.93988998559,1,20,0
4629,985.605261,985.6052610000004,0.0,112481.84334499334,1,20,0
4630,937.838201,937.8382010000007,0.0,104655.1386272409,1,13,0
4631,859.009459,859.0094590000002,0.0,93832.24458092198,0,13,0
4632,786.8500400000001,786.85004,0.0,84151.36312253753,1,13,0
4633,709.6894839999999,709.6894840000007,0.0,74277.1065052698,0,15,2
4634,670.044682,670.0446820000006,0.0,69151.63419646327,0,16,1
4635,636.0626140000002,636.0626140000004,0.0,64856.407470974686,0,17,1
4636,628.5198090000001,628.5198090000009,0.0,63903.02059583966,0,17,0
4637,660.5226169999999,660.5226170000001,0.0,67948.07507022523,0,17,0
4638,726.4504019999999,726.4504020000006,0.0,76281.14014690819,0,17,0
4639,796.452286,796.4522860000003,0.0,85430.76174388207,1,17,0
4640,812.8935610000001,812.8935610000008,0.0,87621.38928749492,1,17,0
4641,810.3951259999998,810.3951260000009,0.0,87288.4990142694,1,17,0
4642,788.2870930000001,788.2870930000007,0.0,84342.83537048867,1,17,0
4643,756.682106,756.6821060000015,0.0,80131.8021606115,1,18,1
4644,711.399035,711.3990350000001,0.0,74378.69460434913,0,18,0
4645,707.5859370000001,707.5859370000004,0.0,73896.7309864638,0,18,0
4646,697.845573,697.8455730000011,0.0,72665.57955186648,0,18,0
4647,713.9836,713.9836000000012,0.0,74705.37550739973,0,19,1
4648,782.6619799999999,782.6619800000004,0.0,83593.34803001568,1,20,1
4649,868.4126709999999,868.4126710000007,0.0,95113.74912604211,1,20,0
4650,963.2885489999999,963.288549,0.0,108498.91930249619,1,20,0
4651,995.4982539999999,995.4982540000002,0.0,115027.88349601216,1,20,0
4652,1000.52889,1000.5288900000006,0.0,116322.55753865646,1,20,0
4653,968.913244,968.913244000001,0.0,109370.5939576193,1,18,0
4654,928.708741,928.7087410000007,0.0,103400.44552233248,1,13,0
4655,853.527885,853.5278850000008,0.0,93068.0817632148,1,13,0
4656,779.821397,779.8213970000008,0.0,83214.87012244966,1,13,0
4657,716.3133810000002,716.3133810000007,0.0,75073.16247067187,0,13,0
4658,675.3060369999998,675.3060370000004,0.0,69816.65295306989,0,13,0
4659,646.731962,646.7319620000004,0.0,66204.97956709132,0,13,0
4660,638.1236349999999,638.1236350000004,0.0,65116.91405582977,0,14,1
4661,672.725873,672.7258730000003,0.0,69490.52832260469,0,14,0
4662,741.127159,741.1271590000005,0.0,78136.23616136794,0,14,0
4663,814.4395320000001,814.4395320000003,0.0,87827.37371718335,1,14,0
4664,822.975359,822.9753590000004,0.0,88964.6831858051,1,15,1
4665,783.8496160000001,783.8496160000005,0.0,83751.5880772983,1,15,0
4666,737.260597,737.2605970000001,0.0,77647.514861706,0,16,1
4667,702.2189439999999,702.2189440000006,0.0,73218.35991825485,0,17,1
4668,675.1576720000002,675.1576720000005,0.0,69797.90008278764,0,18,1
4669,681.5784729999998,681.5784730000007,0.0,70609.46917429334,0,19,1
4670,697.1851560000001,697.1851560000003,0.0,72582.10491611535,0,19,0
4671,733.120288,733.1202880000005,0.0,77124.19280053602,0,20,1
4672,820.281224,820.2812240000002,0.0,88605.71793905801,1,20,0
4673,896.2539029999999,896.253903000001,0.0,98940.06544952195,1,20,0
4674,970.567859,970.5678590000012,0.0,109627.0142540952,1,20,0
4675,1001.9295979999999,1001.9295980000005,0.0,116683.04084313803,1,20,0
4676,1003.919799,1003.919799000001,0.0,117195.23484293158,1,20,0
4677,978.6112840000001,978.6112840000004,0.0,110873.52623614609,1,19,0
4678,938.305412,938.3054120000005,0.0,104719.34904277886,1,13,0
4679,869.215524,869.2155240000012,0.0,95224.08797668123,1,13,0
4680,789.5021830000001,789.5021830000005,0.0,84504.73337547721,1,13,0
4681,725.820123,725.8201230000004,0.0,76315.96864079394,0,14,1
4682,681.319658,681.3196580000005,0.0,70576.75577071359,0,14,0
4683,650.8520989999998,650.8520990000002,0.0,66725.75195078124,0,14,0
4684,643.9661739999999,643.9661740000005,0.0,65855.39264569986,0,14,0
4685,680.6040360000001,680.6040360000003,0.0,70486.30339625102,0,14,0
4686,744.319802,744.3198020000004,0.0,78539.77621486156,0,15,1
4687,814.22167,814.2216700000006,0.0,87798.34588948106,1,15,0
4688,825.098928,825.0989280000007,0.0,89247.62649416547,1,16,1
4689,787.303856,787.3038560000007,0.0,84211.82934728796,1,16,0
4690,718.9866789999999,718.9866790000003,0.0,75337.74898833464,0,16,0
4691,687.5201589999999,687.5201590000005,0.0,71360.47963374095,0,17,1
4692,685.456318,685.4563180000001,0.0,71099.6166097378,0,18,1
4693,712.263417,712.2634170000008,0.0,74487.94977585413,0,19,1
4694,739.209254,739.2092540000003,0.0,77893.81898967172,0,19,0
4695,769.1845280000001,769.1845280000003,0.0,81797.61883207213,1,19,0
4696,833.5419719999999,833.5419720000004,0.0,90372.57360066021,1,19,0
4697,887.1166209999999,887.1166210000008,0.0,97684.29734023573,1,19,0
4698,967.209053,967.2090530000006,0.0,109106.49073029961,1,19,0
4699,1007.285547,1007.2855470000013,0.0,118061.4367644544,1,20,1
4700,1012.730248,1012.7302480000002,0.0,119462.67371633445,1,20,0
4701,989.9333949999999,989.9333950000007,0.0,113595.72293057379,1,20,0
4702,945.866921,945.8669210000006,0.0,105799.04107290687,1,19,0
4703,871.410218,871.4102180000004,0.0,95525.712325677,1,13,0
4704,799.26249,799.2624900000008,0.0,85805.19196815432,1,13,0
4705,721.9676959999999,721.967696000001,0.0,75829.03396076238,0,13,0
4706,681.0971459999998,681.0971460000002,0.0,70548.63095237872,0,13,0
4707,651.407569,651.4075689999999,0.0,66795.96161516088,0,13,0
4708,643.4373800000001,643.4373800000002,0.0,65788.55474398419,0,14,1
4709,678.2915039999999,678.2915040000007,0.0,70194.00661048903,0,15,1
4710,739.3331539999999,739.3331540000006,0.0,77909.47956074965,0,15,0
4711,805.426542,805.4265420000006,0.0,86626.48728080261,1,15,0
4712,816.583072,816.5830720000007,0.0,88112.97795194232,1,15,0
4713,788.921812,788.9218120000013,0.0,84427.40502362417,1,15,0
4714,730.970582,730.9705819999997,0.0,76852.47671006306,0,15,0
4715,673.9531670000002,673.9531670000006,0.0,69645.65443172885,0,15,0
4716,660.358763,660.358763000001,0.0,67927.36443896305,0,15,0
4717,660.606942,660.6069420000002,0.0,67958.73348552907,0,15,0
4718,690.3124129999999,690.3124129999998,0.0,71713.41177445556,0,15,0
4719,737.2903750000002,737.2903750000003,0.0,77651.2787074329,0,18,3
4720,808.344745,808.3447450000004,0.0,87015.30723969589,1,18,0
4721,862.492859,862.492859000001,0.0,94335.6681753757,0,19,1
4722,947.185955,947.185955,0.0,106003.4554468498,1,19,0
4723,981.430484,981.0568855954633,0.3735984045381335,111236.12928630273,1,19,0
4724,970.0010649999999,969.2809624195796,0.7201025804210319,109395.97228789386,1,17,0
4725,947.5574249999999,947.5574250000006,0.0,106061.02318770313,1,14,0
4726,923.1316039999999,923.1316040000011,0.0,102633.9603918834,1,13,0
4727,868.9693790000002,868.9693790000008,0.0,95190.25942227514,1,13,0
4728,803.5271130000001,803.5271130000008,0.0,86373.40827783375,1,12,0
4729,715.3677259999998,715.3677260000002,0.0,74874.24342858947,0,12,0
4730,671.92325,671.9232500000005,0.0,69137.4517195583,0,12,0
4731,633.014119,633.0141190000004,0.0,64219.45969692051,0,13,1
4732,620.5930910000001,620.5930910000004,0.0,62649.48074732739,0,13,0
4733,633.600171,633.600171,0.0,64293.53483010323,0,13,0
4734,661.610331,661.6103310000009,0.0,67833.93113021109,0,13,0
4735,683.9500990000001,683.9500990000007,0.0,70657.60768087932,0,13,0
4736,694.450905,694.4509050000008,0.0,71984.8765972493,0,15,2
4737,682.142577,682.1425770000002,0.0,70429.1425738908,0,15,0
4738,670.258167,670.2581670000005,0.0,68926.99045505383,0,16,1
4739,655.459639,655.4596390000007,0.0,67056.50296843325,0,16,0
4740,643.6813990000002,643.6813990000006,0.0,65567.77040432859,0,16,0
4741,629.760161,629.7601610000002,0.0,63808.16961989462,0,16,0
4742,654.953462,654.9534620000005,0.0,66992.52378452283,0,16,0
4743,674.3567569999999,674.356757000001,0.0,69445.0393655799,0,16,0
4744,738.18255,738.1825500000004,0.0,77666.93025023903,1,16,0
4745,810.4518590000002,810.451859,0.0,87317.50087533458,0,19,3
4746,890.5101950000001,890.5101950000005,0.0,98219.97202261201,1,19,0
4747,928.567346,928.5673460000007,0.0,104638.2041059879,1,19,0
4748,929.9212680000002,929.9212680000012,0.0,104986.64666258811,1,19,0
4749,910.48221,910.4822100000005,0.0,101315.09083122929,1,16,0
4750,891.047169,891.0471690000014,0.0,98303.18837945639,1,15,0
4751,839.4842790000002,839.4842790000006,0.0,91164.32371656079,1,14,0
4752,783.3556450000001,783.3556450000009,0.0,83685.77161973367,1,14,0
4753,704.6828269999999,704.6828270000007,0.0,73508.35983997612,0,14,0
4754,664.184528,664.1845280000002,0.0,68159.30155060661,0,14,0
4755,629.2796150000001,629.2796150000001,0.0,63747.43011392853,0,14,0
4756,614.1275220000001,614.1275220000002,0.0,61832.25312114845,0,14,0
4757,621.0215700000001,621.0215700000001,0.0,62703.639147931775,0,14,0
4758,638.953008,638.9530079999995,0.0,64970.116624347815,0,14,0
4759,645.2662489999999,645.2662490000002,0.0,65768.0904694844,0,15,1
4760,639.3454220000001,639.3454220000001,0.0,65019.71652216034,0,15,0
4761,635.5440600000001,635.5440600000005,0.0,64539.23629783572,0,15,0
4762,586.7347160000002,586.7347160000003,0.0,58369.888428766506,0,15,0
4763,587.2837329999999,587.2837330000001,0.0,58439.282454202104,0,15,0
4764,605.1132899999999,605.11329,0.0,60692.88249202268,0,15,0
4765,634.904256,634.9042560000006,0.0,64458.36708058048,0,15,0
4766,633.722492,633.7224920000007,0.0,64308.9958205377,0,15,0
4767,678.821214,678.8212140000011,0.0,70009.33271644938,0,15,0
4768,754.0974509999999,754.0974510000005,0.0,79787.42397621048,1,15,0
4769,829.2925779999999,829.2925780000003,0.0,89806.38639558862,1,18,3
4770,898.300612,898.300612000001,0.0,99427.27464999702,1,18,0
4771,935.1446070000001,935.1446070000014,0.0,104737.20440330848,1,19,1
4772,941.2028229999999,941.202823000001,0.0,105376.147913415,1,19,0
4773,929.859497,929.8594970000006,0.0,103558.59787949618,1,18,0
4774,901.6633840000001,901.6633840000006,0.0,99683.5090389383,1,18,0
4775,829.5456279999999,829.5456280000006,0.0,89840.10265542322,1,16,0
4776,763.1362689999999,763.1362690000003,0.0,80991.75172284221,1,15,0
4777,708.1032659999998,708.1032660000004,0.0,73824.98595392807,0,15,0
4778,668.7987189999999,668.7987190000003,0.0,68742.52080906108,0,15,0
4779,639.703615,639.7036150000005,0.0,65064.99099299256,0,15,0
4780,629.4908879999999,629.4908880000003,0.0,63774.134357942596,0,15,0
4781,663.522222,663.5222220000006,0.0,68075.5881511852,0,15,0
4782,730.621311,730.621311000001,0.0,76659.47441623358,1,15,0
4783,800.230428,800.2304280000003,0.0,85934.15955998091,1,16,1
4784,810.9707669999999,810.9707670000013,0.0,87365.19714320608,1,16,0
4785,777.9428020000001,777.9428020000014,0.0,82964.56703158279,1,16,0
4786,730.4702419999999,730.4702419999999,0.0,76639.34605560532,1,17,1
4787,704.909405,704.9094050000006,0.0,73306.79816801776,0,17,0
4788,690.882056,690.8820560000015,0.0,71533.78528626639,0,17,0
4789,678.8645829999999,678.8645830000006,0.0,70014.81442191404,0,17,0
4790,697.436072,697.4360720000011,0.0,72362.19233561012,0,17,0
4791,723.1918509999999,723.1918510000003,0.0,75669.57675256873,1,17,0
4792,784.832522,784.8325220000013,0.0,83882.54999821889,1,18,1
4793,867.8020539999999,867.8020540000011,0.0,95029.82993042273,1,19,1
4794,958.5219320000001,958.5219320000011,0.0,107760.22338572609,1,20,1
4795,1000.521394,1000.5213940000002,0.0,116320.62838365023,1,20,0
4796,1004.4660849999998,1004.466085000001,0.0,117335.82587437569,1,20,0
4797,978.8107330000003,978.8107330000005,0.0,110904.43540336132,1,19,0
4798,931.4539359999999,931.4539360000007,0.0,103777.72711819127,1,13,0
4799,852.859542,852.8595420000008,0.0,92984.45392345404,0,13,0
4800,781.648197,781.6481970000002,0.0,83458.2720725217,1,13,0
4801,694.563358,694.5633580000004,0.0,72336.52800119136,0,13,0
4802,656.3895969999999,656.3895970000007,0.0,67425.67431577509,0,14,1
4803,622.888703,622.8887030000006,0.0,63191.26647348135,0,14,0
4804,615.613118,615.6131180000003,0.0,62271.65536754262,0,15,1
4805,646.9508120000002,646.9508119999999,0.0,66232.6415201211,0,15,0
4806,712.430661,712.4306609999998,0.0,74509.08889247508,0,16,1
4807,782.4529809999999,782.4529810000013,0.0,83565.50110415465,1,16,0
4808,793.397756,793.3977560000002,0.0,85023.77764132361,1,16,0
4809,748.554228,748.5542280000008,0.0,79074.99436939838,0,17,1
4810,689.275443,689.2754430000003,0.0,71582.34202150446,0,17,0
4811,660.6333359999999,660.6333360000013,0.0,67962.06960427845,0,17,0
4812,624.902301,624.902301000001,0.0,63445.778939997275,0,17,0
4813,634.38915,634.3891500000009,0.0,64644.886874378244,0,17,0
4814,647.7435280000001,647.7435280000007,0.0,66332.83833418567,0,17,0
4815,699.028778,699.0287780000014,0.0,72815.13294978603,0,18,1
4816,770.740555,770.7405550000003,0.0,82004.94311834587,1,19,1
4817,835.2748139999999,835.2748139999999,0.0,90778.21460589553,0,20,1
4818,932.9412720000001,932.9412720000015,0.0,103982.1368230241,1,20,0
4819,980.7215349999999,980.7215350000005,0.0,111224.97775511823,1,20,0
4820,982.705673,982.705673,0.0,111735.61139381201,1,20,0
4821,951.1557859999998,951.1557860000003,0.0,106618.6712172732,1,15,0
4822,911.7455170000001,911.7455170000001,0.0,101069.13127265961,1,14,0
4823,838.314562,838.3145620000012,0.0,91008.47118818745,1,14,0
4824,764.1789729999999,764.1789730000011,0.0,81130.68110041399,1,12,0
4825,710.2704759999999,710.2704760000006,0.0,74047.08503626593,0,12,0
4826,669.973839,669.9738390000002,0.0,68723.5161906794,0,12,0
4827,641.777544,641.7775440000003,0.0,65159.59301084942,0,12,0
4828,633.318802,633.3188020000003,0.0,64090.434574040555,0,12,0
4829,668.0061260000001,668.0061260000006,0.0,68474.80344413055,0,14,2
4830,736.6910509999999,736.6910510000007,0.0,77468.20364353304,1,14,0
4831,810.292879,810.292879000001,0.0,87274.87567335139,1,14,0
4832,809.839269,809.8392690000013,0.0,87214.43689594163,1,14,0
4833,764.268409,764.2684090000006,0.0,81142.59750987675,1,14,0
4834,702.730369,702.730369000001,0.0,72943.29876911943,1,14,0
4835,665.962944,665.9629440000006,0.0,68216.55165287884,0,15,1
4836,646.628682,646.6286820000003,0.0,65772.76162632722,0,15,0
4837,656.726454,656.7264540000008,0.0,67049.08831022099,0,15,0
4838,679.515315,679.5153150000006,0.0,69929.52880638628,0,15,0
4839,735.7663470000001,735.7663470000008,0.0,77344.99652899426,1,16,1
4840,815.8726579999999,815.8726580000003,0.0,88018.32273355026,1,18,2
4841,887.951738,887.9517380000007,0.0,97799.0703434245,1,19,1
4842,963.286925,963.2869250000008,0.0,108498.66762669168,1,19,0
4843,996.1579780000001,996.1579780000003,0.0,115197.66869575818,1,20,1
4844,995.7995990000002,995.799599000001,0.0,115105.43701993668,1,20,0
4845,971.091979,971.0919790000007,0.0,109708.2385907468,1,18,0
4846,931.8073690000001,931.8073690000012,0.0,103826.30063164637,1,13,0
4847,864.552594,864.5525940000005,0.0,94583.24546029234,1,13,0
4848,784.7349680000001,784.7349680000005,0.0,83869.55195035515,1,13,0
4849,727.12983,727.1298300000003,0.0,76471.51755283591,0,14,1
4850,682.8210740000001,682.8210740000004,0.0,70766.53004016876,0,14,0
4851,652.2244710000001,652.2244710000004,0.0,66899.21546370556,0,14,0
4852,644.6944220000001,644.6944220000001,0.0,65947.44090692935,0,14,0
4853,681.171659,681.1716590000005,0.0,70558.04916168246,0,14,0
4854,745.460797,745.4607970000004,0.0,78683.99440127825,0,14,0
4855,817.886129,817.886129,0.0,88286.5966375428,1,14,0
4856,847.57504,847.575040000001,0.0,92249.96178940599,1,15,1
4857,828.929611,828.929611000001,0.0,89758.02484773903,1,16,1
4858,743.1621,743.1621000000004,0.0,78393.44631608813,0,16,0
4859,698.622037,698.6220370000002,0.0,72763.72216414587,0,16,0
4860,680.3542600000002,680.3542600000006,0.0,70454.73249389793,0,16,0
4861,695.463251,695.4632510000004,0.0,72364.46152917514,0,16,0
4862,710.5578060000001,710.5578060000005,0.0,74272.36589936701,0,17,1
4863,753.1231489999999,753.1231490000009,0.0,79657.60844809625,1,18,1
4864,851.3121819999999,851.312182000001,0.0,92888.8695006164,0,18,0
4865,940.514444,940.5144440000006,0.0,105022.94391245596,1,18,0
4866,995.270522,995.2705220000001,0.0,114969.27486102456,1,20,2
4867,1012.1422819999999,1012.1422820000006,0.0,119311.35600657428,1,20,0
4868,1011.1101779999999,1011.1101780000014,0.0,119045.73586269811,1,20,0
4869,988.5492379999998,988.5492380000006,0.0,113239.49915710969,1,20,0
4870,945.569939,945.5699390000008,0.0,105753.0169449448,1,14,0
4871,871.116605,871.1166050000011,0.0,95485.36008067994,1,13,0
4872,799.891494,799.8914940000011,0.0,85889.00015744884,1,13,0
4873,713.3246940000001,713.3246940000007,0.0,74736.58563834561,0,14,1
4874,672.1502359999998,672.1502360000004,0.0,69417.76961272923,0,14,0
4875,640.584461,640.5844610000007,0.0,65427.95473769701,0,14,0
4876,633.09925,633.0992500000008,0.0,64481.847563374344,0,15,1
4877,667.202326,667.2023260000001,0.0,68792.36932021868,0,16,1
4878,728.6818529999999,728.6818529999998,0.0,76563.1885487834,0,15,0
4879,794.9345630000001,794.9345630000013,0.0,85228.54106407636,1,16,1
4880,803.739423,803.7394230000015,0.0,86401.69635973651,1,16,0
4881,785.2459640000001,785.2459640000006,0.0,83937.6368107006,1,15,0
4882,745.817029,745.8170290000006,0.0,78729.02100786603,0,16,1
4883,707.7978729999998,707.7978729999998,0.0,73923.51903159662,0,15,0
4884,674.3156690000001,674.3156690000002,0.0,69691.47354663502,0,16,1
4885,677.053596,677.0535960000011,0.0,70037.53892508229,0,16,0
4886,707.16869,707.1686900000005,0.0,73843.99227540214,0,15,0
4887,741.1692399999998,741.1692400000005,0.0,78141.55506767568,0,16,1
4888,803.4485410000001,803.4485410000007,0.0,86362.93938248609,1,16,0
4889,865.448594,865.4485940000003,0.0,94706.38582368709,1,17,1
4890,940.8805169999999,940.8805170000002,0.0,105073.2545846088,1,16,0
4891,965.6165130000002,965.6165130000014,0.0,108859.69036952111,1,17,1
4892,956.7134590000002,956.713459000001,0.0,107479.95928632614,1,16,0
4893,933.645896,933.6458960000004,0.0,104078.97572415863,1,14,0
4894,910.950818,910.9508180000007,0.0,100959.91305430092,1,14,0
4895,855.6532600000002,855.6532600000007,0.0,93360.17936349395,1,14,0
4896,791.6228300000001,791.6228300000016,0.0,84787.28735796834,1,13,0
4897,717.953984,717.9539840000003,0.0,75185.79242661427,0,13,0
4898,672.102603,672.1026030000004,0.0,69160.12137576922,0,13,0
4899,635.946346,635.9463460000004,0.0,64590.083985459954,0,13,0
4900,623.53881,623.5388100000005,0.0,63021.81038231546,0,13,0
4901,636.893092,636.8930920000005,0.0,64709.749708024254,0,13,0
4902,665.1889800000001,665.1889800000006,0.0,68286.26113043184,0,13,0
4903,689.392836,689.3928360000007,0.0,71345.55255292785,0,14,1
4904,709.407572,709.4075720000004,0.0,73875.35235707153,0,14,0
4905,731.0807189999999,731.0807190000004,0.0,76720.68571636418,1,15,1
4906,716.6953539999997,716.6953540000006,0.0,74803.98662861563,1,16,1
4907,706.4261410000001,706.4261410000005,0.0,73498.50883738344,0,16,0
4908,699.954837,699.9548370000005,0.0,72680.5563252067,0,18,2
4909,698.0295519999999,698.0295520000003,0.0,72437.20634467629,0,19,1
4910,688.033902,688.0339020000005,0.0,71173.78756102167,0,19,0
4911,706.241558,706.2415580000005,0.0,73475.17812558949,0,19,0
4912,756.8571000000001,756.8571000000002,0.0,80155.11827668917,1,19,0
4913,817.9726810000001,817.9726810000003,0.0,88298.12878423794,1,19,0
4914,884.5206789999999,884.5206790000003,0.0,97327.52809778959,1,19,0
4915,934.588735,934.5887350000006,0.0,106187.8562849496,1,19,0
4916,932.1702279999998,932.1702280000002,0.0,105565.43434170948,1,19,0
4917,914.417781,914.4177810000004,0.0,101924.9972340008,1,18,0
4918,895.0043400000001,895.0043400000005,0.0,98916.44219440757,1,14,0
4919,842.6108609999999,842.6108610000002,0.0,91580.90799281451,1,12,0
4920,785.889056,785.8890560000013,0.0,84023.32207831384,1,12,0
4921,708.3095729999999,708.309573,0.0,73966.76915002035,0,12,0
4922,666.7344859999998,666.7344860000007,0.0,68481.60823748853,0,12,0
4923,631.762491,631.7624910000008,0.0,64061.25784658084,0,12,0
4924,616.6200019999999,616.6200020000001,0.0,62147.29476925372,0,12,0
4925,623.7035809999999,623.7035810000004,0.0,63042.63691949928,0,12,0
4926,642.1986279999999,642.1986280000006,0.0,65380.352804346774,0,12,0
4927,649.428344,649.4283440000013,0.0,66294.16621266834,0,13,1
4928,639.980971,639.9809710000002,0.0,65100.04792077204,0,13,0
4929,620.3539339999999,620.3539340000011,0.0,62619.25205324131,0,13,0
4930,576.639904,576.6399040000002,0.0,57093.93587958135,0,13,0
4931,561.4761139999999,561.4761140000003,0.0,55177.280422718184,0,13,0
4932,556.9805150000001,556.9805150000004,0.0,54609.050820803466,0,13,0
4933,567.3228740000001,567.3228740000005,0.0,55916.29253373856,0,13,0
4934,573.403016,573.4030160000003,0.0,56684.803396972806,0,13,0
4935,614.875685,614.8756850000005,0.0,61926.81857586484,0,14,1
4936,715.8631999999998,715.8632000000003,0.0,74718.79482364353,0,14,0
4937,808.7527149999999,808.7527150000008,0.0,87105.54547528009,0,18,4
4938,903.914249,903.9142490000005,0.0,99992.85316176481,1,18,0
4939,943.192585,943.1925850000005,0.0,105391.01004634256,1,19,1
4940,945.640017,945.6400170000006,0.0,105763.8771278492,1,19,0
4941,932.70429,932.7042900000006,0.0,103949.56757124046,1,18,0
4942,903.791297,903.7912970000009,0.0,99975.95544529152,1,18,0
4943,832.083742,832.0837420000006,0.0,90178.27973945285,1,16,0
4944,766.30384,766.3038400000014,0.0,81413.79735366776,1,15,0
4945,701.367698,701.3676980000004,0.0,72975.87241948738,0,16,1
4946,660.6991740000001,660.6991740000002,0.0,67718.76374553282,0,17,1
4947,633.40679,633.4067900000002,0.0,64269.09207872621,0,17,0
4948,623.3263499999999,623.326350000001,0.0,62994.95610522746,0,18,1
4949,657.116193,657.1161930000007,0.0,67265.88619411025,0,18,0
4950,723.595731,723.595731,0.0,75723.38952878675,1,18,0
4951,793.6193930000001,793.6193930000005,0.0,85053.3084482035,1,18,0
4952,803.026243,803.0262430000002,0.0,86306.67260083968,1,19,1
4953,791.874245,791.8742450000004,0.0,84820.7857711921,1,19,0
4954,747.9085110000001,747.9085110000007,0.0,78962.81259845744,1,19,0
4955,712.426313,712.4263130000006,0.0,74256.91174364355,0,19,0
4956,701.8109300000001,701.8109300000008,0.0,72915.16065413081,0,19,0
4957,680.986241,680.9862410000014,0.0,70282.98533322966,0,19,0
4958,681.710978,681.710978000001,0.0,70374.58981508017,0,19,0
4959,710.55001,710.5500100000002,0.0,74019.7529341586,0,19,0
4960,785.678989,785.6789890000013,0.0,83995.33285264834,1,20,1
4961,876.1080040000002,876.1080040000015,0.0,96171.34522209546,1,20,0
4962,957.949209,957.9492090000007,0.0,107671.46690675142,1,20,0
4963,992.0166459999998,992.0166460000007,0.0,114131.86408529313,1,20,0
4964,996.38318,996.3831800000005,0.0,115255.62621519543,1,20,0
4965,969.9462779999999,969.9462780000003,0.0,109530.68611473711,1,19,0
4966,923.752487,923.7524870000011,0.0,102719.29047921112,1,13,0
4967,845.7225299999999,845.7225300000007,0.0,91997.3603495061,2,13,0
4968,775.3384399999998,775.3384399999995,0.0,82617.56309601561,1,12,0
4969,717.3692389999999,717.3692390000001,0.0,75060.23763500764,0,12,0
4970,673.5862370000001,673.5862370000006,0.0,69347.6480562421,0,12,0
4971,642.599134,642.5991340000005,0.0,65430.97550555843,0,15,3
4972,634.7175839999999,634.7175840000006,0.0,64434.772325743885,0,15,0
4973,666.945967,666.9459670000006,0.0,68508.33877204965,0,15,0
4974,732.4396739999999,732.4396740000012,0.0,76901.75222449886,1,15,0
4975,805.8488299999999,805.8488300000009,0.0,86682.75273005382,1,15,0
4976,823.061887,823.0618870000011,0.0,88976.21213475187,1,15,0
4977,787.51517,787.515170000001,0.0,84239.9847226315,1,15,0
4978,750.654513,750.6545130000004,0.0,79328.68857924451,1,15,0
4979,704.7052850000001,704.7052850000002,0.0,73280.99804075039,0,16,1
4980,675.0661090000001,675.0661090000004,0.0,69534.69923172389,0,16,0
4981,669.997965,669.997965000001,0.0,68894.10173902797,0,17,1
4982,677.530379,677.5303790000004,0.0,69846.17522438036,0,17,0
4983,700.65421,700.6542100000008,0.0,72768.9548770749,0,18,1
4984,785.693689,785.6936890000001,0.0,83997.29147355144,1,20,2
4985,865.5472270000001,865.5472270000006,0.0,94721.7307029145,1,20,0
4986,959.052988,959.052988,0.0,107842.522613622,1,20,0
4987,1007.1297089999999,1007.1297090000008,0.0,118021.33062013025,1,20,0
4988,1005.7282059999999,1005.7282060000006,0.0,117660.6427160982,1,20,0
4989,975.8219260000001,975.8219260000005,0.0,110441.25165545072,1,19,0
4990,937.179996,937.1799960000013,0.0,104564.6792490175,1,13,0
4991,861.139024,861.1390240000004,0.0,94114.10678811214,1,13,0
4992,786.0244869999999,786.0244870000012,0.0,84041.36683937155,1,13,0
4993,711.929594,711.9295940000004,0.0,74560.24937756448,0,13,0
4994,671.4776579999998,671.4776580000004,0.0,69332.75786475156,0,14,1
4995,642.9376680000001,642.9376680000006,0.0,65725.39271578021,0,14,0
4996,633.737348,633.7373480000007,0.0,64562.501147584706,0,14,0
4997,667.2648160000001,667.2648160000003,0.0,68800.2678600626,0,14,0
4998,735.0445769999999,735.0445770000008,0.0,77367.41688979289,0,14,0
4999,808.1516250000001,808.1516250000006,0.0,86989.57602412884,1,15,1
5000,812.6985669999999,812.6985670000007,0.0,87595.40838107256,1,15,0
5001,770.5114219999999,770.5114220000002,0.0,81974.41354804483,1,15,0
5002,710.2041589999999,710.204159000001,0.0,74227.66602866501,0,15,0
5003,670.759131,670.759131000001,0.0,69241.93830740791,0,15,0
5004,659.309145,659.3091450000001,0.0,67794.69601851383,0,17,2
5005,676.133739,676.1337390000004,0.0,69921.27188771332,0,19,2
5006,677.322574,677.3225740000005,0.0,70071.53689996025,0,19,0
5007,710.8510330000001,710.8510330000001,0.0,74309.42887172742,0,19,0
5008,795.3650009999999,795.3650009999998,0.0,85285.89241539275,1,19,0
5009,872.4929639999999,872.4929640000005,0.0,95674.51783449868,1,19,0
5010,961.2177960000001,961.2177960000008,0.0,108178.00894075763,1,20,1
5011,993.308838,993.3088380000008,0.0,114464.41993717995,1,20,0
5012,994.12699,994.1269900000009,0.0,114674.97783827585,1,20,0
5013,971.1255339999999,971.1255340000002,0.0,109713.43870258439,1,18,0
5014,933.401644,933.4016440000003,0.0,104045.40733125692,1,13,0
5015,865.6620670000001,865.6620670000012,0.0,94735.72415269946,1,13,0
5016,786.2409040000001,786.2409040000001,0.0,84070.20213597135,1,13,0
5017,702.556645,702.5566450000014,0.0,73375.53804565151,0,13,0
5018,658.8866749999999,658.8866750000007,0.0,67741.29713664725,0,13,0
5019,630.03117,630.0311700000005,0.0,64094.05188207742,0,13,0
5020,622.015069,622.0150690000005,0.0,63080.84187821845,0,14,1
5021,656.782914,656.7829140000008,0.0,67475.38834995303,0,15,1
5022,718.9918470000001,718.9918470000005,0.0,75338.40220731232,0,15,0
5023,790.3547959999999,790.3547959999999,0.0,84618.33511997944,1,15,0
5024,793.191555,793.1915550000012,0.0,84996.3035196318,1,15,0
5025,746.502419,746.502419000001,0.0,78815.65215242688,0,15,0
5026,688.9090210000002,688.9090210000004,0.0,71536.02743090312,0,15,0
5027,641.5056189999999,641.5056190000006,0.0,65544.38621738202,0,15,0
5028,612.079816,612.0798159999999,0.0,61825.05708577755,0,15,0
5029,625.4623800000002,625.4623800000005,0.0,63516.57116750924,0,15,0
5030,647.4160529999999,647.4160530000007,0.0,66291.4465221297,0,15,0
5031,684.345281,684.345281,0.0,70959.18502048294,0,17,2
5032,753.4588960000001,753.4588960000007,0.0,79702.34321628696,1,17,0
5033,835.4276449999999,835.4276450000007,0.0,90841.54095754577,0,19,2
5034,936.928829,936.9288290000006,0.0,104530.1605038692,1,19,0
5035,976.0493650000001,975.3709745996002,0.6783904004015722,110341.58934770024,1,18,0
5036,978.349048,978.3490480000006,0.0,110832.88679260992,1,19,1
5037,958.3523700000001,958.3523700000014,0.0,107733.94589016911,1,16,0
5038,916.6825159999999,916.682516000001,0.0,101747.6400348691,1,15,0
5039,843.9519909999999,843.9519910000008,0.0,91759.59950655457,1,14,0
5040,774.6399489999998,774.6399490000016,0.0,82524.49649238779,1,13,0
5041,702.791224,702.7912240000009,0.0,73212.84276560546,0,14,1
5042,662.729023,662.7290230000003,0.0,67975.33028743682,0,15,1
5043,631.3371750000001,631.3371750000008,0.0,64007.499239247765,0,15,0
5044,623.322391,623.3223910000011,0.0,62994.45570005477,0,15,0
5045,656.3934789999998,656.3934790000006,0.0,67174.53741310949,0,15,0
5046,716.2174359999999,716.2174360000015,0.0,74740.30906502117,1,15,0
5047,781.3512050000002,781.3512050000013,0.0,83418.70100182126,1,15,0
5048,787.5549649999999,787.5549650000008,0.0,84245.28698921959,1,15,0
5049,735.912855,735.9128550000008,0.0,77364.5171841843,1,15,0
5050,671.972976,671.9729760000006,0.0,69143.73692986839,0,15,0
5051,645.0102409999998,645.0102410000009,0.0,65735.7318618936,0,15,0
5052,627.7085210000001,627.7085210000007,0.0,63548.84876399265,0,16,1
5053,612.47742,612.4774200000006,0.0,61623.68540801868,0,17,1
5054,630.4856519999998,630.4856520000009,0.0,63899.869404978475,0,17,0
5055,682.2403519999999,682.2403520000004,0.0,70441.50102697511,0,17,0
5056,744.0115290000001,744.0115290000005,0.0,78443.5805981312,1,17,0
5057,832.633649,832.6336490000011,0.0,90251.5490826532,1,17,0
5058,910.8899670000002,910.8899670000009,0.0,100978.39526661184,1,19,2
5059,954.3922129999999,954.3922130000008,0.0,107420.1444286984,1,19,0
5060,940.9837089999999,940.9837090000003,0.0,105087.4366162823,1,18,0
5061,919.8688299999999,919.8688300000001,0.0,102185.54613291565,1,13,0
5062,898.879236,898.8792360000007,0.0,99300.873998241,1,13,0
5063,844.425122,844.425122000001,0.0,91822.6392525802,2,13,0
5064,780.7851019999999,780.7851020000004,0.0,83343.27371139983,1,13,1
5065,721.795292,721.7952920000004,0.0,75656.94647648341,0,13,0
5066,678.4665189999998,678.4665190000005,0.0,69964.50038183692,0,13,0
5067,639.548585,639.5485850000007,0.0,65045.39568763176,0,13,0
5068,626.278042,626.2780420000003,0.0,63368.04070866618,0,13,0
5069,639.242816,639.242816,0.0,65006.74744584056,0,13,0
5070,667.129306,667.1293060000008,0.0,68531.51224614856,0,13,0
5071,689.912423,689.9124230000004,0.0,71411.22671874425,0,13,0
5072,699.3749170000001,699.3749170000008,0.0,72607.25625757562,0,13,0
5073,691.958279,691.9582790000005,0.0,71669.81649520226,0,13,0
5074,649.983977,649.9839770000004,0.0,66364.39647973624,0,13,0
5075,645.5495059999998,645.5495060000012,0.0,65803.8932651408,0,13,0
5076,654.3150190000001,654.3150190000011,0.0,66911.82659339548,0,13,0
5077,644.416876,644.4168760000005,0.0,65660.73238846628,0,13,0
5078,675.7331900000001,675.733190000001,0.0,69619.0161761567,0,13,0
5079,733.8398669999998,733.8398670000015,0.0,77088.31326384493,1,13,0
5080,781.52407,781.524070000001,0.0,83441.73345096684,1,14,1
5081,845.838962,845.8389620000015,0.0,92011.3666155203,2,14,0
5082,913.654148,913.654148000001,0.0,101331.44099914022,1,14,0
5083,931.266935,931.266935000001,0.0,103752.02692723686,1,14,0
5084,933.7606689999999,933.7606690000007,0.0,104094.74937251571,1,14,0
5085,916.383796,916.3837960000001,0.0,101706.58591728719,1,13,0
5086,899.202631,899.202631000001,0.0,99345.31928598662,1,13,0
5087,847.0665310000002,847.0665310000014,0.0,92180.07564760973,1,13,0
5088,789.901425,789.9014250000015,0.0,84557.92818681448,1,11,0
5089,756.791118,756.7911180000003,0.0,80146.32686686343,1,11,0
5090,709.7354000000001,709.7354000000007,0.0,73876.64571772657,1,12,1
5091,677.099465,677.0994650000005,0.0,69540.0814721394,0,13,1
5092,661.499106,661.4991060000003,0.0,67568.24506406629,0,13,0
5093,670.243556,670.2435560000005,0.0,68673.51609523776,0,13,0
5094,699.141479,699.1414790000011,0.0,72465.11679813504,1,13,0
5095,710.5441280000002,710.5441280000001,0.0,73984.40024601524,1,13,0
5096,706.521494,706.5214940000005,0.0,73448.42643387035,1,13,0
5097,707.3668049999999,707.3668050000014,0.0,73561.05526341799,1,13,0
5098,694.418731,694.4187310000008,0.0,71835.86013462547,1,13,0
5099,657.906138,657.9061380000006,0.0,67114.10518719288,0,13,0
5100,653.8108089999998,653.8108090000009,0.0,66596.46845683064,0,14,1
5101,658.073929,658.0739290000005,0.0,67135.3134428969,0,14,0
5102,661.15221,661.1522100000008,0.0,67524.39849857289,0,15,1
5103,670.9639729999999,670.9639730000009,0.0,68764.57454264886,0,16,1
5104,752.616919,752.6169190000007,0.0,79590.1586072899,1,19,3
5105,837.891097,837.8910970000003,0.0,91226.08268350654,0,19,0
5106,943.826552,943.8265520000002,0.0,105482.83940430103,1,20,1
5107,994.2229559999998,994.2229560000007,0.0,114699.67544891126,1,20,0
5108,1003.9933630000002,1003.9933630000005,0.0,117214.1671213299,1,20,0
5109,990.167876,990.1678760000011,0.0,113656.06847419764,1,20,0
5110,956.350567,956.3505670000001,0.0,107423.72090203197,1,16,0
5111,874.5976990000001,874.5976990000011,0.0,95963.77880854975,1,13,0
5112,806.0618729999999,806.0618730000002,0.0,86711.13847652252,1,13,0
5113,746.384343,746.3843430000002,0.0,78937.88559235919,0,14,1
5114,702.9643369999999,702.9643370000008,0.0,73312.57525366625,0,15,1
5115,678.290673,678.2906730000011,0.0,70193.90157469758,0,15,0
5116,668.089138,668.0891380000002,0.0,68904.45957331582,0,15,0
5117,703.4231510000002,703.423151000001,0.0,73370.56790304913,0,15,0
5118,779.4958309999998,779.495831,0.0,83171.49186578371,1,16,1
5119,853.0856099999999,853.0856100000013,0.0,93007.29838796887,1,16,0
5120,845.023179,845.023179000001,0.0,91902.32407853502,2,16,0
5121,814.452989,814.452989000001,0.0,87829.16672136678,1,16,0
5122,773.6190949999999,773.6190950000007,0.0,82388.4783982674,1,16,0
5123,729.028519,729.0285190000002,0.0,76607.00604299887,0,16,0
5124,724.2114190000001,724.2114190000009,0.0,75998.13972387585,0,17,1
5125,741.090605,741.0906050000015,0.0,78131.61585051108,0,18,1
5126,741.081294,741.0812940000003,0.0,78130.43896933815,0,18,0
5127,782.4697109999998,782.4697110000014,0.0,83567.73020127791,1,18,0
5128,846.6464760000001,846.6464760000001,0.0,92208.92386985601,0,19,1
5129,932.3402600000001,932.3402600000013,0.0,103899.5376756082,1,20,1
5130,1017.8394539999999,1017.8394540000007,0.0,120777.56837114996,1,21,1
5131,1043.6555149999997,1043.6555150000004,0.0,127421.53626308651,1,21,0
5132,1053.7555909999999,1053.7555910000005,0.0,130020.87086529861,1,21,0
5133,1025.033128,1025.0331280000014,0.0,122628.91738527962,1,21,0
5134,972.4412279999998,972.441228,0.0,109917.3354674218,1,18,0
5135,887.0222339999998,887.0222340000018,0.0,97671.32541001294,1,14,0
5136,813.698662,813.6986620000007,0.0,87728.66055605469,1,13,0
5137,742.1119829999999,742.1119830000001,0.0,78445.10780869474,0,14,1
5138,700.121047,700.1210470000003,0.0,72953.19232275349,0,14,0
5139,667.9819970000001,667.9819970000004,0.0,68890.91728723147,0,14,0
5140,660.746803,660.7468030000006,0.0,67976.41147690544,0,15,1
5141,693.6022509999999,693.6022510000004,0.0,72129.23697085415,0,16,1
5142,768.2898120000001,768.2898120000011,0.0,81678.40730417606,1,17,1
5143,843.0955139999998,843.0955140000008,0.0,91645.48292455768,1,18,1
5144,832.5895539999999,832.5895540000006,0.0,90245.67388614098,1,19,1
5145,773.0902379999999,773.090238000001,0.0,82318.01374690478,1,19,0
5146,720.9570619999998,720.9570620000002,0.0,75586.79921450239,0,19,0
5147,686.5976979999998,686.5976980000002,0.0,71243.88345894599,0,19,0
5148,668.8707230000001,668.8707230000012,0.0,69003.24946392064,0,19,0
5149,692.070275,692.0702749999997,0.0,71935.60001332672,0,19,0
5150,698.8560350000001,698.8560350000013,0.0,72793.29877682628,0,19,0
5151,738.563114,738.5631140000008,0.0,77812.14892190525,0,19,0
5152,828.745937,828.7459370000003,0.0,89733.55221265159,1,20,1
5153,911.336548,911.3365480000018,0.0,101012.9252556094,1,20,0
5154,1004.7417550000001,1004.7417550000011,0.0,117406.77173357432,1,21,1
5155,1036.031305,1036.0313050000009,0.0,125459.38539733746,1,21,0
5156,1039.991064,1039.9910640000007,0.0,126478.46075727738,1,21,0
5157,1007.9612540000002,1007.9612540000012,0.0,118235.33531591641,1,20,0
5158,963.209347,963.2093470000007,0.0,108486.64514789147,1,18,0
5159,880.4313600000003,880.431360000001,0.0,96765.51891509198,1,13,0
5160,804.2859139999999,804.2859140000002,0.0,86474.5105567458,1,13,0
5161,735.905877,735.9058770000001,0.0,77601.28810495195,0,13,0
5162,696.57398,696.5739800000003,0.0,72504.8541881968,0,13,0
5163,667.54118,667.5411800000002,0.0,68835.199402156,0,13,0
5164,659.223869,659.2238690000005,0.0,67783.91739979526,0,13,0
5165,694.0775730000001,694.0775730000005,0.0,72189.31617961841,0,13,0
5166,771.5122029999999,771.512203,0.0,82107.75712533579,1,14,1
5167,846.7292430000001,846.7292430000006,0.0,92133.72099706421,2,14,0
5168,842.704001,842.7040010000003,0.0,91593.31792144914,1,14,0
5169,780.1866989999999,780.1866990000005,0.0,83263.54278457206,1,15,1
5170,727.165395,727.1653950000007,0.0,76371.51301774516,0,16,1
5171,719.253255,719.2532550000004,0.0,75371.44335795261,0,16,0
5172,687.85087,687.8508700000003,0.0,71402.2804660391,0,17,1
5173,694.43095,694.4309500000007,0.0,72233.98192316803,0,18,1
5174,705.2643360000001,705.2643360000003,0.0,73603.28790756932,0,18,0
5175,731.4557500000001,731.4557500000005,0.0,76913.80042232081,0,19,1
5176,808.698848,808.6988480000002,0.0,87062.48775246483,1,19,0
5177,898.4909859999999,898.4909860000006,0.0,99247.51546466058,1,20,1
5178,999.866322,999.8663220000003,0.0,116152.04041297153,1,21,1
5179,1021.0037150000003,1021.0037150000005,0.0,121591.91601642809,1,21,0
5180,1028.689498,1028.6894980000002,0.0,123569.91318169623,1,21,0
5181,1002.357225,1002.3572250000004,0.0,116793.09404055365,1,20,0
5182,957.245969,957.2459690000004,0.0,107562.48384465316,1,19,0
5183,883.466563,883.4665630000004,0.0,97182.657308392,1,13,0
5184,803.7871779999998,803.7871780000006,0.0,86408.05921288162,1,13,0
5185,732.0309809999999,732.0309810000006,0.0,77108.10073485402,0,14,1
5186,688.0187690000001,688.0187690000005,0.0,71423.50237260415,0,14,0
5187,660.090511,660.0905110000004,0.0,67893.45822820601,0,15,1
5188,652.677502,652.6775020000005,0.0,66956.47716004126,0,15,0
5189,688.947231,688.9472310000002,0.0,71540.8570549619,0,15,0
5190,761.7905120000001,761.7905120000013,0.0,80812.44370985613,1,15,0
5191,836.8618800000002,836.8618800000004,0.0,90814.91653982158,1,15,0
5192,826.272862,826.2728620000007,0.0,89404.040893583,1,16,1
5193,790.9076370000001,790.9076370000007,0.0,84691.99538792341,1,16,0
5194,749.39563,749.3956300000004,0.0,79181.34494103747,0,16,0
5195,698.0910699999998,698.0910700000005,0.0,72696.60960205134,0,16,0
5196,701.3337070000001,701.3337070000002,0.0,73106.46874021374,0,18,2
5197,739.2988729999998,739.2988730000001,0.0,77905.14654995764,0,18,0
5198,732.2422480000001,732.2422480000006,0.0,77013.21130070358,0,19,1
5199,774.4055660000002,774.4055660000002,0.0,82493.26741462116,1,19,0
5200,849.4025709999999,849.4025710000006,0.0,92501.12566379792,1,19,0
5201,921.314452,921.3144520000009,0.0,102384.22293917857,1,20,1
5202,990.55812,990.5581200000006,0.0,113756.50086030093,1,20,0
5203,1008.2794460000002,1008.2794460000009,0.0,118317.22454880411,1,20,0
5204,1020.0624489999999,1020.0624490000006,0.0,121349.67375174756,1,21,1
5205,996.444455,996.4444550000006,0.0,115271.39582205296,1,20,0
5206,947.8532930000001,947.8532930000005,0.0,106106.8746759815,1,16,0
5207,868.445671,868.4456710000005,0.0,95118.28442960462,1,14,0
5208,796.987159,796.9871590000005,0.0,85502.02796418038,1,13,0
5209,728.403592,728.4035920000014,0.0,76642.51101288488,0,13,0
5210,686.749074,686.7490740000013,0.0,71263.01691017687,0,13,0
5211,658.00828,658.0082800000006,0.0,67630.27076592913,0,13,0
5212,651.058458,651.058458,0.0,66751.83508062032,0,14,1
5213,685.8234740000001,685.8234740000008,0.0,71146.02397563521,0,15,1
5214,755.589685,755.5896850000007,0.0,79986.2485139617,1,15,0
5215,826.376038,826.376038000001,0.0,89417.78801401256,1,15,0
5216,824.5137469999999,824.5137470000017,0.0,89169.65726023458,1,15,0
5217,796.151155,796.1511550000013,0.0,85390.6391948198,1,15,0
5218,774.0875889999999,774.0875890000013,0.0,82450.90031265169,1,15,0
5219,711.615601,711.6156010000007,0.0,74406.06786694854,0,15,0
5220,698.77723,698.7772300000003,0.0,72783.33807219505,0,15,0
5221,724.4313930000001,724.4313930000002,0.0,76025.94374697738,0,15,0
5222,718.0364760000001,718.0364760000009,0.0,75217.64631182194,0,15,0
5223,757.846218,757.8462180000009,0.0,80286.90788149078,1,18,3
5224,828.577145,828.5771450000009,0.0,89711.06244805973,1,18,0
5225,901.4700699999999,901.4700700000013,0.0,99656.94123066908,1,19,1
5226,963.608269,963.6082690000006,0.0,108548.46720166877,1,19,0
5227,982.1270439999998,981.4787811842699,0.6482628157312252,111289.45556439763,1,19,0
5228,978.3660999999998,978.3661000000005,0.0,110835.52938855851,1,19,0
5229,953.5329879999999,953.532988000001,0.0,106987.0728343401,1,15,0
5230,925.553768,925.5537680000011,0.0,102966.84672576925,1,14,0
5231,864.7597009999998,864.7597010000006,0.0,94611.70888801738,1,14,0
5232,800.981528,800.9815280000007,0.0,86034.23576137089,1,13,0
5233,751.9059299999998,751.9059300000005,0.0,79495.42677617545,1,14,1
5234,705.080734,705.0807340000002,0.0,73328.45361581598,0,14,0
5235,668.808394,668.8083940000005,0.0,68743.74369869128,0,14,0
5236,656.259249,656.2592490000002,0.0,67157.57116245739,0,14,0
5237,670.9162940000001,670.9162940000002,0.0,69010.17564199315,0,14,0
5238,708.9559559999999,708.9559560000006,0.0,73818.26951229417,0,14,0
5239,735.729911,735.7299110000004,0.0,77340.14181394447,1,14,0
5240,732.598498,732.5984980000005,0.0,76922.91385758299,1,14,0
5241,737.9714090000001,737.9714090000003,0.0,77638.79792533198,1,14,0
5242,698.9968439999999,698.9968440000007,0.0,72559.46901714675,0,15,1
5243,666.877016,666.8770160000006,0.0,68499.62358208683,0,16,1
5244,648.4686540000001,648.4686540000006,0.0,66172.86440913516,0,17,1
5245,669.9732930000001,669.9732930000005,0.0,68890.98327567331,0,17,0
5246,669.021167,669.0211670000004,0.0,68770.63753799682,0,17,0
5247,692.6951240000001,692.6951240000004,0.0,71762.95139024581,0,17,0
5248,762.623986,762.6239860000004,0.0,80923.4953832381,1,18,1
5249,852.668815,852.6688150000008,0.0,93071.83977476424,0,18,0
5250,941.556082,941.5560820000002,0.0,105166.09980737309,1,19,1
5251,973.69169,973.6916900000001,0.0,110111.12304747627,1,19,0
5252,974.1404559999999,974.1404560000005,0.0,110180.66956480409,1,19,0
5253,953.0521649999998,953.0521650000002,0.0,106912.55835440817,1,19,0
5254,929.647604,929.6476040000006,0.0,103529.47669532117,1,15,0
5255,870.4348580000001,870.4348580000004,0.0,95391.66524438155,1,14,0
5256,812.440589,812.4405890000005,0.0,87561.03551689709,1,13,0
5257,746.2759999999998,746.276000000001,0.0,78967.83873801203,0,13,0
5258,701.4325269999999,701.4325270000006,0.0,73118.9592780178,0,13,0
5259,669.2676570000001,669.2676570000003,0.0,69053.42067554471,0,13,0
5260,654.251476,654.2514760000004,0.0,67155.42253293686,0,13,0
5261,662.6690639999999,662.6690640000011,0.0,68219.37923332822,0,13,0
5262,691.540327,691.5403270000004,0.0,71868.61624963357,0,13,0
5263,703.20656,703.2065600000003,0.0,73343.19148052818,0,13,0
5264,678.189127,678.1891270000002,0.0,70181.06647905037,0,13,0
5265,647.781461,647.7814610000005,0.0,66337.63294631397,0,13,0
5266,618.782299,618.7822990000003,0.0,62672.229897883466,0,13,0
5267,568.546682,568.5466820000001,0.0,56603.37502932584,0,13,0
5268,562.8726579999999,562.8726580000005,0.0,56058.360665540844,0,14,1
5269,588.139896,588.1398960000008,0.0,58799.12634518656,0,14,0
5270,581.5734059999999,581.5734060000007,0.0,57969.14262139865,0,16,2
5271,636.102942,636.1029420000004,0.0,64861.5048035851,0,18,2
5272,722.2304199999999,722.2304200000005,0.0,75747.74766863168,0,18,0
5273,850.2120760000001,850.2120760000008,0.0,92783.41575355352,0,19,1
5274,956.838955,956.8389550000009,0.0,107499.40775109077,1,20,1
5275,988.6217759999998,988.6217759999998,0.0,113258.1673862769,1,20,0
5276,992.732464,992.732464,0.0,114316.08552048684,1,20,0
5277,979.246154,979.2461540000006,0.0,110971.91380885856,1,19,0
5278,946.4603359999999,946.4603360000012,0.0,105891.00424877155,1,14,0
5279,866.0171419999999,866.0171420000001,0.0,94784.52333186493,1,13,0
5280,797.291271,797.291271,0.0,85542.54770024355,1,13,0
5281,736.1429640000001,736.1429640000008,0.0,77620.7433397961,0,13,0
5282,691.2968619999999,691.2968620000012,0.0,71837.84303787032,0,13,0
5283,668.2184209999999,668.2184210000013,0.0,68920.80053869663,0,13,0
5284,658.421355,658.4213550000003,0.0,67682.48214928668,0,14,1
5285,693.2577150000001,693.2577150000003,0.0,72085.68870195265,0,15,1
5286,769.455448,769.4554480000002,0.0,81833.71608207953,1,15,0
5287,845.8604240000001,845.8604240000005,0.0,92014.31621203711,2,15,0
5288,860.969633,860.9696330000011,0.0,94090.82680005887,1,15,0
5289,844.177085,844.1770850000015,0.0,91789.59092244557,2,15,0
5290,787.5445350000001,787.5445350000009,0.0,84243.8973010549,1,15,0
5291,744.733835,744.7338350000003,0.0,78592.10868641196,0,15,0
5292,731.4001360000001,731.4001360000001,0.0,76906.77098729309,0,15,0
5293,759.0495189999999,759.049519000001,0.0,80447.23512581077,1,15,0
5294,756.904868,756.9048680000011,0.0,80161.48286194821,1,15,0
5295,785.551289,785.5512890000008,0.0,83978.31816629825,1,20,5
5296,870.1938249999998,870.1938250000003,0.0,95358.53924972737,1,19,0
5297,948.143601,948.1436010000006,0.0,106151.86451556915,1,21,2
5298,1017.346459,1017.3464590000015,0.0,120650.69220088985,1,21,0
5299,1029.788148,1029.788148,0.0,123852.6594660529,1,21,0
5300,1041.774762,1041.7747620000011,0.0,126937.50957347413,1,21,0
5301,1012.6953569999998,1012.6953570000007,0.0,119453.69424097158,1,21,0
5302,960.8148219999999,960.8148220000003,0.0,110150.55283333277,1,19,0
5303,875.819155,875.8191550000008,0.0,96131.64771001258,1,15,0
5304,803.8780840000001,803.8780840000006,0.0,86420.17148443474,1,13,0
5305,743.3049919999999,743.3049920000004,0.0,78349.44194934747,1,13,0
5306,699.812607,699.8126070000003,0.0,72554.53756885312,1,13,0
5307,669.780178,669.7801780000004,0.0,68698.7146194213,0,13,0
5308,661.9787960000001,661.9787960000006,0.0,67712.6444231594,0,14,1
5309,694.798925,694.7989250000006,0.0,71886.51699963844,1,14,0
5310,770.3143189999998,770.3143190000005,0.0,81948.15163948068,1,14,0
5311,845.6252289999999,845.6252290000009,0.0,91982.54092988212,2,14,0
5312,848.3428259999998,848.3428260000003,0.0,92355.48126155928,1,15,1
5313,817.621884,817.6218840000004,0.0,88251.3887613129,1,15,0
5314,768.544773,768.5447730000004,0.0,81712.37818472792,1,15,0
5315,727.2290580000001,727.2290580000006,0.0,76207.4922641983,1,15,0
5316,726.6772669999999,726.6772670000005,0.0,76133.97189774751,1,16,1
5317,717.388707,717.3887070000004,0.0,74896.36864760419,1,16,0
5318,710.99204,710.9920400000004,0.0,74044.0798246559,1,16,0
5319,740.7277519999999,740.7277520000006,0.0,78006.05173596679,1,16,0
5320,801.319678,801.3196780000004,0.0,86079.29070412152,1,18,2
5321,890.090245,890.0902450000008,0.0,98092.9727196547,1,20,2
5322,997.357959,997.3579590000002,0.0,115506.49331601817,1,21,1
5323,1037.896735,1037.8967350000007,0.0,125939.46859146433,1,21,0
5324,1042.839797,1042.8397970000008,0.0,127211.60477118021,1,21,0
5325,1008.2173399999999,1008.2173400000004,0.0,118301.24107751079,1,20,0
5326,964.608341,964.6083410000002,0.0,108703.45114581112,1,19,0
5327,882.631035,882.6310350000006,0.0,97067.82782005887,1,13,0
5328,806.855895,806.8558950000004,0.0,86816.93358447096,1,13,0
5329,707.509151,707.5091510000003,0.0,74029.61657237039,0,13,0
5330,665.437162,665.4371620000004,0.0,68569.25813146852,0,13,0
5331,640.725726,640.7257260000002,0.0,65445.8101902661,0,13,0
5332,634.299221,634.2992210000001,0.0,64633.52013106529,0,14,1
5333,667.533773,667.5337730000009,0.0,68834.26318060663,0,15,1
5334,744.822966,744.822966,0.0,78603.3745650297,0,15,0
5335,822.2211,822.2211000000008,0.0,88864.18608078026,1,15,0
5336,807.640704,807.6407040000008,0.0,86921.50115674721,1,15,0
5337,741.7534150000001,741.7534149999999,0.0,78215.3929539503,0,16,1
5338,693.4852719999999,693.4852720000004,0.0,72114.45119245122,0,17,1
5339,669.6575249999999,669.657525000001,0.0,69102.69876694914,0,18,1
5340,644.416351,644.4163510000009,0.0,65912.2936053943,0,18,0
5341,640.9181529999998,640.9181530000005,0.0,65470.132359037794,0,18,0
5342,653.490659,653.4906590000006,0.0,67059.25765234145,0,19,1
5343,712.2334390000001,712.2334390000003,0.0,74484.160650755,0,19,0
5344,790.8928179999999,790.8928180000008,0.0,84753.07908882784,0,19,0
5345,895.303659,895.3036590000007,0.0,98809.4701465379,1,20,1
5346,974.4741900000001,974.4741900000006,0.0,110232.389252601,1,20,0
5347,990.780923,990.7809230000006,0.0,113813.84097807594,1,20,0
5348,993.807484,993.8074840000003,0.0,114592.7504370746,1,20,0
5349,967.9228760000001,967.9228760000004,0.0,109217.11386939314,1,17,0
5350,923.444186,923.444186000001,0.0,102676.91961182833,1,14,0
5351,851.9129079999999,851.9129080000007,0.0,92846.12991650253,1,13,0
5352,773.421551,773.4215510000013,0.0,82362.15773107616,1,12,0
5353,724.1727689999999,724.1727690000004,0.0,75907.06585827276,0,12,0
5354,682.2047709999999,682.2047710000003,0.0,70437.00370026386,0,12,0
5355,652.4866480000001,652.4866480000003,0.0,66680.72623825195,0,13,1
5356,645.310141,645.3101410000004,0.0,65773.63828050744,0,13,0
5357,681.2568570000001,681.2568570000004,0.0,70317.19034616592,0,13,0
5358,754.0057639999999,754.0057640000007,0.0,79775.20764459441,1,13,0
5359,828.806155,828.8061550000004,0.0,89741.57562990005,1,15,2
5360,812.4424299999998,812.4424300000004,0.0,87561.28081084829,1,15,0
5361,767.5514309999999,767.5514310000003,0.0,81580.02577620561,1,15,0
5362,707.431615,707.4316150000003,0.0,73625.59759480054,0,15,0
5363,676.3614679999998,676.3614680000005,0.0,69698.42854319199,0,15,0
5364,648.8111249999998,648.8111250000003,0.0,66216.15166851864,0,15,0
5365,659.1415359999999,659.1415360000005,0.0,67521.88319175855,0,16,1
5366,662.9345870000001,662.9345870000004,0.0,68001.31293177145,0,17,1
5367,711.4217920000001,711.4217920000002,0.0,74129.94344243492,0,17,0
5368,794.030118,794.0301180000005,0.0,85108.03324891698,1,18,1
5369,884.979338,884.9793380000006,0.0,97390.56318253768,1,19,1
5370,971.4500669999999,971.4500670000012,0.0,109763.7324857765,1,20,1
5371,996.360691,996.3606910000005,0.0,115249.838492819,1,20,0
5372,1009.764111,1009.7641110000009,0.0,118699.31485259913,1,20,0
5373,986.004759,986.0047590000004,0.0,112584.65732133514,1,20,0
5374,937.6649880000001,937.6649880000007,0.0,104631.33336857495,1,18,0
5375,860.2848459999999,860.2848460000005,0.0,93996.71416609894,1,13,0
5376,789.1963859999998,789.1963860000003,0.0,84463.98913082741,1,13,0
5377,736.598463,736.5984630000008,0.0,77678.31698358474,0,13,0
5378,695.122869,695.1228690000004,0.0,72321.43831283425,0,13,0
5379,666.3149710000002,666.3149710000005,0.0,68680.21043362608,0,13,0
5380,659.015393,659.0153930000004,0.0,67757.5666878014,0,13,0
5381,693.8357960000001,693.8357960000012,0.0,72158.75632575649,0,13,0
5382,764.6696739999999,764.6696740000004,0.0,81196.06186475723,1,14,1
5383,836.6252869999998,836.6252870000002,0.0,90783.39300272203,1,15,1
5384,828.0535250000001,828.0535250000004,0.0,89641.29557204874,1,15,0
5385,784.177867,784.1778670000008,0.0,83795.32408206795,1,15,0
5386,735.9467190000001,735.946719000001,0.0,77481.44480676918,0,15,0
5387,680.096893,680.0968930000004,0.0,70422.2021129729,0,15,0
5388,662.7010210000001,662.7010210000004,0.0,68223.41849781512,0,16,1
5389,669.405866,669.4058660000004,0.0,69070.88985930666,0,17,1
5390,680.403571,680.403571000001,0.0,70460.96524951074,0,18,1
5391,734.6444180000001,734.6444180000007,0.0,77316.83804829196,0,18,0
5392,817.2549009999999,817.2549010000005,0.0,88202.49212356204,1,18,0
5393,898.8281470000001,898.828147000001,0.0,99293.85266115902,1,19,1
5394,978.7710750000001,978.771075000001,0.0,110898.28949261017,1,19,0
5395,996.168345,996.1683450000005,0.0,115200.33672536726,1,20,1
5396,987.0853359999999,987.0853360000003,0.0,112862.7523759124,1,20,0
5397,963.969799,963.9697990000004,0.0,108604.49451302814,1,18,0
5398,935.2648610000001,935.2648610000007,0.0,104301.47565543478,1,16,0
5399,874.7986949999998,874.7986950000003,0.0,95991.40238051493,1,13,0
5400,810.106137,810.1061370000002,0.0,87249.9942594251,1,13,0
5401,744.8282689999999,744.8282690000004,0.0,78768.87623152281,0,13,0
5402,697.8288650000002,697.8288650000001,0.0,72663.46771311275,0,13,0
5403,661.823619,661.8236190000008,0.0,68112.51763918005,0,13,0
5404,649.4943499999998,649.4943500000005,0.0,66554.13673915541,0,13,0
5405,663.7894430000001,663.7894430000007,0.0,68360.9916220585,0,13,0
5406,701.344614,701.3446140000012,0.0,73107.8473507768,0,13,0
5407,726.481167,726.4811670000007,0.0,76285.02874633686,0,13,0
5408,722.6227389999999,722.6227390000012,0.0,75797.33555874242,0,13,0
5409,713.09271,713.0927100000006,0.0,74592.76980790339,0,14,1
5410,664.9595590000001,664.9595590000002,0.0,68508.89061146432,0,14,0
5411,629.180609,629.1806090000007,0.0,63986.54364158845,0,14,0
5412,617.496397,617.496397,0.0,62509.69592152982,0,14,0
5413,633.3620720000001,633.3620720000001,0.0,64515.06743917602,0,14,0
5414,646.067384,646.0673840000007,0.0,66120.9789940017,0,14,0
5415,701.8814360000001,701.8814360000007,0.0,73175.69996649248,0,14,0
5416,794.148709,794.1487090000002,0.0,85123.83425650452,1,14,0
5417,866.608681,866.6086810000013,0.0,94865.8205722916,1,14,0
5418,940.2445450000001,940.2445450000015,0.0,104985.85076408567,1,16,2
5419,965.2425020000001,965.2425020000009,0.0,108801.72884281832,1,17,1
5420,963.6771050000001,963.6771050000006,0.0,108559.13490837286,1,17,0
5421,944.122911,944.1229110000004,0.0,105528.76698421741,1,16,0
5422,920.1756110000001,920.175611000001,0.0,102227.7081014678,1,14,0
5423,862.152385,862.152385000001,0.0,94253.37647761009,1,13,0
5424,804.343297,804.3432970000007,0.0,86482.15623996295,1,12,0
5425,726.295025,726.2950250000001,0.0,76261.0045879287,0,12,0
5426,683.27961,683.2796100000003,0.0,70572.85997594423,0,12,0
5427,651.9992959999998,651.9992960000004,0.0,66619.12647524988,0,12,0
5428,637.5289180000001,637.5289180000003,0.0,64790.11611856643,0,12,0
5429,645.205005,645.2050050000003,0.0,65760.34942012932,0,12,0
5430,672.5328759999999,672.5328760000001,0.0,69214.50653234225,0,12,0
5431,684.674474,684.6744740000003,0.0,70749.16640706614,0,12,0
5432,662.056736,662.0567360000003,0.0,67890.35532094572,0,12,0
5433,635.896745,635.8967450000006,0.0,64583.81457475751,0,12,0
5434,578.7579289999999,578.7579290000002,0.0,57361.6475911009,0,13,1
5435,550.114696,550.1146960000002,0.0,53741.232851009285,0,13,0
5436,539.742441,539.7424410000002,0.0,52640.71573322923,0,13,0
5437,573.8551589999998,573.8551590000002,0.0,56741.95285289591,0,13,0
5438,573.738651,573.7386510000002,0.0,56727.22660741454,0,15,2
5439,623.577955,623.5779550000003,0.0,63026.758187439285,0,15,0
5440,710.1446450000001,710.1446450000004,0.0,73968.51607059938,0,16,1
5441,847.6219429999998,847.6219430000004,0.0,92267.31039132095,0,17,1
5442,932.489065,932.4890650000006,0.0,104025.75255873795,1,17,0
5443,968.0893609999999,968.0893610000004,0.0,109242.91451368731,1,17,0
5444,970.2817979999999,970.2817980000004,0.0,109582.68258393001,1,18,1
5445,956.7767310000003,956.7767310000006,0.0,107489.76472444832,1,17,0
5446,923.7093560000001,923.7093560000008,0.0,102713.36283745486,1,14,0
5447,845.554292,845.5542920000001,0.0,91975.61957566068,2,13,0
5448,778.3854139999999,778.3854140000004,0.0,83023.540440782,1,12,0
5449,731.422744,731.4227440000003,0.0,76857.40594867313,0,12,0
5450,689.564241,689.5642410000005,0.0,71367.21760688754,0,12,0
5451,664.13154,664.1315400000004,0.0,68152.60403373599,0,12,0
5452,654.383945,654.3839450000012,0.0,66920.53862343678,0,13,1
5453,689.113229,689.1132290000006,0.0,71310.21110581423,0,13,0
5454,764.9967240000002,764.9967240000007,0.0,81239.63784886667,1,13,0
5455,839.569455,839.5694550000006,0.0,91175.6725256802,1,13,0
5456,828.21349,828.2134900000007,0.0,89662.60923142215,1,13,0
5457,778.3668199999998,778.3668200000005,0.0,83021.06298519866,1,13,0
5458,750.283385,750.2833850000006,0.0,79279.23966369475,1,13,0
5459,722.6339990000001,722.6339990000006,0.0,75595.2488214041,1,14,1
5460,719.4813809999999,719.4813810000005,0.0,75175.19552107979,1,15,1
5461,712.8601979999999,712.8601980000003,0.0,74311.75344567849,0,18,3
5462,731.7725620000001,731.7725620000004,0.0,76812.86654368175,1,18,0
5463,802.3255710000001,802.3255710000005,0.0,86213.31540182454,1,19,1
5464,891.9240160000002,891.9240160000006,0.0,98344.9941787203,1,19,0
5465,961.7647729999999,961.7647730000004,0.0,108262.77549038119,1,21,2
5466,1033.59973,1033.5997300000004,0.0,124833.60030073278,1,21,0
5467,1037.262453,1037.2624530000007,0.0,125776.2310920475,1,21,0
5468,1036.4285570000002,1036.4285570000004,0.0,125561.6213477795,1,21,0
5469,1007.914715,1007.9147150000005,0.0,118223.35813544237,1,21,0
5470,955.376438,955.3764380000003,0.0,107272.75741687942,1,20,0
5471,870.323632,870.3236320000007,0.0,95376.37907244077,1,13,0
5472,799.839187,799.8391870000004,0.0,85882.03079802111,1,13,0
5473,736.250487,736.2504870000005,0.0,77634.33390948137,0,15,2
5474,693.724109,693.7241090000003,0.0,72144.63943954188,0,15,0
5475,662.371783,662.3717830000006,0.0,68181.80384809322,0,15,0
5476,654.7940989999997,654.7940990000002,0.0,67224.00837684325,0,15,0
5477,687.1977620000001,687.1977620000004,0.0,71319.72966494512,0,15,0
5478,762.0975,762.0975000000004,0.0,80853.3466427708,1,15,0
5479,839.45624,839.4562400000008,0.0,91160.58781373725,1,15,0
5480,827.7425030000002,827.7425030000004,0.0,89599.85515092146,1,15,0
5481,781.6886619999999,781.6886620000002,0.0,83463.66360958637,1,15,0
5482,725.102855,725.1028550000003,0.0,76110.81443605818,0,15,0
5483,687.754856,687.7548560000005,0.0,71390.14459782706,0,15,0
5484,666.219569,666.2195690000002,0.0,68668.15192029292,0,16,1
5485,690.384176,690.384176000001,0.0,71722.48239239166,0,17,1
5486,716.1229739999999,716.1229740000005,0.0,74975.78566550466,0,17,0
5487,761.172397,761.1723970000004,0.0,80730.08636566464,1,19,2
5488,826.4814120000001,826.4814120000004,0.0,89508.59184639214,0,20,1
5489,918.610352,918.6103520000004,0.0,102012.58917058946,1,20,0
5490,1009.4811319999999,1009.4811320000003,0.0,118626.4879643262,1,21,1
5491,1034.158525,1034.1585250000005,0.0,124977.41062246136,1,21,0
5492,1033.406586,1033.4065860000005,0.0,124783.89316165683,1,21,0
5493,999.614972,999.6149720000004,0.0,116087.35349851016,1,20,0
5494,954.270333,954.2703330000005,0.0,107101.3412433083,1,18,0
5495,873.5150760000001,873.5150760000006,0.0,95814.99020404127,1,13,0
5496,798.389243,798.3892430000008,0.0,85688.84095945352,1,13,0
5497,729.207514,729.2075140000004,0.0,76744.1242301736,0,14,1
5498,685.4832200000001,685.4832200000001,0.0,71103.01693809242,0,14,0
5499,660.1321810000001,660.1321810000003,0.0,67898.72518540386,0,15,1
5500,652.772642,652.7726420000004,0.0,66968.50255739679,0,16,1
5501,687.215898,687.2158980000005,0.0,71322.02199841622,0,16,0
5502,765.3777050000001,765.3777050000007,0.0,81290.3995733797,1,16,0
5503,843.763263,843.7632630000007,0.0,91734.45347894715,1,16,0
5504,824.9364639999999,824.9364640000006,0.0,89225.97986923854,1,16,0
5505,760.5409839999999,760.5409840000008,0.0,80645.9572023732,1,16,0
5506,728.260501,728.2605010000004,0.0,76509.9309786074,0,17,1
5507,691.194782,691.1947820000001,0.0,71824.94044629931,0,19,2
5508,680.052761,680.0527610000005,0.0,70416.62396670326,0,19,0
5509,709.266266,709.2662660000003,0.0,74109.11929751106,0,19,0
5510,729.416227,729.4162270000008,0.0,76656.01111718355,0,19,0
5511,798.919341,798.9193410000008,0.0,85759.47096105706,1,19,0
5512,880.0439879999999,880.0439880000013,0.0,96712.28104807308,1,19,0
5513,950.2976710000002,950.2976710000008,0.0,106485.68674492752,1,20,1
5514,1010.4641959999999,1010.4641960000001,0.0,118879.48727555793,1,20,0
5515,1021.974612,1021.9746120000004,0.0,121841.78405378581,1,21,1
5516,1019.048102,1019.0481020000002,0.0,121088.62351254628,1,21,0
5517,992.2067410000001,992.2067410000009,0.0,114180.78654005568,1,20,0
5518,948.2009420000002,948.200942000001,0.0,106160.75081009707,1,14,0
5519,875.101778,875.1017780000011,0.0,96033.05612020116,1,14,0
5520,795.2246409999998,795.2246410000006,0.0,85267.19091675473,1,14,0
5521,720.8638000000001,720.8638000000007,0.0,75689.50497149187,0,14,0
5522,677.826215,677.8262150000006,0.0,70135.19554143118,0,14,0
5523,649.529185,649.5291850000004,0.0,66558.53977380833,0,14,0
5524,642.4900059999999,642.4900060000004,0.0,65668.8096441912,0,14,0
5525,678.4065,678.4065000000006,0.0,70208.54174391658,0,14,0
5526,750.58265,750.5826500000006,0.0,79331.38054298171,0,14,0
5527,826.0747180000001,826.0747180000003,0.0,89377.64028268136,1,15,1
5528,819.198408,819.1984080000004,0.0,88461.44405797128,1,16,1
5529,777.0208770000002,777.020877000001,0.0,82841.73018966232,1,16,0
5530,722.5425249999998,722.5425250000004,0.0,75787.19676093406,0,18,2
5531,691.1469809999999,691.1469810000007,0.0,71818.89854994671,0,19,1
5532,671.116729,671.1167290000005,0.0,69287.13757210772,0,19,0
5533,660.1554879999999,660.1554880000006,0.0,67901.67111704322,0,19,0
5534,679.6668520000001,679.666852,0.0,70367.84628047155,0,19,0
5535,717.875206,717.8752060000006,0.0,75197.26229004843,0,19,0
5536,795.7133609999998,795.7133610000005,0.0,85402.10477650842,0,20,1
5537,898.9029789999998,898.9029790000006,0.0,99304.1370804375,1,20,0
5538,987.6644219999998,987.6644220000006,0.0,113011.78474729824,1,20,0
5539,1006.7424409999999,1006.7424410000003,0.0,117921.66413121176,1,20,0
5540,1006.209476,1006.2094760000004,0.0,117784.50136468725,1,20,0
5541,982.352075,982.3520750000002,0.0,111644.61014623006,1,20,0
5542,934.0582450000002,934.0582450000011,0.0,104135.64626624073,1,18,0
5543,856.055021,856.0550210000004,0.0,93417.09510382074,1,13,0
5544,785.7969889999999,785.7969890000013,0.0,84011.05511568124,1,13,0
5545,745.7220460000001,745.7220460000013,0.0,78831.2143346873,0,14,1
5546,700.067962,700.0679620000003,0.0,72946.4825453873,0,14,0
5547,666.120177,666.1201770000005,0.0,68655.58908348445,0,15,1
5548,650.7379480000001,650.7379480000005,0.0,66711.32362270128,0,15,0
5549,669.045698,669.0456980000006,0.0,69025.36575467404,0,15,0
5550,707.8805590000001,707.8805590000007,0.0,73933.97028244539,0,15,0
5551,741.04574,741.0457400000004,0.0,78125.94505534216,0,16,1
5552,718.1864689999999,718.1864690000003,0.0,75236.60495619384,0,16,0
5553,684.721077,684.7210770000006,0.0,71006.68445525935,0,16,0
5554,658.250147,658.2501470000003,0.0,67660.84199550858,0,16,0
5555,636.901944,636.9019439999996,0.0,64962.496148317725,0,16,0
5556,632.2945590000002,632.2945590000012,0.0,64380.13714689944,0,16,0
5557,628.5920439999999,628.5920440000008,0.0,63912.150873093975,0,17,1
5558,637.302163,637.302163000001,0.0,65013.08257363046,0,17,0
5559,699.2899369999999,699.2899370000006,0.0,72848.14262760783,0,17,0
5560,816.910534,816.9105340000004,0.0,88156.6088307328,1,17,0
5561,903.74741,903.7474100000013,0.0,99969.92390385372,1,17,0
5562,971.568825,971.5688250000007,0.0,109782.13674390833,1,18,1
5563,973.0190550000001,973.0190550000013,0.0,110006.88292749684,1,18,0
5564,944.6087820000002,944.6087820000005,0.0,105604.0637667735,1,14,0
5565,927.6722280000001,927.6722280000006,0.0,103257.99397380187,1,13,0
5566,911.7252809999999,911.725281000001,0.0,101066.35016954182,1,13,0
5567,872.2439319999999,872.2439320000011,0.0,95640.29250974774,1,13,0
5568,806.059873,806.0598730000005,0.0,86710.8719974881,1,12,0
5569,740.4258549999998,740.4258550000004,0.0,78058.84308271059,0,12,0
5570,694.3871829999999,694.3871830000006,0.0,71976.82233647263,0,12,0
5571,659.4676249999998,659.4676250000012,0.0,67563.09981776527,0,12,0
5572,647.29663,647.2966300000008,0.0,66024.72425451851,0,13,1
5573,661.532004,661.5320040000006,0.0,67824.03084327951,0,13,0
5574,698.947726,698.9477260000015,0.0,72553.26065612826,0,14,1
5575,726.868271,726.8682710000005,0.0,76159.42117849614,1,14,0
5576,715.9428889999999,715.9428890000004,0.0,74703.72855528463,1,14,0
5577,696.033556,696.0335560000001,0.0,72184.91871570771,0,14,0
5578,689.338478,689.3384780000007,0.0,71338.68187235763,0,14,0
5579,671.6755569999999,671.6755570000006,0.0,69106.14410186664,0,14,0
5580,649.19356,649.1935600000007,0.0,66264.49025205524,0,14,0
5581,643.4146050000002,643.414605,0.0,65534.0484801949,0,15,1
5582,634.2695269999999,634.2695270000004,0.0,64378.13932739478,0,17,2
5583,659.520886,659.5208860000005,0.0,67569.83184097889,0,17,0
5584,742.801665,742.8016650000001,0.0,78282.37890285962,1,17,0
5585,833.66876,833.6687600000002,0.0,90503.67185916238,0,18,1
5586,928.018519,928.0185190000001,0.0,103332.93958972157,1,19,1
5587,965.990974,965.9909740000007,0.0,108917.7216339775,1,19,0
5588,961.1635769999999,961.1635769999999,0.0,108169.60647126785,1,18,0
5589,942.3206039999999,942.3206040000007,0.0,105271.17069677415,1,15,0
5590,917.165421,917.1654210000005,0.0,101814.0073308346,1,13,0
5591,860.0930169999999,860.0930170000007,0.0,93970.35044649002,1,13,0
5592,802.4086360000001,802.4086360000013,0.0,86224.38294232317,1,12,0
5593,739.8039370000001,739.8039370000004,0.0,77955.25044011325,0,13,1
5594,696.2626199999999,696.2626200000003,0.0,72213.87168627584,0,13,0
5595,663.9557659999999,663.9557660000005,0.0,68130.38675189058,0,13,0
5596,648.968094,648.9680940000002,0.0,66235.99205739294,0,13,0
5597,657.1448130000001,657.1448130000005,0.0,67269.50367227204,0,13,0
5598,684.987656,684.9876560000006,0.0,70788.75162878787,0,13,0
5599,699.287774,699.2877740000005,0.0,72596.24165591746,0,13,0
5600,678.644884,678.6448840000003,0.0,69987.04515794915,0,14,1
5601,662.6972549999999,662.6972550000006,0.0,67971.31491195662,0,15,1
5602,640.7970080000001,640.7970080000003,0.0,65203.19243603192,0,15,0
5603,600.8442709999999,600.8442710000005,0.0,60153.29189087339,0,15,0
5604,624.07933,624.0793300000005,0.0,63090.130413623185,0,15,0
5605,649.1509110000001,649.1509110000003,0.0,66259.09955233039,0,16,1
5606,656.9798620000001,656.9798620000003,0.0,67248.65438365321,0,17,1
5607,729.2928280000002,729.2928280000006,0.0,76482.46798266789,1,17,0
5608,799.8950839999999,799.8950840000006,0.0,85889.47848731562,1,20,3
5609,887.5243059999999,887.5243060000006,0.0,97740.32689274754,1,20,0
5610,973.1728240000001,973.1728240000002,0.0,110030.71293784279,1,20,0
5611,988.5394749999999,988.5394750000005,0.0,113236.98657168746,1,20,0
5612,986.6141420000001,986.6141420000006,0.0,112741.4868657762,1,20,0
5613,972.7109049999999,972.7109050000006,0.0,109959.12806345946,1,19,0
5614,939.2304439999999,939.2304440000003,0.0,104846.4793738411,1,15,0
5615,860.0569869999999,860.0569870000004,0.0,93980.0144335826,0,13,0
5616,792.213129,792.2131290000003,0.0,84865.93851174836,1,13,0
5617,723.999879,723.9998790000004,0.0,76085.89551293987,0,13,0
5618,683.055143,683.0551430000004,0.0,70796.11562702616,0,13,0
5619,656.970862,656.9708620000002,0.0,67499.1443871842,0,15,2
5620,647.364961,647.3649610000003,0.0,66284.98865370745,0,16,1
5621,681.5755530000001,681.5755530000004,0.0,70609.10009545917,0,16,0
5622,756.9845849999999,756.9845850000005,0.0,80172.10431654299,1,16,0
5623,833.812016,833.8120160000004,0.0,90408.55413285052,1,16,0
5624,851.460444,851.4604440000007,0.0,92783.94623192323,1,16,0
5625,838.8758480000001,838.8758480000006,0.0,91083.25666385423,1,16,0
5626,850.5502429999999,850.550243000001,0.0,92658.85417622875,1,16,0
5627,830.0103569999998,830.0103570000001,0.0,89902.022923025,1,16,0
5628,811.235227,811.2352270000008,0.0,87400.43366593214,1,17,1
5629,816.454361,816.4543610000004,0.0,88095.82856044034,1,18,1
5630,859.1299849999999,859.1299850000008,0.0,93837.99764465877,1,19,1
5631,902.6966039999999,902.6966040000004,0.0,99825.50801914671,1,20,1
5632,962.920013,962.9200130000006,0.0,108441.80625179746,1,21,1
5633,1004.76527,1004.7652700000004,0.0,117412.82350518182,1,21,0
5634,1035.429015,1035.4290150000004,0.0,125304.38129265871,1,21,0
5635,1026.230639,1026.2306390000008,0.0,122937.10633146472,1,21,0
5636,1026.472701,1026.4727010000001,0.0,122999.40290551817,1,21,0
5637,997.80161,997.8016100000004,0.0,115620.6704168248,1,20,0
5638,946.2735589999999,946.2735590000002,0.0,105862.0588967017,1,17,0
5639,865.439386,865.4393860000008,0.0,94708.09993902742,1,13,0
5640,797.0530939999999,797.0530940000004,0.0,85510.81311174881,1,13,0
5641,732.571394,732.5713940000006,0.0,77169.30810295431,0,16,3
5642,686.360038,686.3600380000005,0.0,71213.84398096077,0,16,0
5643,655.1308199999999,655.1308200000002,0.0,67266.56885427603,0,16,0
5644,647.9639790000001,647.9639790000006,0.0,66360.70264858997,0,16,0
5645,679.584949,679.5849490000002,0.0,70357.49399836511,0,16,0
5646,754.6812890000002,754.6812890000008,0.0,79865.21426946986,1,16,0
5647,836.2283840000001,836.2283840000005,0.0,90730.50983861573,1,16,0
5648,870.4251520000001,870.4251520000004,0.0,95390.3313154004,1,17,1
5649,858.8736409999999,858.8736410000007,0.0,93802.76740658504,1,17,0
5650,825.228857,825.2288569999996,0.0,89264.93817139926,1,17,0
5651,796.159773,796.1597730000008,0.0,85391.78745297922,1,17,0
5652,785.7503520000001,785.7503520000004,0.0,84004.84122431614,1,18,1
5653,782.8205719999999,782.8205720000003,0.0,83614.47875153187,1,18,0
5654,800.4691659999999,800.4691660000003,0.0,85965.96889584488,1,18,0
5655,855.059347,855.059347000001,0.0,93278.55585607783,1,18,0
5656,920.485421,920.4854210000003,0.0,102270.2863559134,1,18,0
5657,982.4058789999999,982.4058790000003,0.0,111658.45703202946,1,21,3
5658,1035.370025,1035.3700250000004,0.0,125289.19974866002,1,21,0
5659,1032.4080079999999,1032.4080080000008,0.0,124526.90119957589,1,21,0
5660,1023.236118,1023.2361180000004,0.0,122166.44262038457,1,21,0
5661,990.1880360000001,990.1880360000007,0.0,113661.25680996657,1,20,0
5662,945.471592,945.4715920000006,0.0,105737.77583635002,1,19,0
5663,865.341604,865.3416040000004,0.0,94695.74060116507,1,13,0
5664,791.6968459999999,791.6968460000014,0.0,84797.14921407549,1,13,0
5665,736.0997919999999,736.0997920000004,0.0,77615.28653451295,0,13,0
5666,691.9953899999999,691.9953900000003,0.0,71926.13478439082,0,13,0
5667,663.258266,663.2582660000005,0.0,68293.85251662307,0,13,0
5668,655.176221,655.1762210000006,0.0,67272.30739816235,0,13,0
5669,689.4613819999998,689.4613820000003,0.0,71605.84412744193,0,13,0
5670,767.1768429999998,767.1768430000002,0.0,81530.1158519262,1,13,0
5671,846.7529779999999,846.7529780000006,0.0,92136.98297979319,2,13,0
5672,841.7854939999999,841.7854940000003,0.0,91470.93649219858,1,15,2
5673,815.432234,815.4322340000001,0.0,87959.6408524146,1,15,0
5674,763.2757990000001,763.2757990000003,0.0,81010.34263268103,1,15,0
5675,741.3137009999999,741.3137010000004,0.0,78159.8144846126,0,15,0
5676,742.850146,742.8501460000006,0.0,78354.01630971176,0,15,0
5677,754.993459,754.9934590000004,0.0,79906.80764956288,1,16,1
5678,794.4881750000001,794.4881750000002,0.0,85169.06454245983,1,17,1
5679,847.177545,847.1775450000002,0.0,92195.3326836608,1,17,0
5680,914.239186,914.2391860000007,0.0,101411.84478476491,1,19,2
5681,979.3633600000001,979.3633600000005,0.0,110990.07754922641,1,20,1
5682,1035.3242379999997,1035.3242380000006,0.0,125277.41610134576,1,21,1
5683,1026.813496,1026.813496000001,0.0,123087.10919958582,1,21,0
5684,1021.0249439999999,1021.0249440000002,0.0,121597.37946781896,1,21,0
5685,995.2078179999999,995.2078180000009,0.0,114953.13748969235,1,20,0
5686,950.8849449999999,950.8849450000009,0.0,106576.6982329127,1,19,0
5687,878.361195,878.3611950000005,0.0,96481.00901510629,1,13,0
5688,798.4058389999999,798.4058390000006,0.0,85691.0522024814,1,13,0
5689,726.911247,726.9112470000008,0.0,76453.88328935576,0,15,2
5690,681.1893089999999,681.1893090000004,0.0,70560.28006627908,0,15,0
5691,651.001002,651.0010020000004,0.0,66744.57282257476,0,16,1
5692,643.802764,643.8027640000007,0.0,65834.73813464388,0,16,0
5693,679.4218290000001,679.4218290000007,0.0,70336.87614239885,0,17,1
5694,750.7843399999998,750.784340000001,0.0,79356.87352587684,0,18,1
5695,827.157104,827.1571040000006,0.0,89521.85687077572,1,18,0
5696,826.9419649999999,826.9419650000009,0.0,89493.19185427883,1,19,1
5697,777.239776,777.2397760000007,0.0,82870.896186744,1,19,0
5698,746.617863,746.6178630000006,0.0,78830.24391164811,0,19,0
5699,693.489791,693.4897910000005,0.0,72115.0223798661,0,19,0
5700,680.236807,680.2368070000005,0.0,70439.88680338288,0,19,0
5701,703.074648,703.0746480000005,0.0,73326.51821779998,0,19,0
5702,724.1505989999999,724.1505990000007,0.0,75990.45226678983,0,20,1
5703,817.794783,817.7947830000002,0.0,88359.54977344739,0,20,0
5704,913.982158,913.982158,0.0,101376.52054221723,1,20,0
5705,967.380968,967.3809680000007,0.0,109133.13287682232,1,20,0
5706,1010.2300339999999,1010.2300340000014,0.0,118819.2238291125,1,20,0
5707,1007.4125039999999,1007.4125040000002,0.0,118094.11015454488,1,20,0
5708,1006.1436579999998,1006.1436580000008,0.0,117767.56258077633,1,20,0
5709,983.540183,983.5401830000004,0.0,111950.37915584595,1,20,0
5710,935.7633970000003,935.763397,0.0,104369.99117352106,1,13,0
5711,858.459652,858.4596520000006,0.0,93745.87147365931,1,13,0
5712,786.482284,786.4822840000002,0.0,84102.36349063985,1,13,0
5713,726.5536,726.5536000000013,0.0,76408.67783120976,0,13,0
5714,682.2952130000001,682.2952130000004,0.0,70700.06286044643,0,13,0
5715,653.4826379999998,653.4826380000007,0.0,67058.2438231194,0,13,0
5716,646.7365699999999,646.7365700000004,0.0,66205.5620038268,0,14,1
5717,681.197576,681.1975760000006,0.0,70561.324989129,0,15,1
5718,750.3667650000001,750.366765000001,0.0,79304.09335664478,0,15,0
5719,818.8451189999998,818.8451190000011,0.0,88414.3720021694,1,15,0
5720,817.773017,817.7730170000015,0.0,88271.52564927028,1,15,0
5721,787.8208179999999,787.8208180000015,0.0,84280.7091145933,1,15,0
5722,761.497131,761.4971310000018,0.0,80773.35376705232,1,15,0
5723,724.01153,724.0115300000009,0.0,75972.87438172744,0,15,0
5724,711.739966,711.7399660000007,0.0,74421.7872125668,0,15,0
5725,706.1656820000001,706.1656820000004,0.0,73717.21521264424,0,15,0
5726,742.216078,742.2160780000007,0.0,78273.87210485124,0,15,0
5727,823.6121469999999,823.6121470000008,0.0,89049.52851150173,1,18,3
5728,888.0704639999999,888.0704640000004,0.0,97815.38726617495,1,18,0
5729,932.9945850000001,932.9945850000004,0.0,103989.46381207937,1,19,1
5730,977.335878,977.335878,0.0,110675.87301491505,1,19,0
5731,981.1044699999999,980.859423971928,0.2450460280730057,111211.17075691989,1,19,0
5732,967.45502,967.4550200000004,0.0,109144.60892157868,1,18,0
5733,947.903003,947.9030030000006,0.0,106114.57837317862,1,14,0
5734,920.2371440000001,920.2371440000006,0.0,102236.16479341056,1,13,0
5735,861.1041350000002,861.104135000001,0.0,94109.3118727791,1,14,1
5736,795.653682,795.6536820000002,0.0,85324.35613246569,1,13,0
5737,724.3331879999997,724.3331880000002,0.0,75992.10378789289,0,13,0
5738,676.701495,676.7014950000008,0.0,69741.40688864728,0,14,1
5739,644.5025109999999,644.5025110000006,0.0,65671.55638365803,0,14,0
5740,632.915152,632.915152,0.0,64206.95057877787,0,14,0
5741,645.105083,645.1050830000008,0.0,65747.71959298455,0,14,0
5742,681.189863,681.1898630000006,0.0,70308.72251486011,0,14,0
5743,708.679044,708.6790439999997,0.0,73783.26870472083,0,14,0
5744,702.505265,702.5052650000009,0.0,73002.92241861326,0,14,0
5745,665.7827390000001,665.7827390000002,0.0,68361.3104042223,0,15,1
5746,652.1566840000002,652.1566840000005,0.0,66639.01982440897,0,15,0
5747,641.00487,641.0048700000002,0.0,65229.465540353085,0,15,0
5748,621.93579,621.9357900000002,0.0,62819.193686195205,0,15,0
5749,656.989282,656.9892820000009,0.0,67249.8450420839,0,15,0
5750,637.07625,637.0762500000005,0.0,64732.9003042913,0,16,1
5751,667.124944,667.1249440000001,0.0,68530.96090304079,0,18,2
5752,740.7965040000001,740.796504000001,0.0,78015.21221925532,1,18,0
5753,840.4611870000001,840.461187000001,0.0,91294.48646685702,1,19,1
5754,917.4692649999998,917.4692650000004,0.0,101855.76565736954,1,19,0
5755,940.0848110000001,940.0848110000009,0.0,104963.89797077475,1,19,0
5756,934.228592,934.2285920000006,0.0,104159.05764066387,1,18,0
5757,921.242145,921.2421450000008,0.0,102374.28553933931,1,17,0
5758,897.674812,897.6748120000004,0.0,99135.34586315014,1,16,0
5759,842.1784229999998,842.1784230000006,0.0,91523.29016246351,1,16,0
5760,785.770453,785.7704530000011,0.0,84007.51947185204,1,14,0
5761,724.693994,724.6939940000001,0.0,75931.55170849673,0,14,0
5762,681.2520840000001,681.2520840000004,0.0,70149.05095626837,0,14,0
5763,650.7346189999998,650.7346190000002,0.0,66291.73917459097,0,14,0
5764,635.92581,635.9258100000005,0.0,64419.952201842476,0,14,0
5765,642.6781059999997,642.6781060000002,0.0,65273.42122078528,0,14,0
5766,671.3061579999999,671.3061580000012,0.0,68891.91713013018,0,14,0
5767,684.165576,684.1655760000003,0.0,70517.30719961697,0,14,0
5768,653.697846,653.6978460000013,0.0,66666.28176582156,0,14,0
5769,619.9915409999999,619.991541000001,0.0,62405.91061791293,0,14,0
5770,570.63497,570.6349700000005,0.0,56167.394973789225,0,14,0
5771,537.349854,537.3498540000004,0.0,51960.26079336835,0,14,0
5772,539.023412,539.0234120000001,0.0,52171.79327126975,0,14,0
5773,558.4494510000001,558.4494510000002,0.0,54627.183622533325,0,14,0
5774,589.381276,589.3812760000001,0.0,58536.86920753463,0,14,0
5775,660.2369840000001,660.2369840000002,0.0,67492.80828266725,0,14,0
5776,751.610631,751.6106310000008,0.0,79461.31411454937,0,16,2
5777,865.3418609999998,865.3418610000007,0.0,94691.71714019806,1,16,0
5778,941.878449,941.8784490000003,0.0,105210.40381354102,1,16,0
5779,964.9019959999999,964.9019960000008,0.0,108748.95967931394,1,17,1
5780,964.5596259999999,964.5596260000005,0.0,108695.90164653622,1,17,0
5781,955.305508,955.3055079999999,0.0,107261.76519716118,1,16,0
5782,923.3616650000001,923.3616650000007,0.0,102665.5784668197,1,13,0
5783,845.2609170000001,845.2609170000012,0.0,91934.70057692773,2,13,0
5784,778.0641369999998,778.0641370000003,0.0,82980.73364840551,1,12,0
5785,722.0151169999999,722.015117,0.0,75666.11303834929,0,14,2
5786,677.1683109999999,677.1683110000005,0.0,69800.41096571181,0,14,0
5787,654.4409630000002,654.4409630000005,0.0,66927.74551965718,0,14,0
5788,644.692812,644.6928120000006,0.0,65695.6098327032,0,14,0
5789,678.9150109999999,678.9150110000006,0.0,70021.18836282054,0,14,0
5790,754.3472740000001,754.3472740000009,0.0,79820.71027212297,1,14,0
5791,834.190835,834.1908350000007,0.0,90459.02779352735,1,16,2
5792,821.2782979999998,821.2782980000006,0.0,88738.56759745865,1,17,1
5793,779.7471070000001,779.7471070000005,0.0,83204.97175871475,1,17,0
5794,740.2420149999999,740.2420150000004,0.0,77941.33237258701,1,17,0
5795,706.691576,706.6915760000006,0.0,73532.058988183,0,18,1
5796,690.629404,690.6294040000005,0.0,71501.85086654089,0,18,0
5797,694.703731,694.7037310000007,0.0,72016.83301002847,0,18,0
5798,711.209365,711.2093649999999,0.0,74103.09333644324,0,19,1
5799,759.5556430000001,759.5556430000005,0.0,80514.6708432282,1,20,1
5800,832.4691120000001,832.4691120000002,0.0,90364.99522549925,0,20,0
5801,927.6327930000001,927.6327930000009,0.0,103252.57428604469,1,20,0
5802,1007.032742,1007.0327420000003,0.0,117996.37539421183,1,20,0
5803,1025.151884,1025.1518840000006,0.0,122659.48018302686,1,21,1
5804,1023.647082,1023.6470820000005,0.0,122272.20746269498,1,21,0
5805,996.6613250000001,996.6613250000007,0.0,115327.2090352587,1,21,0
5806,944.6253260000001,944.6253260000002,0.0,105606.62763654672,1,19,0
5807,860.3002389999999,860.3002390000003,0.0,94058.52789000979,0,13,0
5808,789.2457859999998,789.2457860000004,0.0,84470.5711629785,1,13,0
5809,717.967627,717.9676270000004,0.0,75323.4377953789,0,13,0
5810,674.9170769999998,674.9170770000003,0.0,69767.48963001532,0,13,0
5811,646.13387,646.1338700000005,0.0,66129.38261570211,0,14,1
5812,639.388236,639.3882360000006,0.0,65276.755652647254,0,14,0
5813,669.655702,669.6557020000005,0.0,69102.46834547147,0,14,0
5814,742.145122,742.145122000001,0.0,78264.90348918216,0,14,0
5815,819.514085,819.5140850000004,0.0,88503.50470905127,1,16,2
5816,830.399372,830.3993720000007,0.0,89953.85509381951,1,16,0
5817,793.144479,793.1444790000011,0.0,84990.03113611876,1,17,1
5818,735.1598250000001,735.1598250000012,0.0,77381.98387522946,0,18,1
5819,686.9133720000001,686.9133719999996,0.0,71283.78366164524,0,19,1
5820,670.900943,670.9009430000001,0.0,69259.86289905992,0,19,0
5821,675.116212,675.116212000001,0.0,69792.65966893065,0,19,0
5822,690.3048590000001,690.3048590000003,0.0,71712.45697256763,0,19,0
5823,714.898817,714.8988170000009,0.0,74821.05606333354,0,19,0
5824,787.0948129999999,787.0948130000012,0.0,84183.97655888811,1,19,0
5825,867.298022,867.2980220000007,0.0,94960.55907814301,1,19,0
5826,941.5582519999999,941.5582520000008,0.0,105166.39803794074,1,19,0
5827,993.0824409999999,993.0824410000006,0.0,114406.15487502227,1,20,1
5828,1003.12573,1003.1257300000005,0.0,116990.87489274456,1,20,0
5829,978.1247620000001,978.1247620000005,0.0,110798.12856630626,1,19,0
5830,934.0014099999997,934.0014100000005,0.0,104127.835236605,1,13,0
5831,853.268209,853.2682090000005,0.0,93064.22355078292,0,13,0
5832,779.821148,779.8211480000016,0.0,83214.83694580996,1,13,0
5833,700.2694199999999,700.2694200000001,0.0,73045.25445844396,0,13,0
5834,663.2014060000001,663.2014060000004,0.0,68286.6655911066,0,13,0
5835,634.727461,634.7274610000007,0.0,64687.64832282,0,14,1
5836,627.791206,627.7912060000009,0.0,63810.927463724474,0,15,1
5837,662.4750879999999,662.475088000001,0.0,68194.86127581888,0,15,0
5838,729.926032,729.9260320000001,0.0,76720.44886890554,0,16,1
5839,816.22962,816.2296200000013,0.0,88065.88417809912,1,16,0
5840,812.1577449999999,812.157745,0.0,87523.34951888619,1,16,0
5841,766.9982709999999,766.9982710000012,0.0,81506.32300485589,1,16,0
5842,698.680375,698.6803750000005,0.0,72771.09590422292,0,16,0
5843,669.723569,669.7235690000001,0.0,69111.0465212369,0,17,1
5844,675.5961799999999,675.596180000001,0.0,69853.3261175111,0,18,1
5845,712.644937,712.6449370000007,0.0,74536.17270626283,0,19,1
5846,720.755869,720.7558689999998,0.0,75561.36905084718,0,19,0
5847,757.8587650000001,757.8587650000003,0.0,80288.57963771337,1,19,0
5848,814.6012329999999,814.6012330000012,0.0,87893.90016743455,0,19,0
5849,908.364937,908.3649370000006,0.0,100604.52652970758,1,19,0
5850,976.6727,976.6727,0.0,110573.09847257363,1,20,1
5851,1013.9913559999999,1013.9913560000007,0.0,119787.22985447911,1,20,0
5852,1005.5085719999998,1005.5085720000004,0.0,117604.11816558769,1,20,0
5853,967.69931,967.6993100000003,0.0,109182.46722349548,1,18,0
5854,916.325957,916.3259570000002,0.0,102020.51218695335,1,16,0
5855,845.808069,845.8080690000007,0.0,92007.12088421844,2,17,1
5856,767.2212180000001,767.2212180000014,0.0,81631.67627040354,1,14,0
5857,719.7892339999999,719.7892340000003,0.0,75216.21370617696,1,16,2
5858,678.8221720000001,678.8221720000004,0.0,69757.78214304743,1,16,0
5859,652.112528,652.1125280000006,0.0,66214.27497165468,0,16,0
5860,642.686529,642.6865290000002,0.0,65022.85828626548,0,16,0
5861,678.684062,678.6840620000004,0.0,69817.10990342876,0,16,0
5862,742.0840809999999,742.0840810000007,0.0,78186.76835712914,1,16,0
5863,825.278526,825.2785260000003,0.0,90461.75465580462,1,18,2
5864,820.114112,820.1141120000007,0.0,88588.1407671289,1,20,2
5865,789.3284920000001,789.3284920000006,0.0,84481.59087049037,1,20,0
5866,758.3557269999998,758.3557270000006,0.0,80354.79461467406,1,20,0
5867,726.9873549999999,726.9873550000004,0.0,76175.28787316573,1,20,0
5868,728.0490599999999,728.0490600000004,0.0,76316.74893480427,1,20,0
5869,740.916692,740.9166920000005,0.0,78031.22601035186,1,20,0
5870,742.6290359999999,742.6290360000007,0.0,78259.37789824013,1,20,0
5871,786.005909,786.0059090000005,0.0,84038.8915156204,1,21,1
5872,858.906879,858.9068790000006,0.0,93812.79014256406,1,21,0
5873,937.2502790000002,937.2502790000004,0.0,104574.33848357148,1,21,0
5874,1006.726249,1006.7262490000004,0.0,117917.49699168936,1,21,0
5875,1032.3816880000002,1032.3816880000004,0.0,124520.12753898842,1,21,0
5876,1026.0129509999997,1026.0129510000002,0.0,122881.08259947617,1,21,0
5877,988.8382110000001,988.8382110000002,0.0,113313.86864878521,1,20,0
5878,934.820564,934.8205640000006,0.0,104240.41438977048,1,19,0
5879,857.9060499999999,857.9060500000006,0.0,93669.78804569495,1,13,0
5880,785.427445,785.4274450000006,0.0,83961.81725152665,1,13,0
5881,716.8108240000001,716.8108240000007,0.0,75174.39796365998,0,14,1
5882,677.650113,677.6501130000003,0.0,70112.93680141532,0,14,0
5883,652.166261,652.1662610000006,0.0,66891.85790242678,0,14,0
5884,642.8461630000002,642.8461630000006,0.0,65713.8267710144,0,14,0
5885,677.42663,677.4266300000008,0.0,70084.68925172853,0,15,1
5886,738.923732,738.9237320000005,0.0,77857.7299051253,0,15,0
5887,819.1308299999998,819.1308300000001,0.0,88452.439997876,1,16,1
5888,829.34602,829.3460200000004,0.0,89813.50698186834,1,16,0
5889,824.0823079999999,824.0823080000009,0.0,89112.17253616116,1,16,0
5890,819.8759280000002,819.8759280000005,0.0,88551.71649568359,1,17,1
5891,804.855216,804.8552160000006,0.0,86550.36408038279,1,17,0
5892,815.883931,815.8839310000004,0.0,88019.82474262797,1,18,1
5893,815.4575199999999,815.4575200000004,0.0,87963.00994684725,1,18,0
5894,822.348462,822.3484620000005,0.0,88881.15573217343,1,18,0
5895,854.088769,854.0887690000005,0.0,93145.16598149859,1,18,0
5896,896.051382,896.0513820000008,0.0,98912.2322915587,1,18,0
5897,947.5486559999999,947.5486560000004,0.0,106059.66423134178,1,19,1
5898,984.043454,984.0434540000007,0.0,112079.89993614405,1,20,1
5899,1009.087248,1009.0872480000004,0.0,118525.11879537563,1,20,0
5900,984.8129810000001,984.8129810000003,0.0,112277.94380813434,1,20,0
5901,948.9421369999999,948.9421370000003,0.0,106275.61586429171,1,19,0
5902,916.3359870000002,916.3359870000011,0.0,101700.01536189273,1,14,0
5903,862.76143,862.761430000001,0.0,94337.07962785981,1,14,0
5904,796.8318060000001,796.8318060000008,0.0,85481.32880546048,1,13,0
5905,725.3456089999999,725.345609000001,0.0,76120.07062430348,0,13,0
5906,680.64954,680.6495400000003,0.0,70240.42738373397,0,14,1
5907,644.589949,644.5899490000005,0.0,65682.60827239015,0,14,0
5908,630.3719869999999,630.3719870000004,0.0,63885.502505772856,0,14,0
5909,644.173775,644.1737750000001,0.0,65630.00518516028,0,14,0
5910,673.5609279999999,673.5609280000003,0.0,69344.44907808704,0,14,0
5911,709.282308,709.2823080000005,0.0,73859.51938067524,0,14,0
5912,698.7750199999999,698.7750200000007,0.0,72531.43115985229,0,14,0
5913,681.443852,681.4438520000008,0.0,70340.82592718865,0,15,1
5914,675.261964,675.2619640000007,0.0,69559.45468893507,0,15,0
5915,656.4339339999999,656.433934000001,0.0,67179.65079812129,0,15,0
5916,652.857953,652.8579530000002,0.0,66727.65802472555,0,15,0
5917,664.0854489999999,664.0854490000002,0.0,68146.7782760156,0,15,0
5918,682.725086,682.7250860000008,0.0,70502.76988299514,0,16,1
5919,707.6968119999999,707.6968119999999,0.0,73659.1176631471,0,18,2
5920,766.2204199999999,766.2204200000006,0.0,81402.68251314049,1,18,0
5921,839.858935,839.8589350000005,0.0,91214.24270112737,1,19,1
5922,916.8649329999998,916.8649330000007,0.0,101772.71023092864,1,19,0
5923,969.809483,969.8094830000009,0.0,109509.4866124624,1,19,0
5924,956.91333,956.9133300000001,0.0,107510.93385205697,1,19,0
5925,924.7080849999998,924.7080850000011,0.0,102850.6216008398,1,15,0
5926,893.9651239999998,893.9651240000004,0.0,98625.51067520239,1,13,0
5927,839.626874,839.6268740000006,0.0,91183.32300551991,1,12,0
5928,781.738683,781.7386830000005,0.0,83470.32838347762,1,11,0
5929,726.2077539999999,726.2077540000004,0.0,76095.29820470377,0,11,0
5930,686.886934,686.8869340000003,0.0,70861.27830847421,0,11,0
5931,654.323301,654.3233010000006,0.0,66745.33731451823,0,12,1
5932,637.2050150000001,637.2050150000005,0.0,64581.639698417974,0,12,0
5933,645.0337250000001,645.0337250000002,0.0,65571.16406809725,0,13,1
5934,664.322844,664.3228440000005,0.0,68009.24816115273,0,14,1
5935,683.7387559999999,683.7387560000006,0.0,70463.35849140499,0,14,0
5936,657.811727,657.8117270000004,0.0,67186.26341074897,0,14,0
5937,615.0065629999999,615.0065630000004,0.0,61775.82504655879,0,14,0
5938,584.321978,584.3219780000003,0.0,57897.38982147108,0,14,0
5939,552.030224,552.0302240000004,0.0,53815.81347968691,0,14,0
5940,558.7659770000001,558.7659770000008,0.0,54667.19151535828,0,14,0
5941,577.150306,577.1503060000005,0.0,56990.91299254952,0,15,1
5942,596.9194800000001,596.9194800000006,0.0,59489.67453071235,0,16,1
5943,666.3092980000001,666.3092980000007,0.0,68260.32971127365,0,16,0
5944,770.907127,770.9071270000001,0.0,82027.13709120953,1,19,3
5945,863.7789689999998,863.7789690000003,0.0,94498.22844227632,0,19,0
5946,947.9825500000001,947.9825500000012,0.0,106126.90599339476,1,19,0
5947,998.829097,998.8290970000004,0.0,115885.10233916114,1,20,1
5948,989.939689,989.9396890000004,0.0,113597.34274135406,1,20,0
5949,963.4148670000001,963.4148670000006,0.0,108518.4951548911,1,19,0
5950,923.7810919999998,923.7810920000003,0.0,102723.22176279909,1,15,0
5951,847.0627820000001,847.0627820000004,0.0,92179.56040963823,1,13,0
5952,778.8877360000001,778.8877360000006,0.0,83090.46958155502,1,12,0
5953,721.566936,721.5669360000011,0.0,75615.09997161629,0,13,1
5954,682.5434640000001,682.543464,0.0,70479.81343230649,0,14,1
5955,652.555926,652.555926,0.0,66689.48275998827,0,14,0
5956,632.5853620000003,632.5853619999998,0.0,64165.26615798864,0,14,0
5957,651.4789629999999,651.4789630000004,0.0,66553.35801737518,0,14,0
5958,690.1584189999999,690.1584190000004,0.0,71442.3198409628,0,14,0
5959,730.3500660000001,730.3500660000011,0.0,76623.33386338309,1,14,0
5960,711.976627,711.9766270000002,0.0,74200.07284480786,0,14,0
5961,684.777855,684.7778550000007,0.0,70762.23344095323,0,14,0
5962,656.7100240000001,656.7100240000003,0.0,67214.54770747469,0,14,0
5963,640.182288,640.1822880000002,0.0,65125.49375763798,0,14,0
5964,645.664124,645.6641240000008,0.0,65818.38062055485,0,16,2
5965,635.56458,635.5645800000004,0.0,64541.82996142342,0,17,1
5966,649.207148,649.2071480000008,0.0,66266.2077326025,0,17,0
5967,700.0196229999999,700.0196230000012,0.0,72688.74507224353,0,17,0
5968,791.047317,791.047317000001,0.0,84710.60628368985,1,19,2
5969,889.59564,889.5956400000011,0.0,98024.9974524261,1,19,0
5970,976.5695250000001,976.5695250000003,0.0,110557.1091553676,1,20,1
5971,1014.530097,1014.530097000001,0.0,119925.87912037873,1,20,0
5972,995.846349,995.8463489999995,0.0,115117.46850293252,1,20,0
5973,959.109423,959.1094230000012,0.0,107851.26850280583,1,16,0
5974,913.294899,913.2948990000004,0.0,101351.09427903716,1,14,0
5975,851.06385,851.0638500000003,0.0,92729.4409537087,1,14,0
5976,779.0631389999999,779.063139000001,0.0,83113.84019259541,1,12,0
5977,719.662497,719.6624970000003,0.0,75249.69043765058,0,12,0
5978,682.188123,682.1881230000005,0.0,70206.25982930051,1,13,1
5979,652.0468470000001,652.0468470000003,0.0,66373.50919710728,0,13,0
5980,642.336753,642.3367530000007,0.0,65146.183795492405,0,13,0
5981,674.637914,674.6379140000004,0.0,69228.94915254798,0,13,0
5982,740.2585299999998,740.2585300000005,0.0,78004.9361698544,0,13,0
5983,828.645664,828.6456640000001,0.0,89818.16976685823,1,14,1
5984,838.41617,838.4161700000005,0.0,91022.00938905391,1,16,2
5985,823.609157,823.6091570000004,0.0,89049.13012534517,1,16,0
5986,771.186018,771.1860180000003,0.0,82064.29639340879,1,18,2
5987,709.4834899999998,709.4834900000012,0.0,73884.94815396503,0,20,2
5988,707.128892,707.1288920000009,0.0,73587.3343578481,0,20,0
5989,735.0883700000002,735.0883700000011,0.0,77254.6632008226,1,20,0
5990,763.358499,763.3584990000004,0.0,81021.3615407558,1,20,0
5991,802.871354,802.8713540000009,0.0,86286.03526525585,1,21,1
5992,869.83708,869.8370800000008,0.0,95309.51055671486,1,21,0
5993,936.8530880000002,936.8530880000008,0.0,104519.75115759257,1,21,0
5994,1006.328812,1006.3288120000005,0.0,117815.21343003106,1,21,0
5995,1049.53017,1049.530170000001,0.0,128933.42528427398,1,21,0
5996,1036.450578,1036.450578,0.0,125567.28862664703,1,21,0
5997,991.2964410000001,991.2964410000001,0.0,113946.51362088203,1,20,0
5998,938.94929,938.9492900000004,0.0,104807.839412089,1,13,0
5999,859.008774,859.0087740000006,0.0,93844.42062202873,0,13,0
6000,783.6796140000001,783.6796140000009,0.0,83728.93709289054,1,13,0
6001,703.2303849999998,703.2303850000013,0.0,73445.91329638041,0,13,0
6002,665.1035849999998,665.103585000001,0.0,68527.0950457668,0,13,0
6003,639.413291,639.4132910000009,0.0,65279.92252599965,0,14,1
6004,630.454081,630.4540810000004,0.0,64147.50650495978,0,15,1
6005,664.389859,664.3898590000003,0.0,68436.88231975262,0,15,0
6006,731.664873,731.664872999999,0.0,76940.23291308353,0,16,1
6007,817.7633869999997,817.7633870000011,0.0,88270.24255271933,1,16,0
6008,804.34125,804.341250000001,0.0,86481.88349867123,1,16,0
6009,742.8707270000001,742.8707270000003,0.0,78356.61768350797,0,16,0
6010,688.0041610000001,688.0041609999998,0.0,71421.65596725859,0,16,0
6011,656.9244759999999,656.9244760000005,0.0,67493.28134238988,0,17,1
6012,647.5040440000001,647.5040440000001,0.0,66302.56830832588,0,18,1
6013,666.830669,666.8306690000007,0.0,68745.39304205008,0,19,1
6014,676.7980509999999,676.7980509999999,0.0,70005.23883923789,0,19,0
6015,748.387069,748.3870690000011,0.0,79053.86599651053,0,19,0
6016,842.566105,842.566105000001,0.0,91651.89104053832,0,19,0
6017,928.5993599999999,928.5993600000011,0.0,103385.4129150909,1,19,0
6018,979.8251260000001,979.8251260000005,0.0,111061.63871277349,1,20,1
6019,1018.485759,1018.2917045991762,0.19405440082447228,120854.92237947517,1,20,0
6020,1007.4671270000001,1007.4671270000013,0.0,118108.16781648499,1,20,0
6021,969.819445,969.8194450000003,0.0,109511.03045135747,1,19,0
6022,918.3235029999997,917.5794657106101,0.744037289390575,102182.11332189824,1,16,0
6023,849.220117,849.2201170000009,0.0,92476.05038270104,1,17,1
6024,768.5740409999999,768.5740410000005,0.0,81826.63683320791,1,14,0
6025,711.0583069999998,711.0583070000002,0.0,74052.90920774406,1,16,2
6026,671.0935929999999,671.0935930000004,0.0,68728.03000822896,1,16,0
6027,644.4939840000001,644.493984000001,0.0,65251.31492466434,0,16,0
6028,635.162664,635.1626640000003,0.0,64071.86536767773,0,16,0
6029,670.371269,670.3712690000003,0.0,68705.60213940927,0,16,0
6030,733.199107,733.1991070000007,0.0,77002.9387107858,1,17,1
6031,818.3853769999998,818.3853770000003,0.0,89030.78902697845,1,17,0
6032,816.5570220000001,816.5570220000003,0.0,88475.40155149944,1,18,1
6033,779.0314560000002,779.0314560000008,0.0,83109.61876497103,1,18,0
6034,729.1919570000001,729.1919570000003,0.0,76469.02797932558,1,18,0
6035,701.907596,701.9075960000005,0.0,72833.6728918111,1,18,0
6036,678.835621,678.8356210000002,0.0,69759.57408131457,1,18,0
6037,679.4045459999999,679.4045460000003,0.0,69835.37737365351,1,18,0
6038,703.3602369999999,703.3602370000004,0.0,73027.22207735671,1,18,0
6039,750.659105,750.6591050000002,0.0,79329.3004151076,1,19,1
6040,837.6230069999999,837.6230070000006,0.0,90916.32873385081,1,20,1
6041,914.0429289999998,914.0429290000001,0.0,101384.8725098778,1,20,0
6042,990.635661,990.6356610000005,0.0,113776.45665116723,1,21,1
6043,1023.2663549999999,1023.2663550000005,0.0,122174.22435196431,1,21,0
6044,1012.6237069999999,1012.6237070000003,0.0,119435.25454564166,1,21,0
6045,977.3027659999999,977.3027660000005,0.0,110670.74155602172,1,19,0
6046,923.851866,923.8518660000007,0.0,102732.9484771729,1,13,0
6047,848.3519749999999,848.3519750000005,0.0,92356.73864011368,1,13,0
6048,777.042052,777.0420520000016,0.0,82844.5515364397,1,12,0
6049,709.94814,709.9481400000005,0.0,74133.89124749934,0,12,0
6050,672.0625820000001,672.0625820000004,0.0,69155.06284699513,0,12,0
6051,643.4426040000001,643.4426040000005,0.0,65537.5874659061,0,12,0
6052,634.4236819999999,634.4236820000001,0.0,64397.62403550221,0,12,0
6053,668.6079569999998,668.6079570000003,0.0,68718.409091063,0,12,0
6054,728.9574869999999,728.9574870000002,0.0,76437.78730972111,1,14,2
6055,806.3123600000001,806.3123600000005,0.0,86744.51324347444,1,14,0
6056,793.3953549999999,793.3953550000008,0.0,85023.4577332428,1,14,0
6057,755.739596,755.7395960000005,0.0,80006.22258322882,1,14,0
6058,710.8879819999999,710.8879820000004,0.0,74062.47153406453,0,14,0
6059,679.567274,679.567274000001,0.0,70103.63235856703,0,14,0
6060,682.713784,682.7137840000006,0.0,70501.34134567209,0,14,0
6061,687.3994699999998,687.3994700000013,0.0,71093.59734770382,0,14,0
6062,695.773792,695.7737920000002,0.0,72152.08536150692,0,14,0
6063,740.954299,740.954299000001,0.0,78036.23674887631,1,15,1
6064,833.9980559999999,833.9980560000009,0.0,90488.99310411543,0,18,3
6065,921.3576749999999,921.3576750000011,0.0,102390.16322481142,1,20,2
6066,980.5049570000001,980.5049570000009,0.0,111169.23969042675,1,20,0
6067,1000.3697860000001,1000.369786000001,0.0,116281.61086334933,1,20,0
6068,974.3448650000001,974.3448650000009,0.0,110212.34739703844,1,19,0
6069,938.700763,938.7007630000007,0.0,104773.68349122586,1,13,0
6070,904.540843,904.5408430000011,0.0,100078.96813147579,1,13,0
6071,846.309605,846.3096050000007,0.0,92076.04870262867,2,13,0
6072,781.219585,781.2195850000006,0.0,83401.1640165636,1,11,0
6073,715.95236,715.9523600000005,0.0,74795.49658562288,0,13,2
6074,673.617319,673.6173190000004,0.0,69099.94914819568,0,13,0
6075,637.7724080000002,637.7724080000004,0.0,64569.26491497133,0,13,0
6076,623.954018,623.9540180000005,0.0,62822.66379489755,0,13,0
6077,637.656408,637.6564080000006,0.0,64554.602879095364,0,13,0
6078,666.4943530000002,666.4943530000002,0.0,68199.62860478593,0,13,0
6079,701.740289,701.7402890000003,0.0,72811.38098790223,1,14,1
6080,692.342747,692.3427470000005,0.0,71559.25702869239,1,14,0
6081,696.1676889999998,696.1676890000001,0.0,72068.89045419746,1,14,0
6082,670.19771,670.1977100000006,0.0,68667.72130474837,0,14,0
6083,643.28894,643.2889400000005,0.0,65266.53724337738,0,15,1
6084,662.180145,662.1801450000005,0.0,67654.3262558849,0,15,0
6085,708.247563,708.2475630000004,0.0,73678.40703413256,1,15,0
6086,749.144875,749.1448750000006,0.0,79127.5451409355,1,16,1
6087,780.929236,780.9292360000002,0.0,83362.47805597592,1,17,1
6088,851.225079,851.2250790000006,0.0,92751.59921001428,1,19,2
6089,896.348866,896.3488660000008,0.0,98953.11654140704,1,19,0
6090,948.4000329999998,948.4000330000005,0.0,106191.6044970548,1,19,0
6091,967.6116649999999,967.6116650000006,0.0,109168.88463365762,1,19,0
6092,952.1542719999998,952.1542720000001,0.0,106773.40937457685,1,17,0
6093,918.482808,918.4828080000004,0.0,101995.06035975373,1,15,0
6094,888.0169030000001,888.0169030000004,0.0,97808.02619362608,1,13,0
6095,833.576206,833.5762060000008,0.0,90377.13492229303,1,12,0
6096,775.595337,775.5953370000005,0.0,82651.79192827306,1,11,0
6097,713.7723130000003,713.7723130000006,0.0,74481.46069238543,0,12,1
6098,675.819483,675.8194830000004,0.0,69378.2957652029,0,12,0
6099,643.62352,643.6235200000001,0.0,65308.827105130724,0,12,0
6100,626.7415829999999,626.7415830000009,0.0,63175.00326073107,0,12,0
6101,634.222771,634.2227710000002,0.0,64120.60194048185,0,12,0
6102,654.012293,654.0122930000002,0.0,66621.9354019723,0,12,0
6103,678.5341700000001,678.5341700000005,0.0,69721.4236806004,1,13,1
6104,674.9247479999999,674.9247480000009,0.0,69265.20406977613,0,13,0
6105,674.0871820000001,674.0871820000012,0.0,69159.33835649583,0,13,0
6106,660.0228690000001,660.0228689999996,0.0,67381.65334117414,0,13,0
6107,659.36171,659.3617100000007,0.0,67298.08491895237,0,13,0
6108,682.2100759999998,682.210076000001,0.0,70209.18483642228,1,14,1
6109,709.79535,709.7953500000011,0.0,73884.63342678444,1,15,1
6110,719.994772,719.9947720000006,0.0,75243.599490069,1,15,0
6111,764.775947,764.7759470000009,0.0,81210.22162797165,1,16,1
6112,868.8497430000002,868.8497430000014,0.0,95173.81743509318,1,18,2
6113,925.35601,925.3560100000011,0.0,102939.66816328686,1,20,2
6114,962.143128,962.143128000001,0.0,108321.4102188668,1,20,0
6115,988.942765,988.9427650000008,0.0,113340.77644928107,1,20,0
6116,975.357621,975.3576210000001,0.0,110369.29701599966,1,19,0
6117,950.3407070000001,950.3407070000004,0.0,106492.35615375015,1,16,0
6118,911.735202,911.735202000001,0.0,101067.71364671283,1,13,0
6119,834.5302370000002,834.5302370000004,0.0,90504.24955215353,1,13,0
6120,766.291361,766.2913610000004,0.0,81412.13465773214,1,11,0
6121,706.583754,706.5837540000003,0.0,73581.09494808625,0,11,0
6122,666.6573529999998,666.6573530000005,0.0,68304.32277072899,0,11,0
6123,640.162481,640.1624810000005,0.0,64955.45411733221,0,11,0
6124,628.478686,628.4786860000005,0.0,63478.65910476471,0,11,0
6125,662.2016339999999,662.2016340000004,0.0,67741.13387563091,0,11,0
6126,729.461096,729.4610960000012,0.0,76539.68213691619,0,11,0
6127,814.166499,814.1664990000007,0.0,87790.99493207608,1,11,0
6128,824.311962,824.3119620000006,0.0,89142.7715242506,1,12,1
6129,824.864934,824.8649340000007,0.0,89216.44924657124,1,12,0
6130,832.907771,832.9077710000007,0.0,90288.07296559474,1,12,0
6131,810.7659730000001,810.765973000001,0.0,87337.91048951485,1,13,1
6132,800.6472109999999,800.6472110000008,0.0,85989.69152568978,1,14,1
6133,803.0717310000001,803.071731000001,0.0,86312.73339999944,1,15,1
6134,835.5644289999999,835.5644290000015,0.0,90642.04479495474,1,16,1
6135,893.450801,893.4508010000011,0.0,98554.82549537846,1,16,0
6136,945.365252,945.3652520000005,0.0,105721.29603027595,1,18,2
6137,990.5090449999999,990.509045,0.0,113743.87102012898,1,20,2
6138,1015.9880070000002,1015.9880070000002,0.0,120301.08381288899,1,21,1
6139,1030.315598,1030.315598,0.0,123988.4029036208,1,21,0
6140,1019.8351660000001,1019.8351660000005,0.0,121291.18067046828,1,21,0
6141,979.141421,979.1414210000008,0.0,110955.6830440518,1,19,0
6142,920.968113,920.9681130000009,0.0,102336.62437855605,1,13,0
6143,843.6909160000001,843.6909160000007,0.0,91724.81399959425,1,13,0
6144,775.6482430000002,775.6482430000002,0.0,82658.84109817148,1,12,0
6145,694.351235,694.3512350000008,0.0,72152.95405834967,0,13,1
6146,654.008961,654.0089610000009,0.0,66873.14182291152,0,14,1
6147,623.281414,623.281414000001,0.0,62989.276335881565,0,14,0
6148,614.633574,614.6335740000002,0.0,61896.21650545122,0,14,0
6149,645.497061,645.4970610000004,0.0,65797.26438176556,0,14,0
6150,710.513781,710.5137809999993,0.0,74015.17370228133,0,14,0
6151,796.4181930000001,796.4181930000003,0.0,85426.2192090212,1,14,0
6152,798.5106610000001,798.5106610000016,0.0,85705.0186351564,1,14,0
6153,759.7581990000001,759.7581990000008,0.0,80541.65930687987,1,14,0
6154,723.4272180000002,723.4272180000005,0.0,75700.93693802018,1,14,0
6155,710.883772,710.8837719999995,0.0,74061.93940327961,0,14,0
6156,708.6557320000001,708.6557320000004,0.0,73780.32214109729,0,16,2
6157,723.352926,723.3529260000008,0.0,75691.03830780632,1,17,1
6158,735.900829,735.900829000001,0.0,77362.91484575013,1,17,0
6159,773.8126109999998,773.812611,0.0,82414.2623766832,1,17,0
6160,839.535252,839.5352520000015,0.0,91171.11533447258,1,19,2
6161,915.036928,915.0369280000009,0.0,101521.48121308553,1,19,0
6162,985.1766989999999,985.1766990000003,0.0,112371.54951791777,1,20,1
6163,1009.940003,1009.9400030000015,0.0,118744.58205275222,1,20,0
6164,998.5127730000002,998.5127730000004,0.0,115803.69385087745,1,20,0
6165,952.681174,951.5106210354684,1.1705529645330477,106622.2810076438,1,14,0
6166,901.230923,901.2309229999996,0.0,99681.19271167161,1,14,0
6167,825.134992,825.134992000001,0.0,89252.43164411484,1,14,0
6168,752.0006229999999,752.0006229999999,0.0,79508.04362578024,1,11,0
6169,716.821223,716.8212230000005,0.0,74820.7573534096,1,12,1
6170,679.643383,679.6433830000003,0.0,69867.19990022974,1,13,1
6171,653.1928120000001,653.1928120000005,0.0,66350.81947824318,0,13,0
6172,642.879747,642.8797470000003,0.0,65047.28043495419,0,14,1
6173,677.1262189999999,677.126219000001,0.0,69648.58576361863,0,14,0
6174,746.231933,746.2319330000009,0.0,78739.42615514237,1,17,3
6175,836.2926020000001,836.2926020000001,0.0,92748.19358078334,1,18,1
6176,857.956344,857.9563440000012,0.0,94174.21404887873,1,20,2
6177,828.6869449999999,828.6869450000012,0.0,89725.6921470514,1,20,0
6178,787.905818,787.905818,0.0,84292.03447355746,1,20,0
6179,715.9661130000001,715.9661130000014,0.0,74706.82290983287,1,20,0
6180,710.6503460000001,710.650346000001,0.0,74032.43508960401,0,20,0
6181,742.373792,742.3737920000005,0.0,78225.36931090477,1,20,0
6182,743.540745,743.5407450000008,0.0,78380.85356525258,1,20,0
6183,812.1515869999998,812.1515870000002,0.0,87522.5290299391,1,21,1
6184,889.112069,889.1120690000002,0.0,97958.53862578853,1,21,0
6185,975.132965,975.1329650000004,0.0,110334.4814497652,1,21,0
6186,1022.375087,1022.3750870000011,0.0,121944.8494688205,1,21,0
6187,1040.846537,1040.8465370000008,0.0,126698.62351349408,1,21,0
6188,1024.014983,1024.014983000001,0.0,122366.88970067905,1,21,0
6189,985.8756610000002,985.8756610000008,0.0,112551.43292792702,1,20,0
6190,935.9256769999998,935.9256770000001,0.0,104392.29387237341,1,13,0
6191,863.4996519999999,863.4996520000008,0.0,94438.53601775487,1,13,0
6192,783.8715029999997,783.8715030000002,0.0,83754.50429061182,1,13,0
6193,727.4710799999999,727.4710800000006,0.0,76511.17408329966,0,13,0
6194,688.869822,688.8698220000002,0.0,71531.07280034876,0,14,1
6195,659.2843740000001,659.2843740000006,0.0,67791.56504187008,0,15,1
6196,649.332116,649.3321160000004,0.0,66533.63087080792,0,15,0
6197,685.8988189999999,685.8988190000006,0.0,71155.54734712723,0,15,0
6198,749.4517829999999,749.4517830000008,0.0,79188.44250397325,0,15,0
6199,833.267755,833.2677550000008,0.0,90336.03705996455,1,16,1
6200,839.15448,839.1544800000013,0.0,91120.38145701861,1,16,0
6201,812.5536460000001,812.553646,0.0,87576.09917699626,1,17,1
6202,771.545349,771.5453490000012,0.0,82112.17348237397,1,17,0
6203,723.8616669999999,723.8616670000004,0.0,75953.93216894731,0,17,0
6204,697.197108,697.197108000001,0.0,72583.6156113981,0,17,0
6205,680.5082149999998,680.5082150000001,0.0,70474.19192263311,0,19,2
6206,702.7556699999999,702.7556700000007,0.0,73286.20039987194,0,19,0
6207,751.357468,751.3574680000005,0.0,79429.31510602799,0,19,0
6208,832.272172,832.2721720000004,0.0,90431.27704252012,0,19,0
6209,935.8939040000001,935.8939040000002,0.0,104387.92719964337,1,20,1
6210,1018.1388910000001,1018.1388910000011,0.0,120854.63085615331,1,21,1
6211,1045.895687,1045.8956870000002,0.0,127998.06228076264,1,21,0
6212,1032.3571929999998,1032.3571930000007,0.0,124513.8235566144,1,21,0
6213,996.55172,996.5517200000011,0.0,115299.00131988355,1,20,0
6214,943.032198,943.0321980000008,0.0,105368.96750899461,1,13,0
6215,864.798446,864.7984460000014,0.0,94621.2783310022,1,13,0
6216,793.5681749999999,793.5681750000015,0.0,85046.48418661025,1,13,0
6217,714.719488,714.7194880000001,0.0,74912.88322168718,0,13,0
6218,675.548066,675.5480660000005,0.0,69847.24465894088,0,13,0
6219,646.3961819999998,646.3961820000005,0.0,66162.53802910475,0,13,0
6220,637.890902,637.8909020000003,0.0,65087.497335178654,0,13,0
6221,672.2864230000002,672.2864230000005,0.0,69434.98322203825,0,14,1
6222,733.3585480000002,733.3585480000007,0.0,77154.3081166379,0,14,0
6223,814.420683,814.4206830000005,0.0,87824.86228552315,1,16,2
6224,809.878263,809.8782630000003,0.0,87219.63243767631,1,16,0
6225,775.531592,775.5315920000002,0.0,82643.29857524733,1,16,0
6226,746.0020409999998,746.0020410000001,0.0,78752.4059439133,0,16,0
6227,687.8617220000001,687.8617220000004,0.0,71403.65212477469,0,16,0
6228,698.148921,698.1489210000005,0.0,72703.92178685703,0,16,0
6229,736.546,736.5460000000005,0.0,77557.19204402606,0,16,0
6230,735.798827,735.7988270000004,0.0,77462.75172220208,0,17,1
6231,776.0938340000001,776.0938340000006,0.0,82718.21142789269,1,17,0
6232,856.8638599999999,856.8638600000006,0.0,93624.06079196747,0,18,1
6233,943.547686,943.5476860000003,0.0,105439.81279877764,1,18,0
6234,994.6345370000001,994.6345370000003,0.0,114805.59908106136,1,20,2
6235,1004.213987,1004.2139870000007,0.0,117270.94645618626,1,20,0
6236,978.6590459999998,978.659046,0.0,110880.92804635582,1,19,0
6237,942.1909929999999,942.1909930000003,0.0,105253.3578110152,1,13,0
6238,908.787188,908.7871880000002,0.0,100662.55793772519,1,13,0
6239,850.566984,850.5669840000005,0.0,92661.15494946932,1,13,0
6240,784.8681219999999,784.8681220000003,0.0,83887.29332503208,1,11,0
6241,722.8528780000003,722.8528780000007,0.0,75679.26432013603,0,13,2
6242,681.072646,681.0726460000016,0.0,70057.63421234171,1,13,0
6243,645.1452379999998,645.1452380000004,0.0,65501.167483657955,0,13,0
6244,631.0189049999999,631.0189050000007,0.0,63715.64333501728,0,13,0
6245,645.2184060000001,645.2184060000003,0.0,65510.415689183596,0,13,0
6246,674.297112,674.2971120000003,0.0,69185.87284952545,0,13,0
6247,708.087067,708.0870670000002,0.0,73657.0226245755,1,14,1
6248,698.942514,698.9425140000005,0.0,72438.60679758969,1,14,0
6249,670.2012940000001,670.201294,0.0,68668.17431109812,0,14,0
6250,624.299073,624.2990730000008,0.0,62866.27766376995,0,14,0
6251,593.049032,593.0490320000005,0.0,58916.370575248606,0,14,0
6252,576.7250950000001,576.7250950000006,0.0,56853.07617928685,0,15,1
6253,578.7303580000001,578.7303580000008,0.0,57106.53512796632,0,16,1
6254,593.4460599999999,593.4460600000011,0.0,58966.55366817778,0,16,0
6255,646.8460820000001,646.8460820000009,0.0,65716.14882630871,0,16,0
6256,734.5918250000001,734.5918250000004,0.0,77188.50378474053,1,17,1
6257,832.8819020000001,832.8819019999999,0.0,90404.21547790959,0,18,1
6258,926.8706640000003,926.8706640000012,0.0,103155.05330233081,1,19,1
6259,974.282038,974.2820380000007,0.0,110202.61092180599,1,19,0
6260,958.783907,958.7839070000007,0.0,107800.82238136503,1,18,0
6261,926.467811,926.4678110000007,0.0,103092.46680074515,1,13,0
6262,895.7007279999999,895.7007280000012,0.0,98864.04070563708,1,13,0
6263,841.5758450000001,841.575845000001,0.0,91443.00296065134,1,13,0
6264,784.2779500000003,784.2779500000006,0.0,83808.65909267063,1,11,0
6265,717.6928319999998,717.6928320000003,0.0,75036.41412339601,0,12,1
6266,677.36142,677.3614200000006,0.0,69657.28323946269,0,12,0
6267,645.107743,645.1077430000003,0.0,65580.51971095474,0,12,0
6268,628.156844,628.1568440000003,0.0,63437.97928622672,0,12,0
6269,635.796653,635.7966530000015,0.0,64403.62716246641,0,12,0
6270,655.3453339999998,655.3453340000008,0.0,66874.51907755666,0,12,0
6271,678.3827630000001,678.382763000001,0.0,69786.37778866706,0,12,0
6272,662.874494,662.8744939999999,0.0,67826.18126752332,0,12,0
6273,646.8485199999999,646.8485200000007,0.0,65800.54845945581,0,12,0
6274,618.329619,618.3296190000009,0.0,62195.84889388607,0,12,0
6275,577.436492,577.436492,0.0,57027.086004611614,0,13,1
6276,573.4258320000001,573.4258320000007,0.0,56520.15117007344,0,14,1
6277,581.9656740000001,581.9656740000006,0.0,57599.56039230939,0,14,0
6278,596.0353070000001,596.0353070000001,0.0,59377.91783893133,0,15,1
6279,674.4904979999999,674.4904980000009,0.0,69294.40771048689,0,15,0
6280,762.2970050000002,762.2970050000011,0.0,80879.92859265547,1,17,2
6281,849.4119590000003,849.411959000001,0.0,92678.37044785423,0,19,2
6282,943.20397,943.2039700000005,0.0,105392.57472607162,1,19,0
6283,987.473215,987.4732150000009,0.0,112962.57611052316,1,20,1
6284,975.685906,975.685906000001,0.0,110420.1722570852,1,19,0
6285,950.4390629999999,950.4390630000008,0.0,106507.59865710002,1,15,0
6286,911.090185,911.0901850000007,0.0,100979.06674071302,1,13,0
6287,835.935108,835.9351080000018,0.0,90691.43388596133,1,13,0
6288,767.7951749999999,767.7951750000003,0.0,81612.50210909283,1,11,0
6289,711.634572,711.6345720000004,0.0,74219.50248876854,0,11,0
6290,673.6181440000001,673.6181440000003,0.0,69184.144903206,0,11,0
6291,646.976206,646.9762060000002,0.0,65816.68756904938,0,11,0
6292,635.014436,635.0144360000004,0.0,64304.75738904544,0,11,0
6293,669.1512880000001,669.1512879999995,0.0,68619.54832626689,0,11,0
6294,735.3900160000001,735.390016,0.0,77326.08203927765,0,11,0
6295,819.574198,819.5741980000013,0.0,88511.5141361505,1,11,0
6296,828.583732,828.583732000001,0.0,89711.94009675972,1,11,0
6297,802.8075030000001,802.8075030000008,0.0,86277.52778884131,1,11,0
6298,757.8471020000002,757.8471020000009,0.0,80287.02566522399,1,11,0
6299,707.7677529999997,707.7677530000008,0.0,73614.47738137144,1,11,0
6300,675.3533209999999,675.3533209999996,0.0,69403.46582928531,0,13,2
6301,670.806341,670.8063410000004,0.0,68828.74183025565,0,15,2
6302,689.2920889999999,689.2920890000014,0.0,71165.2823506928,0,15,0
6303,749.949524,749.9495240000011,0.0,79251.35540396429,0,18,3
6304,851.174934,851.1749340000001,0.0,92905.11798234218,0,19,1
6305,945.7937740000001,945.7937740000011,0.0,105787.70527852194,1,20,1
6306,1015.2682820000001,1015.2682820000006,0.0,120115.85688028205,1,21,1
6307,1036.125956,1036.1259560000012,0.0,125483.74458230153,1,21,0
6308,1028.18884,1028.1888400000012,0.0,123441.06487765646,1,21,0
6309,987.8762970000001,987.8762970000001,0.0,113066.3124576682,1,20,0
6310,929.510954,929.510954000001,0.0,103510.69641556911,1,13,0
6311,848.6114599999999,848.6114600000001,0.0,92426.06581654065,0,13,0
6312,777.1851969999999,777.185197,0.0,82863.6241071331,1,13,0
6313,723.3091769999999,723.3091770000004,0.0,75939.37051491994,0,13,0
6314,684.9801309999999,684.9801309999995,0.0,71039.42806768871,0,13,0
6315,653.24081,653.2408100000008,0.0,67027.6775230175,0,14,1
6316,643.4069720000001,643.4069719999997,0.0,65784.71126823484,0,15,1
6317,675.2576280000001,675.2576280000004,0.0,69810.53420742575,0,15,0
6318,741.4734989999998,741.473499,0.0,78180.01245020662,0,15,0
6319,830.005158,830.0051580000012,0.0,89901.33021077506,1,16,1
6320,836.91881,836.9188100000007,0.0,90822.5018655374,1,16,0
6321,810.9085649999998,810.9085650000003,0.0,87356.90937875534,1,16,0
6322,781.4775,781.4775000000008,0.0,83435.5284866495,1,16,0
6323,743.6881550000002,743.6881550000011,0.0,78459.93801680158,0,17,1
6324,738.138065,738.138065000001,0.0,77758.42406253408,0,17,0
6325,745.8444969999999,745.8444970000003,0.0,78732.49287684394,0,18,1
6326,763.9868129999999,763.9868130000002,0.0,81105.07779478336,1,19,1
6327,774.7585150000001,774.7585150000009,0.0,82540.29416898733,1,19,0
6328,851.655838,851.6558380000012,0.0,92965.90273838464,0,19,0
6329,957.6032769999999,957.6032770000006,0.0,107617.85686090964,1,20,1
6330,1039.567129,1039.567129000001,0.0,126369.35772532113,1,21,1
6331,1054.257588,1054.2575879999995,0.0,130150.0637715999,1,21,0
6332,1038.045154,1038.0451540000008,0.0,125977.66539734238,1,21,0
6333,992.577567,992.5775669999997,0.0,114276.2215499702,1,20,0
6334,940.5903369999999,940.5903370000009,0.0,105033.37414861572,1,13,0
6335,860.30791,860.3079100000006,0.0,94026.73888141401,0,13,0
6336,785.29314,785.2931400000009,0.0,83943.9225181654,1,13,0
6337,707.9857729999999,707.9857730000003,0.0,74058.02021615031,0,14,1
6338,673.26625,673.2662500000007,0.0,69558.83027916132,0,14,0
6339,645.348213,645.3482130000007,0.0,66030.07803707945,0,14,0
6340,635.32841,635.3284100000002,0.0,64763.60639004103,0,14,0
6341,669.5642440000001,669.5642440000001,0.0,69090.9083413581,0,14,0
6342,738.224123,738.2241230000006,0.0,77769.30152359797,0,14,0
6343,826.7574740000001,826.7574740000008,0.0,89468.61036250592,1,14,0
6344,846.6910749999998,846.6910750000004,0.0,92128.47543747707,2,15,1
6345,785.948066,785.9480660000004,0.0,84031.18454222537,1,15,0
6346,734.211738,734.2117380000008,0.0,77262.1486544745,0,15,0
6347,693.193538,693.1935380000009,0.0,72077.57693060432,0,15,0
6348,673.8374299999998,673.8374300000006,0.0,69631.0256382273,0,15,0
6349,680.7274090000001,680.7274090000002,0.0,70501.89735618317,0,16,1
6350,695.436689,695.4366890000007,0.0,72361.10417575331,0,18,2
6351,756.542469,756.542469000001,0.0,80113.19699414431,1,20,2
6352,850.107062,850.1070620000003,0.0,92654.02621168055,0,20,0
6353,933.0374989999998,933.0374990000009,0.0,103995.3616307789,1,20,0
6354,1012.2824140000001,1012.282414,0.0,119347.42008732737,1,20,0
6355,1031.62305,1031.62305,0.0,124324.88603744392,1,21,1
6356,1013.7491180000001,1013.7491180000011,0.0,119724.88798543075,1,20,0
6357,975.8381339999999,975.838134,0.0,110443.76345436779,1,19,0
6358,924.8731080000001,924.8731080000005,0.0,102873.30127962153,1,13,0
6359,854.8095610000001,854.8095610000009,0.0,93244.22690651209,1,13,0
6360,774.608022,774.6080220000002,0.0,82520.24255432106,1,12,0
6361,721.1217,721.1217000000005,0.0,75529.53892715587,0,13,1
6362,680.7026379999998,680.7026380000003,0.0,70247.13880425935,0,13,0
6363,650.1179650000001,650.1179650000005,0.0,66381.3321423479,0,13,0
6364,640.6208030000001,640.6208030000004,0.0,65180.92067713943,0,13,0
6365,676.1366869999999,676.1366870000005,0.0,69670.01693037956,0,13,0
6366,740.2248390000001,740.2248390000003,0.0,77939.0438506391,1,15,2
6367,826.919552,826.9195520000007,0.0,89490.2055569792,1,16,1
6368,825.4190650000002,825.4190650000007,0.0,89290.2813934923,1,16,0
6369,782.2535609999999,782.2535610000006,0.0,83538.93047962895,1,16,0
6370,704.373737,704.3737370000005,0.0,73239.09141427961,0,16,0
6371,686.487436,686.4874360000003,0.0,70978.31911297842,0,16,0
6372,676.691939,676.6919390000004,0.0,69740.19904024352,0,16,0
6373,681.8877890000001,681.8877890000007,0.0,70396.9381704704,0,16,0
6374,714.1201069999998,714.1201070000003,0.0,74471.00198842413,0,17,1
6375,784.238682,784.2386820000005,0.0,83803.42704330814,1,19,2
6376,868.344253,868.3442530000004,0.0,95104.34620485597,1,19,0
6377,962.681382,962.6813820000004,0.0,108404.82494087717,1,20,1
6378,1022.8136750000001,1022.8136750000004,0.0,122057.72356645248,1,21,1
6379,1035.165124,1035.1651240000006,0.0,125236.46685245927,1,21,0
6380,1021.600118,1021.6001180000007,0.0,121745.40505500203,1,21,0
6381,985.4191040000001,985.4191040000002,0.0,112433.93436573964,1,20,0
6382,930.743189,930.7431890000003,0.0,103680.04671209553,1,19,0
6383,854.3719989999998,854.3719990000002,0.0,93184.09125507477,1,14,0
6384,787.162989,787.1629890000006,0.0,84193.06029621458,1,13,0
6385,725.1640069999999,725.1640070000004,0.0,76233.03763794208,0,14,1
6386,685.0800560000002,685.0800560000005,0.0,71052.05827402427,0,14,0
6387,656.3547830000001,656.3547830000003,0.0,67421.27393545619,0,14,0
6388,646.768864,646.7688640000009,0.0,66209.64386405601,0,14,0
6389,681.255513,681.2555130000005,0.0,70568.64804406474,0,16,2
6390,743.356062,743.3560620000002,0.0,78417.96250404138,0,18,2
6391,826.3412460000001,826.3412460000003,0.0,89413.15234472908,1,18,0
6392,822.222966,822.222966,0.0,88864.43470571932,1,18,0
6393,776.5352660000001,776.5352660000005,0.0,82777.02761446168,1,18,0
6394,733.4858100000001,733.4858100000009,0.0,77170.3936339625,0,18,0
6395,679.885933,679.8859330000006,0.0,70395.53743117637,0,18,0
6396,669.560788,669.5607880000007,0.0,69090.47151380654,0,18,0
6397,663.782902,663.7829020000006,0.0,68360.16486019068,0,18,0
6398,683.8170179999998,683.8170180000003,0.0,70892.41423550053,0,18,0
6399,736.0834839999999,736.083484000001,0.0,77498.73147346383,0,18,0
6400,824.1510189999999,824.1510190000004,0.0,89352.4391057379,0,18,0
6401,931.150615,931.1506150000007,0.0,103736.04066934611,1,20,2
6402,1009.3359950000001,1009.3359950000014,0.0,118589.13580715831,1,20,0
6403,1021.330172,1021.3301720000005,0.0,121675.9323125663,1,21,1
6404,991.4119989999999,991.4119990000005,0.0,113976.25338798508,1,20,0
6405,955.891799,955.8917990000007,0.0,107352.62434689768,1,16,0
6406,920.33581,920.3358100000003,0.0,102249.72480132872,1,13,0
6407,862.018094,862.0180940000014,0.0,94234.92040334603,1,13,0
6408,795.5113480000001,795.511348000001,0.0,85305.39161902065,1,12,0
6409,742.2509839999998,742.2509840000005,0.0,78256.85695833128,0,13,1
6410,697.3777650000001,697.3777650000005,0.0,72354.82251383571,0,14,1
6411,660.5733759999999,660.5733760000005,0.0,67702.86327321279,0,14,0
6412,645.767482,645.7674820000004,0.0,65831.44474731405,0,14,0
6413,660.347608,660.3476080000005,0.0,67674.32690669854,0,15,1
6414,690.20427,690.2042699999994,0.0,71448.11526343638,0,15,0
6415,729.32128,729.3212799999997,0.0,76486.25891341198,1,15,0
6416,740.126809,740.1268090000003,0.0,77925.98238076521,1,15,0
6417,725.0118300000001,725.0118300000004,0.0,75912.06987589387,1,15,0
6418,722.996349,722.9963490000005,0.0,75643.52816047166,1,15,0
6419,670.653762,670.6537620000007,0.0,68976.99242128116,0,15,0
6420,637.6362179999999,637.6362180000002,0.0,64803.67850175172,0,15,0
6421,652.268935,652.2689350000005,0.0,66653.20799845309,0,15,0
6422,664.1369060000001,664.136906000001,0.0,68153.28227929218,0,15,0
6423,712.213377,712.2133770000007,0.0,74229.99730164967,0,17,2
6424,808.026887,808.0268870000007,0.0,86972.95599322885,1,19,2
6425,897.5849079999998,897.5849080000004,0.0,99122.99004704448,1,19,0
6426,964.909348,964.9093480000012,0.0,108750.09903923741,1,19,0
6427,999.8558090000001,999.8558090000002,0.0,116149.33480910552,1,20,1
6428,981.3156219999997,981.3156220000006,0.0,111377.87075273777,1,20,0
6429,947.494408,947.4944080000007,0.0,106051.25726764137,1,14,0
6430,917.157587,917.1575870000011,0.0,101812.9306772556,1,14,0
6431,860.2286579999999,860.2286580000005,0.0,93988.99205589983,1,13,0
6432,801.224896,801.2248960000006,0.0,86066.6619961996,1,12,0
6433,735.152476,735.1524760000004,0.0,77359.62782934788,0,13,1
6434,695.084364,695.0843640000007,0.0,72064.94382642148,0,15,2
6435,662.2087440000001,662.208744000001,0.0,67909.5686549927,0,15,0
6436,644.625322,644.6253220000006,0.0,65687.0793085543,0,15,0
6437,653.0264670000001,653.0264670000012,0.0,66748.95766536021,0,16,1
6438,674.2332529999999,674.2332530000014,0.0,69429.42884765899,0,16,0
6439,698.1552279999999,698.1552279999999,0.0,72453.09139657927,0,16,0
6440,694.2986109999999,694.2986110000004,0.0,71965.6271137001,0,16,0
6441,677.421917,677.4219170000002,0.0,69832.46596804255,0,16,0
6442,672.657252,672.657252000001,0.0,69230.22726832608,0,16,0
6443,652.196993,652.1969930000006,0.0,66644.11475547904,0,17,1
6444,659.3801200000001,659.3801200000004,0.0,67552.03946044335,0,17,0
6445,691.974078,691.9740780000012,0.0,71671.8134392093,0,18,1
6446,697.9595410000001,697.9595410000004,0.0,72428.35717404084,0,18,0
6447,763.8370680000002,763.8370680000007,0.0,81085.12584327612,1,18,0
6448,827.3738729999999,827.373873000001,0.0,89611.57262079077,0,19,1
6449,917.720267,917.7202670000006,0.0,101890.26172599994,1,19,0
6450,993.42203,993.4220300000007,0.0,114493.55079543227,1,20,1
6451,1010.1440959999999,1010.1440960000006,0.0,118797.10700374936,1,20,0
6452,999.0258590000001,999.0258590000002,0.0,115935.7405992099,1,20,0
6453,973.898332,973.898332000001,0.0,110143.14693394203,1,18,0
6454,935.0937549999999,935.0937550000002,0.0,104277.95996902956,1,13,0
6455,857.3818300000001,857.3818300000008,0.0,93597.74268710257,1,13,0
6456,788.0543999999999,788.0544000000008,0.0,84311.83146750634,1,13,0
6457,709.4372849999999,709.4372850000004,0.0,74245.22934332243,0,14,1
6458,671.776828,671.7768280000005,0.0,69370.57201365696,0,14,0
6459,645.1904609999999,645.1904610000003,0.0,66010.13867946294,0,15,1
6460,633.262476,633.2624759999999,0.0,64502.478817407806,0,15,0
6461,665.780741,665.7807410000005,0.0,68612.68543857406,0,15,0
6462,732.22455,732.224550000001,0.0,77010.97432905767,0,15,0
6463,817.109635,817.1096350000007,0.0,88183.13695185244,1,15,0
6464,829.951031,829.951031,0.0,89894.1183554259,1,15,0
6465,812.036257,812.0362570000011,0.0,87507.16251641733,1,16,1
6466,804.977342,804.9773420000009,0.0,86566.6360896638,1,17,1
6467,792.9076210000001,792.9076210000005,0.0,84958.47229054711,1,17,0
6468,764.7949099999998,764.7949100000008,0.0,81212.74824893683,1,17,0
6469,773.889894,773.8898940000016,0.0,82424.55952629332,1,18,1
6470,798.285308,798.2853080000008,0.0,85674.99271023042,1,18,0
6471,875.03807,875.0380700000006,0.0,96024.30051052349,1,20,2
6472,941.6009019999999,941.6009020000001,0.0,105172.25957421164,1,20,0
6473,992.676568,992.6765680000002,0.0,114301.7002419082,1,20,0
6474,1028.2596479999997,1028.259648000001,0.0,123459.28787761345,1,21,1
6475,1029.865864,1029.8658640000017,0.0,123872.66029455644,1,21,0
6476,1022.559208,1022.5592080000007,0.0,121992.2344673387,1,21,0
6477,984.9681969999999,984.9681970000007,0.0,112317.88987582905,1,20,0
6478,926.5790439999998,926.5790440000005,0.0,103107.75393471999,1,13,0
6479,845.886037,845.8860370000014,0.0,92049.22264432907,0,13,0
6480,776.835532,776.8355320000003,0.0,82817.03491134163,1,13,0
6481,709.604131,709.6041310000016,0.0,74204.70308326952,0,13,0
6482,668.718962,668.7189620000004,0.0,68984.06734989832,0,13,0
6483,637.604508,637.604508,0.0,65051.298032569386,0,14,1
6484,628.510314,628.5103139999998,0.0,63901.82045764432,0,15,1
6485,659.0412489999999,659.0412490000008,0.0,67760.83480503947,0,15,0
6486,724.4776180000001,724.477618000001,0.0,76031.78644187722,0,16,1
6487,808.7002339999999,808.7002340000008,0.0,87062.67242243579,1,16,0
6488,822.036323,822.0363230000007,0.0,88839.5664825054,1,16,0
6489,792.5218930000001,792.5218930000004,0.0,84907.07807804577,1,16,0
6490,748.7710259999999,748.7710260000007,0.0,79102.39695606945,0,16,0
6491,701.2206039999999,701.2206040000003,0.0,73092.17287604407,0,17,1
6492,685.4731749999999,685.4731750000007,0.0,71101.74728162374,0,18,1
6493,709.802683,709.8026829999995,0.0,74176.92072249799,0,19,1
6494,704.792222,704.7922220000007,0.0,73543.61417993522,0,19,0
6495,757.137143,757.1371430000007,0.0,80192.43107081232,1,19,0
6496,849.8982159999999,849.8982160000003,0.0,92726.65990156007,0,19,0
6497,942.0104929999999,942.0104930000007,0.0,105228.55107486263,1,19,0
6498,1004.550647,1004.5506470000005,0.0,117357.58857523362,1,20,1
6499,1023.289723,1021.2013910876165,2.0883319123845108,121222.69761810816,1,20,0
6500,1013.6390139999997,1013.6390140000005,0.0,119696.55184845094,1,20,0
6501,970.779214,970.7792140000004,0.0,109926.41609557236,1,18,0
6502,919.5900429999999,919.5900430000015,0.0,102849.22295209845,1,17,0
6503,842.276993,842.2769930000009,0.0,91536.4235816767,1,17,0
6504,767.9412569999998,767.9412570000005,0.0,81735.44387982549,1,14,0
6505,713.1979640000001,713.1979640000005,0.0,74337.99607345759,1,14,0
6506,675.959877,675.9598770000008,0.0,69376.41133908335,1,15,1
6507,650.0284159999999,650.0284160000004,0.0,65950.84975688222,0,16,1
6508,639.8576190000001,639.8576190000002,0.0,64665.29294221397,0,16,0
6509,672.63765,672.6376500000011,0.0,69039.44702296301,0,16,0
6510,740.1235289999998,740.1235290000013,0.0,77925.54535514882,1,17,1
6511,829.220017,829.2200170000011,0.0,91279.97839466881,1,18,1
6512,831.226687,831.2266870000005,0.0,90455.86553563953,1,19,1
6513,778.82968,778.8296800000008,0.0,83082.73422814286,1,19,0
6514,724.723202,724.7232020000012,0.0,75873.61322051549,1,19,0
6515,694.668181,694.6681810000007,0.0,71869.096732198,1,19,0
6516,679.5026210000001,679.5026210000005,0.0,69927.92432463274,0,19,0
6517,698.1843280000002,698.184328000001,0.0,72337.5864609807,1,19,0
6518,749.978062,749.978062000001,0.0,79238.5585745762,1,20,1
6519,822.3775860000001,822.3775860000004,0.0,88885.03619987317,1,21,1
6520,908.048366,908.048366000001,0.0,100561.01908776538,1,21,0
6521,980.6160010000002,980.6160010000002,0.0,111197.81774385597,1,21,0
6522,1029.02722,1029.0272200000013,0.0,123656.8286148603,1,21,0
6523,1028.8114,1028.8114000000014,0.0,123601.28562747595,1,21,0
6524,1016.6401950000002,1016.6401949999998,0.0,120468.92956331171,1,20,0
6525,981.9669150000001,981.9669150000008,0.0,111545.48616781771,1,20,0
6526,931.9101829999998,931.9101830000005,0.0,103840.43071347894,1,13,0
6527,859.434193,859.4341930000008,0.0,93879.80599696636,1,13,0
6528,779.1536589999998,779.1536590000009,0.0,83125.90103369487,1,13,0
6529,699.389415,699.3894150000002,0.0,72929.45719101671,0,14,1
6530,663.124969,663.1249690000003,0.0,68277.00419424234,0,14,0
6531,633.1230599999999,633.1230600000004,0.0,64484.85707263469,0,14,0
6532,624.0172559999999,624.0172560000004,0.0,63333.912030153464,0,15,1
6533,657.952758,657.9527580000006,0.0,67623.25295941268,0,15,0
6534,719.067019,719.0670190000005,0.0,75347.90371214741,0,15,0
6535,803.3875180000001,803.3875180000005,0.0,86354.80870742626,1,15,0
6536,802.692156,802.6921560000003,0.0,86262.15901024755,1,16,1
6537,758.43233,758.4323300000004,0.0,80365.00116141226,1,16,0
6538,693.0834730000001,693.083473000001,0.0,72063.66506009838,0,17,1
6539,658.8317459999998,658.8317460000005,0.0,67734.35428346935,0,17,0
6540,645.033592,645.0335920000005,0.0,65990.31093027475,0,17,0
6541,676.252038,676.2520380000003,0.0,69936.22450997273,0,17,0
6542,690.268424,690.2684240000009,0.0,71707.85170293717,0,17,0
6543,724.726748,724.7267480000005,0.0,76063.27569185807,0,19,2
6544,816.8141199999999,816.8141200000006,0.0,88284.18251406412,0,19,0
6545,918.3843790000001,918.3843790000005,0.0,101981.53292356111,1,20,1
6546,986.8041470000002,986.8041470000009,0.0,112790.38615832546,1,20,0
6547,1001.87455,1001.8745500000001,0.0,116668.87380407982,1,20,0
6548,994.615817,994.6158170000006,0.0,114800.7813407045,1,20,0
6549,962.3970499999999,962.3970500000007,0.0,108360.76121865933,1,18,0
6550,908.8166219999999,908.8166220000007,0.0,100666.60315363613,1,15,0
6551,833.599131,833.5991310000007,0.0,90380.18943822548,1,13,0
6552,766.972254,766.9722540000009,0.0,81502.85651233612,1,11,0
6553,680.4534449999999,680.4534450000012,0.0,70211.05557251764,0,11,0
6554,642.789396,642.7893960000009,0.0,65203.39644984606,0,11,0
6555,620.268364,620.2683640000004,0.0,62356.808698565445,0,11,0
6556,616.7945460000001,616.7945459999995,0.0,61917.729007680035,0,11,0
6557,654.3014649999999,654.3014650000009,0.0,66658.48583506147,0,12,1
6558,720.2033949999999,720.2033950000003,0.0,75348.4682081147,0,12,0
6559,801.8703690000001,801.8703690000011,0.0,86152.66450710341,1,14,2
6560,800.860589,800.8605890000006,0.0,86018.12190739685,1,14,0
6561,763.7317240000001,763.7317240000004,0.0,81071.08985957321,1,14,0
6562,724.955722,724.9557220000016,0.0,75904.59407306138,1,14,0
6563,681.678832,681.6788320000015,0.0,70138.40214233208,1,14,0
6564,660.871752,660.8717520000001,0.0,67488.94948773047,0,15,1
6565,656.6852019999999,656.6852020000005,0.0,66959.78270931097,0,15,0
6566,673.82645,673.826450000001,0.0,69126.38265013356,0,16,1
6567,736.6949119999999,736.6949120000008,0.0,77468.71808130907,1,17,1
6568,821.1596970000002,821.1596970000005,0.0,88722.76525747587,1,18,1
6569,893.2816559999998,893.2816560000006,0.0,98531.5793159516,1,18,0
6570,951.4723349999999,951.4723350000007,0.0,106667.72769774101,1,19,1
6571,972.6247609999998,972.624761000001,0.0,109945.77808777355,1,19,0
6572,930.9602140000001,930.9602140000004,0.0,103709.87320469123,1,16,0
6573,895.201265,895.2012650000006,0.0,98795.39778675057,1,13,0
6574,863.9430779999999,863.9430780000013,0.0,94499.47757889186,1,13,0
6575,807.383166,807.3831660000013,0.0,86887.18691795939,1,12,0
6576,741.5921600000001,741.5921600000013,0.0,78121.22504057491,1,10,0
6577,692.784941,692.7849410000006,0.0,71618.17474377353,1,10,0
6578,653.191963,653.1919630000006,0.0,66350.7121673082,0,10,0
6579,622.8449160000001,622.8449160000002,0.0,62514.9406858887,0,10,0
6580,614.4243670000002,614.4243670000005,0.0,61450.609724392045,0,11,1
6581,631.890913,631.8909130000004,0.0,63658.32631130414,0,11,0
6582,666.6667709999999,666.6667710000003,0.0,68138.20238209463,1,11,0
6583,705.63144,705.63144,0.0,73329.83606860344,1,11,0
6584,694.542778,694.5427780000005,0.0,71852.38809701902,1,12,1
6585,675.362702,675.3627020000006,0.0,69296.8440303827,1,13,1
6586,651.2095479999999,651.2095480000011,0.0,66100.14113410896,0,13,0
6587,634.6582689999999,634.6582690000016,0.0,64008.11142297381,0,13,0
6588,652.3244189999999,652.3244190000004,0.0,66241.0573289288,0,13,0
6589,647.436135,647.4361350000011,0.0,65623.19357565236,0,13,0
6590,678.5888199999999,678.5888200000012,0.0,69726.69043522334,1,15,2
6591,693.812487,693.8124869999999,0.0,71755.084476743,1,16,1
6592,772.8306200000001,772.8306200000004,0.0,82283.42236992103,1,19,3
6593,835.6781599999999,835.6781600000006,0.0,90657.19825848847,1,19,0
6594,909.589072,909.5890720000007,0.0,100842.58308899589,1,19,0
6595,950.4895759999999,950.4895760000006,0.0,107995.6996492672,1,19,0
6596,919.9760410000001,919.9760410000017,0.0,102452.28061407925,1,15,0
6597,885.2662169999999,885.2662170000001,0.0,97429.98995074112,1,12,0
6598,857.649476,857.649476000001,0.0,93634.52619792975,1,12,0
6599,803.1029700000001,803.1029700000003,0.0,86316.89566927805,1,12,0
6600,744.8759729999999,744.875973000001,0.0,78558.75869936189,1,10,0
6601,690.636417,690.6364170000003,0.0,71346.9540141681,0,10,0
6602,649.9975939999999,649.9975940000005,0.0,65946.95395283248,0,10,0
6603,623.796121,623.7961210000001,0.0,62635.17001205619,0,10,0
6604,612.6977810000002,612.6977809999998,0.0,61232.37467374542,0,10,0
6605,624.129627,624.1296270000005,0.0,62677.324123580904,0,10,0
6606,651.1504870000001,651.1504870000007,0.0,66092.67600910139,0,10,0
6607,673.6654129999998,673.6654130000005,0.0,69070.69806342629,1,10,0
6608,657.244057,657.2440570000009,0.0,66882.7245177572,1,10,0
6609,634.242364,634.2423640000009,0.0,63955.54233649951,0,11,1
6610,621.2339920000002,621.2339920000006,0.0,62311.324948979185,0,11,0
6611,616.7342309999999,616.7342310000006,0.0,61742.569283328965,0,11,0
6612,624.6945029999999,624.6945030000009,0.0,62748.72267683518,0,14,3
6613,640.4881610000002,640.488161000001,0.0,64744.99147174274,0,14,0
6614,657.674067,657.6740670000006,0.0,66940.01884256037,1,15,1
6615,676.3970779999999,676.3970780000008,0.0,69434.66378925495,1,15,0
6616,746.793035,746.7930350000006,0.0,78814.187114738,1,18,3
6617,852.0238900000002,852.0238900000012,0.0,92861.38255468369,1,19,1
6618,929.833282,929.8332820000013,0.0,103554.99506183289,1,19,0
6619,969.0606840000002,969.0606840000007,0.0,109393.44314520211,1,19,0
6620,942.3643540000002,942.3643540000007,0.0,105277.18340983053,1,13,0
6621,911.148032,911.1480320000007,0.0,100987.01685299126,1,13,0
6622,874.5378629999999,874.5378630000006,0.0,95955.55534115672,1,13,0
6623,798.778337,798.7783370000009,0.0,85740.68365616983,1,13,0
6624,730.615551,730.6155510000013,0.0,76658.70695661439,1,11,0
6625,673.4747670000002,673.4747670000007,0.0,69206.09080400529,0,12,1
6626,638.9533359999999,638.9533359999999,0.0,64718.53050723828,0,12,0
6627,618.7691669999999,618.7691670000007,0.0,62167.31490374487,0,13,1
6628,612.902574,612.9025740000009,0.0,61425.79596378032,0,13,0
6629,649.847882,649.8478819999999,0.0,66095.56692365838,0,13,0
6630,722.339231,722.3392310000014,0.0,75658.99981173035,0,13,0
6631,807.799154,807.7991540000014,0.0,86942.61295825205,1,13,0
6632,812.633626,812.6336260000002,0.0,87586.75567358418,1,14,1
6633,782.542129,782.5421289999997,0.0,83577.37914063629,1,16,2
6634,746.2247560000001,746.2247560000005,0.0,78738.46989512717,1,16,0
6635,716.2624809999999,716.2624810000008,0.0,74746.31083907462,1,16,0
6636,704.4185079999999,704.4185080000008,0.0,73168.22559449314,1,17,1
6637,716.436284,716.4362840000009,0.0,74769.46826688742,1,17,0
6638,768.6717299999999,768.6717300000009,0.0,81729.2938741167,1,17,0
6639,814.9867329999998,814.9867330000012,0.0,87914.55800361562,0,19,2
6640,905.8217439999999,905.8217440000008,0.0,100255.00676385601,1,19,0
6641,945.949775,945.9497750000005,0.0,105811.88118812653,1,20,1
6642,986.62869,986.6286900000005,0.0,112745.23090886981,1,20,0
6643,1004.1706999999999,1004.1707000000006,0.0,117259.80620368455,1,20,0
6644,979.0818710000001,979.0818710000009,0.0,110946.45441463945,1,19,0
6645,938.935179,938.9351790000003,0.0,104805.90008879895,1,15,0
6646,884.185797,884.1857970000013,0.0,97281.50411210403,1,14,0
6647,803.3344869999997,803.3344870000005,0.0,86347.74288258815,1,13,0
6648,731.6425409999999,731.6425410000007,0.0,76795.54260841229,1,10,0
6649,672.2967159999997,672.2967160000003,0.0,68995.69339661852,0,11,1
6650,637.058638,637.0586380000005,0.0,64311.51052981538,0,13,2
6651,612.06631,612.0663100000002,0.0,61152.55872153293,0,13,0
6652,608.747613,608.7476130000009,0.0,60733.085838122905,0,14,1
6653,643.848544,643.8485440000011,0.0,65230.04214505568,0,14,1
6654,715.198669,715.1986689999999,0.0,74604.56904177315,1,15,1
6655,804.743365,804.7433650000014,0.0,87039.13821978845,1,17,2
6656,813.441508,813.4415080000014,0.0,87694.39748124151,1,19,2
6657,773.6629170000001,773.6629170000015,0.0,82394.31722039146,1,19,0
6658,747.172616,747.1726160000009,0.0,78864.76230392695,1,19,0
6659,717.177209,717.1772090000007,0.0,74868.18875618954,1,18,0
6660,713.3749279999998,713.3749280000013,0.0,74376.81370194115,0,18,0
6661,723.7421939999999,723.7421940000006,0.0,75742.9041881986,1,19,1
6662,739.315616,739.3156160000007,0.0,77817.89941706654,1,18,0
6663,767.0626310000001,767.0626310000008,0.0,81514.89830018464,1,18,0
6664,838.4062319999999,838.4062320000011,0.0,91020.68525473178,1,19,1
6665,908.167051,908.1670510000013,0.0,100577.3303757448,1,19,0
6666,974.4941510000001,974.4941510000007,0.0,110235.48266438438,1,20,1
6667,998.193882,998.1938819999998,0.0,115721.62472480012,1,20,0
6668,970.4132649999999,969.5306255666262,0.8826394333752694,109427.52892598794,1,17,0
6669,924.977303,924.9773030000008,0.0,102887.62115703666,1,14,0
6670,876.82662,876.8266200000012,0.0,96270.10709194063,1,14,0
6671,799.7200139999999,799.7200140000011,0.0,85866.15224503457,1,13,0
6672,725.709043,725.7090430000005,0.0,76004.96619941895,1,11,0
6673,670.625257,670.6252570000003,0.0,68784.42622572831,0,11,0
6674,634.2566219999998,634.2566220000003,0.0,63957.34450294358,0,11,0
6675,615.438706,615.4387060000006,0.0,61578.818989981926,0,11,0
6676,611.558162,611.558162000001,0.0,61088.330409409595,0,13,2
6677,648.854791,648.8547910000008,0.0,65908.41846153454,0,14,1
6678,721.8631,721.8631000000003,0.0,75492.53461081252,1,14,0
6679,811.3518369999999,811.3518370000007,0.0,87591.62391522447,1,16,2
6680,809.2268049999999,809.2268050000008,0.0,87132.83248826205,1,16,0
6681,764.4450810000001,764.4450810000012,0.0,81166.13720186453,1,16,0
6682,742.4053869999999,742.4053870000001,0.0,78229.57901345154,1,16,0
6683,712.724952,712.7249520000006,0.0,74274.97218293457,1,16,0
6684,722.633375,722.6333750000005,0.0,75595.16567994533,1,16,0
6685,724.85409,724.8540900000015,0.0,75891.05267444646,1,16,0
6686,738.3508019999999,738.3508020000005,0.0,77689.3480654917,1,16,0
6687,783.4469580000001,783.4469580000007,0.0,83697.93811977029,1,17,1
6688,851.17519,851.1751900000012,0.0,92744.7427930619,1,18,1
6689,913.2103199999999,913.2103200000017,0.0,101270.44418975998,1,18,0
6690,975.9275079999999,975.9275080000006,0.0,110457.61399215292,1,19,1
6691,989.702623,989.7026230000005,0.0,113536.33192749401,1,20,1
6692,960.356752,960.356752000001,0.0,108044.5705531214,1,16,0
6693,923.2767529999999,923.2767530000004,0.0,102653.90871845295,1,14,0
6694,875.6317600000001,875.6317600000013,0.0,96105.89337028233,1,14,0
6695,806.968967,806.9689670000006,0.0,86831.99924316298,1,13,0
6696,726.510542,726.5105420000011,0.0,76111.75753923775,1,11,0
6697,676.6136590000001,676.6136590000002,0.0,69535.85041580307,0,11,0
6698,639.381407,639.3814070000003,0.0,64605.10124024346,0,12,1
6699,615.2338369999999,615.2338370000003,0.0,61552.92419146569,0,13,1
6700,611.8965749999999,611.8965750000003,0.0,61131.10475033111,0,13,0
6701,650.4801000000001,650.4801000000006,0.0,66090.01730389603,0,13,0
6702,718.3797869999999,718.3797870000003,0.0,75028.41966833851,1,14,1
6703,805.721117,805.7211170000005,0.0,86780.15904495351,1,15,1
6704,802.199082,802.1990820000005,0.0,86196.4620685299,1,15,0
6705,753.513145,753.5131450000005,0.0,79709.57132685704,1,15,0
6706,703.341682,703.3416820000004,0.0,73024.74981811455,1,15,0
6707,688.875106,688.8751060000003,0.0,71112.5770084023,0,15,0
6708,690.0270029999999,690.0270030000005,0.0,71258.17317339763,0,15,0
6709,703.3669130000002,703.3669130000005,0.0,73028.11158437374,1,16,1
6710,739.3442309999999,739.3442310000004,0.0,77821.71206585197,1,16,0
6711,780.4022859999999,780.4022860000003,0.0,83292.26749237267,1,18,2
6712,858.154239,858.1542390000003,0.0,93703.89751405496,1,19,1
6713,919.113306,919.1133060000008,0.0,102081.71186961947,1,20,1
6714,973.151084,973.1510840000003,0.0,110027.34382947294,1,20,0
6715,988.8943360000001,988.8943360000003,0.0,113328.31286232866,1,20,0
6716,963.391687,963.3916870000004,0.0,108514.90288570923,1,17,0
6717,926.2285679999999,926.2285680000006,0.0,103059.58681195085,1,14,0
6718,875.0201,875.0201000000004,0.0,96021.83083158349,1,14,0
6719,800.6429969999998,800.6429970000005,0.0,85989.13005436416,1,13,0
6720,733.4866819999997,733.4866820000003,0.0,77041.2550649526,1,11,0
6721,685.092802,685.0928020000002,0.0,70613.07850010456,0,12,1
6722,646.918887,646.9188870000005,0.0,65557.81505209376,0,12,0
6723,624.6272710000001,624.6272710000004,0.0,62740.224763076374,0,12,0
6724,620.95633,620.9563300000003,0.0,62276.22934376016,0,12,0
6725,658.6518950000001,658.6518950000003,0.0,67168.1014023148,0,12,0
6726,724.984658,724.9846580000012,0.0,75908.44949173185,1,15,3
6727,808.242136,808.2421360000008,0.0,87143.47285842421,1,16,1
6728,801.8079020000001,801.8079020000006,0.0,86144.34143418066,1,16,0
6729,739.845609,739.8456090000008,0.0,77888.51542852077,1,16,0
6730,690.759373,690.7593730000008,0.0,71350.74244248825,1,16,0
6731,651.563952,651.5639520000002,0.0,66396.56426251469,0,16,0
6732,653.8733569999999,653.8733570000006,0.0,66688.46580529245,0,16,0
6733,686.5956809999999,686.5956810000007,0.0,70824.46484351742,0,16,0
6734,738.355713,738.3557129999999,0.0,77690.00240476073,1,16,0
6735,795.595735,795.5957350000007,0.0,85316.63530216092,1,19,3
6736,886.1961390000001,886.1961390000006,0.0,97557.79233133134,1,19,0
6737,935.898913,935.8989130000002,0.0,104388.61560375076,1,19,0
6738,974.575907,974.5759069999998,0.0,110248.15261948481,1,19,0
6739,977.623879,977.6238790000001,0.0,110720.50533228519,1,19,0
6740,935.1386060000001,935.1386060000009,0.0,104284.1239963049,1,13,0
6741,898.9813010000001,898.9813010000014,0.0,99314.90114242623,1,13,0
6742,868.181723,868.1817230000004,0.0,95082.00914764332,1,13,0
6743,812.7719249999999,812.7719249999999,0.0,87605.18256557724,1,12,0
6744,751.328256,751.3282560000007,0.0,79418.45777130028,1,10,0
6745,692.15061,692.1506100000001,0.0,71582.49401077104,0,10,0
6746,649.464371,649.4643710000004,0.0,65879.55623941947,0,10,0
6747,619.4796470000001,619.4796470000008,0.0,62089.58124786816,0,10,0
6748,611.0939889999999,611.0939890000009,0.0,61029.660399248634,0,10,0
6749,628.7867730000002,628.7867730000005,0.0,63265.972759199605,0,11,1
6750,663.265808,663.2658080000008,0.0,67685.05971386441,1,11,0
6751,703.4921449999999,703.4921450000007,0.0,73044.79743559528,1,11,0
6752,696.778951,696.778951000001,0.0,72150.3347079774,1,12,1
6753,668.9370120000001,668.9370120000004,0.0,68440.68819692587,1,12,0
6754,629.60702,629.6070199999997,0.0,63369.64940524418,0,13,1
6755,604.062408,604.0624080000005,0.0,60140.89063298135,0,13,0
6756,594.362602,594.3626020000004,0.0,58914.86560227236,0,14,1
6757,590.778145,590.7781450000007,0.0,58461.80148908292,0,14,0
6758,597.7391330000002,597.7391330000007,0.0,59341.648521741605,0,14,0
6759,637.9217560000001,637.9217560000004,0.0,64420.60593568796,0,14,0
6760,735.321777,735.3217770000009,0.0,77289.17936113894,1,16,2
6761,833.804723,833.8047230000005,0.0,90407.5824170514,1,17,1
6762,912.660597,912.6605970000007,0.0,101652.68153382732,1,18,1
6763,942.3603249999999,942.3603250000008,0.0,108187.93656169265,1,19,1
6764,911.9416550000001,911.9416550000003,0.0,101541.26508904164,1,17,0
6765,879.3347039999999,879.3347040000008,0.0,96614.80170710197,1,13,0
6766,852.2277329999998,852.2277330000004,0.0,92889.39739965623,1,13,0
6767,798.276838,798.2768380000002,0.0,85673.86417151944,1,13,0
6768,741.75313,741.7531300000012,0.0,78142.67260566309,1,11,0
6769,688.3967699999998,688.3967700000009,0.0,71042.5011225171,0,11,0
6770,647.704721,647.7047210000004,0.0,65657.14200296083,0,11,0
6771,621.613795,621.6137950000008,0.0,62359.33085597759,0,13,2
6772,610.5873209999999,610.587321000001,0.0,60965.6191544795,0,13,0
6773,621.8524839999999,621.8524840000006,0.0,62389.50039633279,0,13,0
6774,647.3876889999999,647.3876890000009,0.0,65617.07015332434,0,13,0
6775,673.545351,673.5453510000008,0.0,69054.70106050889,1,13,0
6776,658.927268,658.9272680000009,0.0,67106.99473879006,1,13,0
6777,628.6596749999999,628.6596750000004,0.0,63249.90797096022,0,13,0
6778,607.6521900000001,607.6521900000008,0.0,60594.62780945569,0,13,0
6779,577.5606770000002,577.5606770000003,0.0,56791.15502351492,0,14,1
6780,592.490277,592.4902770000007,0.0,58678.20959950058,0,14,0
6781,616.0114469999999,616.0114470000009,0.0,61651.211654547966,0,14,0
6782,632.519859,632.5198590000001,0.0,63737.8231114426,0,14,0
6783,673.386366,673.3863660000006,0.0,69033.51797586239,1,14,0
6784,753.256199,753.2561990000008,0.0,79675.33596586341,1,17,3
6785,854.044544,854.0445440000003,0.0,93159.30074872117,0,17,0
6786,933.7251369999999,933.7251370000009,0.0,104089.86608747987,1,18,1
6787,960.579254,960.579254,0.0,108079.05230797446,1,19,1
6788,934.326207,934.3262070000005,0.0,104172.47320603527,1,16,0
6789,907.085293,907.0852930000005,0.0,100428.66065116302,1,13,0
6790,871.6858919999999,871.6858920000009,0.0,95563.5991521709,1,13,0
6791,796.5343870000002,796.5343870000017,0.0,85441.70084148619,1,13,0
6792,728.0590740000001,728.0590740000007,0.0,76318.08319532982,1,10,0
6793,680.192187,680.1921870000004,0.0,69993.65614713506,0,11,1
6794,644.296732,644.2967320000004,0.0,65226.38289103829,0,12,1
6795,624.0102750000001,624.0102750000002,0.0,62662.23840542679,0,12,0
6796,618.4223600000001,618.4223600000004,0.0,61955.943489892,0,12,0
6797,657.345992,657.3459920000004,0.0,67065.63919072384,0,14,2
6798,734.1331269999998,734.1331270000004,0.0,77127.38708466709,1,16,2
6799,822.916334,822.9163340000003,0.0,89971.38145181784,1,17,1
6800,826.315022,826.3150220000005,0.0,89481.77792697906,1,19,2
6801,788.00294,788.0029400000006,0.0,84304.97496194977,1,19,0
6802,749.9583519999998,749.9583520000003,0.0,79235.93242369154,1,19,0
6803,725.7373729999999,725.7373730000004,0.0,76008.74087494203,1,19,0
6804,703.899142,703.8991420000002,0.0,73179.10409603328,0,19,0
6805,726.118921,726.1189210000006,0.0,76059.57814626135,1,19,0
6806,758.561687,758.5616870000005,0.0,80382.23662564231,1,19,0
6807,779.087534,779.0875340000005,0.0,83117.09057061812,1,20,1
6808,879.6771129999998,879.6771130000004,0.0,96661.86015430017,1,20,0
6809,949.576364,949.5763640000001,0.0,106373.90378950268,1,20,0
6810,1008.125227,1008.1252270000001,0.0,118277.53506696058,1,20,0
6811,1018.1048849999999,1018.0610151244841,0.04386987551618029,120825.76395400838,1,20,0
6812,992.1964560000001,992.1964560000004,0.0,114178.13961379639,1,20,0
6813,947.650095,947.6500950000001,0.0,106075.38451579111,1,14,0
6814,891.085267,891.0852670000005,0.0,98229.72201727272,1,14,0
6815,809.9693089999998,809.9693090000003,0.0,87231.76336276182,1,13,0
6816,738.181345,738.1813450000006,0.0,77666.7696966208,1,10,0
6817,687.073939,687.0739390000002,0.0,70863.48799811552,0,12,2
6818,648.573321,648.5733210000002,0.0,65766.9303164254,0,12,0
6819,623.1435640000001,623.1435640000003,0.0,62552.688855632645,0,14,2
6820,619.401878,619.4018780000002,0.0,62079.75149038498,0,15,1
6821,654.830397,654.8303970000004,0.0,66704.36203631973,0,15,0
6822,727.803152,727.8031520000003,0.0,76283.98427160176,1,17,2
6823,817.6482960000001,817.6482960000006,0.0,88898.91781454178,1,17,0
6824,824.5248749999998,824.5248750000004,0.0,89223.79290852298,1,19,2
6825,792.9339349999999,792.9339350000006,0.0,84961.97835520344,1,19,0
6826,768.9615829999998,768.9615830000006,0.0,81767.91374790376,1,19,0
6827,735.838727,735.8387270000006,0.0,77354.64040525116,1,19,0
6828,739.788664,739.7886640000004,0.0,77880.92810421216,1,19,0
6829,786.997942,786.9979420000003,0.0,84171.06951361461,1,19,0
6830,832.310932,832.3109320000007,0.0,90208.55042537187,1,19,0
6831,853.312564,853.3125640000006,0.0,93038.48945720303,1,20,1
6832,902.3452040000001,902.3452040000006,0.0,99777.21390787784,1,20,0
6833,967.2687689999998,967.2687690000002,0.0,109115.74508519442,1,20,0
6834,1006.487504,1006.4875040000005,0.0,117856.0540738732,1,20,0
6835,1017.0969000000001,1017.0969000000007,0.0,120586.46621447205,1,20,0
6836,987.2387500000001,987.2387500000006,0.0,112902.23468462615,1,20,0
6837,939.777872,939.7778720000002,0.0,104921.71428773893,1,13,0
6838,891.244491,891.2444910000006,0.0,98251.60471952852,1,13,0
6839,813.8987909999998,813.8987910000004,0.0,87755.32564739799,1,13,0
6840,738.1083509999999,738.1083510000007,0.0,77657.04401130026,1,10,0
6841,670.2213889999999,670.2213890000003,0.0,68733.37857826997,0,11,1
6842,636.811089,636.8110890000003,0.0,64280.22111327166,0,12,1
6843,614.243553,614.2435530000004,0.0,61427.75540236717,0,12,0
6844,610.3152260000002,610.3152260000005,0.0,60931.22720058565,0,13,1
6845,647.489439,647.4894390000005,0.0,65738.86452581988,0,13,0
6846,722.3047810000002,722.3047810000005,0.0,75551.38397402133,1,14,1
6847,813.425728,813.4257280000006,0.0,88290.38718358695,1,16,2
6848,823.0889820000001,823.0889820000004,0.0,89016.86080623983,1,18,2
6849,789.706133,789.7061330000008,0.0,84531.9075750159,1,18,0
6850,765.540577,765.5405770000007,0.0,81312.10056002966,1,18,0
6851,735.67183,735.6718300000006,0.0,77332.40312954437,1,18,0
6852,736.5598309999999,736.5598310000003,0.0,77450.71995408232,1,18,0
6853,774.3201039999998,774.3201040000002,0.0,82481.88049899979,1,18,0
6854,774.8800449999999,774.8800450000003,0.0,82556.48676751599,1,18,0
6855,806.6950159999999,806.6950160000004,0.0,86795.49814417883,1,19,1
6856,854.002929,854.0029290000004,0.0,93133.36869489834,1,19,0
6857,931.6758879999999,931.6758880000006,0.0,103808.23074535218,1,19,0
6858,981.5161240000001,981.5161240000003,0.0,111429.47153142617,1,20,1
6859,991.1607539999998,991.1607540000005,0.0,113911.59349610578,1,20,0
6860,961.3528829999999,961.3528830000002,0.0,108198.94374951368,1,16,0
6861,922.191765,922.1917650000005,0.0,102504.7950838559,1,14,0
6862,874.4980529999999,874.4980530000004,0.0,95950.08411585899,1,13,0
6863,805.7727529999999,805.7727530000005,0.0,86672.6162673016,1,12,0
6864,729.1794449999998,729.1794450000004,0.0,76467.36088648604,1,10,0
6865,681.8453689999999,681.8453690000001,0.0,70202.61316259672,0,10,0
6866,642.330932,642.3309320000001,0.0,64977.911941684455,0,11,1
6867,618.01086,618.0108600000002,0.0,61903.93118159048,0,12,1
6868,614.6265609999999,614.6265610000004,0.0,61476.166411305065,0,12,0
6869,653.5515879999999,653.5515880000003,0.0,66513.08792658205,0,12,0
6870,723.4719880000001,723.4719880000004,0.0,75706.90207120645,1,14,2
6871,812.6353610000001,812.6353610000006,0.0,87776.59753070337,1,15,1
6872,808.685969,808.6859690000006,0.0,87060.77176072249,1,15,0
6873,764.179444,764.1794440000003,0.0,81130.74385622655,1,15,0
6874,713.747834,713.7478340000006,0.0,74411.26048679576,1,16,1
6875,706.8027849999999,706.8027850000002,0.0,73485.9055109109,1,17,1
6876,715.2742280000001,715.2742280000004,0.0,74614.63648645545,1,17,0
6877,723.554505,723.5545050000003,0.0,75717.89659644956,1,17,0
6878,759.842584,759.8425840000004,0.0,80552.90272354112,1,17,0
6879,813.3388030000001,813.3388030000004,0.0,87680.7131166245,1,19,2
6880,892.789761,892.7897610000008,0.0,98463.97649334888,1,19,0
6881,945.1380139999999,945.1380140000001,0.0,105686.08032430768,1,20,1
6882,993.276423,993.2764230000005,0.0,114456.07768003944,1,20,0
6883,994.690873,994.6908730000004,0.0,114820.09759712705,1,20,0
6884,968.177695,968.1776950000005,0.0,109256.60387977485,1,19,0
6885,930.3028010000002,930.3028010000003,0.0,103619.52267375325,1,17,0
6886,878.779148,878.7791480000004,0.0,96538.44973419326,1,13,0
6887,804.531961,804.5319610000001,0.0,86507.29374024118,1,13,0
6888,735.687359,735.6873590000005,0.0,77334.47220600737,1,10,0
6889,691.210369,691.2103690000005,0.0,71408.37953065279,1,11,1
6890,653.0217359999999,653.0217360000009,0.0,66329.1960088508,0,12,1
6891,630.1927170000001,630.1927170000008,0.0,63443.67966754144,0,13,1
6892,626.4517010000001,626.4517010000004,0.0,62970.8269881906,0,15,2
6893,664.3317419999997,664.3317420000002,0.0,67935.19085988977,0,15,0
6894,732.1711400000002,732.171140000001,0.0,76865.97288397953,1,17,2
6895,816.231465,816.2314650000012,0.0,88694.73281091696,1,17,0
6896,845.556797,845.5567970000009,0.0,91973.42308323915,2,20,3
6897,842.2549339999999,842.2549340000012,0.0,91533.48445116621,1,20,0
6898,805.483761,805.4837610000004,0.0,86634.11111273883,1,20,0
6899,758.305636,758.3056360000008,0.0,80348.12051401664,1,20,0
6900,735.955461,735.9554610000008,0.0,77482.54976812801,0,20,0
6901,753.951503,753.9515030000011,0.0,79767.97793515016,1,20,0
6902,774.6613719999999,774.6613720000007,0.0,82527.35088256524,1,20,0
6903,810.7890269999999,810.7890270000008,0.0,87340.982193345,1,20,0
6904,894.4404870000001,894.4404870000008,0.0,98690.84144815378,1,20,0
6905,959.8829600000001,959.882960000001,0.0,107971.14568684863,1,20,0
6906,987.070001,987.0700010000007,0.0,112858.80579213183,1,20,0
6907,985.644955,985.6449550000007,0.0,112492.05891047027,1,20,0
6908,942.6296660000002,942.629666000001,0.0,105313.64615100577,1,13,0
6909,905.9625609999999,905.962561000001,0.0,100274.35972875802,1,13,0
6910,876.0540619999999,876.0540620000012,0.0,96163.93178740542,1,13,0
6911,817.9509829999998,817.9509830000007,0.0,88295.23775319317,1,12,0
6912,757.1566079999999,757.156608000001,0.0,80195.02457801519,1,10,0
6913,692.727875,692.7278750000002,0.0,71695.339903848,0,11,1
6914,649.831878,649.8318780000003,0.0,65926.00797061498,0,11,0
6915,619.800169,619.8001690000008,0.0,62130.0942225496,0,11,0
6916,611.3947839999998,611.3947840000008,0.0,61067.67994305311,0,11,0
6917,628.672367,628.6723670000013,0.0,63251.51219992014,0,11,0
6918,663.2903599999999,663.2903600000012,0.0,67688.33101049144,1,11,0
6919,703.5693579999999,703.5693580000005,0.0,73055.08525843896,1,11,0
6920,704.4095979999998,704.4095980000006,0.0,73167.03843039463,1,12,1
6921,685.245819,685.2458190000008,0.0,70613.66576817055,1,13,1
6922,656.320871,656.3208710000015,0.0,66759.71966080563,1,14,1
6923,626.655792,626.6557920000012,0.0,62996.62344994905,0,14,0
6924,626.218894,626.2188940000003,0.0,62941.40091417177,0,14,0
6925,644.134822,644.1348220000008,0.0,65205.91797527383,0,14,0
6926,655.220362,655.2203620000006,0.0,66613.08837294044,1,14,0
6927,685.5668439999998,685.5668440000007,0.0,70656.43898418866,1,15,1
6928,773.558886,773.558886000001,0.0,82380.45618017466,1,18,3
6929,860.7226969999999,860.7226970000012,0.0,94056.88953580079,1,18,0
6930,923.4999139999999,923.4999140000002,0.0,103334.06032113338,1,19,1
6931,942.5902339999999,942.5902340000007,0.0,108247.10546488308,1,19,0
6932,912.7649609999999,912.764961000001,0.0,101668.85511367607,1,17,0
6933,879.918034,879.9180340000014,0.0,96694.97075640903,1,12,0
6934,852.439486,852.439486,0.0,92918.4993431494,1,12,0
6935,798.7497600000002,798.7497600000015,0.0,85736.87607048609,1,12,0
6936,740.857135,740.8571350000001,0.0,78023.29066442423,1,10,0
6937,693.02013,693.0201300000006,0.0,71649.51121259086,1,10,0
6938,652.236544,652.2365440000002,0.0,66229.9502047684,0,10,0
6939,625.9668799999998,625.9668800000005,0.0,62909.547135643734,0,12,2
6940,614.7973760000001,614.7973760000001,0.0,61497.75689111675,0,12,0
6941,626.2686389999998,626.2686390000009,0.0,62947.68852602229,0,12,0
6942,652.5640450000001,652.5640450000004,0.0,66271.34530314279,0,12,0
6943,678.818361,678.8183610000012,0.0,69757.27436724737,1,12,0
6944,676.4262210000002,676.4262210000012,0.0,69438.54678850557,1,12,0
6945,657.631418,657.6314180000008,0.0,66934.33631039014,1,12,0
6946,655.9028700000001,655.9028700000005,0.0,66704.02540936467,1,12,0
6947,628.0861159999998,628.0861160000005,0.0,63177.41191376193,0,13,1
6948,605.719341,605.7193410000001,0.0,60350.32176306861,0,13,0
6949,627.3116229999999,627.3116230000002,0.0,63079.51842969541,0,13,0
6950,664.6408029999999,664.6408030000011,0.0,67868.26338385537,1,13,0
6951,703.608713,703.6087130000013,0.0,73060.32889963959,1,14,1
6952,797.537784,797.5377840000014,0.0,85575.39297335416,1,16,2
6953,876.8294240000001,876.8294240000007,0.0,96270.49245530994,1,17,1
6954,953.3821910000001,953.3821910000004,0.0,106963.70340311422,1,18,1
6955,969.0249579999999,969.0249580000009,0.0,109387.90658744585,1,19,1
6956,941.6919760000002,941.6919760000003,0.0,105184.77618744358,1,16,0
6957,913.6866369999999,913.6866370000002,0.0,101335.90607421417,1,13,0
6958,878.041453,878.0414530000008,0.0,96437.06577172178,1,13,0
6959,801.870607,801.8706070000011,0.0,86152.69621810848,1,12,0
6960,733.1695160000002,733.1695160000013,0.0,76998.99602023159,1,10,0
6961,671.8304119999999,671.8304120000003,0.0,68936.75403474677,0,10,0
6962,634.086922,634.0869220000004,0.0,63935.894955631884,0,10,0
6963,613.7432009999999,613.7432010000002,0.0,61364.51248017208,0,10,0
6964,607.799262,607.7992620000006,0.0,60613.217248596644,0,12,2
6965,644.6793,644.6793000000009,0.0,65349.89844468843,0,12,0
6966,717.3690759999998,717.3690760000007,0.0,74893.75302264154,1,12,0
6967,804.4001679999999,804.4001680000008,0.0,86589.79196775572,1,13,1
6968,811.927695,811.9276950000008,0.0,87492.69776794798,1,13,0
6969,777.982551,777.9825510000005,0.0,82969.86316915297,1,14,1
6970,756.8693530000002,756.8693530000014,0.0,80156.7508604939,1,15,1
6971,748.281965,748.2819650000012,0.0,79012.57142912435,1,16,1
6972,709.415244,709.4152440000005,0.0,73833.9882868489,1,17,1
6973,716.0094989999999,716.0094990000005,0.0,74712.60363952721,1,18,1
6974,760.2963140000002,760.2963140000006,0.0,80613.357489693,1,18,0
6975,763.7494239999999,763.7494240000003,0.0,81073.44819902813,1,19,1
6976,833.9437329999998,833.9437330000015,0.0,90491.93433896035,0,20,1
6977,922.24631,922.2463100000009,0.0,102512.29139091106,1,20,0
6978,983.779256,983.7792560000005,0.0,112011.90648706157,1,20,0
6979,995.971599,995.9715990000011,0.0,115149.70258304538,1,20,0
6980,970.7294349999999,970.7294350000009,0.0,109652.05413698232,1,18,0
6981,929.9165819999998,929.9165820000005,0.0,103566.44326749214,1,13,0
6982,876.132074,876.1320740000003,0.0,96174.65324502713,1,13,0
6983,796.5685849999999,796.5685850000003,0.0,85446.25736649617,1,13,0
6984,726.0220190000001,726.0220190000005,0.0,76046.6669705629,1,10,0
6985,657.014423,657.0144230000006,0.0,67064.0595325363,0,11,1
6986,619.3070100000001,619.3070100000008,0.0,62067.7604729757,0,11,0
6987,594.82601,594.8260100000007,0.0,58973.43891883468,0,11,0
6988,592.2224929999999,592.2224930000006,0.0,58644.36254247454,0,11,0
6989,626.4403330000001,626.4403330000002,0.0,62969.390108674736,0,11,0
6990,697.4891839999999,697.4891840000003,0.0,72305.83691749147,0,12,1
6991,786.800122,786.800122000001,0.0,84453.26796638666,1,14,2
6992,785.231993,785.2319930000012,0.0,83961.03028215616,1,15,1
6993,746.66035,746.6603500000008,0.0,78796.5082293946,1,15,0
6994,708.6592510000002,708.6592510000011,0.0,73733.26014450121,1,15,0
6995,697.1929310000002,697.1929310000008,0.0,72205.4932033194,1,15,0
6996,689.2155929999999,689.2155930000005,0.0,71142.59653943476,1,15,0
6997,695.2796190000001,695.2796190000006,0.0,71950.56443613285,1,15,0
6998,720.5893229999999,720.5893230000007,0.0,75322.81717827644,1,15,0
6999,766.272581,766.2725810000009,0.0,81409.63241959865,1,16,1
7000,847.925136,847.9251360000013,0.0,92298.0766874675,1,18,2
7001,905.6905059999999,905.6905060000008,0.0,100236.97027388816,1,18,0
7002,965.2888240000001,965.2888240000004,0.0,108808.90749221608,1,19,1
7003,975.9196340000001,975.9196340000008,0.0,110456.39373643519,1,19,0
7004,948.810938,948.8109380000001,0.0,106255.2835897279,1,14,0
7005,902.2762450000002,902.2762450000009,0.0,99767.73663520004,1,14,0
7006,854.5901719999999,854.5901719999963,0.0,93214.07552126054,1,14,0
7007,778.809603,778.8096029999982,0.0,83080.0591783551,1,11,0
7008,706.2788629999999,706.2788630000007,0.0,73416.09839656584,1,10,0
7009,676.929819,676.9298190000004,0.0,69505.64594290247,1,12,2
7010,643.5949249999998,643.5949250000002,0.0,65137.67668921044,0,12,0
7011,621.462407,621.4624070000006,0.0,62340.19588798449,0,14,2
7012,617.249542,617.2495420000001,0.0,61807.70297616767,0,14,0
7013,654.742952,654.7429520000007,0.0,66703.92651980737,0,14,0
7014,729.3547799999999,729.3547800000006,0.0,76490.72243723924,1,14,0
7015,821.51718,821.5171800000016,0.0,89190.22913447181,1,15,1
7016,846.7454160000001,846.7454160000005,0.0,92237.13889711177,2,17,2
7017,798.867579,798.867579000001,0.0,85752.57421716633,1,17,0
7018,755.6057999999999,755.6058000000011,0.0,79988.39566878187,1,18,1
7019,723.9843840000001,723.984384000001,0.0,75775.1734668761,1,18,0
7020,690.40166,690.4016600000006,0.0,71473.06473982932,0,18,1
7021,686.635636,686.6356360000005,0.0,70997.05112777866,0,18,0
7022,725.4665319999999,725.4665320000007,0.0,75972.6541508565,1,18,0
7023,785.412187,785.4121870000012,0.0,83959.78428297283,1,19,1
7024,855.6997519999999,855.6997520000001,0.0,93366.56891904627,1,20,1
7025,941.0527749999999,941.0527750000016,0.0,105352.89455680609,1,20,0
7026,996.1910789999998,996.1910790000009,0.0,115206.18750043534,1,20,0
7027,999.0720530000001,999.0720529999999,0.0,115947.62899119958,1,20,0
7028,968.4893319999999,968.3653291874763,0.12400281252446092,109280.23912152872,1,17,0
7029,931.481729,931.4817290000008,0.0,103781.54680582501,1,14,0
7030,884.3145150000003,884.3145150000008,0.0,97299.19426979979,1,14,0
7031,812.928697,812.9286970000002,0.0,87626.07079117215,1,14,0
7032,733.393204,733.3932040000011,0.0,77036.71649658571,1,10,0
7033,676.7589089999999,676.7589090000005,0.0,69562.20715788471,0,10,0
7034,638.4955369999999,638.4955370000004,0.0,64422.6225833094,0,10,0
7035,614.4378000000002,614.4378000000003,0.0,61381.80014374583,0,11,1
7036,611.161393,611.1613930000002,0.0,60967.672583587395,0,12,1
7037,649.8983970000003,649.8983970000003,0.0,66072.36422592042,0,12,0
7038,718.8170079999999,718.8170080000007,0.0,75086.6747833005,1,16,4
7039,808.0101279999999,808.0101280000005,0.0,88792.31718106763,1,16,0
7040,811.2856630000001,811.2856630000005,0.0,87995.33795303387,1,17,1
7041,763.871372,763.8713720000015,0.0,81089.69649167522,1,17,0
7042,708.5155719999999,708.5155720000006,0.0,73714.11642390535,1,17,0
7043,672.6408840000001,672.6408840000005,0.0,68934.19031408019,1,17,0
7044,659.6168449999999,659.6168450000007,0.0,67260.14914116361,0,17,0
7045,681.473702,681.4737020000009,0.0,70111.07072016304,1,17,0
7046,698.55963,698.5596300000001,0.0,72387.59151827531,1,17,0
7047,746.9235620000001,746.923562000001,0.0,78831.57846920328,1,19,2
7048,845.175795,845.1757950000004,0.0,91922.65856069622,2,20,1
7049,922.2648609999999,922.2648610000002,0.0,102514.84091868032,1,20,0
7050,988.864518,988.8645180000005,0.0,113320.63896371955,1,20,0
7051,987.932462,987.9324620000003,0.0,113080.7669655287,1,20,0
7052,962.19952,962.1995200000006,0.0,108330.14944422062,1,17,0
7053,924.8407729999999,924.840773000001,0.0,102868.85736929753,1,14,0
7054,874.054558,874.0545580000005,0.0,95889.13307181463,1,14,0
7055,799.0676020000001,799.0676020000012,0.0,85779.22518512083,1,13,0
7056,728.885206,728.885206,0.0,76428.15662417634,1,11,0
7057,666.809018,666.8090180000004,0.0,68302.06559530254,0,12,1
7058,629.7897529999999,629.7897530000005,0.0,63392.746282845386,0,12,0
7059,607.964021,607.9640210000002,0.0,60634.0422690181,0,12,0
7060,605.242297,605.2422970000002,0.0,60290.024898909745,0,12,0
7061,642.1176400000002,642.1176400000003,0.0,64965.459267979546,0,13,1
7062,708.505063,708.5050630000002,0.0,73712.71620981875,1,13,0
7063,792.6487279999999,792.6487280000006,0.0,84923.9775122134,1,15,2
7064,792.2675519999999,792.2675520000004,0.0,84873.18980599447,1,15,0
7065,742.265667,742.2656670000007,0.0,78210.96278810452,1,15,0
7066,688.9049490000001,688.9049490000002,0.0,71116.34906992511,0,16,1
7067,655.995406,655.9954060000003,0.0,66956.6861377806,0,16,0
7068,642.088788,642.0887880000002,0.0,65198.9332754545,0,16,0
7069,658.1879979999999,658.1879980000003,0.0,67233.82288403432,0,16,0
7070,691.524019,691.5240190000003,0.0,71450.17010523133,1,17,1
7071,733.30892,733.3089200000005,0.0,77017.57014189115,1,17,0
7072,834.676652,834.6766520000004,0.0,90523.75781606846,1,19,2
7073,903.5616330000001,903.5616330000009,0.0,99944.39193143137,1,19,0
7074,962.3741260000002,962.3741260000007,0.0,108357.20862251072,1,19,0
7075,955.342372,955.3423720000003,0.0,107267.47811394808,1,19,0
7076,915.826335,915.8263350000005,0.0,101629.97213367296,1,16,0
7077,879.674379,879.6743790000005,0.0,96661.4844112717,1,13,0
7078,848.6072659999999,848.6072660000004,0.0,92391.82416077369,1,12,0
7079,791.815702,791.8157020000004,0.0,84812.985530135,1,12,0
7080,727.6680869999999,727.6680870000005,0.0,76265.98827620737,1,10,0
7081,682.819233,682.8192330000002,0.0,70325.70651523765,0,10,0
7082,641.391815,641.3918150000004,0.0,64859.21050077276,0,11,1
7083,611.65305,611.6530500000008,0.0,61100.323954756146,0,11,0
7084,603.4251870000002,603.4251870000007,0.0,60060.347898818094,0,11,0
7085,620.7123,620.7123000000004,0.0,62245.38471777034,0,12,1
7086,654.935041,654.9350410000011,0.0,66575.07234064548,1,12,0
7087,695.1073879999999,695.1073880000006,0.0,71927.61646084115,1,12,0
7088,697.6560040000002,697.656004,0.0,72267.19282628065,1,12,0
7089,685.4051090000002,685.405109000001,0.0,70634.88949086983,1,12,0
7090,686.594454,686.5944539999995,0.0,70793.35724448717,1,12,0
7091,691.8161109999999,691.8161110000008,0.0,71489.08830229755,1,12,0
7092,697.719869,697.719869,0.0,72275.7021680484,1,12,0
7093,708.2774770000001,708.2774770000008,0.0,73682.39276105097,1,13,1
7094,709.1035520000001,709.1035520000012,0.0,73792.45859524513,1,16,3
7095,729.1006970000002,729.1006970000019,0.0,76456.86854098356,1,17,1
7096,796.953607,796.9536070000003,0.0,85497.55751189833,1,18,1
7097,860.4760239999999,860.476024000001,0.0,94022.98841653773,1,18,0
7098,921.5855840000002,921.5855840000005,0.0,103035.81163513978,1,18,0
7099,932.615176,932.6151760000002,0.0,105679.94523574486,1,19,1
7100,901.769108,901.7691080000004,0.0,99964.79713869997,1,15,0
7101,869.9770520000001,869.9770520000006,0.0,95328.74739035894,1,13,0
7102,842.0101920000001,842.010192000001,0.0,91500.87514524077,1,12,0
7103,789.760972,789.7609720000008,0.0,84539.21429690118,1,12,0
7104,736.651162,736.6511620000001,0.0,77462.88885243023,1,10,0
7105,677.356073,677.3560730000005,0.0,69635.18024009692,0,11,1
7106,637.591639,637.5916390000006,0.0,64378.88018312524,0,12,1
7107,612.528766,612.5287660000006,0.0,61211.01170828359,0,12,0
7108,601.795688,601.7956880000008,0.0,59854.38434021546,0,12,0
7109,612.790915,612.7909150000007,0.0,61244.14651899789,0,12,0
7110,639.160912,639.1609120000011,0.0,64577.23136437736,0,12,0
7111,666.956841,666.9568410000005,0.0,68176.851168857,1,12,0
7112,661.0285269999999,661.028527,0.0,67386.96547352095,1,12,0
7113,640.649555,640.6495550000008,0.0,64765.39116672694,0,12,0
7114,611.5481780000001,611.5481780000005,0.0,61087.06846314932,0,12,0
7115,573.1499189999998,573.1499190000009,0.0,56233.649057684364,0,12,0
7116,591.572819,591.5728190000003,0.0,58562.245788201195,0,12,0
7117,608.2076629999999,608.2076630000003,0.0,60664.83785302588,0,12,0
7118,641.804894,641.8048940000002,0.0,64911.42238971775,0,12,0
7119,720.7978609999999,720.7978610000001,0.0,75350.60268072008,1,14,2
7120,806.862437,806.8624370000013,0.0,86817.80523739276,1,17,3
7121,871.970985,871.9709850000012,0.0,95602.7804642483,1,18,1
7122,941.360902,941.3609020000009,0.0,105139.27554830242,1,19,1
7123,954.5496320000001,954.5496320000004,0.0,107144.62498749373,1,19,0
7124,924.778741,924.7787410000002,0.0,102860.3320980674,1,14,0
7125,893.803666,893.803666000001,0.0,98603.32094663885,1,13,0
7126,856.574989,856.5749890000009,0.0,93486.85575189967,1,13,0
7127,782.593519,782.593519000001,0.0,83584.22631942683,1,12,0
7128,714.3859619999998,714.3859620000007,0.0,74496.28435344546,1,10,0
7129,658.489496,658.4894960000004,0.0,67200.9460901222,0,11,1
7130,621.350904,621.3509040000004,0.0,62326.10225879238,0,12,1
7131,602.290614,602.2906140000002,0.0,59916.941433042666,0,13,1
7132,596.7499759999998,596.7499760000003,0.0,59216.62218190536,0,13,0
7133,633.1324720000001,633.1324720000007,0.0,63815.25547165046,0,13,0
7134,705.902179,705.9021790000005,0.0,73369.21307710018,1,14,1
7135,795.2095089999999,795.2095090000005,0.0,85265.2904984695,1,16,2
7136,798.6275580000001,798.6275580000008,0.0,85720.59393500173,1,16,0
7137,755.2146070000001,755.2146070000003,0.0,79936.27330231882,1,16,0
7138,713.7930620000001,713.7930620000003,0.0,74417.28664368093,1,17,1
7139,667.4153599999999,667.4153600000004,0.0,68400.13247614501,0,17,0
7140,681.1874620000002,681.1874620000004,0.0,70140.88293831683,0,17,0
7141,712.721902,712.7219020000005,0.0,74274.565802407,1,17,0
7142,767.705542,767.7055420000006,0.0,81600.55945144518,1,17,0
7143,786.083466,786.0834660000002,0.0,84049.22517285802,1,18,1
7144,874.7781520000001,874.7781520000003,0.0,95988.57908533055,1,19,1
7145,923.1336500000001,923.1336500000004,0.0,102634.2415807042,1,20,1
7146,982.4796860000001,982.4796860000001,0.0,111677.45184840358,1,20,0
7147,986.6209199999998,986.6209200000003,0.0,112743.23123779215,1,20,0
7148,957.2463679999998,957.2463680000005,0.0,107562.54567879482,1,16,0
7149,913.6434999999999,913.6435000000005,0.0,101329.9776078573,1,13,0
7150,857.275049,857.2750490000004,0.0,93583.06740680823,1,13,0
7151,779.6209960000001,779.6209960000003,0.0,83188.16878995759,1,12,0
7152,713.3412690000001,713.3412690000004,0.0,74357.08996247392,1,10,0
7153,664.170117,664.1701169999999,0.0,67911.81027799001,0,11,1
7154,625.8598229999999,625.8598230000002,0.0,62896.015466895624,0,13,2
7155,601.8316919999999,601.8316920000002,0.0,59858.935132798826,0,14,1
7156,598.940014,598.9400140000005,0.0,59493.436110576105,0,14,0
7157,633.5498339999999,633.5498340000007,0.0,63868.008718351164,0,14,0
7158,705.491832,705.4918320000007,0.0,73317.34650437944,0,14,0
7159,796.6631059999999,796.6631059999996,0.0,85474.77399277048,1,15,1
7160,799.360226,799.3602260000017,0.0,85818.21426561024,1,15,0
7161,759.245561,759.2455610000012,0.0,80473.35566724722,1,15,0
7162,712.1462519999999,712.1462520000009,0.0,74197.86647431475,1,15,0
7163,686.6976469999998,686.6976470000014,0.0,70837.35302584624,0,15,0
7164,666.098241,666.0982410000003,0.0,68233.65276898153,0,15,0
7165,694.0478900000003,694.0478900000005,0.0,71786.44945881711,1,15,0
7166,732.893579,732.8935790000004,0.0,76962.23030756615,1,16,1
7167,762.0059099999999,762.0059100000012,0.0,80841.143235388,1,19,3
7168,855.6179850000001,855.6179850000002,0.0,93355.33139885243,1,19,0
7169,932.815351,932.8153509999997,0.0,103964.83106666332,1,19,0
7170,986.1471,986.1471000000013,0.0,112621.28990574487,1,20,1
7171,992.662332,992.6623320000006,0.0,114298.03649448726,1,20,0
7172,960.4661679999999,960.4661680000008,0.0,108061.5270554855,1,16,0
7173,909.799392,909.7993920000015,0.0,100801.66861673165,1,14,0
7174,859.72557,859.725570000001,0.0,93919.85094078879,1,13,0
7175,784.3005020000002,784.300502000001,0.0,83811.6639102632,1,12,0
7176,710.578324,710.5783240000011,0.0,73988.95650454651,1,10,0
7177,640.0402550000002,640.0402550000002,0.0,64842.965582014986,0,10,0
7178,607.267083,607.2670830000002,0.0,60545.95149350649,0,12,2
7179,586.304575,586.3045750000003,0.0,57896.35628361912,0,13,1
7180,583.2242790000001,583.2242790000005,0.0,57507.016538268275,0,13,0
7181,619.19714,619.1971400000004,0.0,62053.873249857585,0,14,1
7182,693.265595,693.2655950000001,0.0,71716.09711722909,0,14,0
7183,787.030777,787.0307770000009,0.0,84175.44443316286,1,15,1
7184,788.281237,788.281237,0.0,84342.05511987569,1,15,0
7185,736.4333330000001,736.4333330000005,0.0,77433.86542163204,1,15,0
7186,689.5407320000002,689.5407320000005,0.0,71196.71004540232,0,15,0
7187,665.7546190000002,665.7546190000004,0.0,68190.22002681099,0,16,1
7188,653.6470849999998,653.6470850000003,0.0,66659.8657347602,0,16,0
7189,665.004234,665.0042340000006,0.0,68095.37371826953,0,16,0
7190,702.500915,702.5009150000002,0.0,72912.72642893328,1,16,0
7191,768.593259,768.5932590000004,0.0,81718.83843596024,1,17,1
7192,846.8279100000001,846.8279100000003,0.0,92147.28114241581,1,19,2
7193,914.600948,914.6009480000008,0.0,101461.56298135243,1,19,0
7194,951.603791,951.6037910000005,0.0,106688.09980031078,1,19,0
7195,949.5684630000001,949.5684630000004,0.0,106372.67934951973,1,14,0
7196,923.7830030000002,923.7830030000006,0.0,102723.48439810541,1,14,0
7197,883.877588,883.8775880000006,0.0,97239.14588859776,1,13,0
7198,835.1552160000001,835.1552160000003,0.0,90587.52145239116,1,13,0
7199,768.7083589999999,768.7083590000001,0.0,81734.17430439315,1,11,0
7200,692.435781,692.4357810000004,0.0,71571.65283393818,1,10,0
7201,661.222546,661.2225460000003,0.0,67451.56825967079,0,11,1
7202,623.148541,623.1485409999997,0.0,62553.31793280975,0,11,0
7203,600.1515560000001,600.1515560000001,0.0,59646.57121634572,0,12,1
7204,597.489134,597.4891340000003,0.0,59310.049432888394,0,12,0
7205,635.747808,635.7478079999998,0.0,64145.82573251066,0,13,1
7206,705.2034099999998,705.2034099999995,0.0,73280.89086893595,0,14,1
7207,796.264148,796.2641480000007,0.0,85550.91687319303,1,15,1
7208,806.621543,806.6215430000015,0.0,86843.87478207004,1,15,0
7209,764.8981739999999,764.8981740000013,0.0,81226.5070944439,1,15,0
7210,727.36081,727.360810000001,0.0,76225.04683707216,1,15,0
7211,680.5873149999999,680.5873150000006,0.0,69992.9689442058,1,15,0
7212,652.9346849999998,652.9346850000005,0.0,66485.72913338384,0,15,0
7213,697.300188,697.3001880000008,0.0,72219.78407421874,1,15,0
7214,752.3732609999998,752.3732610000011,0.0,79557.6937330012,1,16,1
7215,821.9881579999999,821.9881580000006,0.0,88833.14900115809,1,18,2
7216,892.7779079999999,892.7779080000006,0.0,98462.34749476927,1,18,0
7217,942.8370920000001,942.8370920000009,0.0,105342.15341999855,1,19,1
7218,975.280792,975.2807920000015,0.0,110357.39061181642,1,19,0
7219,966.01684,966.0168400000008,0.0,108921.73016006283,1,17,0
7220,940.281567,940.2815670000009,0.0,104990.93882494897,1,14,0
7221,904.365131,904.3651310000012,0.0,100054.81942664007,1,13,0
7222,855.1072009999999,855.1072010000004,0.0,93285.1325959772,1,13,0
7223,785.95146,784.7892690559102,1.162190944090753,84289.6532037922,1,11,0
7224,714.6945479999999,714.6945480000009,0.0,74537.40020310879,1,10,0
7225,674.9962679999999,674.9962680000003,0.0,69248.02054112674,1,10,0
7226,638.064882,638.0648820000004,0.0,64438.69661281544,0,10,0
7227,616.3638190000001,616.3638190000005,0.0,61695.7503692522,0,10,0
7228,613.216671,613.2166710000005,0.0,61297.960740949784,0,11,1
7229,650.63944,650.6394400000003,0.0,66107.98119608226,0,11,0
7230,718.061755,718.0617550000006,0.0,74986.0452381955,1,11,0
7231,804.6211610000001,804.6211610000003,0.0,86519.17870517795,1,13,2
7232,819.744312,819.7443120000005,0.0,88534.18004338413,1,15,2
7233,799.630094,799.6300940000002,0.0,85854.17134764534,1,15,0
7234,778.361363,778.3613630000002,0.0,83020.33589715313,1,15,0
7235,764.9822599999999,764.9822600000006,0.0,81237.71067248948,1,15,0
7236,759.95179,759.9517900000004,0.0,80567.4532782595,1,16,1
7237,763.4618120000001,763.4618120000004,0.0,81035.12691499919,1,16,0
7238,760.2105839999998,760.2105840000005,0.0,80601.93486588103,1,17,1
7239,804.141095,804.1410950000005,0.0,86455.21494310039,1,19,2
7240,886.2328270000002,886.2328270000006,0.0,97562.83448942532,1,19,0
7241,944.7151450000001,944.7151450000002,0.0,105620.54713722161,1,19,0
7242,978.2221979999999,978.2221980000008,0.0,110813.22849469294,1,19,0
7243,964.642551,964.6425510000005,0.0,108708.75276482369,1,17,0
7244,925.0243600000001,925.0243600000007,0.0,102894.08836248338,1,13,0
7245,887.929864,887.9298640000004,0.0,97796.06412432976,1,13,0
7246,855.186929,855.1869290000006,0.0,93296.08988938431,1,12,0
7247,798.681749,798.6817490000005,0.0,85727.81431767979,1,12,0
7248,735.701449,735.7014490000004,0.0,77336.34955080511,1,10,0
7249,669.385671,669.3856710000005,0.0,68627.74644638879,0,10,0
7250,628.2795219999999,628.2795220000006,0.0,63201.857825060506,0,10,0
7251,599.558156,599.5581560000006,0.0,59571.567319028385,0,11,1
7252,591.955837,591.9558370000007,0.0,58610.65806110774,0,12,1
7253,608.3601129999998,608.3601130000002,0.0,60684.107054485314,0,13,1
7254,643.335877,643.3358770000007,0.0,65104.93383516217,0,13,0
7255,686.4369009999999,686.4369010000007,0.0,70772.36495882952,1,13,0
7256,695.9439210000002,695.9439210000008,0.0,72039.07571390648,1,14,1
7257,678.1263309999999,678.1263310000007,0.0,69665.06862414001,1,14,0
7258,671.484646,671.4846460000009,0.0,68780.13372115955,1,14,0
7259,666.4035989999999,666.4035990000001,0.0,68103.13747186669,1,14,0
7260,644.47927,644.4792700000015,0.0,65249.45512125165,0,14,0
7261,658.0783789999999,658.0783790000002,0.0,66993.8891782498,1,15,1
7262,669.8786449999999,669.8786450000001,0.0,68566.1509232518,1,15,0
7263,701.2028060000001,701.2028060000008,0.0,72739.76701246404,1,16,1
7264,786.3966409999999,786.3966410000008,0.0,84090.95245866598,1,17,1
7265,860.2284449999999,860.2284450000006,0.0,93988.96278257685,1,17,0
7266,903.1196229999999,903.1196230000005,0.0,100174.09021092228,1,18,1
7267,912.8832439999999,912.8832439999996,0.0,101687.18575973436,1,18,0
7268,886.184748,886.1847480000006,0.0,97556.22682700162,1,13,0
7269,851.2965289999999,851.2965290000014,0.0,92761.41882939446,1,12,0
7270,824.3853269999997,824.3853270000003,0.0,89152.54664143201,1,12,0
7271,771.7147779999999,771.7147780000014,0.0,82134.7481205384,1,11,0
7272,715.0390109999998,715.0390110000005,0.0,74583.29628693164,1,10,0
7273,669.777373,669.7773730000002,0.0,68632.1669000833,0,10,0
7274,634.47806,634.4780600000006,0.0,63985.333571049734,0,10,0
7275,609.8191479999999,609.819148,0.0,60868.52449857442,0,10,0
7276,599.36358,599.3635799999998,0.0,59546.973523402354,0,11,1
7277,610.389795,610.3897950000007,0.0,60940.652488113585,0,11,0
7278,637.656916,637.6569160000005,0.0,64387.130991020735,0,11,0
7279,664.888615,664.8886150000005,0.0,67901.28173509859,1,12,1
7280,672.1856569999999,672.1856570000007,0.0,68873.53608837107,1,12,0
7281,671.954737,671.9547370000004,0.0,68842.76841905275,1,13,1
7282,651.4924639999999,651.4924640000016,0.0,66135.9008284357,0,13,0
7283,616.9973959999999,616.9973960000004,0.0,61775.832513254005,0,14,1
7284,584.5985489999999,584.598549000001,0.0,57680.71995243481,0,14,0
7285,614.5413010000001,614.5413010000012,0.0,61465.38981493631,0,15,1
7286,637.0477989999999,637.0477990000005,0.0,64310.140514239,0,15,0
7287,691.285127,691.285127,0.0,71418.34025048165,1,15,0
7288,764.185434,764.1854340000007,0.0,81131.54196093476,1,18,3
7289,847.981296,847.9812960000008,0.0,92305.7949495302,1,18,0
7290,930.0536840000001,930.0536840000008,0.0,105020.72496959152,1,19,1
7291,939.546937,939.5469370000008,0.0,107463.88886365076,1,19,0
7292,917.6063159999999,917.6063160000009,0.0,102419.13338653401,1,18,0
7293,884.3183140000001,884.3183140000006,0.0,97299.71637944321,1,12,0
7294,850.065521,850.0655210000003,0.0,92592.2371637003,1,12,0
7295,776.2297719999999,776.229772000001,0.0,82736.32374138567,1,12,0
7296,710.380919,710.3809190000009,0.0,73962.65435764808,1,10,0
7297,679.1548179999999,679.154818000001,0.0,69802.10373549533,1,11,1
7298,644.686313,644.6863130000014,0.0,65275.62470654366,0,11,0
7299,624.006528,624.0065280000005,0.0,62661.764796388656,0,11,0
7300,617.807401,617.8074010000006,0.0,61878.214602648324,0,11,0
7301,660.827208,660.8272080000003,0.0,67360.14182715214,1,12,1
7302,746.070274,746.0702740000008,0.0,78717.88678802682,1,15,3
7303,848.157403,848.1574030000003,0.0,92621.97829880127,1,16,1
7304,852.8095859999999,852.8095860000014,0.0,92969.36345977057,1,17,1
7305,792.6204149999999,792.620415000001,0.0,84920.20510176217,1,17,0
7306,772.0566509999999,772.0566510000008,0.0,82180.2991140116,1,18,1
7307,741.961808,741.9618080000006,0.0,78170.4767616391,1,18,0
7308,726.1166289999999,726.116629000001,0.0,76059.27276128791,1,18,0
7309,732.354237,732.3542370000017,0.0,76890.36863986553,1,18,0
7310,752.580107,752.580107000001,0.0,79585.25379418173,1,19,1
7311,782.9586130000001,782.9586130000008,0.0,83842.1697202427,0,19,0
7312,903.6349749999999,903.6349750000008,0.0,99954.47157488237,1,19,0
7313,963.1985529999998,963.1985530000005,0.0,108484.97237163826,1,20,1
7314,1018.2347259999999,1018.1396578044361,0.09506819556589735,120835.70414189491,1,20,0
7315,1022.440409,1020.6869747701248,1.7534342298764225,121157.67701033002,1,20,0
7316,998.952197,998.9521970000001,0.0,115916.78309973476,1,20,0
7317,948.5746170000001,948.5746170000004,0.0,106218.66026594357,1,15,0
7318,891.7188189999999,891.7188190000014,0.0,98316.79324886826,1,14,0
7319,813.9519359999999,813.9519360000015,0.0,87762.40666154119,1,14,0
7320,740.595479,740.5954790000004,0.0,77988.42774530446,1,11,0
7321,688.026595,688.0265950000002,0.0,70987.79075667134,1,11,0
7322,649.4521610000002,649.4521610000006,0.0,65878.0129337467,0,14,3
7323,624.070314,624.0703140000006,0.0,62669.82714656442,0,14,0
7324,620.182556,620.182556,0.0,62178.42673903672,0,15,1
7325,660.9848840000001,660.9848839999997,0.0,67600.57463787834,0,16,1
7326,745.092456,745.0924560000009,0.0,78587.60278976995,1,16,0
7327,850.2657110000001,850.2657110000007,0.0,95873.33414152799,1,17,1
7328,880.092923,880.0929230000004,0.0,97204.89456831157,1,20,3
7329,813.253427,813.2534270000008,0.0,87669.33765960168,1,20,0
7330,763.852954,763.8529540000004,0.0,81087.24248624676,1,20,0
7331,726.2911979999999,726.2911980000001,0.0,76261.01726104948,0,20,0
7332,701.5870200000002,701.5870200000014,0.0,73138.48670826439,0,20,0
7333,704.482401,704.4824010000003,0.0,73504.45377806328,0,20,0
7334,716.7381869999999,716.7381870000006,0.0,75053.54665755107,0,20,0
7335,756.625962,756.6259620000006,0.0,80124.32156115618,1,20,0
7336,857.9188929999999,857.9188930000001,0.0,93757.53323065487,0,20,0
7337,963.624103,963.6241030000006,0.0,108550.92104076389,1,21,1
7338,1025.242674,1025.242674,0.0,122682.84570904203,1,21,0
7339,1029.818477,1029.8184770000005,0.0,123860.46487456185,1,21,0
7340,1003.161969,1003.1619690000007,0.0,117000.20128659047,1,21,0
7341,946.1752,946.1752000000001,0.0,105846.81592843348,1,14,0
7342,894.9859309999999,894.9859310000007,0.0,98765.80369410409,1,13,0
7343,819.4279270000001,819.4279270000002,0.0,88492.0250587259,1,13,0
7344,742.4000579999998,742.4000579999998,0.0,78228.86898006419,1,10,0
7345,680.1522589999998,680.1522590000003,0.0,70004.8475175453,0,12,2
7346,644.965498,644.9654980000003,0.0,65310.91281418181,0,12,0
7347,624.060839,624.0608390000006,0.0,62668.62953630644,0,12,0
7348,619.761747,619.7617470000006,0.0,62125.23780235622,0,14,2
7349,663.2345320000001,663.2345320000003,0.0,67914.5642248496,0,15,1
7350,749.4242739999999,749.4242740000007,0.0,79164.77212880949,1,15,0
7351,858.015936,858.0159360000005,0.0,97867.91596620229,1,17,2
7352,860.7558159999998,860.7558160000006,0.0,94608.05602433268,1,19,2
7353,797.7044439999999,797.7044440000002,0.0,85597.59867129521,1,19,0
7354,754.578205,754.5782050000005,0.0,79851.4794070759,1,19,0
7355,719.50596,719.5059600000005,0.0,75178.47041517374,1,19,0
7356,708.3216939999999,708.3216940000004,0.0,73738.10078644258,0,19,0
7357,690.686982,690.6869820000003,0.0,71509.12854500352,0,19,0
7358,713.3441790000002,713.3441790000005,0.0,74372.92712486217,0,19,0
7359,781.2097630000001,781.2097630000003,0.0,83446.5074669767,0,20,1
7360,887.8136699999999,887.8136700000005,0.0,97780.09518305262,1,20,0
7361,968.146715,968.1467150000004,0.0,109251.8028228614,1,20,0
7362,1020.897167,1020.8971670000005,0.0,121564.49504422983,1,21,1
7363,1015.843096,1015.8430960000005,0.0,120263.78981861203,1,21,0
7364,988.3529949999999,988.3529950000003,0.0,113188.99446582398,1,21,0
7365,939.548693,939.5486930000004,0.0,104890.21742909781,1,19,0
7366,890.7359299999999,890.7359300000007,0.0,98181.71143119325,1,13,0
7367,823.027643,823.0276430000004,0.0,88971.64948072383,1,13,0
7368,740.520667,740.5206670000007,0.0,77978.45983054163,1,10,0
7369,682.811977,682.8119770000004,0.0,70328.16749735954,0,11,1
7370,644.129984,644.1299840000005,0.0,65205.30646726027,0,13,2
7371,620.085758,620.0857580000007,0.0,62166.19177568573,0,15,2
7372,616.6894249999999,616.6894250000001,0.0,61736.90594557494,0,16,1
7373,661.656146,661.6561460000005,0.0,67670.77677694442,0,16,0
7374,742.952458,742.9524580000008,0.0,78302.47048938106,1,17,1
7375,848.8574569999998,848.8574569999998,0.0,95510.90881414386,1,17,0
7376,863.235654,863.2356540000003,0.0,94992.36342827378,1,19,2
7377,798.5874749999999,798.5874750000008,0.0,85715.25329543267,1,19,0
7378,769.294358,769.2943580000008,0.0,81812.25252824933,1,19,0
7379,731.055568,731.0555680000011,0.0,76717.33460926647,1,19,0
7380,714.6898380000001,714.689838,0.0,74543.0141984385,0,19,0
7381,706.593493,706.5934930000001,0.0,73519.66160486547,0,19,0
7382,724.873566,724.8735660000013,0.0,75893.64764728396,1,19,0
7383,779.199503,779.1995030000008,0.0,83132.00926612268,1,20,1
7384,868.8879570000001,868.8879570000006,0.0,95179.06931661848,1,20,0
7385,952.7513129999999,952.7513130000004,0.0,106865.9344817639,1,20,0
7386,1010.535781,1010.5357810000005,0.0,118897.91024262273,1,20,0
7387,1007.6414649999999,1007.6414650000008,0.0,118153.03508242242,1,20,0
7388,983.5336579999998,982.3307454684008,1.2029125316002836,111397.14117559588,1,19,0
7389,936.48674,936.4867400000007,0.0,104469.4026912433,1,14,0
7390,884.462007,884.4620070000004,0.0,97319.46460292228,1,13,0
7391,811.451722,811.4517220000013,0.0,87429.27935521447,1,13,0
7392,741.8602889999999,741.8602890000012,0.0,78156.95041908971,1,10,0
7393,677.9767989999999,677.976799,0.0,69726.1827486047,0,10,0
7394,639.653722,639.6537220000006,0.0,64639.5210014467,0,12,2
7395,617.4285810000001,617.4285810000003,0.0,61830.33294376428,0,14,2
7396,614.462244,614.4622440000003,0.0,61455.397258296114,0,15,1
7397,657.68849,657.6884900000002,0.0,67126.8319827071,0,16,1
7398,736.74938,736.7493800000015,0.0,77475.97537133352,1,17,1
7399,837.3402890000001,837.3402890000006,0.0,92965.6854827818,1,17,0
7400,859.616735,859.6167350000004,0.0,94431.52946816699,1,19,2
7401,822.2887489999999,822.2887490000002,0.0,88873.19960088114,1,19,0
7402,807.7221780000002,807.7221780000016,0.0,86932.35671317393,1,19,0
7403,761.2837850000002,761.2837850000012,0.0,80744.92764900971,1,19,0
7404,738.688246,738.6882460000012,0.0,77734.30894114327,1,19,0
7405,706.2160409999999,706.2160410000013,0.0,73471.95285688744,0,19,0
7406,707.7160189999998,707.716019000002,0.0,73661.5453676566,0,19,0
7407,756.6171850000001,756.6171850000005,0.0,80123.15211791346,1,20,1
7408,846.375063,846.3750630000004,0.0,92153.76671851841,0,20,0
7409,930.450961,930.4509610000011,0.0,103639.88481241469,1,20,0
7410,988.814823,988.8148230000012,0.0,113307.84956163431,1,20,0
7411,978.940745,978.9407450000001,0.0,110924.58372522795,1,19,0
7412,941.849331,941.8493310000006,0.0,105206.40202659763,1,13,0
7413,898.280518,898.2805180000012,0.0,99218.59012313951,1,13,0
7414,861.510867,861.5108670000006,0.0,94165.21045122133,1,13,0
7415,807.6552559999999,807.6552560000008,0.0,86923.4400582019,1,11,0
7416,741.998484,741.9984840000004,0.0,78175.36345417294,1,11,0
7417,683.4745590000001,683.4745590000006,0.0,70378.35376050315,1,12,1
7418,639.334158,639.334158,0.0,64766.66521263803,0,12,0
7419,609.4310309999998,609.4310310000008,0.0,60987.003825753774,0,12,0
7420,601.21316,601.2131600000004,0.0,59948.290727250795,0,13,1
7421,622.0196579999999,622.0196580000004,0.0,62578.16676285359,0,13,0
7422,663.7730470000001,663.7730470000007,0.0,67855.66406856554,0,13,0
7423,719.992874,719.992874000001,0.0,75243.34660146537,1,13,0
7424,729.3536039999998,729.3536040000005,0.0,76490.56574756696,1,13,0
7425,686.010432,686.010432000001,0.0,70715.54243515682,1,13,0
7426,660.743573,660.7435730000007,0.0,67472.74806448442,0,14,1
7427,624.266938,624.2669380000001,0.0,62862.215900641626,0,14,0
7428,605.860797,605.8607970000013,0.0,60535.73745511837,0,14,0
7429,594.821246,594.8212460000005,0.0,59140.37286186887,0,15,1
7430,612.387886,612.3878860000008,0.0,61360.74101618594,0,16,1
7431,643.115765,643.115765,0.0,65244.64846697366,0,17,1
7432,739.461249,739.461249,0.0,77852.6369609656,0,18,1
7433,839.685675,839.6856750000003,0.0,91191.1576223724,1,18,0
7434,919.2580049999999,919.2580050000012,0.0,102675.10023263776,1,18,0
7435,935.2578909999999,935.2578910000005,0.0,104754.76034040912,1,19,1
7436,910.932153,910.9321530000007,0.0,100957.3478591193,1,18,0
7437,872.024819,872.0248190000005,0.0,95610.17905612655,1,13,0
7438,843.179166,843.179166000001,0.0,91656.62867665286,1,13,0
7439,792.767946,792.7679460000007,0.0,84939.86206097831,1,11,0
7440,736.136697,736.1366970000003,0.0,77394.34178419954,1,10,0
7441,677.3725629999999,677.3725630000007,0.0,69721.03257317483,0,10,0
7442,636.037654,636.0376540000007,0.0,64266.229405924176,0,10,0
7443,610.069037,610.0690370000008,0.0,60983.87773261295,0,9,0
7444,598.6482699999998,598.6482700000007,0.0,59540.328633600555,0,9,0
7445,612.8795749999999,612.8795749999998,0.0,61339.12091353405,0,9,0
7446,645.545883,645.545883,0.0,65729.74114031815,0,10,1
7447,686.597687,686.597687,0.0,71250.49365589244,0,12,2
7448,684.541514,684.5415140000008,0.0,70973.9742059262,0,13,1
7449,652.698044,652.6980440000004,0.0,66691.58220417357,0,13,0
7450,654.179797,654.1797970000007,0.0,66890.85217053635,0,13,0
7451,660.5594829999999,660.5594830000002,0.0,67466.77892468616,0,14,1
7452,666.060396,666.0603960000001,0.0,68061.00975333696,1,14,0
7453,667.284836,667.2848360000002,0.0,68220.55306431014,1,16,2
7454,701.477617,701.4776170000008,0.0,72776.38269743299,1,16,0
7455,747.4461789999999,747.4461790000013,0.0,78901.21170597845,1,17,1
7456,798.813041,798.8130410000011,0.0,85745.30760037575,1,18,1
7457,873.2475699999999,873.2475700000005,0.0,95778.22593389585,1,19,1
7458,943.9464460000002,943.9464460000006,0.0,105801.33481373797,1,19,0
7459,955.04329,955.0432900000006,0.0,107221.12854313522,1,19,0
7460,931.903567,931.9035670000001,0.0,103839.5214538313,1,16,0
7461,895.417307,895.4173070000011,0.0,98825.08918227356,1,13,0
7462,861.0076369999999,861.0076370000012,0.0,94096.04982056163,1,13,0
7463,792.464086,792.464086000001,0.0,84899.37590127342,1,12,0
7464,723.2436700000001,723.2436700000006,0.0,75676.48109111203,1,10,0
7465,650.618516,650.6185160000003,0.0,66266.6891759404,0,12,2
7466,612.786635,612.7866350000006,0.0,61327.37358927281,0,13,1
7467,593.325092,593.3250920000007,0.0,58867.4956438563,0,13,0
7468,588.3260069999999,588.3260070000005,0.0,58235.62699198408,0,13,0
7469,629.868411,629.8684110000004,0.0,63486.45645597791,0,13,0
7470,713.653638,713.6536380000002,0.0,74434.35510795673,0,14,1
7471,816.858286,816.8582860000006,0.0,88149.64733243667,1,15,1
7472,828.1430190000002,828.1430190000005,0.0,89653.21970940355,1,15,0
7473,770.742845,770.7428450000008,0.0,82005.24823684036,1,15,0
7474,710.1112899999999,710.1112900000002,0.0,73926.72911985731,1,15,0
7475,680.050794,680.0507940000001,0.0,70080.97971995763,0,16,1
7476,671.015333,671.0153330000004,0.0,68938.92581186975,0,16,0
7477,674.3799210000001,674.3799210000003,0.0,69364.199173628,0,16,0
7478,679.9403949999999,679.9403950000012,0.0,70067.02563290024,0,16,0
7479,736.7304230000001,736.7304230000004,0.0,77473.4495498053,1,17,1
7480,839.9691260000001,839.9691260000004,0.0,91233.76047240956,0,19,2
7481,920.455481,920.4554810000006,0.0,102266.17159868125,1,19,0
7482,978.5852949999999,978.5852950000011,0.0,110869.49864840817,1,19,0
7483,980.779029,980.7790290000005,0.0,111239.77429166112,1,20,1
7484,960.3591029999999,960.3591030000005,0.0,108044.93489414145,1,16,0
7485,909.060817,909.0608170000007,0.0,100700.16371283165,1,13,0
7486,851.8657269999999,851.8657270000015,0.0,92839.64566930917,1,13,0
7487,775.7596649999999,775.7596650000006,0.0,82673.6869116601,1,11,0
7488,707.2950100000002,707.2950100000007,0.0,73551.48933227852,1,10,0
7489,635.999866,635.999866000001,0.0,64232.83613700708,0,12,2
7490,597.456755,597.4567550000002,0.0,59305.95682892608,0,12,0
7491,573.558806,573.5588060000006,0.0,56285.331090988024,0,14,2
7492,571.6378969999998,571.6378970000002,0.0,56042.53422312133,0,14,0
7493,610.0147870000002,610.0147870000006,0.0,60893.252654063675,0,14,0
7494,691.411199,691.4111990000008,0.0,71537.59869228645,0,14,0
7495,796.571545,796.5715450000013,0.0,85461.57878239143,1,15,1
7496,809.7211070000001,809.7211070000002,0.0,87198.6930481068,1,16,1
7497,738.6466040000001,738.6466040000007,0.0,77728.7605811668,1,16,0
7498,686.412518,686.4125180000001,0.0,70801.313615266,0,16,0
7499,655.151205,655.1512050000008,0.0,66849.9817813276,0,16,0
7500,626.830498,626.8304980000004,0.0,63270.33331522683,0,17,1
7501,630.121245,630.121245000001,0.0,63686.273406372056,0,17,0
7502,643.2657420000002,643.2657420000011,0.0,65347.696566596,0,17,0
7503,718.4678740000002,718.4678740000011,0.0,75054.78299880426,0,18,1
7504,818.589005,818.5890050000008,0.0,88380.24749645403,1,18,0
7505,902.8435449999998,902.8435450000005,0.0,99845.70262644315,1,19,1
7506,950.631775,950.6317750000009,0.0,106837.37887487526,1,19,0
7507,959.4637629999997,959.4637630000004,0.0,107906.18155983303,1,19,0
7508,934.205934,934.2059340000008,0.0,104155.94367375117,1,16,0
7509,878.389434,878.3894340000012,0.0,96484.88999805495,1,15,0
7510,829.938853,829.9388530000009,0.0,89892.49576458521,1,15,0
7511,757.6449639999998,757.644964000001,0.0,80260.0928956906,1,13,0
7512,685.508827,685.5088270000011,0.0,70648.7088271177,1,12,0
7513,635.244224,635.2442240000001,0.0,64165.94234450088,0,13,1
7514,599.2274339999999,599.2274340000001,0.0,59613.53314520469,0,13,0
7515,578.065662,578.0656620000004,0.0,56938.75159120703,0,14,1
7516,575.5364320000001,575.5364320000006,0.0,56619.06485846002,0,14,0
7517,616.6337200000002,616.6337200000003,0.0,61813.63305727296,0,14,0
7518,700.2204529999999,700.2204529999999,0.0,72753.39620822259,0,14,0
7519,807.0466050000001,807.0466050000005,0.0,86842.34369280151,1,15,1
7520,818.233995,818.233995000001,0.0,88332.94613544294,1,15,0
7521,769.5365049999999,769.5365050000016,0.0,81844.51607762765,1,15,0
7522,730.4525339999999,730.4525340000005,0.0,76636.98665023432,1,16,1
7523,699.112716,699.1127160000004,0.0,72461.2844299009,1,16,0
7524,666.8728949999999,666.8728950000007,0.0,68331.24317418267,0,16,0
7525,667.673847,667.6738469999998,0.0,68432.48099279424,0,16,0
7526,687.5469449999999,687.546945,0.0,70944.37819833963,0,17,1
7527,743.023518,743.0235180000006,0.0,78311.93848947527,1,18,1
7528,810.1371100000001,810.1371100000016,0.0,87254.1210869924,1,18,0
7529,894.9366089999999,894.9366090000002,0.0,98759.02520191281,1,19,1
7530,952.9415349999999,952.9415350000013,0.0,107195.32881730187,1,19,0
7531,949.941071,949.941071000001,0.0,106430.42344940365,1,19,0
7532,925.8593630000001,925.8593630000009,0.0,103008.84569825987,1,17,0
7533,878.286064,878.2860640000008,0.0,96470.68350322888,1,13,0
7534,828.1400969999999,828.140097000001,0.0,89652.83038353427,1,13,0
7535,765.648689,765.6486890000014,0.0,81326.50535071632,1,12,0
7536,692.1646590000001,692.1646590000005,0.0,71535.5286695483,1,10,0
7537,644.242064,644.2420640000005,0.0,65363.769309534,0,10,0
7538,604.490587,604.4905870000008,0.0,60278.7791633675,0,10,0
7539,576.517375,576.5173750000006,0.0,56743.05297447995,0,11,1
7540,566.097482,566.097482,0.0,55426.011207323994,0,11,0
7541,591.3436409999999,591.3436410000007,0.0,58617.046457230994,0,12,1
7542,635.364364,635.3643640000006,0.0,64181.12766338148,0,12,0
7543,695.10516,695.1051600000004,0.0,71927.31960319675,1,13,1
7544,701.941587,701.9415870000003,0.0,72838.20183624119,1,13,0
7545,663.324442,663.3244420000008,0.0,67715.19375589665,0,13,0
7546,638.953412,638.9534120000009,0.0,64634.77206455984,0,13,0
7547,627.8098019999999,627.8098020000007,0.0,63226.2547403516,0,13,0
7548,619.8079350000002,619.8079350000007,0.0,62214.84386941212,0,14,1
7549,628.025112,628.0251120000003,0.0,63253.46924849346,0,14,0
7550,653.8622180000001,653.862218,0.0,66519.19834421769,0,15,1
7551,715.799263,715.7992630000005,0.0,74684.59189638328,1,16,1
7552,776.0655619999999,776.0655620000003,0.0,82714.44448026158,1,17,1
7553,858.270978,858.2709780000008,0.0,93719.94135655763,1,18,1
7554,914.240169,914.2401690000004,0.0,101897.47220751566,1,18,0
7555,908.81892,908.8189200000008,0.0,101057.32614583404,1,17,0
7556,876.7564849999999,876.7564850000003,0.0,96260.46819753574,1,12,0
7557,839.5167449999999,839.5167450000007,0.0,91168.64947072713,1,12,0
7558,803.6303909999999,803.630391000001,0.0,86387.16898869406,1,12,0
7559,761.690402,761.6904020000009,0.0,80799.10510178636,1,11,0
7560,689.836336,689.8363360000001,0.0,71225.30403707741,1,10,0
7561,654.683253,654.6832530000012,0.0,66551.86427147507,0,11,1
7562,616.701415,616.701415000001,0.0,61738.42144393844,0,12,1
7563,596.165103,596.1651029999999,0.0,59142.69607062166,0,12,0
7564,593.9006930000002,593.9006930000003,0.0,58856.4817546047,0,12,0
7565,636.1479269999999,636.1479270000005,0.0,64196.399518137216,0,12,0
7566,713.95429,713.9542900000004,0.0,74553.02236395533,0,15,3
7567,810.27208,810.2720800000014,0.0,87272.10442463262,1,15,0
7568,825.4707709999999,825.4707710000008,0.0,89297.1706759701,1,16,1
7569,765.007278,765.0072780000013,0.0,81241.04405873158,1,16,0
7570,720.9665870000001,720.966587000001,0.0,75373.08365150401,1,16,0
7571,684.77284,684.7728400000005,0.0,70594.0634630153,0,16,0
7572,659.988665,659.9886650000014,0.0,67461.42154054074,0,16,0
7573,648.1012099999999,648.101210000001,0.0,65958.88454326193,0,16,0
7574,682.7549569999998,682.754957000001,0.0,70339.00938595009,0,16,0
7575,726.4038429999999,726.4038430000011,0.0,76097.54101598905,1,18,2
7576,814.312701,814.3127010000014,0.0,87810.47481597395,1,18,0
7577,902.430347,902.4303470000008,0.0,99788.91540336952,1,19,1
7578,956.388196,956.3881960000012,0.0,107729.46747522033,1,19,0
7579,948.3890680000001,948.3890680000004,0.0,106189.90522045517,1,18,0
7580,910.8814770000001,910.881477000001,0.0,100950.38328204855,1,14,0
7581,868.218715,868.218715000001,0.0,95087.09308550355,1,13,0
7582,832.338545,832.3385450000007,0.0,90212.2295681611,1,12,0
7583,782.5536570000002,782.5536570000004,0.0,83578.91512579098,1,12,0
7584,722.940725,722.9407250000011,0.0,75636.11684556546,1,10,0
7585,667.76024,667.7602400000011,0.0,68431.27633317788,0,10,0
7586,624.308013,624.3080130000006,0.0,62783.63960286727,0,10,0
7587,594.5897940000001,594.5897940000002,0.0,59027.35000675666,0,11,1
7588,587.0275670000001,587.0275670000003,0.0,58071.508251787214,0,12,1
7589,607.219194,607.2191940000002,0.0,60623.66652307007,0,12,0
7590,648.0895900000002,648.0895900000002,0.0,65789.556285297,0,12,0
7591,702.9417489999998,702.9417490000005,0.0,72971.46293827103,1,13,1
7592,712.2783209999999,712.2783210000006,0.0,74215.4632841155,1,13,0
7593,670.9884629999999,670.9884630000006,0.0,68714.02253778279,1,13,0
7594,652.594233,652.5942330000004,0.0,66358.92902042266,0,13,0
7595,605.8502540000001,605.8502540000009,0.0,60450.636804172806,0,13,0
7596,586.802192,586.8021920000006,0.0,58043.02155923937,0,15,2
7597,596.942821,596.9428210000008,0.0,59324.76523340497,0,16,1
7598,601.111192,601.1111920000003,0.0,59851.63424328835,0,16,0
7599,631.331076,631.331076000001,0.0,63671.33272067255,0,16,0
7600,729.445865,729.4458650000005,0.0,76502.85855866592,1,18,2
7601,816.768987,816.7689870000008,0.0,88137.74917678775,1,18,0
7602,899.515153,899.515153,0.0,99615.49545260181,1,18,0
7603,914.98201,914.9820100000011,0.0,102012.43737413033,1,18,0
7604,892.341962,892.341962,0.0,98503.84605809131,1,15,0
7605,854.6321850000002,854.6321850000014,0.0,93219.84951243008,1,12,0
7606,824.933317,824.9333170000009,0.0,89225.56056447786,1,12,0
7607,774.6074420000001,774.6074420000003,0.0,82520.16527540106,1,11,0
7608,718.143856,718.1438560000013,0.0,74996.98433579951,1,10,0
7609,675.080066,675.080066,0.0,69259.18574619136,1,12,2
7610,633.974265,633.9742650000004,0.0,63921.65546446221,0,12,0
7611,607.8651099999998,607.8651100000004,0.0,60662.33357088384,0,11,0
7612,596.5171050000001,596.5171050000006,0.0,59187.188018487475,0,11,0
7613,610.519703,610.5197030000006,0.0,61019.33008637381,0,11,0
7614,643.1139569999999,643.1139570000006,0.0,65402.689457469154,0,11,0
7615,683.429001,683.4290010000005,0.0,70824.36058740264,0,11,0
7616,687.963666,687.9636660000016,0.0,71434.19403603848,0,12,1
7617,648.9350869999998,648.9350870000002,0.0,66185.5300383845,0,12,0
7618,603.274757,603.2747570000008,0.0,60112.66456637776,0,12,0
7619,557.9029630000001,557.9029630000006,0.0,54306.4816794792,0,14,2
7620,545.6241329999999,545.6241330000001,0.0,52754.47611072652,0,14,0
7621,563.0212140000001,563.0212140000004,0.0,54953.41253968931,0,15,1
7622,554.704345,554.7043450000001,0.0,53902.18640474105,0,15,0
7623,623.08592,623.08592,0.0,62545.40283497711,0,15,0
7624,756.4265040000001,756.4265040000016,0.0,80174.49283420414,0,18,3
7625,875.544152,875.5441520000008,0.0,96400.24414902247,1,18,0
7626,937.7232590000001,937.7232590000002,0.0,105136.82528813534,1,19,1
7627,950.6693730000001,950.669373000001,0.0,106843.20554168714,1,19,0
7628,929.024848,929.0248480000007,0.0,103443.88919515794,1,17,0
7629,892.368704,892.3687040000009,0.0,98429.55862351644,0,14,0
7630,857.7536489999999,857.7536490000002,0.0,93985.95912931443,0,13,0
7631,784.411617,784.4116170000005,0.0,84404.76332223191,0,12,0
7632,717.389211,717.389211000001,0.0,75391.4172455445,0,10,0
7633,671.5377089999998,671.5377090000003,0.0,69239.83625584922,0,10,0
7634,632.950492,632.9504920000003,0.0,64043.88134616564,0,10,0
7635,612.566945,612.5669450000004,0.0,61467.46498931969,0,11,1
7636,606.843694,606.8436940000005,0.0,60744.06402820459,0,12,1
7637,649.35152,649.3515200000005,0.0,66116.91980253877,0,14,2
7638,734.0829949999999,734.0829950000003,0.0,77281.63783682977,0,14,0
7639,837.2221910000002,837.2221910000003,0.0,90862.92420351352,1,15,1
7640,860.943324,860.9433240000004,0.0,94087.21106365192,1,17,2
7641,818.7410550000001,818.7410550000008,0.0,88400.50656504855,1,17,0
7642,778.9358069999998,778.9358070000004,0.0,83096.87453838767,1,17,0
7643,747.858341,747.8583410000002,0.0,78956.12797187803,1,18,1
7644,735.635244,735.6352440000005,0.0,77327.52842856705,1,18,0
7645,737.4687399999999,737.4687400000004,0.0,77571.82255044651,1,18,0
7646,750.363458,750.3634580000004,0.0,79289.90855155772,1,18,0
7647,825.37489,825.3748900000007,0.0,89284.39553781875,1,19,1
7648,902.4000999999997,902.4001000000006,0.0,99784.75845407086,1,20,1
7649,964.469898,964.4698980000004,0.0,108681.99624838485,1,20,0
7650,1011.424787,1011.4247870000007,0.0,119126.70298214025,1,20,0
7651,1007.559457,1007.5594570000005,0.0,118131.92967370481,1,20,0
7652,985.241583,985.2415830000003,0.0,112388.2479295268,1,20,0
7653,934.0992590000002,934.0992590000003,0.0,104141.28296140164,1,18,0
7654,878.013418,878.0134180000006,0.0,96433.21282519521,1,14,0
7655,800.260607,800.2606070000006,0.0,85938.18059537135,1,13,0
7656,728.747034,728.7470340000007,0.0,76409.74665360198,1,10,0
7657,656.7772460000001,656.7772460000002,0.0,67034.08110423485,0,11,1
7658,618.4741389999999,618.4741390000006,0.0,61962.488192957746,0,14,3
7659,594.017761,594.0177610000003,0.0,58871.27878232824,0,15,1
7660,591.239092,591.2390920000004,0.0,58520.06374297025,0,17,2
7661,630.540776,630.5407760000005,0.0,63533.80510616134,0,17,0
7662,713.126822,713.1268220000003,0.0,74328.51714772293,1,17,0
7663,818.3698449999999,818.3698450000009,0.0,89027.56470118105,1,17,0
7664,844.9606199999997,844.9606200000007,0.0,92035.22901686242,2,19,2
7665,785.036139,785.0361390000007,0.0,83909.67982899823,1,19,0
7666,751.1346010000001,751.1346010000001,0.0,79392.65527259145,1,19,0
7667,732.8334579999998,732.8334580000003,0.0,76954.21981455087,1,19,0
7668,737.2386110000001,737.2386110000008,0.0,77541.16027358641,1,19,0
7669,747.2916669999998,747.2916670000003,0.0,78880.62460169241,1,19,0
7670,756.0355659999998,756.0355660000006,0.0,80045.65748314284,1,19,0
7671,800.331291,800.3312910000003,0.0,85947.59849740707,1,20,1
7672,879.0926869999998,879.0926870000003,0.0,96581.54047794148,1,20,0
7673,945.970141,945.9701410000005,0.0,105815.03736388829,1,20,0
7674,982.0322489999999,982.0322490000003,0.0,111562.30039049286,1,20,0
7675,986.3497880000001,986.3497880000006,0.0,112673.45326885741,1,20,0
7676,961.6140070000001,961.6140070000006,0.0,108239.41086331176,1,16,0
7677,904.8186369999999,904.8186370000004,0.0,100117.1463168651,1,13,0
7678,857.20237,857.2023700000003,0.0,93573.07888172886,1,13,0
7679,783.8415339999999,783.8415340000003,0.0,83750.51123552001,1,11,0
7680,707.9120739999998,707.9120740000005,0.0,73633.70664173728,1,10,0
7681,647.926884,647.9268840000012,0.0,65699.24011324355,0,11,1
7682,614.9370180000001,614.9370180000001,0.0,61528.66778074051,0,11,0
7683,593.801605,593.8016050000004,0.0,58857.21792160195,0,11,0
7684,590.6926899999999,590.6926900000002,0.0,58464.260824486104,0,11,0
7685,632.7732699999999,632.7732700000006,0.0,63833.01965061033,0,12,1
7686,717.0696979999999,717.0696980000012,0.0,74853.8640424529,1,12,0
7687,826.3026549999998,826.3026550000006,0.0,89408.0104985198,1,14,2
7688,852.44177,852.4417700000006,0.0,92918.81324112939,1,14,0
7689,785.944406,785.944406000001,0.0,84030.69688559239,1,16,2
7690,748.7457399999998,748.7457400000002,0.0,79074.36458622664,1,17,1
7691,746.912391,746.9123910000005,0.0,78830.09005055626,1,17,0
7692,724.9760270000002,724.9760270000004,0.0,75940.50825645128,0,17,0
7693,744.3973690000001,744.3973690000005,0.0,78494.98973345845,1,17,0
7694,766.532986,766.5329860000004,0.0,81444.32865608236,1,18,1
7695,821.729235,821.7292350000001,0.0,88798.65022563883,1,18,0
7696,873.307577,873.307577000001,0.0,95786.47290240733,1,18,0
7697,944.057393,944.0573930000008,0.0,105518.61347721766,1,18,0
7698,980.352644,980.3526440000007,0.0,111143.38964695238,1,19,1
7699,974.3158850000001,974.3158850000003,0.0,110207.85628569711,1,18,0
7700,950.245146,950.2451460000007,0.0,106477.54679933752,1,16,0
7701,901.9184250000001,901.9184250000008,0.0,99718.56020123806,1,14,0
7702,850.791488,850.7914880000006,0.0,92692.00930677244,1,14,0
7703,791.1406249999998,791.1406250000008,0.0,84812.54612726267,1,12,0
7704,711.039908,711.0399080000005,0.0,74050.4577338666,1,11,0
7705,663.080376,663.0803760000005,0.0,67660.35284370574,1,11,0
7706,623.925259,623.9252590000007,0.0,62651.49264989208,0,11,0
7707,600.0789130000001,600.0789130000005,0.0,59637.389369172146,0,12,1
7708,597.3094660000002,597.3094660000004,0.0,59287.339961666265,0,13,1
7709,640.992376,640.9923760000007,0.0,64907.29623851834,0,13,0
7710,720.7907609999999,720.7907610000005,0.0,75349.6566801478,1,15,2
7711,825.494327,825.494327,0.0,89629.7529312574,1,16,1
7712,853.431342,853.4313420000007,0.0,93439.29531936235,1,16,0
7713,809.3843540000001,809.3843540000009,0.0,87153.82424096183,1,16,0
7714,746.0633649999999,746.0633650000007,0.0,78716.96623620225,1,16,0
7715,694.0864569999999,694.0864570000011,0.0,71791.5881072781,1,16,0
7716,670.4190590000001,670.4190590000002,0.0,68779.7906011338,0,16,0
7717,680.3643870000001,680.3643870000004,0.0,70036.84884194926,0,16,0
7718,692.813671,692.8136710000002,0.0,71622.00271510344,1,17,1
7719,772.2537790000001,772.2537790000008,0.0,82206.56435356375,1,19,2
7720,870.430408,870.4304080000004,0.0,95391.05366556782,1,19,0
7721,933.752489,933.7524890000008,0.0,104093.62516696597,1,19,0
7722,986.351914,986.3519140000002,0.0,112674.00041180605,1,20,1
7723,978.337786,978.337786,0.0,110831.14148909277,1,19,0
7724,954.651578,954.6515780000013,0.0,107160.42384314579,1,16,0
7725,908.948946,908.9489460000011,0.0,100684.78889632128,1,14,0
7726,858.4244669999999,858.4244670000014,0.0,93741.03587802766,1,14,0
7727,787.769033,787.7690330000011,0.0,84273.80930619358,1,12,0
7728,718.649248,718.6492480000002,0.0,75064.32252189028,1,12,0
7729,671.256437,671.2564370000003,0.0,68810.32528491598,0,13,1
7730,633.671907,633.6719070000005,0.0,64050.97446004398,0,14,1
7731,611.647693,611.6476930000003,0.0,61267.18294445171,0,14,0
7732,609.2258899999999,609.2258900000005,0.0,60961.07464729135,0,14,0
7733,652.0335660000002,652.0335660000006,0.0,66371.8305203964,0,14,0
7734,730.606079,730.6060790000005,0.0,76657.44491190708,1,14,0
7735,831.0896970000001,831.0896970000003,0.0,90045.8336635499,1,16,2
7736,859.273356,859.2733560000004,0.0,93857.70161456976,1,16,0
7737,820.620267,820.6202670000005,0.0,88650.89186469758,1,17,1
7738,799.9047060000001,799.9047060000005,0.0,85890.76051795039,1,17,0
7739,755.238727,755.2387270000005,0.0,79939.48703947436,1,18,1
7740,746.5591580000003,746.5591580000004,0.0,78783.02545616722,1,18,0
7741,749.3246749999998,749.3246750000004,0.0,79151.50160613308,1,18,0
7742,774.337438,774.3374380000004,0.0,82484.19007279148,1,18,0
7743,837.982081,837.9820810000004,0.0,90964.17158025992,1,20,2
7744,904.678282,904.6782820000005,0.0,100097.856846213,1,20,0
7745,958.237028,958.2370280000001,0.0,107716.07101907438,1,20,0
7746,986.45699,986.4569900000004,0.0,112701.04255313861,1,20,0
7747,972.5818310000001,972.5818310000004,0.0,109939.12510606613,1,18,0
7748,932.4119339999999,932.4119340000003,0.0,103909.388080079,1,13,0
7749,890.1615120000001,890.1615120000005,0.0,98102.76718871502,1,13,0
7750,853.236083,853.2360830000002,0.0,93027.97841017977,1,13,0
7751,808.141519,808.1415190000006,0.0,86988.2295055677,1,12,0
7752,741.34652,741.3465200000005,0.0,78088.4960855629,1,10,0
7753,683.67742,683.6774200000003,0.0,70443.2078041078,0,10,0
7754,639.857966,639.8579660000004,0.0,64665.336801924765,0,10,0
7755,609.7417849999999,609.7417850000004,0.0,60858.74605821693,0,11,1
7756,601.4026340000001,601.4026340000007,0.0,59804.703548411955,0,11,0
7757,622.2534409999998,622.2534410000005,0.0,62440.180102528764,0,11,0
7758,664.0264300000001,664.0264300000006,0.0,67786.40462193738,1,12,1
7759,719.299958,719.2999580000004,0.0,75151.02280814573,1,13,1
7760,755.124849,755.1248490000008,0.0,79924.31398973153,1,13,0
7761,737.4176020000001,737.4176020000006,0.0,77565.00894801453,1,14,1
7762,703.252177,703.2521770000004,0.0,73012.82421512506,1,14,0
7763,713.7419689999998,713.7419690000004,0.0,74410.4790370272,1,14,0
7764,718.4698,718.4698000000003,0.0,75040.41295700276,1,14,0
7765,720.5971,720.5971000000002,0.0,75323.85338200188,1,15,1
7766,722.5467410000001,722.5467410000003,0.0,75583.62260760982,1,15,0
7767,768.914905,768.9149050000002,0.0,81761.69439371854,1,16,1
7768,834.526121,834.5261210000004,0.0,90503.70113830062,1,19,3
7769,892.16747,892.1674700000003,0.0,98378.4528997358,1,19,0
7770,935.0541,935.0541000000006,0.0,104272.5100459153,1,19,0
7771,937.933113,937.9331130000006,0.0,104668.1827100205,1,19,0
7772,915.31902,915.3190200000006,0.0,101560.25008740554,1,19,0
7773,875.4811330000002,875.4811330000013,0.0,96085.19218332131,1,14,0
7774,850.248728,850.2487280000003,0.0,92617.41593217847,1,12,0
7775,799.6112579999999,799.6112580000005,0.0,85851.66164809885,1,12,0
7776,740.26358,740.263580000001,0.0,77944.20568277607,1,10,0
7777,676.138174,676.1381740000016,0.0,69482.86058926562,0,11,1
7778,634.782347,634.7823470000003,0.0,64023.794492692796,0,11,0
7779,608.59362,608.59362,0.0,60713.62160630681,0,11,0
7780,597.313733,597.313733,0.0,59287.8792970721,0,12,1
7781,611.2982659999999,611.2982660000001,0.0,61055.48037082303,0,12,0
7782,643.9399239999999,643.9399240000007,0.0,65181.28347985865,0,14,2
7783,685.3579129999999,685.3579130000011,0.0,70628.60111861477,1,15,1
7784,709.002966,709.0029660000015,0.0,73779.0565651653,1,15,0
7785,698.3143310000002,698.3143310000008,0.0,72354.90799793889,1,15,0
7786,692.857989,692.8579890000007,0.0,71627.907624028,1,15,0
7787,684.224116,684.2241160000005,0.0,70477.53455370013,1,15,0
7788,699.293026,699.2930260000019,0.0,72485.30884725248,1,15,0
7789,708.89663,708.8966300000001,0.0,73764.88840786116,1,15,0
7790,688.0923699999998,688.0923700000005,0.0,70992.9388491754,1,15,0
7791,729.588674,729.5886740000009,0.0,76521.88636088179,1,16,1
7792,814.5598889999999,814.5598890000008,0.0,87843.41002575842,1,18,2
7793,890.906201,890.906201000001,0.0,98205.11236067498,1,18,0
7794,945.8042789999998,945.8042790000007,0.0,105789.33326763989,1,19,1
7795,955.2624910000001,955.2624910000009,0.0,107255.09873282154,1,19,0
7796,931.916123,931.9161230000005,0.0,103841.2470681202,1,17,0
7797,896.3700970000001,896.3700970000009,0.0,98956.03439079909,1,13,0
7798,866.0757960000001,866.0757960000009,0.0,94792.58435293037,1,13,0
7799,791.6753899999999,791.6753900000012,0.0,84794.29042699382,1,13,0
7800,722.035856,722.0358560000001,0.0,75515.55253685072,1,10,0
7801,663.635773,663.6357730000003,0.0,67900.9773881186,0,10,0
7802,625.5825379999999,625.5825380000001,0.0,62860.96751329323,0,14,4
7803,605.466531,605.4665310000003,0.0,60318.36737263922,0,14,0
7804,599.9819089999999,599.9819090000005,0.0,59625.12836806771,0,15,1
7805,641.932216,641.9322160000002,0.0,65061.9366181434,0,16,1
7806,726.029597,726.0295970000005,0.0,76047.67665962447,1,16,0
7807,830.160699,830.1606990000005,0.0,91475.25686749088,1,17,1
7808,868.4077130000001,868.4077130000004,0.0,95394.00501842676,1,20,3
7809,849.6959199999999,849.6959200000003,0.0,92541.4416263665,1,20,0
7810,831.885772,831.8857720000007,0.0,90151.90231222722,1,20,0
7811,792.8293160000001,792.829316,0.0,84948.0389701505,1,20,0
7812,793.435155,793.4351550000006,0.0,85028.76066602847,1,20,0
7813,777.67061,777.6706100000002,0.0,82928.30030090931,1,20,0
7814,783.524739,783.5247390000003,0.0,83708.30162265978,1,20,0
7815,809.6605679999999,809.6605680000007,0.0,87190.6268609734,1,20,0
7816,887.8378079999999,887.8378080000006,0.0,97783.41255145847,1,20,0
7817,961.2051120000001,961.2051120000004,0.0,108176.04326593864,1,20,0
7818,1000.01432,1000.0143200000003,0.0,116190.12887116324,1,20,0
7819,998.824162,998.8241620000001,0.0,115883.83227780096,1,20,0
7820,983.324503,983.3245030000005,0.0,111894.87219857106,1,20,0
7821,931.6252179999999,931.6252180000005,0.0,103801.26699288207,1,13,0
7822,874.312253,874.3122530000009,0.0,95924.5489824676,1,13,0
7823,796.4714209999999,796.4714210000002,0.0,85433.31128204422,1,13,0
7824,724.404967,724.4049670000005,0.0,75831.21174275033,1,10,0
7825,642.814356,642.8143560000001,0.0,65269.21563774654,0,10,0
7826,604.134075,604.1340750000004,0.0,60149.94911681862,0,12,2
7827,579.972375,579.9723750000005,0.0,57095.98608039492,0,13,1
7828,577.818726,577.8187260000003,0.0,56823.77160709911,0,14,1
7829,616.4010379999999,616.4010380000004,0.0,61700.45473402177,0,14,0
7830,698.136113,698.1361130000005,0.0,72387.60671238136,0,15,1
7831,803.3527430000001,803.3527430000006,0.0,86838.73029667625,1,15,0
7832,841.00169,841.0016900000007,0.0,91598.33054251171,1,17,2
7833,827.074636,827.0746360000002,0.0,89510.86887426893,1,17,0
7834,801.391351,801.3913510000006,0.0,86088.84038003982,1,17,0
7835,745.2561029999999,745.2561030000003,0.0,78609.40703704572,1,17,0
7836,719.052041,719.0520410000003,0.0,75117.9904667531,1,17,0
7837,715.870387,715.8703870000005,0.0,74694.06842380657,1,17,0
7838,749.000909,749.0009090000005,0.0,79108.36318059826,1,17,0
7839,785.913963,785.9139630000002,0.0,84026.64067496931,1,17,0
7840,853.68618,853.6861800000008,0.0,93089.83678980362,1,19,2
7841,920.120249,920.1202490000004,0.0,102220.09951129108,1,19,0
7842,963.265907,963.2659070000004,0.0,108495.41040867337,1,19,0
7843,965.327147,965.3271470000004,0.0,108814.84651429785,1,19,0
7844,941.2314819999999,941.2314820000004,0.0,105121.48891233077,1,15,0
7845,886.345117,886.3451170000001,0.0,97578.2668905476,1,13,0
7846,836.980341,836.9803410000004,0.0,90830.7002262719,1,13,0
7847,770.751619,770.7516190000006,0.0,82006.41728036452,1,11,0
7848,696.5338560000001,696.5338560000005,0.0,72117.67836850233,1,10,0
7849,617.2976369999999,617.2976370000002,0.0,61913.65803501726,0,10,0
7850,582.071301,582.0713010000002,0.0,57361.28373826617,0,12,2
7851,561.476969,561.4769690000004,0.0,54758.22481907435,0,12,0
7852,559.5970609999999,559.5970610000007,0.0,54520.610348905604,0,12,0
7853,600.045064,600.0450640000005,0.0,59633.11096182416,0,13,1
7854,682.2945960000001,682.2945960000005,0.0,70345.82586967408,0,13,0
7855,789.431685,789.431685000001,0.0,84495.34025599174,1,14,1
7856,816.878413,816.8784130000005,0.0,88152.32904419993,1,14,0
7857,762.0812809999999,762.0812810000007,0.0,80851.18563104092,1,14,0
7858,717.8708940000001,717.8708940000015,0.0,74960.61501069798,1,14,0
7859,690.763228,690.7632280000007,0.0,71351.22970238738,1,15,1
7860,689.2626689999997,689.2626690000014,0.0,71161.56375504218,0,15,0
7861,716.3054480000001,716.3054480000004,0.0,74752.03574141131,1,16,1
7862,739.6617640000001,739.6617640000002,0.0,77864.02000947592,1,16,0
7863,763.8886429999999,763.8886429999999,0.0,81091.99767137704,1,18,2
7864,833.736817,833.7368170000005,0.0,90398.5346543945,1,19,1
7865,895.9535039999998,895.9535040000011,0.0,99063.5367839552,1,19,0
7866,929.305733,929.3057330000005,0.0,104828.23385219208,1,19,0
7867,927.014326,927.0143260000002,0.0,104238.52210122584,1,19,0
7868,903.73598,903.7359799999999,0.0,100269.60877244554,1,15,0
7869,858.3915879999998,858.3915880000012,0.0,93736.5172039115,1,12,0
7870,815.5429650000002,815.5429650000013,0.0,87974.39459739692,1,12,0
7871,753.6282400000001,753.628240000001,0.0,79724.90652909246,1,11,0
7872,675.5041159999998,675.5041160000003,0.0,69315.68596347191,1,9,0
7873,628.096458,628.0964580000003,0.0,63125.35336469837,0,10,1
7874,589.7560250000001,589.7560250000004,0.0,58164.74920307756,0,10,0
7875,567.252816,567.2528160000004,0.0,55320.41422305061,0,10,0
7876,566.2306169999999,566.2306170000004,0.0,55191.211478133286,0,10,0
7877,609.246933,609.2469330000005,0.0,60628.338792317365,0,11,1
7878,689.393438,689.3934380000003,0.0,71240.43343964816,0,14,3
7879,795.627672,795.6276720000008,0.0,85426.29627890931,1,15,1
7880,822.0523279999999,822.0523280000003,0.0,88841.6989809786,1,15,0
7881,785.3175539999997,785.3175540000007,0.0,83947.17542773894,1,15,0
7882,724.377807,724.377807,0.0,75827.59295746237,1,15,0
7883,687.175322,687.1753220000006,0.0,70897.40621766429,0,15,0
7884,680.2423199999998,680.2423200000002,0.0,70021.09652755754,0,15,0
7885,696.62477,696.6247700000004,0.0,72129.79170597155,1,15,0
7886,702.6627120000002,702.6627120000006,0.0,72934.28418310227,1,16,1
7887,747.682633,747.6826330000004,0.0,78932.71672278496,1,17,1
7888,818.815582,818.8155820000003,0.0,88413.72742694733,1,17,0
7889,895.793301,895.7933010000006,0.0,98876.76333159744,1,18,1
7890,943.6453060000001,943.6453060000003,0.0,106243.05853928192,1,19,1
7891,936.318183,936.3181830000004,0.0,104986.15287399058,1,18,0
7892,914.8107830000002,914.8107830000006,0.0,101653.09117418439,1,16,0
7893,869.0414439999998,869.0414440000006,0.0,95200.16356322158,1,13,0
7894,824.6588039999999,824.6588040000003,0.0,89188.98458488497,1,13,0
7895,756.1740799999999,756.1740800000006,0.0,80064.11302163213,1,11,0
7896,685.072502,685.0725020000007,0.0,70590.57309476312,1,9,0
7897,649.351654,649.3516540000003,0.0,65845.36961537498,0,9,0
7898,610.525147,610.5251470000001,0.0,60789.90102960358,0,9,0
7899,584.9708230000001,584.9708230000003,0.0,57559.91469102665,0,10,1
7900,574.3093640000001,574.3093640000004,0.0,56212.33973974644,0,10,0
7901,598.401202,598.4012020000002,0.0,59257.472438666955,0,10,0
7902,640.822141,640.8221410000002,0.0,64694.67635795833,1,10,0
7903,696.0520460000001,696.0520460000005,0.0,72053.4822367067,1,11,1
7904,717.2137520000001,717.2137520000006,0.0,74873.05772786759,1,11,0
7905,702.049927,702.0499270000004,0.0,72852.63700553769,1,13,2
7906,692.0726609999999,692.0726610000005,0.0,71523.27090044237,1,13,0
7907,658.5731120000002,658.5731120000004,0.0,67059.80716432659,1,13,0
7908,665.7439950000002,665.7439950000002,0.0,68015.25215334505,1,13,0
7909,647.560765,647.5607650000003,0.0,65638.94641643869,0,13,0
7910,658.8475929999997,658.8475930000003,0.0,67096.37888025484,1,13,0
7911,709.913641,709.9136410000008,0.0,73900.39446251681,1,14,1
7912,789.4336370000001,789.4336370000005,0.0,84495.6003395293,1,17,3
7913,864.0084559999999,864.0084560000003,0.0,94508.46270241632,1,17,0
7914,907.43355,907.4335500000001,0.0,100842.63149715208,1,18,1
7915,897.077243,897.0772430000005,0.0,99237.68574763638,1,14,0
7916,850.9337240000001,850.9337240000008,0.0,92711.5572897276,1,12,0
7917,816.419316,816.4193160000005,0.0,88091.1591815591,1,12,0
7918,791.371294,791.3712940000004,0.0,84753.77282276274,1,12,0
7919,765.082339,765.0823390000008,0.0,81251.04515013414,1,11,0
7920,702.675132,702.6751320000005,0.0,72935.93901790622,1,10,0
7921,653.3432859999999,653.3432860000001,0.0,66466.4390182946,0,10,0
7922,610.5855670000001,610.5855670000007,0.0,60965.39745438527,0,10,0
7923,581.5484609999999,581.5484610000007,0.0,57295.19840346099,0,10,0
7924,574.36075,574.3607500000006,0.0,56386.69429528582,0,10,0
7925,593.841962,593.8419620000012,0.0,58849.05834056143,0,10,0
7926,632.952341,632.9523410000006,0.0,63792.48747868167,0,10,0
7927,686.5713409999998,686.5713410000005,0.0,70790.27767952564,1,11,1
7928,717.802981,717.8029810000011,0.0,74951.5663153644,1,11,0
7929,705.381702,705.3817020000006,0.0,73296.56109805002,1,11,0
7930,702.168869,702.1688690000001,0.0,72868.4847801958,1,12,1
7931,687.793688,687.7936880000004,0.0,70953.1426036907,1,12,0
7932,669.240777,669.2407770000007,0.0,68481.16169887666,1,12,0
7933,662.2738789999999,662.2738790000002,0.0,67552.89557277987,1,14,2
7934,669.102033,669.1020330000009,0.0,68462.67551529843,1,16,2
7935,704.956684,704.9566840000003,0.0,73239.93190491678,1,17,1
7936,764.793668,764.7936680000004,0.0,81212.58276545639,1,18,1
7937,834.7554329999999,834.7554330000012,0.0,90534.2545584753,1,18,0
7938,888.0070169999999,888.0070170000013,0.0,97832.04755384335,1,18,0
7939,896.826461,896.8264610000006,0.0,99198.82136239222,1,18,0
7940,874.692178,874.6921780000018,0.0,95976.76338264938,1,13,0
7941,836.2179929999998,836.2179930000011,0.0,90729.1253467923,1,12,0
7942,806.091191,806.0911910000002,0.0,86715.04479268861,1,12,0
7943,761.1513769999999,761.1513770000008,0.0,80727.28567101255,1,11,0
7944,706.681432,706.6814320000003,0.0,73469.73649577673,1,10,0
7945,655.971418,655.9714180000003,0.0,66829.9494849807,0,10,0
7946,615.596646,615.5966460000002,0.0,61598.78211020822,0,10,0
7947,590.262398,590.2623980000001,0.0,58396.61268721268,0,10,0
7948,579.626578,579.6265780000003,0.0,57052.278425051685,0,10,0
7949,592.890194,592.8901940000006,0.0,58728.757852961106,0,10,0
7950,623.3033250000001,623.3033250000004,0.0,62572.88214454288,0,10,0
7951,662.608543,662.6085430000009,0.0,67597.48604257355,1,10,0
7952,681.484552,681.4845520000006,0.0,70112.51636892492,1,11,1
7953,659.818638,659.8186380000005,0.0,67225.76044726153,1,11,0
7954,653.876244,653.8762440000007,0.0,66437.20313775017,1,11,0
7955,640.572027,640.5720270000006,0.0,64755.591870887314,0,11,0
7956,638.0256970000002,638.0256970000008,0.0,64433.743751817216,0,11,0
7957,615.978118,615.9781180000004,0.0,61646.99897356764,0,12,1
7958,612.7908840000001,612.7908840000006,0.0,61244.142600695195,0,12,0
7959,685.748542,685.7485419999997,0.0,70680.64833798984,1,13,1
7960,764.512941,764.5129410000005,0.0,81175.17883550354,1,16,3
7961,851.8303229999999,851.8303230000008,0.0,92834.7799757537,1,17,1
7962,916.193576,916.193576000001,0.0,102200.19713269656,1,18,1
7963,927.771197,927.7711970000007,0.0,104433.30885131688,1,19,1
7964,907.081315,907.0813150000001,0.0,100788.04465783949,1,18,0
7965,871.634246,871.6342460000003,0.0,95556.50126466205,1,15,0
7966,836.476394,836.476394000001,0.0,90763.55457128352,1,12,0
7967,765.069718,765.0697180000013,0.0,81249.3635341873,1,12,0
7968,699.0903789999999,699.0903790000007,0.0,72458.30825880464,1,10,0
7969,644.0854420000001,644.0854420000002,0.0,65314.17027931757,0,11,1
7970,606.610595,606.6105950000003,0.0,60462.97347102233,0,11,0
7971,587.423065,587.4230650000004,0.0,58037.729908679,0,11,0
7972,582.9260839999998,582.9260840000003,0.0,57469.32562630235,0,11,0
7973,624.240911,624.2409110000003,0.0,62691.390071860405,0,11,0
7974,707.184908,707.1849080000004,0.0,73693.92788181001,0,12,1
7975,809.7655739999999,809.7655740000005,0.0,87204.6178097194,1,12,0
7976,845.310912,845.3109120000008,0.0,91940.66148454556,2,13,1
7977,797.401554,797.4015540000001,0.0,85557.24175392203,1,13,0
7978,763.299721,763.2997210000004,0.0,81013.52998841218,1,14,1
7979,732.3382519999999,732.3382520000005,0.0,76888.23880618249,1,15,1
7980,712.166661,712.1666610000002,0.0,74200.58575962177,1,16,1
7981,714.945751,714.9457510000003,0.0,74570.87036955496,1,16,0
7982,744.976437,744.9764370000004,0.0,78572.14447422062,1,17,1
7983,794.635652,794.6356520000005,0.0,85188.7143067421,1,19,2
7984,875.2858080000002,875.2858080000007,0.0,96058.34799640147,1,19,0
7985,931.6874459999999,931.6874460000003,0.0,103809.81920106655,1,19,0
7986,970.009414,970.0094140000006,0.0,109540.47047656044,1,19,0
7987,970.1986919999999,970.1986920000005,0.0,109569.80341556821,1,19,0
7988,950.330313,950.3303130000006,0.0,106490.74536661143,1,16,0
7989,900.551345,900.5513450000007,0.0,99530.67769232095,1,13,0
7990,844.2967590000001,844.2967590000007,0.0,91805.53622843021,2,13,0
7991,768.7112549999999,768.7112550000007,0.0,81734.56016603511,1,11,0
7992,700.582702,700.5827020000003,0.0,72657.14465487283,1,10,0
7993,640.307009,640.3070090000004,0.0,64779.545322528684,0,10,0
7994,601.214106,601.2141060000005,0.0,59780.874201001316,0,10,0
7995,577.715463,577.7154630000002,0.0,56810.719488041665,0,10,0
7996,575.8690050000001,575.8690050000005,0.0,56577.33299287335,0,10,0
7997,614.798612,614.7986120000006,0.0,61497.91311763701,0,10,0
7998,695.4631830000001,695.4631830000009,0.0,71975.02241487333,1,11,1
7999,799.394321,799.3943210000008,0.0,85822.75706695,1,13,2
8000,845.3710889999999,845.3710890000009,0.0,91948.6794389738,2,15,2
8001,828.5309540000001,828.5309540000003,0.0,89704.90798151935,1,15,0
8002,807.9053770000002,807.9053770000008,0.0,86956.7660594905,1,16,1
8003,779.756744,779.7567440000009,0.0,83206.25578794233,1,16,0
8004,758.1092669999999,758.1092670000005,0.0,80321.95640325804,1,16,0
8005,774.465076,774.4650760000003,0.0,82501.19649829139,1,16,0
8006,797.1658979999999,797.1658980000003,0.0,85525.84306225019,1,16,0
8007,808.089525,808.0895250000011,0.0,86981.30185010904,1,18,2
8008,833.3516449999998,833.3516450000003,0.0,90347.21452306473,1,19,1
8009,911.119949,911.1199490000015,0.0,100983.15730965965,1,19,0
8010,959.552409,959.5524090000007,0.0,107919.91927742986,1,19,0
8011,962.439111,962.439111000001,0.0,108367.27952901558,1,19,0
8012,939.1887029999999,939.1887030000012,0.0,104840.74276456836,1,16,0
8013,883.801143,883.8011430000006,0.0,97228.63978917841,1,13,0
8014,839.673656,839.6736560000003,0.0,91189.55621661484,1,13,0
8015,769.0067260000001,769.0067259999998,0.0,81773.92857942986,1,11,0
8016,694.8348229999999,694.8348230000005,0.0,71891.30003182788,1,10,0
8017,614.8979499999998,614.8979500000005,0.0,61526.5674574494,0,10,0
8018,574.6378380000001,574.6378380000002,0.0,56421.71734870653,0,10,0
8019,550.8085820000001,550.8085820000005,0.0,53409.774190341144,0,10,0
8020,549.11062,549.1106200000005,0.0,53195.15712344387,0,11,1
8021,588.072226,588.0722260000002,0.0,58119.78182136261,0,11,0
8022,668.283186,668.2831860000001,0.0,68614.29044791916,0,12,1
8023,766.6649060000001,766.6649060000005,0.0,81551.50399316176,1,12,0
8024,788.354607,788.3546070000006,0.0,84677.29082116594,1,14,2
8025,733.7884349999999,733.7884350000012,0.0,77081.46048899481,1,14,0
8026,703.107724,703.1077240000004,0.0,72993.57736714292,1,14,0
8027,688.085586,688.0855860000005,0.0,70992.03495229052,1,14,0
8028,655.41988,655.4198800000005,0.0,66639.67205493872,1,14,0
8029,647.572024,647.5720240000003,0.0,65640.3695186967,0,15,1
8030,669.146034,669.1460340000007,0.0,68468.53818729594,1,15,0
8031,701.877369,701.8773690000011,0.0,72829.64546092396,1,15,0
8032,781.5308410000001,781.5308410000007,0.0,83442.63561573793,1,17,2
8033,853.94269,853.9426900000009,0.0,93125.0898418286,1,18,1
8034,900.4159440000001,900.4159440000003,0.0,99755.09354356727,1,18,0
8035,906.54446,906.5444600000005,0.0,100704.84674275687,1,18,0
8036,884.0593539999999,884.0593540000011,0.0,97264.12661548714,1,15,0
8037,845.0236989999999,845.0236990000004,0.0,91902.3933630839,2,13,0
8038,803.898396,803.8983960000006,0.0,86422.87784550869,1,13,0
8039,748.4121300000002,748.4121300000007,0.0,79029.91455088428,1,11,0
8040,669.385374,669.3853740000011,0.0,68500.42773334935,1,9,0
8041,612.970889,612.9708890000004,0.0,61207.6463099874,0,9,0
8042,570.169971,570.1699710000003,0.0,55689.13345810105,0,10,1
8043,544.9949280000001,544.9949280000005,0.0,52507.08704736106,0,10,0
8044,544.229958,544.2299580000002,0.0,52410.39724060186,0,11,1
8045,584.847733,584.8477330000001,0.0,57544.35650140611,0,12,1
8046,659.6502050000001,659.6502050000006,0.0,67211.98917076088,0,12,0
8047,755.8640369999999,755.8640370000012,0.0,80022.80304199232,1,14,2
8048,787.3938749999999,787.3938750000007,0.0,84223.82343538929,1,14,0
8049,757.1015510000001,757.1015509999995,0.0,80187.68880991498,1,15,1
8050,725.939895,725.9398950000009,0.0,76035.72480845015,1,15,0
8051,709.3069130000001,709.3069130000005,0.0,73819.55431670808,1,16,1
8052,669.955558,669.955558000001,0.0,68721.20552966355,0,16,0
8053,690.912104,690.9121040000005,0.0,71370.0471614656,1,16,0
8054,691.2831970000001,691.2831970000005,0.0,71418.08309821346,1,17,1
8055,730.590548,730.5905480000002,0.0,76655.375568965,1,17,0
8056,771.666225,771.6662250000012,0.0,82128.27894225842,1,18,1
8057,836.5281930000001,836.5281930000015,0.0,90770.45624503648,1,18,0
8058,887.887013,887.8870130000014,0.0,97813.45019962001,1,18,0
8059,894.873701,894.8737010000012,0.0,98896.19670460411,1,18,0
8060,880.7139589999999,880.7139590000008,0.0,96804.35746816675,1,15,0
8061,849.0062669999998,849.0062670000004,0.0,92446.66024128137,1,12,0
8062,803.024454,803.0244540000006,0.0,86306.43423534342,1,12,0
8063,736.691975,736.691975000001,0.0,77468.32675684697,1,11,0
8064,665.600434,665.600434000001,0.0,67996.12415501238,1,9,0
8065,626.234389,626.2343890000002,0.0,62854.640975361144,0,10,1
8066,584.612157,584.6121570000005,0.0,57514.58043447923,0,10,0
8067,560.70978,560.7097800000006,0.0,54493.395011240646,0,12,2
8068,559.5864289999998,559.5864290000004,0.0,54351.4069710394,0,12,0
8069,599.458576,599.4585760000007,0.0,59391.121193170016,0,12,0
8070,673.39924,673.3992400000011,0.0,69218.81701823579,0,13,1
8071,764.6031159999999,764.6031160000011,0.0,81221.4758772636,1,13,0
8072,784.2893199999999,784.2893200000007,0.0,83810.17402598153,1,13,0
8073,740.917347,740.917347000001,0.0,78031.31328223569,1,13,0
8074,683.7223900000001,683.7223900000004,0.0,70410.68482367937,1,13,0
8075,618.052048,618.0520480000002,0.0,61992.90526434136,0,13,0
8076,590.465291,590.465291,0.0,58506.02577437154,0,13,0
8077,597.663222,597.6632220000002,0.0,59415.821658466164,0,13,0
8078,625.961059,625.9610590000002,0.0,62992.57942835582,0,14,1
8079,694.2920419999998,694.292042,0.0,71818.9801534273,1,14,0
8080,794.716487,794.7164870000008,0.0,85199.48472311729,1,17,3
8081,840.6443659999999,840.6443660000009,0.0,91318.89314838331,1,17,0
8082,892.230632,892.2306320000009,0.0,98486.59293781471,1,18,1
8083,892.2324759999998,892.2324760000008,0.0,98486.87870763228,1,18,0
8084,855.749894,855.7498940000015,0.0,93373.46010665956,1,12,0
8085,822.551547,822.5515470000006,0.0,88908.21467952969,1,12,0
8086,792.1417699999998,792.1417700000005,0.0,84856.43067303851,1,12,0
8087,747.0247120000001,747.0247120000009,0.0,78845.05564637086,1,11,0
8088,688.6020789999999,688.6020790000005,0.0,71060.85223026214,1,10,0
8089,634.7591270000001,634.7591270000005,0.0,64135.35333862041,0,10,0
8090,587.6565780000001,587.6565780000001,0.0,58067.24521888165,0,10,0
8091,555.954393,555.9543930000004,0.0,54060.188548040416,0,10,0
8092,549.487735,549.4877350000005,0.0,53242.82327567988,0,10,0
8093,567.426083,567.4260830000004,0.0,55510.174154405504,0,10,0
8094,604.8086499999998,604.8086500000003,0.0,60235.213279327676,0,10,0
8095,651.606944,651.6069440000006,0.0,66150.37074108285,0,11,1
8096,680.7646569999999,680.7646570000006,0.0,70016.59790667008,1,11,0
8097,655.166703,655.1667030000004,0.0,66605.93887368547,1,11,0
8098,631.8410819999999,631.8410820000004,0.0,63652.02782932364,0,11,0
8099,619.136585,619.1365850000004,0.0,62046.21928793973,0,11,0
8100,599.5335189999998,599.5335190000004,0.0,59568.453279563895,0,11,0
8101,589.707097,589.7070970000003,0.0,58326.424383902544,0,12,1
8102,607.2537279999999,607.2537280000006,0.0,60544.26346342788,0,13,1
8103,641.1840109999999,641.1840110000004,0.0,64832.94472746951,0,14,1
8104,712.766761,712.7667610000004,0.0,74280.5427939103,1,15,1
8105,781.582617,781.5826170000003,0.0,83449.5342249819,1,16,1
8106,833.378793,833.3787930000003,0.0,90500.2793212244,1,17,1
8107,854.654839,854.6548390000004,0.0,93663.08461401958,1,17,0
8108,833.0022889999999,833.002289000001,0.0,90446.01987136435,1,17,0
8109,804.1848940000001,804.1848940000006,0.0,86461.05070071547,1,13,0
8110,785.275311,785.2753110000007,0.0,83941.54699081267,1,11,0
8111,742.0662080000002,742.066208000001,0.0,78184.38696723776,1,11,0
8112,684.7094749999999,684.7094750000009,0.0,70542.20355254244,1,10,0
8113,649.695522,649.6955220000002,0.0,66002.05602110081,0,11,1
8114,604.3675379999999,604.3675380000005,0.0,60179.45810717828,0,11,0
8115,576.0253140000001,576.0253140000003,0.0,56597.08995981939,0,11,0
8116,565.9185220000002,565.9185220000004,0.0,55319.62317623948,0,11,0
8117,578.3324829999999,578.3324830000005,0.0,56888.70887921592,0,11,0
8118,607.9094830000001,607.9094830000004,0.0,60627.1488370129,0,11,0
8119,641.4982960000001,641.4982960000003,0.0,64872.669364928886,0,11,0
8120,661.4340329999999,661.4340330000003,0.0,67440.99489719403,1,11,0
8121,631.958048,631.9580480000003,0.0,63666.81196456736,0,11,0
8122,585.260249,585.2602490000004,0.0,57764.35675535843,0,11,0
8123,553.753359,553.7533590000005,0.0,53781.98475948615,0,11,0
8124,540.4885000000002,540.4885000000004,0.0,52105.34822027854,0,11,0
8125,541.0642120000001,541.0642120000005,0.0,52178.11640991858,0,11,0
8126,554.9776549999999,554.9776550000004,0.0,53936.73193082099,0,11,0
8127,621.6084370000001,621.6084370000004,0.0,62358.653621596306,0,11,0
8128,704.32517,704.3251700000005,0.0,73232.95269793143,0,14,3
8129,809.0151299999999,809.0151300000005,0.0,87104.62901345277,1,14,0
8130,880.8400550000001,880.8400550000003,0.0,96821.68727537945,1,14,0
8131,898.183123,898.1831230000006,0.0,99409.06705233066,1,14,0
8132,877.1017039999999,877.1017040000007,0.0,96307.91283270407,1,12,0
8133,850.8363520000001,850.8363520000004,0.0,92698.17512068238,1,12,0
8134,823.455547,823.4555470000007,0.0,89028.66320310382,1,12,0
8135,755.2341470000001,755.2341470000001,0.0,79938.8768024854,1,12,0
8136,690.7560299999999,690.75603,0.0,71347.84362163486,1,9,0
8137,617.7642339999999,617.7642340000002,0.0,61891.709308552556,0,11,2
8138,576.174161,576.1741610000004,0.0,56448.04422694866,0,11,0
8139,554.4790640000001,554.4790640000004,0.0,53705.85206705815,0,11,0
8140,550.9654190000001,550.9654190000005,0.0,53261.7383683898,0,12,1
8141,590.0416859999999,590.0416860000007,0.0,58200.855856787726,0,13,1
8142,669.7726149999999,669.7726150000008,0.0,68760.42300221162,0,14,1
8143,764.407474,764.4074740000004,0.0,81193.28115080766,1,14,0
8144,797.5531770000001,797.5531770000007,0.0,85670.12170060605,1,14,0
8145,748.1728550000001,748.1728550000005,0.0,78998.03366539952,1,14,0
8146,699.8024159999999,699.802416000001,0.0,72553.17972493316,1,14,0
8147,638.1803959999999,638.1803960000009,0.0,64537.06526865707,0,14,0
8148,613.324026,613.3240260000001,0.0,61395.29812480239,0,15,1
8149,617.183866,617.1838660000002,0.0,61883.16978476464,0,15,0
8150,638.8579490000001,638.8579490000004,0.0,64622.70584101814,0,15,0
8151,695.0350690000001,695.035069,0.0,71917.98071219467,1,15,0
8152,784.3523499999999,784.3523500000015,0.0,83818.5721127525,1,17,2
8153,858.25794,858.2579400000008,0.0,93718.14949935008,1,17,0
8154,906.801181,906.801181,0.0,100744.63151137764,1,18,1
8155,917.3967789999999,917.3967790000013,0.0,102386.66085385263,1,18,0
8156,896.93237,896.9323700000003,0.0,99215.23437519542,1,14,0
8157,857.3050609999999,857.3050610000006,0.0,93587.19205924823,1,12,0
8158,808.6973439999999,808.697344000001,0.0,87062.287360231,1,12,0
8159,736.7042289999999,736.7042290000003,0.0,77469.959473891,1,11,0
8160,671.7801739999999,671.7801739999995,0.0,68819.50972920675,1,9,0
8161,615.910249,615.9102490000002,0.0,61585.05479960842,0,10,1
8162,573.00522,573.0052200000001,0.0,56047.50003185443,0,10,0
8163,546.5589609999998,546.5589610000002,0.0,52704.77590906143,0,12,2
8164,545.561124,545.5611240000003,0.0,52578.65244447179,0,12,0
8165,582.391952,582.3919520000001,0.0,57233.95349170268,0,12,0
8166,660.324625,660.3246250000002,0.0,67537.0583745339,0,15,3
8167,757.187823,757.1878230000003,0.0,80199.18364954538,1,15,0
8168,796.9472919999998,796.9472920000002,0.0,85582.80526630911,1,15,0
8169,753.9961009999998,753.9961010000006,0.0,79773.92015113942,1,15,0
8170,702.096464,702.0964640000003,0.0,72858.83757295093,1,15,0
8171,650.8107659999998,650.8107660000004,0.0,66133.50438992557,0,15,0
8172,630.630978,630.6309780000004,0.0,63582.8425310801,0,15,0
8173,658.72895,658.7289500000005,0.0,67134.337992346,0,15,0
8174,666.3968330000001,666.3968330000005,0.0,68103.53433406126,1,15,0
8175,714.5893169999999,714.5893170000003,0.0,74523.37927547129,1,16,1
8176,777.198085,777.1980850000004,0.0,82865.3412980312,1,17,1
8177,851.1157750000001,851.115775000001,0.0,92736.57718514767,1,18,1
8178,897.710961,897.7109610000002,0.0,99335.89479169923,1,18,0
8179,909.6221100000001,909.6221100000005,0.0,101181.79873790311,1,18,0
8180,888.4157269999998,888.4157270000004,0.0,97895.3864812509,1,15,0
8181,841.6005179999999,841.6005180000002,0.0,91446.2903792598,1,12,0
8182,800.815126,800.8151260000005,0.0,86012.06443922508,1,12,0
8183,738.224029,738.2240290000003,0.0,77672.45689217413,1,11,0
8184,666.1334099999999,666.1334100000004,0.0,68067.13761994641,1,9,0
8185,616.640784,616.6407840000004,0.0,61635.2030703883,0,10,1
8186,576.311002,576.3110020000005,0.0,56465.34049980478,0,10,0
8187,552.482455,552.4824550000009,0.0,53453.48695681386,0,10,0
8188,550.808092,550.8080920000006,0.0,53241.85272943928,0,10,0
8189,590.063886,590.0638860000003,0.0,58203.66186710187,0,10,0
8190,670.457082,670.4570820000008,0.0,68643.22158987867,1,11,1
8191,768.283386,768.2833860000006,0.0,81677.55110703829,1,12,1
8192,801.4908260000001,801.4908260000004,0.0,86102.09438101604,1,14,2
8193,767.972472,767.9724720000004,0.0,81636.12507577882,1,14,0
8194,741.186501,741.1865010000008,0.0,78067.17523125565,1,15,1
8195,721.8610009999999,721.8610009999994,0.0,75492.25494106577,1,15,0
8196,721.256108,721.2561080000007,0.0,75411.65928977133,1,15,0
8197,713.9781509999999,713.9781510000007,0.0,74441.94781268518,1,15,0
8198,741.4548780000001,741.4548780000013,0.0,78102.93365317081,1,15,0
8199,776.3762450000003,776.3762450000011,0.0,82755.83973319261,1,15,0
8200,817.932332,817.9323320000008,0.0,88292.75270295735,1,17,2
8201,871.4778730000002,871.4778730000011,0.0,95603.2907309852,1,17,0
8202,904.04843,904.0484300000007,0.0,100650.84069416318,1,18,1
8203,907.395577,907.395577000001,0.0,101465.05963279986,1,18,0
8204,892.0708539999999,892.0708540000007,0.0,98794.64237069694,1,15,0
8205,854.0195139999998,854.0195140000009,0.0,93197.63529820945,1,12,0
8206,811.668543,811.668543000001,0.0,87458.16848057933,1,11,0
8207,750.012715,750.0127150000004,0.0,79243.17572356663,1,10,0
8208,670.384711,670.384711,0.0,68759.52486888114,0,10,0
8209,636.6306579999999,636.6306580000004,0.0,64341.18325008458,0,10,0
8210,593.0052010000002,593.0052010000005,0.0,58827.06242559412,0,10,0
8211,567.19558,567.1955800000002,0.0,55564.80734759439,0,10,0
8212,565.533476,565.533476,0.0,55354.72261933882,0,11,1
8213,607.247191,607.2471910000003,0.0,60627.20525598749,0,12,1
8214,683.1741750000001,683.1741750000002,0.0,70400.99677971589,0,13,1
8215,778.1864719999999,778.1864720000008,0.0,82997.03350474568,1,15,2
8216,811.4849599999999,811.484960000001,0.0,87433.70797028806,1,15,0
8217,769.8585619999999,769.8585620000005,0.0,81887.42679682739,1,15,0
8218,726.8419599999999,726.8419600000007,0.0,76155.91551355839,1,15,0
8219,688.0849769999999,688.0849770000004,0.0,71012.70718301725,0,16,1
8220,657.1389509999999,657.1389510000013,0.0,67101.22663619297,0,16,0
8221,683.5870349999999,683.5870350000006,0.0,70444.18143325721,0,16,0
8222,700.3564979999999,700.3564980000006,0.0,72627.00534311781,1,16,0
8223,758.9331490000001,758.9331490000001,0.0,80431.73004319082,1,17,1
8224,824.494181,824.4941810000009,0.0,89167.05029584041,1,18,1
8225,891.245555,891.2455550000006,0.0,98333.93281059987,1,19,1
8226,925.5929500000002,925.5929500000009,0.0,103872.71972314944,1,19,0
8227,926.0469370000001,926.046937,0.0,103989.55687546918,1,19,0
8228,904.2993270000001,904.2993270000009,0.0,100356.91222657777,1,15,0
8229,876.268685,876.2686850000011,0.0,96193.42816487518,1,12,0
8230,831.500469,831.5004690000011,0.0,90100.56472652077,1,12,0
8231,762.792824,762.7928240000003,0.0,80945.99127684784,1,12,0
8232,690.2827239999999,690.2827240000003,0.0,71284.78055869379,1,9,0
8233,647.3602279999999,647.3602280000003,0.0,65629.31137807877,0,9,0
8234,604.8409649999999,604.8409650000001,0.0,60071.43826745088,0,9,0
8235,580.301205,580.3012050000003,0.0,56969.68963375753,0,11,2
8236,578.3404399999998,578.3404400000001,0.0,56721.85509259885,0,12,1
8237,619.1303160000001,619.1303160000003,0.0,61877.56737957811,0,13,1
8238,693.9596549999999,693.9596550000001,0.0,71817.58893509296,0,15,2
8239,784.3965270000001,784.3965270000004,0.0,84073.98100792774,1,15,0
8240,820.983216,820.9832160000003,0.0,88779.95284605684,1,16,1
8241,779.242517,779.2425170000008,0.0,83137.7404307167,1,16,0
8242,740.028632,740.0286320000006,0.0,77912.90132468236,1,17,1
8243,694.0896100000001,694.0896100000004,0.0,71792.00821147584,1,17,0
8244,686.902476,686.9024760000002,0.0,70863.24276848785,0,17,0
8245,693.412968,693.4129680000003,0.0,71701.85275805964,1,17,0
8246,712.2078690000001,712.2078690000005,0.0,74206.07629364774,1,17,0
8247,764.5451460000002,764.5451460000003,0.0,81179.46981415585,1,18,1
8248,832.7780580000001,832.7780580000007,0.0,90270.79006809655,1,18,0
8249,886.5000999999999,886.5001000000004,0.0,97599.56673757889,1,18,0
8250,927.059271,927.0592710000004,0.0,103549.98850177904,1,18,0
8251,922.02506,922.0250600000005,0.0,102769.82279728464,1,17,0
8252,883.516038,883.5160380000004,0.0,97189.45682789976,1,12,0
8253,848.724871,848.7248710000002,0.0,92407.98702063644,1,12,0
8254,818.7988770000002,818.7988770000004,0.0,88408.21074041365,1,12,0
8255,775.9489770000001,775.9489770000006,0.0,82698.91075114558,1,11,0
8256,710.816618,710.8166180000003,0.0,74020.70668206475,1,10,0
8257,661.581388,661.5813880000001,0.0,67567.32773952169,0,10,0
8258,613.6329259999999,613.6329260000002,0.0,61350.57406632532,0,10,0
8259,581.324786,581.3247860000002,0.0,57266.926585576766,0,10,0
8260,573.9788909999999,573.9788910000002,0.0,56338.42851634116,0,10,0
8261,593.146208,593.1462080000003,0.0,58761.117218933134,0,10,0
8262,632.0014389999999,632.0014390000003,0.0,63672.296450763024,0,10,0
8263,678.9373539999999,678.9373540000001,0.0,69773.12893712075,1,10,0
8264,712.2110370000001,712.2110370000007,0.0,74206.49839643833,1,10,0
8265,687.633111,687.6331110000003,0.0,70931.74740173276,1,10,0
8266,679.238333,679.2383330000005,0.0,69813.23123377655,1,10,0
8267,649.843389,649.8433890000003,0.0,65927.46292488197,0,10,0
8268,624.9302980000001,624.9302980000004,0.0,62778.52642467462,0,10,0
8269,615.3053750000001,615.3053750000004,0.0,61561.96637010791,0,10,0
8270,606.216665,606.2166650000003,0.0,60413.1819555686,0,10,0
8271,647.708462,647.7084620000005,0.0,65657.61485361784,0,10,0
8272,747.051854,747.0518540000002,0.0,78848.6720333474,1,12,2
8273,831.661942,831.6619420000004,0.0,90122.07931108605,1,13,1
8274,876.936327,876.9363270000006,0.0,96285.18450248401,1,13,0
8275,893.761095,893.7610950000005,0.0,98723.7730529504,1,14,1
8276,868.1945539999999,868.1945540000004,0.0,95083.7725561285,1,12,0
8277,836.509327,836.5093270000003,0.0,90767.94254830429,1,12,0
8278,814.0455929999999,814.0455930000005,0.0,87774.88547500609,1,12,0
8279,766.916118,766.9161180000006,0.0,81495.37697879696,1,12,0
8280,712.9177490000001,712.9177490000006,0.0,74300.66036213755,1,10,0
8281,650.3563379999999,650.3563380000004,0.0,66162.89397207668,0,10,0
8282,605.0132660000002,605.013266000001,0.0,60261.07609943814,0,11,1
8283,576.625809,576.6258090000002,0.0,56672.99064286557,0,11,0
8284,566.4786590000001,566.478659,0.0,55390.42273476939,0,11,0
8285,578.917653,578.9176530000001,0.0,56962.672530367236,0,11,0
8286,608.328854,608.3288540000002,0.0,60680.15601500731,0,12,1
8287,641.971084,641.9710840000012,0.0,64932.42828404746,0,12,0
8288,665.9636510000001,665.9636510000003,0.0,68044.51901274128,1,13,1
8289,639.3308720000001,639.330872,0.0,64598.713774872784,0,14,1
8290,614.63203,614.6320300000008,0.0,61476.85767573793,0,14,0
8291,585.6589620000001,585.6589620000008,0.0,57814.752826998374,0,14,0
8292,592.0661259999999,592.0661260000007,0.0,58624.59824451057,0,14,0
8293,615.666549,615.6665490000009,0.0,61607.6176299828,0,14,0
8294,626.962107,626.9621069999997,0.0,63035.34070442609,0,14,0
8295,671.4996830000001,671.499683,0.0,68782.13724378002,1,14,0
8296,747.494994,747.494994000001,0.0,78907.7157930119,1,17,3
8297,827.0118979999999,827.0118980000002,0.0,89502.50969343708,1,17,0
8298,885.2769700000002,885.2769700000009,0.0,97431.46777253541,1,18,1
8299,903.6990209999999,903.6990210000002,0.0,100263.88113324402,1,18,0
8300,881.1435569999999,881.1435570000004,0.0,96863.3985996775,1,15,0
8301,855.5793220000002,855.5793220000006,0.0,93350.01780971194,1,13,0
8302,825.9668089999999,825.9668090000002,0.0,89363.26253961677,1,13,0
8303,761.309292,761.3092920000004,0.0,80748.32618937556,1,13,0
8304,692.300627,692.3006270000001,0.0,71553.6449802267,1,9,0
8305,627.0308310000001,627.0308310000003,0.0,63073.54722778638,0,10,1
8306,584.969162,584.9691620000003,0.0,57559.704745840514,0,10,0
8307,562.884969,562.8849690000003,0.0,54768.33207292234,0,10,0
8308,558.956161,558.9561610000003,0.0,54271.74307425065,0,10,0
8309,598.4195640000002,598.419564000001,0.0,59259.79333782872,0,10,0
8310,678.58508,678.5850800000001,0.0,69874.29091588389,0,13,3
8311,773.274366,773.2743660000006,0.0,82471.12330358496,1,14,1
8312,807.13933,807.1393300000007,0.0,87051.61934221175,1,14,0
8313,768.005866,768.0058659999999,0.0,81640.57447621707,1,16,2
8314,713.1524000000001,713.1524000000007,0.0,74331.92514809466,1,16,0
8315,665.8054979999998,665.8054980000004,0.0,68028.79144626182,0,16,0
8316,642.327295,642.3272950000006,0.0,65061.22028514107,0,16,0
8317,651.2693969999999,651.2693969999996,0.0,66191.47390868276,0,16,0
8318,654.1273390000001,654.1273390000006,0.0,66552.70880640295,0,16,0
8319,696.548403,696.5484030000009,0.0,72119.6166037595,1,18,2
8320,776.254758,776.254758,0.0,82739.65286396298,1,19,1
8321,857.334747,857.3347470000016,0.0,93591.27190838644,1,19,0
8322,917.932991,917.9329910000007,0.0,102469.7591214338,1,19,0
8323,932.735548,932.7355480000007,0.0,105710.92392389908,1,19,0
8324,910.4913179999999,910.4913180000002,0.0,101316.50232336506,1,16,0
8325,870.6997789999999,870.6997790000005,0.0,95428.07424908126,1,13,0
8326,819.3388119999998,819.3388120000009,0.0,88480.15141914823,1,12,0
8327,746.395195,746.3951949999998,0.0,78761.17910520392,1,12,0
8328,683.830575,683.8305750000004,0.0,70425.09934085068,1,9,0
8329,613.269046,613.2690460000003,0.0,61276.14314796022,0,9,0
8330,570.379099,570.3790990000005,0.0,55715.56658084829,0,9,0
8331,543.906036,543.906036000001,0.0,52369.45451659311,0,9,0
8332,543.0158189999999,543.0158190000003,0.0,52256.93388218419,0,9,0
8333,579.7031870000001,579.7031870000004,0.0,56894.102035736054,0,11,2
8334,657.417781,657.4177810000003,0.0,67150.47359879714,0,12,1
8335,754.3864520000001,754.3864520000005,0.0,79825.93032992887,1,15,3
8336,792.5266259999999,792.5266260000008,0.0,84945.72596522496,1,15,0
8337,749.4139229999998,749.4139230000009,0.0,79163.39296656668,1,15,0
8338,707.2325250000001,707.2325250000004,0.0,73543.1638610445,1,15,0
8339,663.6131240000002,663.6131240000008,0.0,67751.68225452385,0,16,1
8340,625.8554029999999,625.8554030000005,0.0,62979.22484161004,0,16,0
8341,621.2467509999999,621.2467510000005,0.0,62396.70569536866,0,16,0
8342,640.5436389999999,640.5436390000008,0.0,64835.77176563727,0,16,0
8343,682.583822,682.5838220000009,0.0,70258.98257302817,1,16,0
8344,762.041485,762.0414850000005,0.0,80845.88323121329,1,18,2
8345,832.7224470000001,832.7224470000009,0.0,90263.38048530398,1,18,0
8346,894.7634110000001,894.7634110000007,0.0,98879.10475602487,1,18,0
8347,911.872025,911.8720250000015,0.0,101530.47433394552,1,18,0
8348,887.5883720000002,887.5883720000006,0.0,97767.16897180566,1,14,0
8349,841.8143580000001,841.8143580000008,0.0,91474.78231762392,1,12,0
8350,797.8835140000001,797.8835140000007,0.0,85621.4578716453,1,12,0
8351,729.242391,729.2423910000005,0.0,76475.74778113747,1,11,0
8352,659.794498,659.7944980000004,0.0,67222.54404531565,1,9,0
8353,622.7508989999999,622.7508990000002,0.0,62425.58569226011,0,10,1
8354,582.253498,582.2534980000003,0.0,57216.453340709806,0,11,1
8355,558.0888750000001,558.0888750000004,0.0,54162.120846261416,0,11,0
8356,556.2029839999999,556.2029840000005,0.0,53923.750143673264,0,11,0
8357,595.5746559999999,595.5746560000003,0.0,58900.20589679486,0,11,0
8358,676.337346,676.3373460000005,0.0,69590.18439392098,0,13,2
8359,775.889096,775.8890960000006,0.0,82847.94217226311,1,14,1
8360,811.7875350000002,811.7875350000005,0.0,87721.49016997755,1,14,0
8361,764.847664,764.8476640000007,0.0,81219.77716642866,1,14,0
8362,707.270837,707.2708370000006,0.0,73548.26853342856,1,15,1
8363,669.3055519999999,669.3055520000006,0.0,68489.7922886051,1,15,0
8364,636.578754,636.5787540000003,0.0,64334.62274741124,0,15,0
8365,630.435336,630.4353360000005,0.0,63558.11399640035,0,15,0
8366,632.9644050000002,632.9644050000004,0.0,63877.780379252756,0,15,0
8367,680.9575019999999,680.9575020000007,0.0,70042.29248136989,1,15,0
8368,764.8836519999999,764.8836520000006,0.0,81224.57219017464,1,17,2
8369,846.163967,846.1639670000003,0.0,92056.03317110617,2,17,0
8370,910.533165,910.5331650000004,0.0,101322.98746954509,1,18,1
8371,918.21226,918.2122600000002,0.0,102513.0382164356,1,18,0
8372,892.367262,892.3672620000003,0.0,98507.76686957975,1,13,0
8373,854.7360870000001,854.7360870000002,0.0,93234.12912184672,1,12,0
8374,810.645811,810.6458110000007,0.0,87321.90016264566,1,12,0
8375,757.3668379999999,757.3668380000004,0.0,80223.03552172196,1,12,0
8376,677.2364740000002,677.2364740000004,0.0,69546.50450705801,1,9,0
8377,641.7467320000001,641.7467320000002,0.0,64850.70515008827,0,10,1
8378,597.6771409999999,597.6771410000002,0.0,59165.953401094426,0,10,0
8379,571.98045,571.9804500000004,0.0,55917.97232060749,0,10,0
8380,570.2668169999998,570.2668170000001,0.0,55701.37448850144,0,11,1
8381,612.335825,612.3358250000013,0.0,61018.76504508548,0,11,0
8382,688.5070009999998,688.5070010000004,0.0,71128.39058537391,0,12,1
8383,785.806751,785.8067510000009,0.0,84277.21385118992,1,16,4
8384,823.065566,823.065566,0.0,89346.81090379594,1,16,0
8385,767.5310200000001,767.5310200000017,0.0,81577.30622441965,1,16,0
8386,701.4836549999999,701.4836550000009,0.0,72810.2055097083,0,16,0
8387,651.9841529999999,651.9841530000006,0.0,66281.8168234638,0,16,0
8388,629.7927469999998,629.7927470000011,0.0,63476.89276388731,0,16,0
8389,637.3867889999999,637.386789,0.0,64436.75583498932,0,16,0
8390,649.1386699999999,649.1386700000006,0.0,65922.15670423493,0,16,0
8391,690.486344,690.4863440000013,0.0,71315.90900516634,1,18,2
8392,792.148615,792.1486150000005,0.0,84864.33978017079,0,19,1
8393,873.9031180000001,873.9031180000003,0.0,95868.32015146583,1,19,0
8394,929.3199050000001,929.3199050000015,0.0,104831.88112870607,1,19,0
8395,935.79958,935.7995800000002,0.0,106499.47684170728,1,19,0
8396,912.8637490000001,912.8637490000003,0.0,101684.1645652694,1,18,0
8397,875.8121400000001,875.8121400000005,0.0,96242.08859120427,1,14,0
8398,829.9801189999998,829.9801190000001,0.0,89897.99402650305,1,13,0
8399,764.8501649999998,764.8501649999996,0.0,81220.11039846111,1,12,0
8400,695.6645770000001,695.6645770000001,0.0,72001.85605420584,1,10,0
8401,638.706957,638.7069570000003,0.0,64570.07084516593,0,11,1
8402,596.751476,596.7514760000004,0.0,59216.81177719688,0,11,0
8403,572.2882450000001,572.2882450000003,0.0,56124.73616887897,0,11,0
8404,570.707487,570.7074870000004,0.0,55924.93331967834,0,12,1
8405,611.0812329999999,611.0812330000003,0.0,61028.048080889654,0,14,2
8406,685.464697,685.4646970000003,0.0,70785.97950555616,0,15,1
8407,777.4931860000002,777.4931860000004,0.0,83112.0093682216,1,15,0
8408,819.7695169999998,819.7695170000004,0.0,89629.17642684549,1,16,1
8409,768.329319,768.3293190000007,0.0,81791.36899783654,1,16,0
8410,711.546084,711.5460840000003,0.0,74117.90037973897,1,16,0
8411,667.760627,667.7606270000006,0.0,68283.94722745162,1,16,0
8412,649.362567,649.3625670000004,0.0,65866.68853338221,0,16,0
8413,657.6367410000001,657.6367410000006,0.0,66935.04554434032,1,16,0
8414,656.892036,656.8920360000005,0.0,66835.82140966301,1,16,0
8415,708.423982,708.4239820000003,0.0,73701.9130165224,1,17,1
8416,784.447672,784.4476720000004,0.0,83831.27277001356,1,18,1
8417,860.113998,860.1139980000006,0.0,93973.23393752165,1,18,0
8418,908.6389589999999,908.6389590000002,0.0,101029.4370882743,1,18,0
8419,910.5481000000002,910.5481000000004,0.0,101325.30198810552,1,18,0
8420,873.3891089999998,873.3891090000005,0.0,95797.67812574244,1,18,0
8421,839.2153259999999,839.2153260000001,0.0,91128.4885486837,1,12,0
8422,808.866106,808.8661060000006,0.0,87084.77312763737,1,12,0
8423,765.420948,765.4209480000006,0.0,81296.16124982318,1,11,0
8424,701.8985850000001,701.8985850000006,0.0,72832.47227052142,1,10,0
8425,662.6703800000001,662.6703800000006,0.0,67647.79941438205,0,10,0
8426,614.2751720000001,614.2751720000014,0.0,61431.751944715266,0,11,1
8427,581.8534880000001,581.8534880000008,0.0,57333.752858781256,0,11,0
8428,574.5177029999999,574.5177030000006,0.0,56406.53266181034,0,12,1
8429,593.831618,593.8316180000003,0.0,58847.750891431126,0,12,0
8430,632.82307,632.8230700000004,0.0,63776.148030063305,0,12,0
8431,680.5613179999999,680.5613180000008,0.0,69989.50511647649,1,12,0
8432,720.0159280000001,720.0159279999999,0.0,75246.41830529542,1,12,0
8433,702.8691400000001,702.8691400000008,0.0,72961.78855016465,1,12,0
8434,684.792087,684.7920870000006,0.0,70553.21073553963,1,12,0
8435,669.303042,669.3030420000003,0.0,68489.45785741684,1,13,1
8436,654.501028,654.5010280000008,0.0,66517.24465805477,1,13,0
8437,648.477729,648.4777290000002,0.0,65754.84778768869,0,13,0
8438,655.656957,655.6569570000005,0.0,66671.26007996457,1,15,2
8439,675.7369859999999,675.7369860000005,0.0,69346.71344984884,1,15,0
8440,761.3391889999999,761.3391889999997,0.0,80752.30965122204,1,16,1
8441,829.4297329999999,829.4297330000009,0.0,89896.98443182601,1,17,1
8442,878.1011220000001,878.1011220000003,0.0,96962.52475626119,1,18,1
8443,894.092667,894.0926670000009,0.0,100317.02838436658,1,18,0
8444,868.2831999999999,868.2832000000004,0.0,95441.01403019088,1,15,0
8445,837.4431119999999,837.4431120000011,0.0,90892.35961089913,1,12,0
8446,819.7685919999999,819.7685920000014,0.0,88537.41509886253,1,12,0
8447,772.6410030000001,772.6410030000012,0.0,82258.15789238288,1,11,0
8448,713.4724810000001,713.4724810000012,0.0,74374.57258600855,1,10,0
8449,663.3369939999999,663.3369940000014,0.0,67807.40398457229,0,10,0
8450,617.4103940000001,617.4103940000009,0.0,61828.03416405334,0,11,1
8451,588.7225430000001,588.7225429999999,0.0,58201.97984881749,0,11,0
8452,577.9599479999999,577.9599480000006,0.0,56841.62162460329,0,11,0
8453,591.097286,591.0972860000013,0.0,58502.1399096994,0,11,0
8454,621.226334,621.2263340000007,0.0,62310.35700181767,0,11,0
8455,655.6709010000001,655.6709010000008,0.0,66673.11797179283,1,11,0
8456,689.0548339999999,689.0548340000003,0.0,71121.1770878847,1,11,0
8457,685.6319959999998,685.6319960000005,0.0,70665.11980521509,1,11,0
8458,674.611708,674.6117080000008,0.0,69196.7819523816,1,11,0
8459,615.0027320000002,615.0027319999998,0.0,61523.713244904226,0,12,1
8460,603.715526,603.7155260000001,0.0,60097.04583704389,0,13,1
8461,644.968363,644.9683630000009,0.0,65311.27494118864,0,13,0
8462,697.799232,697.7992320000005,0.0,72286.27645585423,1,13,0
8463,698.840349,698.8403490000012,0.0,72424.99438231219,1,13,0
8464,763.922007,763.922007000001,0.0,81096.44307462999,1,16,3
8465,845.3362329999999,845.3362330000017,0.0,91944.0352423614,2,18,2
8466,896.334439,896.3344390000008,0.0,99122.57134222882,1,18,0
8467,920.730511,920.7305110000008,0.0,102903.29859000935,1,18,0
8468,899.46723,899.4672300000009,0.0,99608.06869177356,1,17,0
8469,872.2451180000002,872.2451180000007,0.0,95640.45550580908,1,13,0
8470,847.977469,847.9774690000006,0.0,92305.26899175037,1,13,0
8471,775.62362,775.6236200000011,0.0,82655.56034153889,1,13,0
8472,705.33889,705.3388900000004,0.0,73290.85684783845,1,11,0
8473,631.258237,631.2582370000005,0.0,63697.09442787823,0,11,0
8474,589.0280470000001,589.0280470000005,0.0,58240.59459544052,0,11,0
8475,566.686616,566.6866160000001,0.0,55416.70784679238,0,11,0
8476,562.6875060000001,562.6875060000008,0.0,54911.23289599876,0,12,1
8477,602.4837480000001,602.4837480000006,0.0,59941.35296439509,0,13,1
8478,683.3198420000001,683.3198420000004,0.0,70408.00389962249,0,13,0
8479,779.58027,779.5802700000011,0.0,83182.74247737907,1,14,1
8480,826.2325880000001,826.2325880000006,0.0,89436.23148146398,1,14,0
8481,805.40895,805.4089500000007,0.0,86624.14333121553,1,14,0
8482,788.258566,788.2585660000003,0.0,84339.03444678064,1,14,0
8483,766.425547,766.425547000001,0.0,81430.01353559096,1,14,0
8484,703.829314,703.8293140000011,0.0,73089.72167037956,1,15,1
8485,695.7447150000002,695.744715000001,0.0,72012.53360263754,1,15,0
8486,725.9488360000001,725.9488360000009,0.0,76050.2076812439,0,16,1
8487,770.748168,770.7481680000005,0.0,82005.95747079056,1,16,0
8488,829.3773080000001,829.377308,0.0,89817.67577988334,1,17,1
8489,885.458197,885.4581970000011,0.0,97456.37442279987,1,17,0
8490,927.7307609999999,927.7307610000005,0.0,103654.05117791856,1,18,1
8491,939.488674,939.4886740000006,0.0,105476.20771427134,1,19,1
8492,918.689828,918.689828,0.0,103122.61199443898,1,17,0
8493,878.492043,878.4920430000009,0.0,96718.3096843939,1,14,0
8494,831.982319,831.982319000001,0.0,90165.00428553413,1,12,0
8495,758.6681799999999,758.6681800000003,0.0,80396.42570155047,1,12,0
8496,687.337589,687.3375890000011,0.0,70892.3721931226,1,10,0
8497,632.1801969999999,632.1801970000005,0.0,63806.15720233603,0,10,0
8498,588.2527300000002,588.2527300000005,0.0,58226.365009200585,0,10,0
8499,561.4657239999999,561.4657240000005,0.0,54840.57153521242,0,10,0
8500,559.814046,559.8140460000005,0.0,54631.804620629664,0,10,0
8501,597.4249039999999,597.4249040000004,0.0,59385.69901134639,0,10,0
8502,675.913566,675.9135660000002,0.0,69623.03139595182,0,10,0
8503,774.078897,774.0788970000009,0.0,82449.74219476787,1,11,1
8504,818.2816559999998,818.2816560000003,0.0,88657.38310281534,1,13,2
8505,774.012067,774.0120670000003,0.0,82440.83779783145,1,13,0
8506,720.794839,720.7948390000007,0.0,75350.20003089907,1,13,0
8507,669.2282429999999,669.2282430000014,0.0,68479.4916747678,1,14,1
8508,639.2141699999999,639.21417,0.0,64667.731057240366,0,14,0
8509,660.557685,660.5576850000002,0.0,67365.4843559468,0,14,0
8510,670.911557,670.911557000001,0.0,68703.7756194709,1,14,0
8511,695.419214,695.4192140000006,0.0,71969.16400654028,1,14,0
8512,771.0623870000001,771.0623870000006,0.0,82047.8238586544,1,17,3
8513,851.0018149999999,851.001815000001,0.0,92720.9152701784,1,17,0
8514,916.425564,916.4255640000005,0.0,101903.33828469865,1,17,0
8515,935.4218720000001,935.4218720000009,0.0,104847.24906110695,1,18,1
8516,909.080774,909.080774000001,0.0,100765.09571506595,1,14,0
8517,863.6250299999999,863.6250300000008,0.0,94455.76714775676,1,12,0
8518,820.2082879999999,820.2082880000015,0.0,88595.9999816296,1,12,0
8519,750.6769200000001,750.6769200000006,0.0,79331.67407710706,1,11,0
8520,678.019566,678.019566,0.0,69650.84330708307,1,9,0
8521,607.6252370000001,607.6252370000005,0.0,60537.85528946113,0,10,1
8522,567.5610129999999,567.5610130000003,0.0,55359.369356420226,0,10,0
8523,543.8359000000002,543.8359000000006,0.0,52360.58954634996,0,10,0
8524,542.373225,542.3732250000004,0.0,52175.71201768676,0,11,1
8525,581.106575,581.1065750000001,0.0,57071.48587370109,0,11,0
8526,661.1311999999999,661.1312000000017,0.0,67584.40722277343,0,13,2
8527,759.918371,759.9183710000007,0.0,80779.30660084696,1,13,0
8528,796.9749440000003,796.9749440000002,0.0,85919.60097784149,1,14,1
8529,743.963837,743.9638370000001,0.0,78437.2261390755,1,14,0
8530,692.650044,692.6500440000004,0.0,71600.20113261798,1,14,0
8531,666.560265,666.5602649999998,0.0,68124.01157407269,1,14,0
8532,641.9580699999999,641.9580700000001,0.0,64930.78335529828,0,14,0
8533,637.334355,637.3343550000004,0.0,64346.360293139696,0,14,0
8534,644.6341,644.6341000000002,0.0,65269.02514724012,0,15,1
8535,671.895355,671.8953550000006,0.0,68834.85639004073,1,15,0
8536,737.552189,737.5521890000002,0.0,77582.94125491964,1,17,2
8537,823.4010539999999,823.4010540000011,0.0,89021.40258209154,1,18,1
8538,887.384687,887.3846870000007,0.0,97735.60333986852,1,18,0
8539,897.3125820000001,897.3125820000005,0.0,99274.15688814479,1,18,0
8540,873.1039729999999,873.1039730000002,0.0,95758.49090402709,1,15,0
8541,833.413398,833.4133980000009,0.0,90355.4424629722,1,13,0
8542,792.449316,792.4493160000006,0.0,84897.40795360394,1,12,0
8543,739.2970340000002,739.297034,0.0,77815.42356035733,1,12,0
8544,661.1258609999999,661.1258610000011,0.0,67399.93420869095,1,9,0
8545,610.384726,610.3847260000005,0.0,60871.92024007362,0,9,0
8546,567.6877409999998,567.6877410000004,0.0,55375.38737782105,0,9,0
8547,542.6353069999999,542.6353070000002,0.0,52208.83835981135,0,9,0
8548,542.061974,542.0619740000003,0.0,52136.370868303646,0,9,0
8549,582.6359739999999,582.6359740000006,0.0,57264.79710651768,0,9,0
8550,657.60176,657.6017600000006,0.0,67170.7420164609,0,10,1
8551,753.9500790000001,753.950079000001,0.0,79767.78820207759,1,13,3
8552,788.460537,788.4605370000005,0.0,84365.94496531473,1,13,0
8553,739.590303,739.5903030000001,0.0,77854.49858033525,1,15,2
8554,686.599782,686.5997820000007,0.0,70794.06714463513,1,15,0
8555,635.972132,635.9721320000001,0.0,64257.947630797666,0,15,0
8556,596.771517,596.7715170000004,0.0,59303.11294552818,0,15,0
8557,595.315505,595.3155050000003,0.0,59119.07759914983,0,15,0
8558,590.534414,590.534414000001,0.0,58514.76270459457,0,15,0
8559,648.474422,648.4744219999999,0.0,65838.19784210932,0,16,1
8560,726.9824199999999,726.982420000001,0.0,76174.63033614829,1,17,1
8561,813.2130769999999,813.2130770000006,0.0,87663.96144508151,1,17,0
8562,881.5790890000001,881.5790890000007,0.0,97168.7043175214,1,17,0
8563,894.1049850000002,894.1049850000009,0.0,99109.877319063,1,17,0
8564,872.853124,872.8531240000007,0.0,95816.41721004448,1,13,0
8565,836.6309150000001,836.6309150000008,0.0,90784.14287472506,1,13,0
8566,791.6120919999998,791.6120920000002,0.0,84785.85663203218,1,12,0
8567,732.7308759999999,732.730876,0.0,76940.55183839455,1,11,0
8568,663.192322,663.1923220000003,0.0,67675.26847470134,1,10,0
8569,635.396561,635.3965610000004,0.0,63971.774698076464,1,10,0
8570,592.2949179999999,592.2949180000004,0.0,58485.65730869245,0,10,0
8571,563.251437,563.2514370000004,0.0,54814.6524777793,0,10,0
8572,553.5554949999998,553.5554950000002,0.0,53589.11584454121,0,10,0
8573,577.323485,577.3234850000005,0.0,56593.31517282064,0,10,0
8574,618.680369,618.6803690000005,0.0,61869.98644122398,0,10,0
8575,670.658651,670.6586510000003,0.0,68670.07854612675,1,11,1
8576,702.5777169999999,702.5777170000006,0.0,72982.55727191635,1,11,0
8577,674.323776,674.3237760000003,0.0,69158.41803170701,1,12,1
8578,647.86785,647.8678500000003,0.0,65633.44322364735,1,12,0
8579,620.1520049999999,620.1520050000005,0.0,62006.705662096356,0,12,0
8580,604.401258,604.4012580000004,0.0,60015.86068289119,0,12,0
8581,606.296341,606.2963410000004,0.0,60255.39322542564,0,12,0
8582,612.050439,612.0504390000003,0.0,60982.69315051201,0,13,1
8583,641.728733,641.7287330000004,0.0,64901.47244962715,0,15,2
8584,721.6238519999999,721.6238520000003,0.0,75523.67672007861,0,17,2
8585,808.5106869999998,808.5106870000002,0.0,87116.51213665919,1,17,0
8586,860.3684370000001,860.3684370000002,0.0,94548.53681474531,1,17,0
8587,866.4895239999998,866.4881138944211,0.00141010557924659,95496.85829826533,1,17,0
8588,820.608406,820.6084060000003,0.0,88659.88938347856,1,12,0
8589,794.214816,794.2148160000005,0.0,85132.64232126994,1,11,0
8590,779.819224,779.8192240000005,0.0,83214.58059297867,1,11,0
8591,753.6489869999999,753.6489870000004,0.0,79727.6708493563,1,11,0
8592,687.511801,687.5118010000003,0.0,70915.58411589784,1,10,0
8593,629.524604,629.5246040000003,0.0,63409.163307345516,0,10,0
8594,581.7747709999999,581.7747710000003,0.0,57323.80327707387,0,10,0
8595,551.227651,551.2276510000005,0.0,53462.743196483556,0,10,0
8596,544.3819409999999,544.3819410000006,0.0,52597.46694116726,0,10,0
8597,562.170425,562.1704250000004,0.0,54845.87548071596,0,10,0
8598,599.815166,599.8151660000005,0.0,59604.05257627398,0,10,0
8599,647.9143320000001,647.9143320000003,0.0,65683.63617539189,0,11,1
8600,684.8620229999999,684.8620230000002,0.0,70562.52897441646,1,12,1
8601,659.1904,659.1904000000003,0.0,67142.05431943721,1,13,1
8602,618.783227,618.7832270000005,0.0,62001.5559459305,0,14,1
8603,591.3939210000001,591.3939210000003,0.0,58539.63364256201,0,14,0
8604,581.772629,581.7726290000004,0.0,57323.53253499761,0,14,0
8605,589.5279169999999,589.5279170000005,0.0,58303.77659434859,0,16,2
8606,606.7167199999999,606.7167200000004,0.0,60476.387337895954,0,16,0
8607,610.9500209999999,610.9500210000004,0.0,61011.46329596413,0,16,0
8608,682.3313960000002,682.3313960000006,0.0,70302.11461598732,0,17,1
8609,763.953544,763.9535440000003,0.0,81100.64504928472,1,17,0
8610,829.311026,829.3110260000003,0.0,89914.05766201431,1,17,0
8611,853.528369,853.5283690000005,0.0,93488.51241965946,1,17,0
8612,827.125506,827.1255060000007,0.0,89599.09390901751,1,13,0
8613,803.2161670000002,803.2161670000005,0.0,86331.97798290974,1,12,0
8614,782.604652,782.6046520000004,0.0,83585.70967497202,1,12,0
8615,735.552651,735.5526510000003,0.0,77316.52377712062,1,12,0
8616,678.6846519999999,678.6846520000006,0.0,69739.45904463824,1,10,0
8617,612.1425930000001,612.1425930000004,0.0,61108.83490788062,0,10,0
8618,568.37683,568.3768300000004,0.0,55462.48606437068,0,10,0
8619,541.051785,541.0517850000003,0.0,52008.686149686924,0,10,0
8620,532.2807100000001,532.2807100000005,0.0,50900.049802091344,0,10,0
8621,543.302602,543.3026020000002,0.0,52293.182353172335,0,10,0
8622,570.7307949999998,570.7307950000004,0.0,55760.01985127454,0,12,2
8623,604.1927260000001,604.1927260000003,0.0,59989.502892673125,0,12,0
8624,629.113512,629.1135120000004,0.0,63139.41201672588,0,12,0
8625,624.694557,624.6945570000005,0.0,62580.86997582563,0,12,0
8626,629.0536250000001,629.0536250000001,0.0,63131.84248791113,0,13,1
8627,602.212047,602.2120470000002,0.0,59739.1512844245,0,13,0
8628,583.8683049999999,583.8683050000002,0.0,57420.55987663063,0,13,0
8629,590.529471,590.5294710000002,0.0,58262.51034963055,0,13,0
8630,609.3066620000001,609.3066620000004,0.0,60635.888350428024,0,14,1
8631,659.8457270000001,659.8457270000006,0.0,67229.36977254372,1,15,1
8632,712.6576400000001,712.6576400000004,0.0,74279.69925179612,0,17,2
8633,785.062684,785.0626840000008,0.0,83913.21667198303,1,17,0
8634,829.809181,829.8091810000006,0.0,89985.84870870996,1,17,0
8635,855.5457169999999,855.5457170000004,0.0,93801.14645975635,1,17,0
8636,845.992989,845.9929890000003,0.0,92320.73358672352,2,15,0
8637,821.021711,821.0217110000003,0.0,88719.45236800046,1,12,0
8638,788.324108,788.3241080000005,0.0,84347.76723121882,1,11,0
8639,720.886558,720.8865580000003,0.0,75362.42062617966,1,11,0
8640,653.000365,653.0003650000011,0.0,66326.1713527744,0,10,0
8641,587.689251,587.6892510000006,0.0,58071.05155476118,0,10,0
8642,547.243124,547.2431240000004,0.0,52958.7880623538,0,11,1
8643,526.360236,526.3602360000003,0.0,50319.25657053923,0,12,1
8644,523.8836579999999,523.8836580000002,0.0,50006.22488531756,0,12,0
8645,561.614034,561.6140340000003,0.0,54775.2259760673,0,12,0
8646,639.928504,639.9285040000009,0.0,64868.39918523594,0,12,0
8647,734.7225519999998,734.722552000001,0.0,77205.92178710926,1,13,1
8648,773.702036,773.7020360000008,0.0,82566.93703968098,1,13,0
8649,723.074246,723.0742460000005,0.0,75653.90711914517,1,13,0
8650,667.8879140000001,667.887914000001,0.0,68322.67549105138,0,13,0
8651,625.836112,625.8361120000003,0.0,62892.695042164465,0,15,2
8652,610.7776599999999,610.7776600000007,0.0,60989.353977845334,0,15,0
8653,620.9980300000001,620.9980300000011,0.0,62281.176664103965,0,15,0
8654,627.3648890000001,627.3648890000003,0.0,63085.92765613346,0,15,0
8655,658.484539,658.4845390000012,0.0,67048.00574056724,1,15,0
8656,713.521737,713.5217370000009,0.0,74388.39444060213,0,16,1
8657,794.1676390000001,794.1676390000007,0.0,85126.35648056571,1,16,0
8658,858.6150230000002,858.6150229999994,0.0,93943.99468727522,1,17,1
8659,879.1784930000001,879.1784929999995,0.0,97130.77292509636,1,17,0
8660,861.2339289999999,861.2339289999998,0.0,94349.85384663404,1,15,0
8661,822.2471519999999,822.2471520000017,0.0,88867.6572366832,1,11,0
8662,770.6232779999999,770.6232780000007,0.0,81989.31718748395,1,11,0
8663,707.8221139999999,707.8221140000012,0.0,73621.72041476752,1,10,0
8664,641.08254,641.0825400000011,0.0,64729.3717950051,1,9,0
8665,585.8011120000001,585.8011120000002,0.0,57664.86061434947,0,10,1
8666,543.953008,543.9530080000002,0.0,52375.3916299479,0,10,0
8667,518.5754289999999,518.5754289999998,0.0,49167.74530456833,0,10,0
8668,518.584101,518.5841010000013,0.0,49168.84141814711,0,10,0
8669,554.089241,554.0892409999999,0.0,53656.579663512486,0,10,0
8670,630.421162,630.4211620000008,0.0,63615.45092870052,0,12,2
8671,727.2682099999998,727.2682100000006,0.0,76212.70885777682,1,13,1
8672,769.2288499999999,769.2288500000004,0.0,81921.00389465604,1,13,0
8673,734.6055900000002,734.6055900000015,0.0,77190.33782669531,1,14,1
8674,686.3014,686.3014000000004,0.0,70754.31087100557,1,14,0
8675,672.3817269999998,672.3817270000006,0.0,68899.66036051395,1,14,0
8676,652.5882039999999,652.5882040000013,0.0,66274.3989249078,0,14,0
8677,661.5107259999999,661.5107260000004,0.0,67451.21343548881,1,14,0
8678,672.7753720000001,672.7753720000009,0.0,68952.1094302732,1,14,0
8679,687.0871550000002,687.0871550000002,0.0,70859.00448786501,1,14,0
8680,730.0058089999999,730.0058090000003,0.0,76577.46522690062,1,17,3
8681,794.8668789999999,794.8668790000008,0.0,85219.52288059222,1,17,0
8682,853.5104069999999,853.510407,0.0,93485.72879847542,1,17,0
8683,873.26289,873.2628900000016,0.0,97240.68427838253,1,18,1
8684,851.486715,851.4867150000006,0.0,93172.11161102355,1,15,0
8685,810.013179,810.0131790000005,0.0,87237.60858038264,1,13,0
8686,773.2877509999998,773.2877510000002,0.0,82344.33028367093,1,12,0
8687,706.3478099999999,706.3478100000001,0.0,73425.28486156007,1,11,0
8688,634.5974559999999,634.5974560000003,0.0,63865.30233366197,1,9,0
8689,584.7226490000002,584.7226490000005,0.0,57528.546276444846,0,9,0
8690,545.756369,545.7563690000005,0.0,52603.33079959777,0,10,1
8691,522.980377,522.9803770000003,0.0,49724.51690463663,0,10,0
8692,522.5389729999999,522.5389730000004,0.0,49668.72482460379,0,10,0
8693,560.535496,560.5354960000002,0.0,54471.36606071807,0,11,1
8694,639.74682,639.7468200000002,0.0,64811.51933080413,0,12,1
8695,738.983038,738.983038000001,0.0,77773.58688490592,1,13,1
8696,774.8984569999999,774.8984570000006,0.0,82558.93997350724,1,13,0
8697,722.516548,722.5165479999997,0.0,75579.59970686605,1,14,1
8698,685.588769,685.5887690000008,0.0,70659.3602606039,1,15,1
8699,621.207088,621.2070880000002,0.0,62391.69241667079,0,15,0
8700,575.9267340000001,575.9267340000006,0.0,56668.39780610204,0,15,0
8701,577.9340179999999,577.9340180000006,0.0,56922.11220283757,0,15,0
8702,573.6531989999999,573.6531990000004,0.0,56381.030118728384,0,15,0
8703,625.1092869999999,625.1092870000011,0.0,62884.91812126825,0,15,0
8704,697.26223,697.2622300000012,0.0,72259.38151496161,0,16,1
8705,783.3732519999999,783.3732520000008,0.0,83688.1175679135,1,17,1
8706,846.736609,846.7366090000006,0.0,92134.73333179276,2,17,0
8707,867.9508179999999,867.9508180000005,0.0,95390.7888489008,1,17,0
8708,845.2098199999999,845.2098199999998,0.0,91927.19203526982,2,11,0
8709,808.4106929999999,808.4106930000007,0.0,87024.09411937806,1,11,0
8710,761.399458,761.3994580000018,0.0,80760.33986368611,1,11,0
8711,713.51114,713.5111400000006,0.0,74379.723492505,1,11,0
8712,637.3244450000001,637.3244450000012,0.0,64228.645031508175,1,8,0
8713,603.1025020000001,603.1025020000006,0.0,59788.60507794716,0,9,1
8714,561.2213240000001,561.2213240000009,0.0,54403.77704858408,0,9,0
8715,536.370055,536.3700550000004,0.0,51262.6546551174,0,9,0
8716,535.981363,535.9813630000004,0.0,51213.525206421604,0,10,1
8717,575.919651,575.9196510000006,0.0,56261.599443335595,0,10,0
8718,650.761493,650.7614930000011,0.0,66250.07474768974,0,13,3
8719,747.2434749999999,747.2434750000008,0.0,78874.2035228782,1,13,0
8720,791.972894,791.9728940000007,0.0,84833.92971632717,1,13,0
8721,754.175986,754.1759860000006,0.0,79797.88794169597,1,13,0
8722,708.946147,708.9461470000009,0.0,73771.48602903582,1,14,1
8723,685.3143129999999,685.3143130000005,0.0,70622.79187566355,1,14,0
8724,655.3507110000002,655.3507110000005,0.0,66720.92319495822,0,15,1
8725,646.506822,646.5068220000007,0.0,65603.08338632583,0,15,0
8726,656.64965,656.6496500000003,0.0,66885.10500718869,0,16,1
8727,697.4157840000001,697.4157840000009,0.0,72235.18602945223,1,17,1
8728,749.420226,749.4202260000012,0.0,79164.23277524381,1,17,0
8729,804.9175870000001,804.9175870000012,0.0,86558.67436231187,1,17,0
8730,868.9915179999999,868.991518000001,0.0,95550.78404409705,1,17,0
8731,882.090732,882.0907320000007,0.0,97580.80573342092,1,17,0
8732,866.953891,866.9538910000006,0.0,95235.00731087069,1,15,0
8733,836.109139,836.1091390000006,0.0,90714.6216923839,1,11,0
8734,787.8667900000002,787.8667900000012,0.0,84286.83440167925,1,11,0
8735,723.706385,723.7063850000013,0.0,75738.13301432626,1,11,0
8736,654.4820039999998,654.4820040000008,0.0,66514.70990947903,1,9,0
8737,603.300065,603.3000650000002,0.0,59930.97969894549,0,9,0
8738,560.798034,560.7980340000004,0.0,54504.550039811314,0,9,0
8739,532.914029,532.9140290000004,0.0,50980.09933570301,0,9,0
8740,525.035372,525.0353720000005,0.0,49984.26182200734,0,9,0
8741,546.762402,546.7624020000003,0.0,52730.49021286015,0,9,0
8742,586.8602880000001,586.8602880000003,0.0,57798.737135996,0,9,0
8743,638.718318,638.7183180000001,0.0,64414.36399710515,1,9,0
8744,668.8797399999999,668.8797400000003,0.0,68433.05730329518,1,9,0
8745,637.7600039999999,637.7600040000004,0.0,64286.67870239236,1,9,0
8746,603.010067,603.0100670000005,0.0,59840.01850743975,0,10,1
8747,561.823624,561.8236240000003,0.0,54634.181396484295,0,10,0
8748,535.6019050000001,535.6019050000003,0.0,51319.83842486024,0,10,0
8749,521.3622289999998,521.3622290000004,0.0,49519.9880768032,0,10,0
8750,522.0056789999999,522.0056790000003,0.0,49601.31813701365,0,10,0
8751,568.526349,568.5263490000002,0.0,55481.38479663052,0,10,0
8752,658.1561209999999,658.1561210000002,0.0,67210.16932575521,0,11,1
8753,749.4719670000001,749.4719670000006,0.0,79171.12672110464,1,11,0
8754,806.5015380000001,806.5015380000004,0.0,86959.70466655037,1,12,1
8755,823.621273,823.6212730000004,0.0,89426.89599214413,1,14,2
8756,779.4790909999998,779.4790910000004,0.0,83169.26143626535,1,10,0
8757,755.6737569999999,755.6737570000003,0.0,79997.45022665404,1,10,0
8758,743.7190929999999,743.7190930000004,0.0,78404.61656667109,1,10,0
8759,717.821889,717.8218890000004,0.0,74954.08560815606,1,10,0
8760,654.0344680000001,654.0344680000003,0.0,66455.0804288968,1,9,0
