scen,demand_mw,shed_mw,shed,cost_usd,lmp_at_slack,n_at_limit,lmp_spread,expensive_on
1,775.366108283435,0.0,false,82876.48011946715,133.66390026759288,1,8.899476829419186,false
2,865.6454784302146,0.0,false,95310.14089004551,133.66390206508962,1,8.899479030700292,false
3,498.8125013970937,0.0,false,46362.839398150754,126.39686700000024,0,2.7000623958883807e-13,false
4,431.2155333593131,0.0,false,37818.79482505798,126.39686600000022,0,2.8421709430404007e-13,false
5,970.9926725222543,29.99430416672265,true,128605.73691826106,3896.8742476908847,1,9873.603135000001,true
6,1130.926228549813,25.15989813145455,true,149431.89011636935,3896.8742489271335,1,9873.603133000002,true
7,350.4290255129714,0.0,false,27607.633822128526,126.39686500000022,0,2.2737367544323206e-13,false
8,1099.9561859733358,0.0,false,136993.3527704507,397.36455352043714,1,331.8370622302672,false
9,249.22183170259393,0.0,false,16538.157646357602,96.05429600000005,0,1.1368683772161603e-13,false
10,490.5399206069176,0.0,false,45317.21115390366,126.39686700000027,0,3.268496584496461e-13,false
11,1310.815237953159,193.0543896772454,true,139196.9219657988,9969.473194284099,2,9903.945703999998,false
12,729.2844720777814,0.0,false,76493.98491805737,137.08524119981325,1,27.98922906106978,false
13,753.535957103277,0.0,false,80300.01673034069,137.0852441654589,1,27.989239445753043,false
14,491.1041872690198,0.0,false,45388.53268876037,126.39686700000058,0,5.968558980384842e-13,false
15,763.3162774691715,0.0,false,81154.3648767619,133.66390026759316,1,8.89947682941957,false
16,515.2261025194294,0.0,false,48437.46705772036,126.39686700000058,0,5.968558980384842e-13,false
17,1091.8234605060304,0.0,false,134839.3482805785,253.22601783060355,1,332.1225840328801,false
18,535.5720034354613,0.0,false,51009.12506772361,126.39686700000058,0,5.968558980384842e-13,false
19,1630.2866892084326,512.9330949727891,true,138288.4631254531,10000.0,3,9873.603132,false
20,463.5579245469353,0.0,false,41906.77154840749,126.39686700000004,0,5.684341886080802e-14,false
21,357.8361921950335,0.0,false,28543.87643964494,126.39686500000008,0,1.1368683772161603e-13,false
22,597.555637387858,0.0,false,58966.430556791835,133.6638975713475,1,8.899473527497605,false
23,1189.3448771911333,92.13757992403693,true,148350.05519285495,10000.0,3,9873.603133,true
24,795.0752676348917,0.0,false,85016.0167560937,133.66390036884422,1,8.899475728778697,false
25,502.9201018791549,0.0,false,46882.02720532539,126.3968670000001,0,9.947598300641403e-14,false
26,605.2381328597119,0.0,false,59844.45039779853,133.6638975713475,1,8.899473527497577,false
27,420.3823666405356,0.0,false,36449.51655711484,126.39686600000002,0,7.105427357601002e-14,false
28,1058.4024030165822,0.0,false,120669.8501047576,154.07121469626156,1,72.46973756693737,false
29,794.3063116536371,0.0,false,86223.78371404152,137.08524548734056,1,27.989242907314804,false
30,578.8726698951183,0.0,false,56724.79411117074,133.66389757134755,1,8.899473527497577,false
31,654.7478597116233,0.0,false,66603.16850869903,133.66389847009592,1,8.899474628138137,false
32,491.7873942121205,0.0,false,45474.88790178163,126.39686700000004,0,2.842170943040401e-14,false
33,616.2652856877377,0.0,false,61605.24386205266,137.08523987793046,1,27.9892255995085,false
34,863.7462559865206,0.0,false,94678.74217929257,162.56868827894556,1,114.45809069807734,false
35,905.2273409263997,0.0,false,99927.90747270267,137.0852435216945,1,27.989232522631127,false
36,350.8060524288175,0.0,false,27655.288840803973,126.3968650000001,0,1.1368683772161603e-13,false
37,482.5304475626276,0.0,false,44304.83890284125,126.39686700000004,0,3.552713678800501e-13,false
38,1289.2761859115103,212.76361157113718,true,131271.01425914542,10000.000000000002,3,9903.945704000002,false
39,443.2639172421661,0.0,false,39341.672727973535,126.39686599999987,0,1.2647660696529783e-12,false
40,245.40463078580353,0.0,false,16171.499111056379,96.05429600000011,0,5.115907697472721e-13,false
41,918.9915559517831,0.0,false,102152.54989331703,133.66390206508913,1,8.899479030700348,false
42,1148.4066691768344,78.87781670691274,true,144851.58665313025,9999.999999999998,3,9873.603133999999,true
43,1359.8367187513418,235.54256156649578,true,139165.7284958051,9999.999999999995,3,9873.603132000006,false
44,977.1681279742797,0.0,false,110113.76983322852,145.2126713894573,1,23.042529622185583,false
45,867.6252129470353,0.0,false,97982.11092071592,253.2260171524851,1,332.12258749444067,false
46,495.97693321099763,0.0,false,46004.4324802768,126.3968670000003,0,3.694822225952521e-13,false
47,452.34653551661756,0.0,false,40489.68716752553,126.39686600000019,0,1.9895196601282805e-13,false
48,637.6775102232314,0.0,false,64486.72319313267,133.66389847009597,1,8.899474628138123,false
49,313.8251501415659,0.0,false,22981.018874747682,126.3968650000001,0,2.1316282072803006e-13,false
50,348.9446492943255,0.0,false,27420.013327548633,126.3968650000001,0,2.1316282072803006e-13,false
51,571.0697771526048,0.0,false,55495.932238058806,126.39686800000018,0,1.9895196601282805e-13,false
52,1235.3130567703865,97.88673822600794,true,140825.59246979564,10000.0,2,9873.603132000004,false
53,456.7452768839767,0.0,false,41045.67426871057,126.39686600000027,0,3.979039320256561e-13,false
54,787.6002343130148,0.0,false,84621.22903568018,133.66390116634113,1,8.89947793005976,false
55,547.1797204042622,0.0,false,52476.304055956454,126.39686800000013,0,1.5631940186722204e-13,false
56,540.3361348307076,0.0,false,51611.29632147426,126.39686700000033,0,3.979039320256561e-13,false
57,323.29655508334014,0.0,false,24178.17472864783,126.3968650000003,0,2.984279490192421e-13,false
58,529.8414916889848,0.0,false,50284.80637104529,126.39686700000033,0,3.979039320256561e-13,false
59,1327.36240414909,217.0272607820296,true,137401.35296658153,9999.999999999996,2,9873.603132000007,false
60,498.81955059761447,0.0,false,46363.73039496916,126.39686700000016,0,2.1316282072803006e-13,false
61,408.0755069557671,0.0,false,34893.96812419267,126.39686600000016,0,1.7053025658242404e-13,false
62,238.50697755100995,0.0,false,15508.949906229125,96.05429600000014,0,1.7053025658242404e-13,false
63,124.34011832608726,0.0,false,4542.732959348658,96.05429600000014,0,1.7053025658242404e-13,false
64,552.6812954910924,0.0,false,53171.68587748758,126.39686800000013,0,1.5631940186722204e-13,false
65,639.7076227197786,0.0,false,64455.66449605119,133.6638975713476,1,8.899473527497548,false
66,461.08957344696034,0.0,false,41594.77971752483,126.39686600000016,0,1.7053025658242404e-13,false
67,830.1782550509521,9.611088680606104,true,89707.53853727502,-2464.15574806906,2,12464.15574806906,false
68,1458.7531803494142,509.72832979246715,true,129620.25907339233,10000.0,2,9873.603135,true
69,391.77763238901736,0.0,false,32833.96793798372,126.39686600000005,0,5.684341886080802e-14,false
70,431.02457906766585,0.0,false,37794.65880199928,126.39686600000005,0,5.684341886080802e-14,false
71,1418.411805573029,429.55988104635964,true,134654.27620598,10000.0,2,9873.603135,true
72,538.7621882256592,0.0,false,51412.354411214495,126.39686700000007,0,1.2789769243681803e-13,false
73,2127.443773642071,998.8363014548925,true,151797.86722997183,9080.98638237986,1,9989.999999000001,false
74,1160.6734257107664,39.82688351850594,true,146702.24871223938,9882.896398556066,2,9989.999998000001,false
75,922.5162384791792,0.0,false,103350.40025186967,145.21267218695397,1,23.042531823466902,false
76,558.8128604752239,0.0,false,53946.69644449935,126.3968679999999,0,1.4210854715202004e-13,false
77,902.025899955215,0.0,false,99010.27403747331,133.66390126759288,1,8.89947682941957,false
78,954.8027501887236,0.0,false,114239.049019576,253.22601815248504,1,332.1225874944416,false
79,591.7853528050904,0.0,false,58268.76923800992,133.66389757134755,1,8.899473527497804,false
80,986.2802720344545,0.0,false,112479.56435588081,212.62808237346968,1,105.60193845727932,false
81,188.8822717901348,0.0,false,10742.28387903526,96.05429600000019,0,1.7053025658242404e-13,false
82,480.78288385271725,0.0,false,44083.95233551116,126.39686700000021,0,3.126388037344441e-13,false
83,1048.0160590239082,89.13665111537844,true,112492.85144338335,10000.0,3,9873.603133000002,false
84,270.39105285226606,0.0,false,18571.552217250057,96.05429600000011,0,1.2789769243681803e-13,false
85,600.3612954153592,0.0,false,59246.10965852761,133.66389757134752,1,8.899473527497591,false
86,324.43043911403913,0.0,false,24321.49411086616,126.39686500000013,0,1.2789769243681803e-13,false
87,750.5379309907174,0.0,false,79616.6324524545,133.66390026759277,1,8.8994768294192,false
88,834.334466053999,0.0,false,90459.00778925486,137.08524384357654,1,27.989235984192362,false
89,694.6869415008923,0.0,false,71640.22988847563,133.6638984700959,1,8.899474628138094,false
90,591.6501757271479,0.0,false,58167.076037936895,137.08523855604844,1,27.98922213794728,false
91,639.6282164675683,0.0,false,64567.25357833746,133.6638984700959,1,8.899474628138094,false
92,489.946673742775,0.0,false,45242.22661247788,126.3968670000001,0,9.947598300641403e-14,false
93,836.7405420342994,0.0,false,91092.2699229801,133.66390116634093,1,8.899477930059732,false
94,969.7025409820623,0.0,false,112873.55566837949,253.22601683060293,1,332.1225840328797,false
95,363.84137715678617,0.0,false,29302.912968534896,126.39686500000013,0,1.2789769243681803e-13,false
96,908.6998083933813,0.0,false,100588.68656762251,133.66390206508953,1,8.89947903070032,false
97,794.1327367307646,0.0,false,85479.06028833886,133.6639011663412,1,8.89947793005976,false
98,574.6533138760644,0.0,false,55948.88003118236,126.39686800000024,0,2.5579538487363607e-13,false
99,1365.0341273908136,235.09079992303802,true,143418.4062173266,9956.328443841141,3,9903.945704000002,false
100,791.3146408038926,0.0,false,84708.10997613228,137.0852425216944,1,27.9892325226311,false
101,463.13221447399167,0.0,false,41852.96313149126,126.39686699999993,0,1.8474111129762605e-13,false
102,478.74476319997507,0.0,false,43826.3402826651,126.39686699999993,0,1.8474111129762605e-13,false
103,394.069592973343,0.0,false,33123.664561378086,126.39686599999993,0,2.8421709430404007e-13,false
104,1079.0136209212483,16.431005537604438,true,143973.6040896629,3896.8742483090045,1,9873.603133999999,true
105,421.8685284060113,0.0,false,36637.362739209064,126.39686599999993,0,2.8421709430404007e-13,false
106,994.0278600518974,77.98683526218599,true,104664.47717158667,9999.999999999996,2,9873.603132999997,false
107,864.1471813598033,0.0,false,94895.86231171717,133.66390206508953,1,8.89947903070032,false
108,319.4310815052312,0.0,false,23689.591002096426,126.39686500000022,0,2.2737367544323206e-13,false
109,579.8265582087912,0.0,false,57204.63969196882,137.08524019981266,1,27.989229061069565,false
110,598.5381775155871,0.0,false,59389.77533796749,133.66389847009597,1,8.899474628138123,false
111,414.5411371753591,0.0,false,35711.203488335865,126.39686600000013,0,1.8474111129762605e-13,false
112,490.3243835662306,0.0,false,45289.967948531565,126.3968670000003,0,3.694822225952521e-13,false
113,1514.557683400673,387.4215498284423,true,152132.9661552069,10000.000000000002,4,9873.603133000011,true
114,263.4844603703408,0.0,false,17908.144359359634,96.05429600000028,0,3.268496584496461e-13,false
115,439.0347747162584,0.0,false,38807.1223879773,126.39686600000039,0,3.694822225952521e-13,false
116,636.7953818735214,0.0,false,63950.88094564054,133.66389757134777,1,8.899473527497548,false
117,543.0132299637091,0.0,false,51949.672742884126,126.39686700000036,0,3.552713678800501e-13,false
118,1157.2590375672876,22.852775126685327,true,142940.66129245202,9969.473194284106,2,9903.945704000002,false
119,360.08582002169635,0.0,false,28828.222335353414,126.39686500000059,0,6.536993168992922e-13,false
120,477.9785775387107,0.0,false,43729.49682013829,126.39686700000058,0,7.673861546209082e-13,false
121,1006.3632603127545,65.81875416062496,true,106070.32675198167,10000.000000000002,2,9873.603133000002,false
122,595.2086961566228,0.0,false,58618.276140667105,133.66389757134803,1,8.899473527497605,false
123,241.66966680688645,0.0,false,15812.739786681064,96.05429600000043,0,5.258016244624741e-13,false
124,511.50720830165244,0.0,false,47967.4105022022,126.39686700000058,0,7.673861546209082e-13,false
125,296.5684416650494,0.0,false,21086.002792248135,96.05429600000043,0,5.258016244624741e-13,false
126,446.10103549854756,0.0,false,39700.27556986606,126.39686600000059,0,7.673861546209082e-13,false
127,754.1679480772322,0.0,false,80313.64992979771,133.6639011663416,1,8.899477930059788,false
128,934.1644912326383,0.0,false,104185.61740279708,133.66390206508993,1,8.899479030700334,false
129,345.3087892036581,0.0,false,26960.452025053113,126.3968650000006,0,6.252776074688882e-13,false
130,1012.3352401623166,5.479207892213228,true,136929.9389098562,3896.874248309002,1,9873.603134,true
131,1353.6955063008286,228.5778983887281,true,140916.4524006437,10000.0,4,9873.603132,true
132,684.8479752458558,0.0,false,70615.57179801978,137.0852398779306,1,27.98922559950917,false
133,363.33893956235346,0.0,false,29239.406433750155,126.39686499999988,0,1.4210854715202004e-13,false
134,461.32850911308606,0.0,false,41624.98043570392,126.39686599999987,0,1.2789769243681803e-13,false
135,261.3320786749228,0.0,false,17701.398857340053,96.05429599999992,0,1.8474111129762605e-13,false
136,547.6782334433224,0.0,false,52539.31453926112,126.3968679999999,0,9.947598300641403e-14,false
137,1119.3815622476382,7.942371831154468,true,150148.92181302485,3896.8742489271344,1,9873.603133000004,true
138,470.83453394136205,0.0,false,42826.51213458614,126.3968669999999,0,1.2789769243681803e-13,false
139,1371.747196555318,263.3500939969712,true,147321.03689990463,9999.999999999996,4,9873.603132999997,true
140,906.233765855114,0.0,false,100837.82869079198,145.21266959196058,1,23.042527420904776,false
141,433.6500751916085,0.0,false,38126.51327063334,126.39686599999996,0,2.984279490192421e-13,false
142,1504.398155656735,507.5479439082273,true,111813.91713357028,10000.0,5,9874.320562407229,false
143,436.8420123920645,0.0,false,38529.964113280075,126.39686600000009,0,1.4210854715202004e-13,false
144,951.4263825278224,0.0,false,105780.39880833993,137.08524352169442,1,27.9892325226308,false
145,678.9724158030061,0.0,false,69679.0402496119,133.66389847009583,1,8.899474628138094,false
146,437.8298370405167,0.0,false,38654.82204806282,126.39686600000003,0,1.4210854715202004e-13,false
147,1464.3046623035477,342.71754281438183,true,138823.5674284626,10000.000000000002,2,9873.603132,false
148,303.8975241194149,0.0,false,21789.992625740833,96.05429599999997,0,1.2789769243681803e-13,false
149,597.1660756336586,0.0,false,60680.94376372224,137.08524480922253,1,27.98924636887594,false
150,340.6599455414149,0.0,false,26372.85277886578,126.39686500000003,0,5.684341886080802e-14,false
151,1582.2321413151874,447.78890808070395,true,141176.39256763933,10000.0,4,9903.945704000002,false
152,1421.2001359870612,309.15416354198106,true,137617.59639175062,10000.0,2,9873.60313200004,false
153,1445.758659967008,337.7143612329874,true,149719.8181609264,6748.418301269587,2,20953.989157394524,true
154,841.7561118070704,0.0,false,92208.5771041556,133.66390196383756,1,8.89948013134088,false
155,1040.7516122783377,0.0,false,119396.50732037968,212.6280823734694,1,105.60193845727927,false
156,399.75388798229744,0.0,false,33842.14160750798,126.39686599999987,0,2.5579538487363607e-13,false
157,931.6017604831331,0.0,false,109952.04352864985,253.22601815248436,1,332.1225874944407,false
158,701.1596567012153,0.0,false,72952.81919732205,133.66389936884403,1,8.899475728778725,false
159,260.01220880257193,0.0,false,17574.619689899428,96.05429599999994,0,2.2737367544323206e-13,false
160,850.8088660563604,0.0,false,92873.04917119228,133.6639010650892,1,8.899479030700334,false
161,601.6822921911157,0.0,false,59586.48149117203,133.66389747009566,1,8.89947462813818,false
162,417.3281770584185,0.0,false,36063.47658103626,126.3968659999999,0,3.979039320256561e-13,false
163,524.240629660739,0.0,false,49576.874991780904,126.39686699999989,0,2.8421709430404007e-13,false
164,1300.6893393160383,232.06199466572812,true,128407.7596937989,10000.0,3,9882.116232285047,false
165,518.4599921150104,0.0,false,48846.22055142213,126.3968670000002,0,2.4158453015843406e-13,false
166,399.2261546708875,0.0,false,33775.4377735007,126.39686600000019,0,2.2737367544323206e-13,false
167,444.9972091328634,0.0,false,39560.75538215451,126.39686600000019,0,2.2737367544323206e-13,false
168,1118.4781799235802,34.65147401384253,true,137337.31616844074,10000.0,2,9873.603132,true
169,822.9710405004258,0.0,false,90683.53261083887,154.07121301814365,1,72.46974102849866,false
170,582.765410382178,0.0,false,56974.22356568419,126.39686800000025,1,3.694822225952521e-13,false
171,699.0924886481051,0.0,false,72511.64015227582,133.66389936884437,1,8.899475728778668,false
172,657.4039040565688,0.0,false,67328.05187657734,137.08524152169468,1,27.989232522631184,false
173,272.84197318591083,0.0,false,18806.97363709765,96.05429600000011,0,1.7053025658242404e-13,false
174,777.567252092369,0.0,false,83107.64161240096,137.0852425216946,1,27.989232522631127,false
175,765.6796746347363,0.0,false,81942.28353799565,137.0852441654586,1,27.989239445753626,false
176,674.7984650412286,0.0,false,69368.1952405309,133.66389847009592,1,8.899474628138137,false
177,353.6765940981452,0.0,false,28018.11629717669,126.3968650000001,0,1.5631940186722204e-13,false
178,777.9236460855547,0.0,false,83346.19754184884,133.663901166341,1,8.899477930059803,false
179,674.0427232844345,0.0,false,69067.85310703272,133.66389847009592,1,8.899474628138137,false
180,1081.724623305957,198.29745978087604,true,97221.72023042307,10000.000000000002,4,9873.603132000004,false
181,410.68095062167964,0.0,false,35223.2880250763,126.39686600000002,0,2.5579538487363607e-13,false
182,1425.8130320359203,339.5805229129883,true,134941.68451747336,10000.0,4,9873.603132,true
183,1520.090960724607,410.0063035141286,true,149141.06972653006,9882.896397549988,2,9989.999999,false
184,759.6113214094042,0.0,false,81201.51598405952,133.66390106508914,1,8.899479030700178,false
185,461.7758074501826,0.0,false,41681.51754144356,126.39686599999976,0,3.126388037344441e-13,false
186,616.4107337676844,0.0,false,61940.531150132105,133.66389836884412,1,8.89947572877864,false
187,957.71361802035,0.0,false,107749.04118227588,145.21267138945683,1,23.042529622185413,false
188,439.4025224453979,0.0,false,38853.60454658037,126.39686599999976,0,3.126388037344441e-13,false
189,739.6281385051209,0.0,false,77899.29890487029,133.663899368844,1,8.899475728778512,false
190,421.10724735824306,0.0,false,36541.13920443248,126.39686599999976,0,3.126388037344441e-13,false
191,2172.6579739800677,1106.2571157609095,true,143969.28241492392,10000.0,2,9873.603134,true
192,538.8592229528595,0.0,false,51424.61929614059,126.39686699999993,0,3.979039320256561e-13,false
193,253.86393586456032,0.0,false,16984.051679667664,96.05429600000008,0,2.2737367544323206e-13,false
194,112.36282989005838,0.0,false,3392.262986568815,96.05429600000008,0,2.2737367544323206e-13,false
195,515.8527104408189,0.0,false,48516.66833206142,126.39686699999993,0,3.979039320256561e-13,false
196,698.1204336429286,0.0,false,71839.9248293488,133.66389767259915,1,8.899472426857074,false
197,1033.8237265356006,15.927152343206537,true,116082.54451908218,10000.0,3,9903.945704,false
198,998.5229926118113,0.0,false,114993.23199873467,253.22601650872184,1,332.1225805713206,false
199,235.862105369342,0.0,false,15254.898578743576,96.05429599999985,0,5.115907697472721e-13,false
200,725.5736550400213,0.0,false,76053.74468134728,133.6638993688448,1,8.899475728778896,false
201,1139.893215696047,24.851107228185548,true,151662.2135927787,9080.986382379866,1,9989.999999000003,false
202,1013.1837614157139,99.77524668830324,true,101532.77761996389,10000.0,2,9873.603132,false
203,1027.0283970405299,8.457125904082835,true,138410.70832842693,3718.7880408859983,1,11367.363647922662,true
204,152.90577031597908,0.0,false,7286.586465321764,96.05429600000014,0,1.9895196601282805e-13,false
205,740.0596952560894,0.0,false,77961.30750792989,137.08524119981257,1,27.989229061069665,false
206,645.9880206838487,0.0,false,65539.39668976513,133.663898470096,1,8.899474628138108,false
207,1410.8407537979388,296.9731110908054,true,141217.65515667116,9999.999999999996,4,9903.94570400001,false
208,646.7956471313331,0.0,false,65525.12252503822,133.66389847009577,1,8.899474628138165,false
209,320.5585120084737,0.0,false,23832.094678701906,126.39686499999993,0,4.547473508864641e-13,false
210,940.7070357536113,0.0,false,114999.49421596897,555.6146794988473,1,1358.1691783224246,false
211,445.6359676443304,0.0,false,39641.49245294092,126.39686599999993,0,1.1368683772161603e-13,false
212,1353.930582631496,341.29205838356046,true,137660.82774461142,10000.0,2,9873.603134,true
213,287.52535660484784,0.0,false,20217.375650251517,96.05429599999997,0,2.984279490192421e-13,false
214,989.6521074913488,0.0,false,111674.02625416487,145.2126713894571,1,23.042529622185754,false
215,328.3875922340337,0.0,false,24821.66584372983,126.39686499999982,0,2.5579538487363607e-13,false
216,703.7390675276388,0.0,false,73002.8262738627,133.66389847009577,1,8.899474628138236,false
217,659.4335176395356,0.0,false,67293.94487178487,133.66389847009577,1,8.899474628138236,false
218,759.9015351191421,0.0,false,80631.81043624712,133.6639002675925,1,8.899476829419342,false
219,828.6529155329326,0.0,false,90247.29221653292,162.568688278946,1,114.45809069807984,false
220,626.9978674524929,0.0,false,62744.996962700156,133.6638975713476,1,8.899473527497705,false
221,1321.8538786608044,177.60065881104788,true,144930.31465222716,10000.000000000007,4,9903.945704000007,false
222,1044.2164508521964,0.0,false,136414.91671869642,587.3889567366184,1,1207.1821364925654,true
223,724.8300411140294,0.0,false,88190.80929370716,282.1168272193328,1,642.8181175681443,false
224,450.07286417487353,0.0,false,40202.30224698338,126.3968660000001,0,1.8474111129762605e-13,false
225,1334.532997513954,215.3539855420012,true,141035.70826844304,9784.679774995964,4,10425.009567412262,true
226,534.8601403336368,0.0,false,50919.147806191206,126.39686700000021,0,3.979039320256561e-13,false
227,1171.1002159082354,205.7062273453263,true,112577.34936323401,10000.0,2,9873.603133,false
228,695.1242772835062,0.0,false,72039.3816880612,137.0852411998124,1,27.98922906106911,false
229,937.5689367286318,0.0,false,122184.61742851199,587.3889629999453,1,1207.18215813142,true
230,873.1924730682581,0.0,false,95906.45775635539,133.6639011663407,1,8.89947793005949,false
231,378.59125479576016,0.0,false,31167.251202235308,126.39686500000005,0,3.410605131648481e-13,false
232,542.6842495618346,0.0,false,51908.090652756575,126.39686700000019,0,4.831690603168681e-13,false
233,400.09620660675756,0.0,false,33885.40960710166,126.3968660000001,0,1.8474111129762605e-13,false
234,551.4177417284042,0.0,false,53011.976648178956,126.39686800000004,0,2.984279490192421e-13,false
235,1082.746000888949,50.090943036508406,true,140190.8547603219,3896.8742483090064,1,9873.603134,true
236,733.3559442641646,0.0,false,77015.92811747942,133.663899368844,1,8.899475728778569,false
237,811.2329199642667,0.0,false,87191.82813450828,137.08524219981228,1,27.989229061069565,false
238,1360.226253568873,237.6861758925726,true,138944.01835198057,9999.999999999993,2,9873.603132000002,false
239,327.1544590141362,0.0,false,24665.801675539977,126.39686499999993,0,1.1368683772161603e-13,false
240,757.9235253722854,0.0,false,80576.6835029564,137.08524252169434,1,27.98923252263063,false
241,665.0603210058252,0.0,false,68584.29636540519,133.66390016634085,1,8.899477930059732,false
242,584.3591816725461,0.0,false,57175.67125393859,126.39686800000004,0,1.9895196601282805e-13,false
243,494.9167644040589,0.0,false,45870.43047094957,126.39686700000004,0,1.5631940186722204e-13,false
244,621.1306121103437,0.0,false,62126.6056861921,133.6638975713472,1,8.899473527497449,false
245,893.1663519300446,0.0,false,98221.43372762158,133.66390126759245,1,8.8994768294192,false
246,361.6322732079841,0.0,false,29023.68916378359,126.39686500000005,0,1.4210854715202004e-13,false
247,595.8509159544702,0.0,false,58663.27463148214,133.6638975713472,1,8.899473527497449,false
248,538.742299958134,0.0,false,51409.84059662859,126.39686700000004,0,1.5631940186722204e-13,false
249,1000.6435704636249,0.0,false,114328.45301724064,212.6280823734695,1,105.601938457279,false
250,1054.4258588127088,61.06016874788357,true,116234.40948421814,9999.999999999998,2,9873.603131999998,false
251,537.0266800875567,0.0,false,51192.991630318385,126.39686699999993,0,2.7000623958883807e-13,false
252,810.4948415852778,0.0,false,87800.66868618442,137.0852438435765,1,27.989235984192405,false
253,1065.761445993845,50.09679491228705,true,138043.32067736925,3896.8742483090064,1,9873.603134,true
254,1329.3043671630244,268.0792093239571,true,147789.8337436644,9000.281715590638,2,9989.999998999998,false
255,440.70731300149436,0.0,false,39018.525977133366,126.39686600000002,0,9.947598300641403e-14,false
256,466.8419042095544,0.0,false,42321.85626935036,126.39686700000007,0,1.1368683772161603e-13,false
257,896.9897478982912,0.0,false,99155.76264408459,133.6639020650894,1,8.899479030700377,false
258,175.45120616552265,0.0,false,9452.172366226527,96.05429600000005,0,7.105427357601002e-14,false
259,516.345567539201,0.0,false,48578.963922218536,126.39686700000007,0,1.1368683772161603e-13,false
260,1780.0095912530137,772.1203332070039,true,113803.2279288425,10000.0,3,9875.460704332236,false
261,398.90513372421066,0.0,false,33734.861733525475,126.39686600000027,0,7.389644451905042e-13,false
262,910.5999851738009,0.0,false,101244.42325472203,137.08524516545862,1,27.989239445753654,false
263,1140.1140564730701,19.714444328840862,true,140187.75818802565,9969.4731942841,2,9903.945703999998,false
264,1339.5476863631989,232.53763602103422,true,151581.8930115217,9080.98638237987,1,9989.999998999998,false
265,444.22979443817064,0.0,false,39463.756573660066,126.3968660000001,0,1.1368683772161603e-13,false
266,1272.2684302978682,145.22442384219426,true,143329.64147477882,9969.473194284104,2,9903.945703999998,false
267,477.18900866539406,0.0,false,43629.69779300767,126.39686700000004,0,1.4210854715202004e-13,false
268,477.3832899777473,0.0,false,43654.25434104003,126.39686700000004,0,1.4210854715202004e-13,false
269,185.92810207559984,0.0,false,10458.52319570357,96.054296,0,5.684341886080802e-14,false
270,577.703739927976,0.0,false,56735.76952440402,137.08524019981255,1,27.989229061069878,false
271,437.73501677897184,0.0,false,38642.83706464442,126.39686600000005,0,5.684341886080802e-14,false
272,1065.9109065569885,0.0,false,121886.99888284811,145.21267418695396,1,23.04253182346666,false
273,595.3407606494961,0.0,false,58680.2346076616,133.66389757134755,1,8.899473527497634,false
274,462.06288799203134,0.0,false,41717.80362078739,126.39686700000004,0,1.4210854715202004e-13,false
275,848.6979011703012,0.0,false,92441.05520734782,133.66390116634113,1,8.899477930059774,false
276,373.54368948713784,0.0,false,30529.254791532927,126.39686500000005,0,9.947598300641403e-14,false
277,323.18143604333,0.0,false,24163.624043349173,126.39686500000005,0,9.947598300641403e-14,false
278,507.0280421906492,0.0,false,47401.25796587371,126.39686700000004,0,1.4210854715202004e-13,false
279,272.88918934283896,0.0,false,18811.508951669555,96.054296,0,5.684341886080802e-14,false
280,233.3630955705803,0.0,false,15014.857959323534,96.054296,0,5.684341886080802e-14,false
281,534.781052741442,0.0,false,50909.15138279373,126.39686700000004,0,1.4210854715202004e-13,false
282,423.36198687090126,0.0,false,36826.131201205106,126.39686600000005,0,5.684341886080802e-14,false
283,1006.6351591958452,0.0,false,119515.63813301033,253.2260178306028,1,332.12258403287996,false
284,332.147801052496,0.0,false,25296.94443508799,126.39686500000008,0,1.1368683772161603e-13,false
285,1336.685971425592,217.79085927239703,true,138483.3061514069,10000.000000000004,2,9873.603132000004,false
286,514.2793267786706,0.0,false,48317.7975760172,126.39686700000007,0,1.4210854715202004e-13,false
287,1197.0926978155987,354.0949219357627,true,91709.13281610579,9999.999999999996,4,9874.320563407227,false
288,591.5896227757873,0.0,false,58548.87819867427,133.66389836884437,1,8.899475728778768,false
289,910.9103137565594,0.0,false,101036.96072752653,133.6639020650894,1,8.899479030700377,false
290,288.64380999819576,0.0,false,20324.80790020303,96.05429600000008,0,1.8474111129762605e-13,false
291,454.24689594344864,0.0,false,40729.88676024556,126.39686600000002,0,1.4210854715202004e-13,false
292,701.5110349692027,0.0,false,72988.8486438561,137.08524119981254,1,27.98922906107002,false
293,660.6850379902879,0.0,false,67276.58482559345,133.66389847009592,1,8.899474628138236,false
294,206.46324306563145,0.0,false,12431.011645156384,96.05429600000008,0,1.1368683772161603e-13,false
295,310.7672138948645,0.0,false,22594.505332026467,126.39686500000013,0,1.4210854715202004e-13,false
296,1429.042872751829,303.2721352265647,true,142290.9876409309,9969.473194284094,2,9903.945704,false
297,610.2844933340175,0.0,false,60693.611257227516,133.66389757134746,1,8.899473527497591,false
298,1437.783642708712,262.9914594082656,true,145548.52048351307,10000.000000000002,2,9873.603131000005,false
299,986.9491462650606,0.0,false,113596.98947253994,253.22601650872087,1,332.1225805713188,false
300,878.7286622606598,0.0,false,96440.34115974866,133.66390116634116,1,8.899477930059788,false
301,288.3986397954765,0.0,false,20301.258249716164,96.05429600000008,0,8.526512829121202e-14,false
302,818.3105657514556,0.0,false,88671.64418372796,137.0852438435766,1,27.98923598419259,false
303,528.9131256674005,0.0,false,50167.46382005798,126.39686700000013,0,1.8474111129762605e-13,false
304,1318.6252413468446,157.5509363436245,true,143814.62372716368,9999.999999999996,2,9873.603131,false
305,374.47597965154375,0.0,false,30647.093341854998,126.39686499999996,0,1.1368683772161603e-13,false
306,727.5390397580286,164.63725696837963,true,54472.560205019596,-2464.1557571508783,2,12464.155757150878,false
307,1233.9779566759719,117.31761825628166,true,138200.83776644664,10000.000000000007,2,9873.603132000007,false
308,456.2938620549983,0.0,false,40988.61685131879,126.3968659999999,0,2.5579538487363607e-13,false
309,147.16111380851362,0.0,false,6734.78754596932,96.054296,0,8.526512829121202e-14,false
310,820.7812260000943,0.0,false,89048.90983799765,133.6639011663409,1,8.899477930059788,false
311,756.3239395671383,0.0,false,80274.44118863862,133.6639002675927,1,8.899476829419228,false
312,267.9493311280789,0.0,false,18337.014363330516,96.054296,0,8.526512829121202e-14,false
313,1196.0845350356299,226.95220114265277,true,132161.78184967622,10000.000000000005,3,9873.603135000005,true
314,295.0205159737133,0.0,false,20937.317884350236,96.054296,0,7.105427357601002e-14,false
315,929.2098239012536,0.0,false,103454.82439819857,133.66390206508933,1,8.899479030700306,false
316,295.9393477434281,0.0,false,21025.575620376134,96.054296,0,7.105427357601002e-14,false
317,204.38563376356694,0.0,false,12231.448352516354,96.054296,0,7.105427357601002e-14,false
318,794.1118854350999,0.0,false,85194.16319273118,133.6639002675926,1,8.8994768294192,false
319,1213.580006376655,197.55979786903458,true,117180.22967436365,10000.0,3,9873.603132,false
320,612.7239852620893,0.0,false,61049.4508105815,133.66389757134755,1,8.899473527497548,false
321,519.508956587935,0.0,false,48978.80636810023,126.39686700000009,0,1.5631940186722204e-13,false
322,808.457837900373,0.0,false,87041.43175312513,133.6639002675928,1,8.899476829419285,false
323,876.5571875751938,0.0,false,112543.03166620244,587.3889629999455,1,1207.182158131421,true
324,306.25306422518435,0.0,false,22023.93098369469,126.39686500000008,0,2.2737367544323206e-13,false
325,854.5275234487738,0.0,false,93494.918460329,133.66390116634102,1,8.899477930059817,false
326,447.20117561788726,0.0,false,39839.3298276107,126.39686600000013,0,5.684341886080801e-13,false
327,748.6140510075007,0.0,false,80110.95877939665,137.0852441654586,1,27.989239445753668,false
328,490.5495266399822,0.0,false,45318.42532632958,126.39686700000009,0,1.5631940186722204e-13,false
329,487.70201786719264,0.0,false,44958.509155779066,126.39686700000009,0,1.5631940186722204e-13,false
330,1145.6899036003524,0.0,false,139752.23611398265,212.6280833734694,1,105.60193845727915,false
331,602.7159374597431,0.0,false,60036.36813788018,137.08524019981257,1,27.989229061069892,false
332,517.0226625295177,0.0,false,48664.546603593335,126.39686699999994,0,2.5579538487363607e-13,false
333,628.4043259311034,0.0,false,63108.64859768859,133.66389757134755,1,8.899473527497605,false
334,422.3995601869735,0.0,false,36704.48348941399,126.3968659999999,0,2.2737367544323206e-13,false
335,599.8881971868748,0.0,false,59502.13560125568,137.0852385560486,1,27.98922213794745,false
336,1357.0608855123514,232.59655921757,true,139187.23733714016,10000.0,2,9873.603132,false
337,336.9435182293334,0.0,false,25903.108032484008,126.39686500000028,0,2.7000623958883807e-13,false
338,448.6156242366991,0.0,false,40018.111693074294,126.3968660000001,0,1.4210854715202004e-13,false
339,436.1218136616304,0.0,false,38438.933254457006,126.3968660000001,0,1.4210854715202004e-13,false
340,1615.1686458925399,625.0940231436002,true,134097.02894454275,9999.999999999998,2,9873.603135,true
341,800.4860462953359,0.0,false,86562.43393950378,133.6639011663409,1,8.899477930059774,false
342,1274.715501940799,285.81652025242414,true,120956.84507879135,9999.999999999996,2,9873.603132999999,false
343,646.0423960648533,0.0,false,65649.22942460427,133.66389847009572,1,8.899474628138094,false
344,454.07742399693956,0.0,false,40708.46603817922,126.39686599999999,0,1.5631940186722204e-13,false
345,1914.3007823866662,790.8430097401314,true,143859.62372340952,10000.000000000004,4,9873.603132000017,true
346,625.0556834021745,0.0,false,62841.60302478449,133.66389847009614,1,8.899474628138137,false
347,1079.8151653211958,10.567701961275834,true,144816.0199529067,3896.8742483090014,1,9873.603133999999,true
348,1435.8657059720317,317.76341503441995,true,151692.81541747617,9080.986382379868,1,9989.999999,false
349,641.4458305651814,0.0,false,65275.89161002033,133.66389926759317,1,8.899476829419314,false
350,461.0022979918321,0.0,false,41583.74837395435,126.39686600000061,0,6.821210263296962e-13,false
351,1340.5322027093914,226.44422351114926,true,137875.6996354916,10000.0,4,9873.603132000015,false
352,1516.8783161351055,387.5863443816914,true,150548.3278800288,9882.896397549996,2,9989.999999000007,false
353,1482.1696991892113,526.0213607917805,true,107268.10926179924,10000.0,2,9873.603132,false
354,583.1105112973986,0.0,false,57017.843238096284,126.3968680000006,0,8.952838470577262e-13,false
355,847.7673078532333,0.0,false,94028.05877493144,154.07121434002622,1,72.46974449006018,false
356,504.50669613947747,0.0,false,47082.5677395109,126.39686700000067,0,7.389644451905042e-13,false
357,634.7349359959686,0.0,false,63712.74450524005,133.66389757134812,1,8.899473527497733,false
358,1138.4970238547921,16.46321858882373,true,143655.5546673297,9969.473193278027,2,9903.945704000002,false
359,302.2769453650993,0.0,false,21634.329079244242,96.05429600000008,0,1.4210854715202004e-13,false
360,299.25253649073983,0.0,false,21343.82162307471,96.05429600000008,0,1.4210854715202004e-13,false
361,327.61498675857183,0.0,false,24724.01093684004,126.39686500000005,0,7.105427357601002e-14,false
362,284.0456261682606,0.0,false,19883.13260333456,96.05429600000008,0,1.4210854715202004e-13,false
363,1404.0287880371168,288.32518735544056,true,138079.90911956146,10000.000000000011,2,9873.603132000011,false
364,521.5239602611105,0.0,false,49233.49650729311,126.3968670000001,0,1.4210854715202004e-13,false
365,1865.46712424438,718.5800680683745,true,142021.4000091778,10000.000000000004,2,9873.603131000038,false
366,1301.8427775268142,118.63788286978874,true,156439.52254107184,9747.223708258207,3,9968.518354595159,true
367,2026.790727161736,1071.755535021786,true,113227.30612671826,9999.999999999998,3,9873.603132999997,false
368,602.1932706021316,0.0,false,59840.17785061025,133.66389847009623,1,8.899474628138563,false
369,1083.5347249534168,0.0,false,133310.9375610988,212.6280832722186,1,105.60193955792049,false
370,494.6393883076092,0.0,false,45835.37100304212,126.39686700000033,0,4.547473508864641e-13,false
371,194.775243665695,0.0,false,11308.329126211125,96.05429600000033,0,3.694822225952521e-13,false
372,556.751565973211,0.0,false,53751.55280935026,133.6638975713479,1,8.899473527497918,false
373,1704.2249066141965,708.9688030801742,true,135463.74432979146,10000.0,2,9873.603135,true
374,853.2843986176788,0.0,false,93173.92932579281,137.08524384357656,1,27.98923598419229,false
375,465.44320658333515,0.0,false,42145.06527990813,126.3968670000001,0,1.9895196601282805e-13,false
376,713.7692932345772,0.0,false,74623.2078389887,133.66389936884428,1,8.899475728778881,false
377,619.4743591355762,0.0,false,61751.78327068113,133.66389757134755,1,8.899473527497847,false
378,504.78077006762294,0.0,false,47117.20982371031,126.3968670000001,0,1.9895196601282805e-13,false
379,710.5059996180411,0.0,false,77329.11048945217,282.11682574601895,1,642.818112478067,false
380,1477.1007785067343,356.6742830076411,true,138676.8681993161,10000.0,2,9873.603132,false
381,589.0434069589649,0.0,false,58548.7244239534,137.08524152169468,1,27.98923252263137,false
382,1321.262780914436,210.680790942127,true,138650.8610510955,9969.473194284108,2,9903.945704000003,false
383,362.30536216186096,0.0,false,29108.765494727435,126.39686500000015,0,3.126388037344441e-13,false
384,646.7587036494261,0.0,false,65479.124222763596,133.66389847009603,1,8.899474628138194,false
385,1201.9654357321667,93.60398023045673,true,149201.2061317579,9882.896397549996,2,9989.999999,false
386,282.4846393012139,0.0,false,19733.193113438116,96.05429600000002,0,9.947598300641403e-14,false
387,1937.8729706719664,743.6646474715823,true,152530.4972855607,10000.000000000002,4,10116.287071594305,true
388,1147.768743651711,54.683189927398224,true,151392.82709253824,9000.281715590638,2,9989.999999000005,false
389,808.7872710919329,0.0,false,87224.35257106104,133.6639011663411,1,8.899477930059888,false
390,553.8180547769625,0.0,false,53315.36868293416,126.39686800000013,0,1.9895196601282805e-13,false
391,401.6778509732638,0.0,false,34085.324490246356,126.3968660000001,0,2.5579538487363607e-13,false
392,956.2125878378636,0.0,false,107578.79570541321,145.2126722882057,1,23.04253072282617,false
393,716.8751158287038,0.0,false,74798.05082825446,133.66389936884434,1,8.899475728778668,false
394,1173.3042386506634,52.409500853530595,true,138943.69704508592,10000.0,4,9873.603132,true
395,786.1524873330627,132.39509671949946,true,71233.47207481076,-2511.550654657425,3,12511.550654657425,false
396,418.7644871563328,0.0,false,36245.02166883514,126.39686599999982,0,4.547473508864641e-13,false
397,698.5804855768712,0.0,false,72376.0068130238,133.66389847009532,1,8.899474628138051,false
398,732.7799458774232,0.0,false,77044.08647340696,133.6638993688439,1,8.899475728778526,false
399,1275.252211499024,106.39853784811058,true,148495.67299357193,9969.473193278023,2,9903.945704,false
400,239.9974648881134,0.0,false,15652.117613620005,96.05429599999968,0,4.121147867408581e-13,false
401,789.057231540383,0.0,false,84857.92049851014,133.66390116634068,1,8.899477930059675,false
402,794.952668861302,0.0,false,85681.02074749976,133.66390116634068,1,8.899477930059675,false
403,604.3920879398983,0.0,false,59905.07829652117,133.6638975713471,1,8.899473527497491,false
404,819.653499507823,0.0,false,88697.37263588991,133.66390116634068,1,8.899477930059675,false
405,1036.8198054807776,32.76173149694214,true,121998.43485924295,10000.000000000002,2,9873.603133000002,false
406,1162.3419963134736,67.02373822910825,true,149137.14221246334,9000.281715590641,2,9989.999999,false
407,1229.2690443255656,101.08910785858009,true,151793.5918727699,9080.986382379866,1,9989.999999,false
408,338.701993685421,0.0,false,26125.373810279056,126.39686500000016,0,1.8474111129762605e-13,false
409,309.8945785257841,0.0,false,22484.20696057713,126.39686500000016,0,1.8474111129762605e-13,false
410,564.3649777984829,0.0,false,54648.46664606299,126.39686800000015,0,1.5631940186722204e-13,false
411,393.95799715344117,0.0,false,33109.55920004191,126.39686600000024,0,2.5579538487363607e-13,false
412,1777.703515077567,770.1344785055685,true,121371.50367869897,10000.0,2,9873.603132999999,false
413,1915.9846920066593,952.1302304111409,true,111522.5752338928,10000.000000000002,3,9873.60313300001,false
414,400.3784377174036,0.0,false,33921.082733563904,126.39686600000053,0,1.0800249583553523e-12,false
415,359.2056611012984,0.0,false,28716.973010633992,126.39686500000059,0,6.679101716144942e-13,false
416,540.866740584557,0.0,false,51678.36322318945,126.39686800000038,0,7.105427357601002e-13,false
417,354.3912275446525,0.0,false,28108.443721580887,126.39686500000059,0,6.679101716144942e-13,false
418,458.26228475907203,0.0,false,41237.41930223498,126.39686600000053,0,1.0800249583553523e-12,false
419,1395.676666628628,284.2804535027396,true,137535.46885339956,10000.000000000007,2,9873.603132000042,false
420,1392.4869848311957,274.2408674589116,true,148825.39138938737,10000.0,3,9873.603133,true
421,668.3051422074117,0.0,false,69109.84171783674,133.66390016634122,1,8.899477930059803,false
422,384.4048035042641,0.0,false,31902.065510260807,126.39686600000027,0,6.821210263296962e-13,false
423,1670.997280526879,625.6045743404372,true,141800.85352626164,9999.999999999998,3,9873.603134000003,true
424,799.1483206282746,0.0,false,85729.26991406307,137.08524252169488,1,27.989232522631113,false
425,511.04383505288007,0.0,false,47908.84157808586,126.39686700000024,0,5.400124791776761e-13,false
426,967.7838110055749,39.831173417322645,true,126956.79749982596,3896.874247690893,1,9873.603135000001,true
427,127.63644564879253,0.0,false,4859.359349827702,96.05429600000011,0,5.400124791776761e-13,false
428,181.24639828483367,0.0,false,10008.825448046118,96.05429600000011,0,5.400124791776761e-13,false
429,355.866846561058,0.0,false,28294.957333286413,126.3968650000003,0,3.694822225952521e-13,false
430,711.3651333646905,0.0,false,74227.89659259787,133.66389936884448,1,8.899475728778626,false
431,444.59713157435414,0.0,false,39510.18683460239,126.39686600000024,0,6.536993168992922e-13,false
432,248.92599762017196,0.0,false,16509.741512725297,96.05429600000011,0,5.400124791776761e-13,false
433,1228.2792662909887,155.64548041279377,true,145244.04048955016,10000.0,3,9873.603134,true
434,687.3129683719314,0.0,false,71054.33434593015,137.0852411998124,1,27.98922906106928,false
435,1499.9604112858317,345.87126334662696,true,155539.7425656804,10000.0,2,9873.603133000002,true
436,1090.983207507385,96.74825006421784,true,119256.26044519142,10000.0,2,9873.603133,false
437,1247.4513825651363,180.87678280604268,true,127436.1113187612,9999.999999999996,3,9873.603132,false
438,517.9064843984924,0.0,false,48776.25891351504,126.3968670000003,0,3.126388037344441e-13,false
439,519.9224336366384,0.0,false,50187.491278596564,137.08524216545865,1,27.989239445753284,false
440,947.9341641691848,82.41054957466312,true,99828.44083003319,10000.000000000007,3,9903.945704000009,false
441,1645.2758357750595,536.0112253345785,true,150876.59392337155,9882.896397549983,2,9989.999999000001,false
442,463.9625486313697,0.0,false,41957.91476256505,126.39686700000038,0,3.979039320256561e-13,false
443,756.1327890401018,0.0,false,79871.09613964045,133.6638994700961,1,8.89947462813808,false
444,642.6365839144622,0.0,false,65059.19288712223,133.66389847009617,1,8.899474628138137,false
445,3001.0390138571183,1889.7995946918984,true,137515.6505889471,9999.999999999993,3,9873.603132000004,false
446,1349.475984775201,165.656401606215,true,146689.55548988833,9999.999999999993,2,9873.603131000007,false
447,598.0790193654273,0.0,false,59122.73526301839,133.6638975713476,1,8.899473527497321,false
448,1349.764914578027,191.2438675311438,true,143491.89993615955,10000.0,2,9873.603131000002,false
449,395.8879307760879,0.0,false,33353.49675188287,126.39686600000039,0,5.258016244624741e-13,false
450,687.467695745644,0.0,false,71559.07935373047,137.08524284357645,1,27.98923598419124,false
451,703.481027853128,0.0,false,73201.2895574958,137.0852411998123,1,27.989229061068514,false
452,887.7277326682032,0.0,false,97345.7650661549,133.66390126759262,1,8.899476829418944,false
453,2032.3074139016899,903.6311054739534,true,139719.61865733395,10000.0,2,9873.603132,false
454,551.0168832668086,0.0,false,52961.30939692805,126.39686800000007,0,1.1368683772161603e-13,false
455,431.08712175270813,0.0,false,37802.56400106715,126.39686600000009,0,1.2789769243681803e-13,false
456,227.87982435853667,0.0,false,14488.166219723424,96.05429600000006,0,8.526512829121202e-14,false
457,1114.4004085736105,217.48900782604824,true,119787.71035913152,6623.191192253158,2,13113.425453880123,true
458,744.7235267594019,0.0,false,80160.18412926394,137.08524580922258,1,27.989246368876067,false
459,1362.272255690629,416.9536870184789,true,129151.7966771727,9999.999999999995,3,9873.603134999994,true
460,508.79578845641714,0.0,false,47624.69554491119,126.39686700000003,0,1.8474111129762605e-13,false
461,463.5293752355979,0.0,false,41903.16300507072,126.39686700000003,0,1.8474111129762605e-13,false
462,321.634359233529,0.0,false,23968.078390864437,126.39686500000003,0,1.7053025658242404e-13,false
463,1066.0343891296611,0.0,false,130311.75918628773,212.628083272218,1,105.60193955791985,false
464,844.009323211161,0.0,false,91627.81722805474,137.08524352169454,1,27.98923252263107,false
465,1717.575675399097,597.4690797755077,true,151244.454624218,9999.999999999996,3,13982.740638586898,true
466,1098.958173453243,66.82608310012658,true,117610.59833348848,9999.999999999998,3,9875.460704687146,false
467,537.1993404103656,0.0,false,51214.81535314073,126.39686700000033,0,3.410605131648481e-13,false
468,488.0484973298623,0.0,false,45002.303072261544,126.39686700000033,0,3.410605131648481e-13,false
469,592.2448705412938,0.0,false,58287.460751233324,133.66389757134772,1,8.899473527497591,false
470,400.08440284564915,0.0,false,33883.9176487496,126.39686600000033,0,3.410605131648481e-13,false
471,789.156061271447,0.0,false,84463.02271778982,137.08524252169485,1,27.989232522630985,false
472,2190.461688515441,1079.3405177564566,true,137500.70436158087,10000.000000000004,4,9873.603132000015,false
473,855.0988873567375,0.0,false,93462.63100053683,133.66390116634125,1,8.899477930059803,false
474,691.4758421797225,0.0,false,71495.78239876103,133.6638993688445,1,8.899475728778754,false
475,303.15277816576696,0.0,false,21718.45657969859,96.05429600000014,0,1.9895196601282805e-13,false
476,859.2642443072292,8.429916262585595,true,108822.64495737138,3351.3296115749054,1,10756.182234308104,true
477,861.6450871763811,0.0,false,94592.51713098338,133.66390206508964,1,8.899479030700377,false
478,497.3591161861394,0.0,false,46179.1360696623,126.39686700000016,0,2.2737367544323206e-13,false
479,687.8517674440205,0.0,false,70991.73771195274,133.66389847009611,1,8.899474628138165,false
480,842.9177220927421,0.0,false,92248.42236220022,133.66390206508964,1,8.899479030700377,false
481,683.4990869089803,0.0,false,70842.53116630219,133.6638992675928,1,8.899476829419115,false
482,1183.3846523987345,102.69791398799009,true,133286.47061378974,10000.0,2,9873.603132,false
483,698.314710258851,0.0,false,72113.96089638147,133.6638985713476,1,8.899473527497634,false
484,270.3662587297862,0.0,false,18569.1706353447,96.0542960000001,0,1.1368683772161603e-13,false
485,353.5061247090406,0.0,false,27996.569501497288,126.39686500000012,0,1.7053025658242404e-13,false
486,970.6515233219827,0.0,false,109597.13049145842,145.21267318695396,1,23.042531823466675,false
487,678.5679370963636,0.0,false,69796.17684580846,137.08523987793055,1,27.9892255995086,false
488,262.27169458627725,0.0,false,17791.65299939678,96.05429600000008,0,1.9895196601282805e-13,false
489,621.9882853519557,0.0,false,62005.62302979544,137.08523855604852,1,27.989222137947394,false
490,1168.682533115621,87.48343898071431,true,129252.59047064722,9999.999999999998,3,9882.116232285045,false
491,987.9873897843526,0.0,false,111814.55113001028,145.21267318695408,1,23.042531823466675,false
492,377.59672975550654,0.0,false,31041.546358961365,126.39686500000019,0,2.2737367544323206e-13,false
493,754.4460624585382,0.0,false,80023.3419872444,137.08524252169457,1,27.989232522630786,false
494,1149.0498273739718,122.79530934667147,true,129307.54844751282,9233.951601138637,3,12484.059446020668,true
495,872.1025632967379,0.0,false,97100.05558121752,154.07121401814348,1,72.46974102849877,false
496,327.0072009607453,0.0,false,24647.188719834332,126.39686500000002,0,8.526512829121202e-13,false
497,527.4547356517012,0.0,false,49983.12789995963,126.39686700000001,0,7.105427357601002e-13,false
498,544.7600465335265,0.0,false,52170.464874051635,126.39686800000013,0,3.126388037344441e-13,false
499,1053.1907485138743,0.0,false,124812.30168122292,212.6280823734699,1,105.60193845727926,false
500,902.1334388274685,0.0,false,100128.5354960199,133.66390206508956,1,8.899479030700405,false
501,1052.474815668736,0.0,false,129602.24688855742,212.6280832722179,1,105.60193955791978,false
502,509.8724014131119,0.0,false,47760.776043149235,126.39686700000001,0,7.105427357601002e-13,false
503,377.7123902122784,0.0,false,31056.16547763907,126.39686500000002,0,8.526512829121202e-13,false
504,342.1980686703309,0.0,false,26567.266714192272,126.39686500000002,0,8.526512829121202e-13,false
505,853.1540438903274,0.0,false,94033.60495502115,154.0712100524975,1,72.46973064381494,false
506,333.98390225392234,0.0,false,25529.02186342662,126.39686500000008,0,1.1368683772161603e-13,false
507,1684.8970618918463,569.9686684273465,true,142543.659018621,10000.000000000002,3,9903.945704000002,false
508,392.33163491081234,0.0,false,32903.992117724694,126.39686600000002,0,1.7053025658242404e-13,false
509,1147.31922665062,35.40204401850246,true,140768.96159910102,9969.473194284103,2,9903.945704000002,false
510,447.718588986474,0.0,false,39904.729253239406,126.39686599999996,0,2.7000623958883807e-13,false
511,853.5518208010545,0.0,false,93347.71082541048,133.66390116634102,1,8.899477930059717,false
512,1302.9281327808587,116.8140140280799,true,146979.57758513265,10000.000000000002,2,9873.603131000002,false
513,972.3028212738795,0.0,false,109540.02156956427,145.2126713894571,1,23.04252962218561,false
514,444.40175534100274,0.0,false,39485.49189199274,126.39686600000005,0,1.1368683772161603e-13,false
515,409.61347495450843,0.0,false,35088.36245155198,126.39686600000005,0,1.1368683772161603e-13,false
516,1565.3151698007314,458.1649616705751,true,136998.7871501485,10000.0,2,9873.603132000002,false
517,873.77586832662,0.0,false,104860.61601308826,253.22601847436687,1,332.1225909560022,false
518,505.2420793714932,0.0,false,47175.517871669574,126.39686700000001,0,8.526512829121202e-14,false
519,816.0209433393768,0.0,false,88415.03853380862,133.66390116634108,1,8.899477930059788,false
520,787.382227120332,0.0,false,84408.88954167046,133.6639002675926,1,8.899476829419214,false
521,919.4635858898686,13.075548175174086,true,122042.88713225938,3351.3296115749063,1,10756.182234308102,true
522,407.8080896760695,0.0,false,34860.16741946168,126.39686600000019,0,1.7053025658242404e-13,false
523,398.54561026530376,0.0,false,33689.419096863785,126.39686600000019,0,1.7053025658242404e-13,false
524,645.4657697676697,0.0,false,65125.9450973282,133.66389757134746,1,8.89947352749762,false
525,827.7329791871937,0.0,false,89784.05377321153,133.66390116634105,1,8.899477930059817,false
526,624.089888829532,0.0,false,62521.187088838575,133.66389757134746,1,8.89947352749762,false
527,480.1889549859475,0.0,false,44008.881591094105,126.39686700000007,0,2.2737367544323206e-13,false
528,1646.098346917215,493.46000284626956,true,149180.07885247318,10000.0,3,9873.603132,true
529,223.50691380329116,0.0,false,14068.129387987101,96.05429600000002,0,9.947598300641403e-14,false
530,1153.6687777929526,200.92218171748027,true,111394.22084877375,10000.0,2,9873.603133,false
531,662.108176420981,0.0,false,67882.15321721385,133.663899368844,1,8.899475728778356,false
532,282.86139975996974,0.0,false,19769.3825729343,96.05429600000014,0,2.1316282072803006e-13,false
533,401.47309667497694,0.0,false,34059.444189666705,126.39686600000027,0,2.8421709430404007e-13,false
534,566.5897609910054,0.0,false,55003.34650972515,137.085238556048,1,27.98922213794583,false
535,333.3716131352111,0.0,false,25451.63044079716,126.39686500000028,0,3.979039320256561e-13,false
536,954.1262522446832,0.0,false,114330.73605718328,253.22601815248458,1,332.1225874944395,false
537,660.1055477092917,0.0,false,68393.60131139477,137.08524448734033,1,27.98924290731351,false
538,1218.3728840646459,80.27864579785603,true,147473.38868504393,10000.0,3,9873.603132,true
539,2401.7762196314457,1322.194466544001,true,150045.04368273023,9000.281715590641,2,9989.999998999996,false
540,808.0955727845961,0.0,false,88496.87293229964,154.07121169626163,1,72.4697375669375,false
541,581.3157232564106,0.0,false,56790.98766355506,126.39686800000013,0,1.5631940186722204e-13,false
542,323.6764414191497,0.0,false,24226.191169030946,126.39686500000013,0,3.126388037344441e-13,false
543,824.1920793788154,0.0,false,88569.75493771046,133.6638994700959,1,8.899474628138321,false
544,485.26804321887136,0.0,false,44650.862400477636,126.39686700000011,0,3.268496584496461e-13,false
545,512.8868116939399,0.0,false,48141.78804041211,126.39686700000011,0,3.268496584496461e-13,false
546,791.2663949536671,0.0,false,85021.0899613122,137.08524384357656,1,27.98923598419229,false
547,747.5075948001382,0.0,false,79048.1180803939,133.66390026759268,1,8.899476829418973,false
548,1209.7532686728582,133.19848680779373,true,147427.81651213026,9000.281715590641,2,9989.999999000003,false
549,603.4057210087008,0.0,false,59852.426749588005,133.66389757134758,1,8.899473527497577,false
550,1084.114082359999,76.60667088034629,true,137012.27119726362,6748.418300940278,2,20953.98915951673,true
551,529.1761470921624,0.0,false,50200.70890252365,126.39686700000013,0,1.4210854715202004e-13,false
552,420.43647090339175,0.0,false,36456.35516610656,126.39686600000013,0,1.4210854715202004e-13,false
553,304.5478554839796,0.0,false,21852.459745179847,96.05429600000014,0,1.4210854715202004e-13,false
554,312.7793322735615,0.0,false,22848.83077905418,126.39686500000013,0,1.4210854715202004e-13,false
555,707.3968561433139,0.0,false,74687.71860276436,137.0852441654585,1,27.989239445753284,false
556,160.49597377927782,0.0,false,8015.658092715069,96.05429600000014,0,1.4210854715202004e-13,false
557,269.73081283754686,0.0,false,18508.133329425895,96.05429600000014,0,1.4210854715202004e-13,false
558,535.3896467118132,0.0,false,50986.0757502722,126.39686700000013,0,1.4210854715202004e-13,false
559,315.2351973491941,0.0,false,23159.244415653695,126.39686500000013,0,1.4210854715202004e-13,false
560,383.751046628624,0.0,false,31819.432693322713,126.39686500000013,0,1.4210854715202004e-13,false
561,336.3782728981174,0.0,false,25831.662796923414,126.39686500000013,0,1.4210854715202004e-13,false
562,846.7575027155481,0.0,false,92610.87931423845,133.66390206508947,1,8.899479030700292,false
563,617.1312247966441,0.0,false,61491.56844284064,133.66389757134758,1,8.899473527497548,false
564,407.1729244318587,0.0,false,34779.88452637714,126.39686600000013,0,1.4210854715202004e-13,false
565,921.8441386483713,0.0,false,109097.57496612181,253.22601847436675,1,332.12259095600217,false
566,312.59769733214864,0.0,false,22825.87269261167,126.3968650000001,0,1.2789769243681803e-13,false
567,618.3916656073951,0.0,false,61965.11199802938,133.6638984700959,1,8.89947462813808,false
568,934.256434696497,0.0,false,104476.72513625213,220.05294614347463,1,296.35489184412677,false
569,343.1290396871271,0.0,false,26684.938528397302,126.39686499999999,0,3.552713678800501e-13,false
570,419.21424976241383,0.0,false,36301.87025043912,126.39686600000002,0,3.552713678800501e-13,false
571,1001.9804699674653,0.0,false,115522.27469976898,253.22601650872093,1,332.12258057131857,false
572,572.991772623004,0.0,false,55864.32172301924,137.08523855604844,1,27.98922213794738,false
573,272.6520718574725,0.0,false,18788.73279925472,96.05429600000005,0,9.947598300641403e-14,false
574,628.4463432252336,0.0,false,62905.491004731535,137.08523855604844,1,27.98922213794738,false
575,335.34299508922703,0.0,false,25700.806931616702,126.39686500000008,0,1.1368683772161603e-13,false
576,1527.817917302322,382.4225206656023,true,149514.83140717645,9000.28171559064,2,9989.999998000001,false
577,601.6444054427906,0.0,false,59624.9557100621,133.66389757134746,1,8.899473527497591,false
578,1404.5345216848118,283.1441992707464,true,138798.69289591582,10000.000000000007,4,9873.603132000007,false
579,429.9888591029025,0.0,false,37663.74704957812,126.39686599999996,0,1.2789769243681803e-13,false
580,580.908245158212,0.0,false,56739.48371101644,126.39686799999996,0,9.947598300641403e-14,false
581,530.4839359162501,0.0,false,50366.00930473917,126.39686699999999,0,8.526512829121202e-14,false
582,675.2647144325938,0.0,false,69643.4345259473,137.08524119981254,1,27.989229061070063,false
583,646.2162193129454,0.0,false,65189.55193955182,133.66389757134752,1,8.899473527497634,false
584,2500.504952066114,1380.6652525959012,true,138602.69902321894,10000.0,3,9873.603132,false
585,961.3039804624337,18.212798993330832,true,128870.2619264759,6748.418300610967,2,20953.98916163891,true
586,777.0318535211767,0.0,false,82909.94842280033,133.6639002675923,1,8.899476829419086,false
587,858.1933834656712,0.0,false,94087.69190974995,137.08524516545813,1,27.989239445752247,false
588,597.9478102297197,0.0,false,58893.2312488603,126.39686800000014,0,3.552713678800501e-13,false
589,577.1516238872335,0.0,false,56495.78453925692,133.66389757134726,1,8.89947352749742,false
590,723.8681507124371,0.0,false,76036.01703660238,137.0852425216941,1,27.989232522629862,false
591,762.5255542399078,0.0,false,81371.19183547128,133.66390116634076,1,8.899477930059604,false
592,696.7659606093285,0.0,false,72696.40614913373,133.66390016634077,1,8.899477930059618,false
593,526.7255365018241,0.0,false,49890.9594163716,126.39686700000017,0,3.836930773104541e-13,false
594,133.6390324917185,0.0,false,5435.933585196052,96.05429599999994,0,2.984279490192421e-13,false
595,413.3297612059946,0.0,false,35558.08936831729,126.39686600000005,0,4.547473508864641e-13,false
596,294.80160793394,0.0,false,20916.290827357785,96.05429599999994,0,2.984279490192421e-13,false
597,829.2243118190673,3.012156110611784,true,102963.25081268584,3623.854257012453,1,11539.169161060625,true
598,806.0912105033245,0.0,false,86818.34305992365,133.66390116634085,1,8.899477930059803,false
599,503.66497315109325,0.0,false,46976.176595947436,126.3968669999999,0,2.5579538487363607e-13,false
600,603.952964899494,0.0,false,59763.47381989979,133.66389757134718,1,8.899473527497548,false
601,1111.1934641074745,72.63109199233303,true,138875.91275711518,10000.0,3,9873.603134,true
602,287.8944407323022,0.0,false,20252.827765171736,96.05429600000016,0,1.5631940186722204e-13,false
603,553.8546881541672,0.0,false,53319.999026820646,126.39686800000018,0,5.258016244624741e-13,false
604,684.5223746804176,0.0,false,70901.99612530383,137.08524119981257,1,27.989229061069906,false
605,486.72679663154605,0.0,false,44835.244252812874,126.39686700000004,0,5.968558980384842e-13,false
606,333.81829715550924,0.0,false,25508.089898821727,126.39686500000057,0,7.673861546209082e-13,false
607,816.068074483905,0.0,false,88772.75343423731,137.08524548734067,1,27.989242907314903,false
608,855.6590508759549,0.0,false,93924.47222141728,137.08524516545862,1,27.989239445753654,false
609,303.67835880594043,0.0,false,21768.940856504934,96.05429600000008,0,1.4210854715202004e-13,false
610,637.5586976506573,0.0,false,64270.2539401825,137.08523855604844,1,27.98922213794738,false
611,1196.677564954458,53.64376062440021,true,141534.36107120762,10000.0,2,9873.603131,false
612,528.419034258704,0.0,false,50105.012216951625,126.39686700000007,0,1.1368683772161603e-13,false
613,528.1933967440041,0.0,false,50231.81740990287,137.0852388779305,1,27.989225599508515,false
614,399.71311211984477,0.0,false,33836.98766648943,126.3968660000001,0,1.7053025658242404e-13,false
615,486.43561486315343,0.0,false,44798.4397913075,126.39686700000007,0,1.1368683772161603e-13,false
616,814.5933967960468,0.0,false,87792.85715575937,137.0852425216946,1,27.989232522631127,false
617,841.0496882049656,0.0,false,92020.6706303827,133.66390206508936,1,8.89947903070032,false
618,556.5371703631728,0.0,false,53659.05635772735,126.39686800000004,0,7.105427357601002e-14,false
619,230.94700065734352,0.0,false,14782.781670611665,96.05429600000002,0,7.105427357601002e-14,false
620,374.60390169676765,0.0,false,30663.262286823996,126.3968650000001,0,1.8474111129762605e-13,false
621,965.8542816557197,0.0,false,108548.72859089969,145.21267049070875,1,23.04252852154508,false
622,1363.634350312342,352.16494015098135,true,119904.82323650656,10000.0,2,9873.603132,false
623,339.06657549195984,0.0,false,26171.455806203245,126.39686499999996,0,5.684341886080802e-14,false
624,483.2790311771824,0.0,false,44399.45752191696,126.39686699999997,0,1.1368683772161603e-13,false
625,512.1373612556761,0.0,false,48047.05985754048,126.39686699999997,0,1.1368683772161603e-13,false
626,1674.2090964669333,557.2564627423995,true,150845.8037404638,10000.0,3,9873.603133000006,true
627,908.3448155189367,0.0,false,100886.95403673234,133.66390206508927,1,8.899479030700292,false
628,361.3327160547715,0.0,false,28985.826079927403,126.3968649999999,0,1.1368683772161603e-13,false
629,448.6116512299715,0.0,false,40017.609517495184,126.39686599999996,0,7.105427357601002e-14,false
630,530.6022682462261,0.0,false,50380.966139802986,126.39686699999996,0,1.1368683772161603e-13,false
631,262.4518550193326,0.0,false,17808.958182420494,96.05429599999997,0,7.105427357601002e-14,false
632,908.9436179940168,0.0,false,100918.52590808696,133.66390206508922,1,8.899479030700235,false
633,836.5369174741809,0.0,false,90867.35087244744,133.66390116634085,1,8.899477930059703,false
634,633.6441165701707,0.0,false,63653.99180332387,133.66389757134732,1,8.899473527497491,false
635,396.2682197178758,0.0,false,33401.564080397795,126.39686599999999,0,1.1368683772161603e-13,false
636,467.12877945482717,0.0,false,42358.11639985147,126.39686699999999,0,1.1368683772161603e-13,false
637,278.8365012091048,0.0,false,19382.77378823421,96.05429599999997,0,9.947598300641403e-14,false
638,870.8931490994448,11.33127281005415,true,110899.55938979807,3623.854257012455,1,11539.169161060629,true
639,315.2701468460993,0.0,false,23163.661922355972,126.39686499999982,0,2.2737367544323206e-13,false
640,316.38795797995095,0.0,false,23304.949740865683,126.39686499999982,0,2.2737367544323206e-13,false
641,546.7787241905382,0.0,false,53342.30550012972,137.0852418435764,1,27.989235984192177,false
642,724.7271245334667,0.0,false,75939.8870571666,137.08524119981234,1,27.98922906106972,false
643,661.9082591419639,0.0,false,66977.6312195188,126.39686899999987,0,2.8421709430404007e-13,false
644,384.0392693875323,0.0,false,31855.863145317468,126.39686599999999,0,8.526512829121202e-14,false
645,999.8806227725375,153.2175046498256,true,92303.66548464727,10000.0,4,9874.320563407231,false
646,603.8564186072607,0.0,false,59858.95139009852,137.0852385560488,1,27.98922213794752,false
647,419.5532979467062,0.0,false,36344.724876661465,126.39686600000044,0,5.826450433232822e-13,false
648,442.00390506043004,0.0,false,39182.41114338054,126.39686600000044,0,5.826450433232822e-13,false
649,478.9433554001835,0.0,false,43851.44171339072,126.3968670000005,0,7.531752999057062e-13,false
650,584.9171856978751,0.0,false,57246.20121116549,126.39686800000032,0,5.258016244624741e-13,false
651,712.1193269090148,0.0,false,73826.62254185604,133.66389857134806,1,8.899473527497605,false
652,835.4009492584157,0.0,false,90737.47094604593,133.66390116634136,1,8.899477930059788,false
653,863.1868455263796,0.0,false,94307.25972853758,137.08524384357656,1,27.98923598419215,false
654,349.26905536356617,0.0,false,27461.017236389976,126.39686500000008,0,1.1368683772161603e-13,false
655,722.3004145687344,0.0,false,86172.1514142352,282.11682721933266,1,642.8181175681444,false
656,477.9056035391901,0.0,false,43720.27313566412,126.39686700000007,0,1.4210854715202004e-13,false
657,750.1345819058988,0.0,false,79489.09361365352,133.66390026759262,1,8.899476829419214,false
658,423.1334282283629,0.0,false,36797.24210623386,126.39686600000005,0,1.5631940186722204e-13,false
659,460.35941995143645,0.0,false,41502.49060764231,126.39686600000005,0,1.5631940186722204e-13,false
660,472.1946521181555,0.0,false,42998.426802721864,126.39686700000007,0,1.4210854715202004e-13,false
661,390.22249943549133,0.0,false,32637.404014220392,126.39686600000005,0,1.5631940186722204e-13,false
662,584.8221480412773,0.0,false,57234.18874969473,126.39686800000004,0,1.2789769243681803e-13,false
663,895.1730047776607,0.0,false,97951.97228285453,137.08524219981257,1,27.989229061069977,false
664,733.3931487383974,0.0,false,76905.13507823693,133.66389936884417,1,8.899475728778697,false
665,309.4899853588519,0.0,false,22433.067654294842,126.39686500000002,0,1.4210854715202004e-13,false
666,563.6972604522737,0.0,false,54645.37749196785,133.66389757134752,1,8.899473527497634,false
667,1156.4760996985992,33.120791512004274,true,139047.0609294732,10000.0,2,9873.603132000004,false
668,1214.1317842671422,100.6501743579581,true,146436.04115151853,9882.896398556071,2,9989.999998000005,false
669,427.447496726088,0.0,false,37342.52682248537,126.39686600000059,0,7.673861546209082e-13,false
670,269.4777952973678,0.0,false,18483.829908487423,96.05429600000043,0,5.258016244624741e-13,false
671,277.92533829850754,0.0,false,19295.252679049023,96.05429600000043,0,5.258016244624741e-13,false
672,364.4599101791651,0.0,false,29381.09360098843,126.39686500000059,0,6.536993168992922e-13,false
673,1204.9667532366154,196.11196951930253,true,113918.66576447993,10000.0,3,9875.460704332236,false
674,534.2321525242578,0.0,false,50839.7721183395,126.39686700000026,0,4.405364961712621e-13,false
675,496.14202546661056,0.0,false,46025.299623161714,126.39686700000026,0,4.405364961712621e-13,false
676,693.8419929510726,0.0,false,71665.58553900424,133.66389847009617,1,8.899474628138236,false
677,714.6909265964581,0.0,false,73981.08974263653,133.66389767259943,1,8.899472426857216,false
678,1184.8397031448674,34.984536771208035,true,152010.34417183665,9080.986382471887,1,9989.999998,false
679,673.9299098864279,0.0,false,68613.0037971696,133.66389767259943,1,8.899472426857187,false
680,1681.4014420964227,573.5763243310868,true,149692.11437449435,10000.000000000002,4,9873.603133000064,true
681,449.38607125210893,0.0,false,40115.49377738898,126.39686600000033,0,5.115907697472721e-13,false
682,683.7961132409254,0.0,false,70763.29143870992,137.08524119981251,1,27.989229061069153,false
683,1331.868851711749,212.2705504955582,true,138572.1870416593,10000.000000000022,2,9873.603132000058,false
684,229.77609511388448,0.0,false,14670.311166464977,96.05429600000035,0,4.973799150320701e-13,false
685,817.740878657557,0.0,false,88312.9783921403,133.66390116634122,1,8.899477930059646,false
686,1803.23604361092,691.3770491671793,true,137593.96295930556,10000.0,2,9873.603132000002,false
687,396.52115018544237,0.0,false,33433.5336975495,126.3968660000001,0,1.4210854715202004e-13,false
688,996.4274835352342,0.0,false,111928.19498660024,137.0852448435765,1,27.989235984192177,false
689,599.4295095940611,0.0,false,59205.13096497165,133.6638975713476,1,8.899473527497548,false
690,451.3509222252225,0.0,false,40363.8447727233,126.39686600000016,0,1.8474111129762605e-13,false
691,674.8423296311113,0.0,false,69845.04679050091,137.0852428435765,1,27.989235984192177,false
692,465.06209897018675,0.0,false,42096.89447390296,126.39686700000016,0,1.9895196601282805e-13,false
693,1362.843697326624,125.48053129936511,true,153457.2962898674,9999.999999999996,2,9873.603131000002,false
694,770.5180082249375,0.0,false,82222.53805645015,133.66390026759274,1,8.899476829419257,false
695,208.88661942170532,0.0,false,12663.787347711977,96.05429600000014,0,1.7053025658242404e-13,false
696,1178.970867066593,78.77286455023338,true,148728.07094853802,6748.4183012695985,2,12627.121238158845,true
697,291.09435353410584,0.0,false,20560.193127010578,96.05429599999991,0,1.1368683772161603e-13,false
698,1086.2240320119856,61.96196970050892,true,123266.37029976789,10000.000000000002,2,9873.603131000002,false
699,390.0057932096548,0.0,false,32610.013027515477,126.39686599999999,0,4.263256414560601e-14,false
700,1432.3747811296953,353.1922529558266,true,138047.6089357729,10000.000000000004,4,9873.603133000004,true
701,2595.6644938070103,1566.621719439731,true,117733.69808888262,10000.000000000002,2,9873.603132000002,false
702,1867.3182718479213,750.1592481861535,true,151683.38274471773,9080.986382379862,1,9989.999998999998,false
703,614.8187462646555,0.0,false,61377.27794279458,133.66389757134755,1,8.899473527497577,false
704,386.34697371567046,0.0,false,32147.549728510254,126.39686600000005,0,4.547473508864641e-13,false
705,1069.0300937945121,155.1310451236792,true,103698.22663431067,10000.0,2,9873.603133,false
706,329.3825610156703,0.0,false,24947.426774521708,126.39686500000045,0,4.405364961712621e-13,false
707,368.6125422358803,0.0,false,29905.973257845308,126.39686500000045,0,4.405364961712621e-13,false
708,561.0312361651763,0.0,false,54227.092168228104,126.39686800000041,0,4.263256414560601e-13,false
709,552.1952012903308,0.0,false,53110.245096361105,126.39686800000041,0,4.263256414560601e-13,false
710,1247.1183766248225,279.2629044219855,true,109421.09952519774,10000.000000000002,3,9873.603132000002,false
711,634.7469639290945,0.0,false,63829.76126895715,133.66389757134732,1,8.899473527497335,false
712,992.4098093560168,37.60581885503684,true,130350.72422159796,3718.7880402498363,1,11367.36364907396,true
713,405.51455811312485,0.0,false,34570.272229301096,126.3968660000003,0,6.536993168992922e-13,false
714,1134.9761795568231,35.50455575936568,true,148636.2589585713,10000.000000000004,2,9873.603133000004,true
715,200.37959572197587,0.0,false,11846.651200700231,96.05429600000025,0,3.552713678800501e-13,false
716,798.5999891452522,0.0,false,85671.5234238953,133.6639002675926,1,8.899476829418859,false
717,666.1280157118855,0.0,false,68955.68143322083,137.08524284357637,1,27.98923598419114,false
718,845.1043240908498,7.258898399709829,true,100466.24698343185,-2312.661359612254,2,12312.66135961225,false
719,432.93129095748236,0.0,false,38035.66119970355,126.3968660000003,0,6.536993168992922e-13,false
720,640.5971732689312,0.0,false,64804.0471352331,133.66389847009586,1,8.899474628137966,false
721,243.37744872832567,0.0,false,15976.779571743062,96.05429600000024,0,3.410605131648481e-13,false
722,1067.013031599102,0.0,false,121312.91063544973,145.21267059196032,1,23.04252742090452,false
723,626.8620551415509,0.0,false,62963.53039627188,133.6638984700959,1,8.899474628138123,false
724,592.5624674461983,0.0,false,58263.82308619241,133.66389757134755,1,8.899473527497577,false
725,574.9284391637126,0.0,false,55983.65500392276,126.39686800000007,0,1.5631940186722204e-13,false
726,357.741836490039,0.0,false,28531.950174716218,126.39686500000002,0,1.5631940186722204e-13,false
727,843.3026060361113,0.0,false,92154.81057078693,137.08524516545853,1,27.989239445753398,false
728,635.7566081649785,0.0,false,63672.14462606028,126.3968690000001,0,1.5631940186722204e-13,false
729,1151.589795339441,29.720383515869653,true,151730.48662633577,9080.98638237986,1,9989.999999,false
730,259.2432404799127,0.0,false,17500.756981327002,96.05429600000014,0,1.2789769243681803e-13,false
731,300.5060880878773,0.0,false,21464.23063547679,96.05429600000014,0,1.2789769243681803e-13,false
732,625.2093067300286,0.0,false,62368.27292159199,133.66389757134743,1,8.899473527497577,false
733,965.5727202043556,0.0,false,121644.72309736235,587.3889598682824,1,1207.1821473119926,true
734,988.5008583314302,0.0,false,120282.54481456072,555.6146760253059,1,1358.1691641668467,false
735,1544.842794441871,494.9769374259947,true,124157.25144803179,10000.0,2,9873.603132,false
736,758.5009448995639,0.0,false,80007.41555820077,133.6638994700958,2,8.899474628138165,false
737,770.4705698314153,0.0,false,82011.55880766093,133.6639002675926,1,8.899476829419228,false
738,611.6338673757995,0.0,false,60992.23594017244,133.66389757134743,1,8.899473527497591,false
739,205.13811588101797,0.0,false,12303.727490303248,96.054296,0,5.684341886080802e-14,false
740,1406.4177600618386,296.35138444784184,true,145424.12024229122,9999.999999999998,2,9873.603132999999,true
741,184.33164472557357,0.0,false,10305.17661364215,96.05429599999997,0,1.1368683772161603e-13,false
742,202.28157654578223,0.0,false,12029.344624030502,96.05429599999997,0,1.1368683772161603e-13,false
743,189.9886145478864,0.0,false,10848.552850446758,96.05429599999997,0,1.1368683772161603e-13,false
744,1303.87483651948,177.6223640237215,true,150892.780716203,9000.281715590636,2,9989.999999000003,false
745,584.5832635927322,0.0,false,57203.99450525696,126.39686799999998,0,3.126388037344441e-13,false
746,1306.249623776913,194.88604439798186,true,140718.15522245437,9999.999999999998,3,9903.945704000003,false
747,685.3679625415003,0.0,false,70506.29321096615,133.6638984700959,1,8.899474628138165,false
748,364.3080172646881,0.0,false,29361.894813390398,126.3968650000001,0,1.9895196601282805e-13,false
749,374.553686753542,0.0,false,30656.915275625033,126.3968650000001,0,1.9895196601282805e-13,false
750,807.8816991064283,0.0,false,87606.05535926293,137.08524416545853,1,27.989239445753242,false
751,653.7717515082302,0.0,false,66139.51931070503,133.6638975713475,1,8.899473527497534,false
752,509.97846697721553,0.0,false,47774.18239751223,126.3968670000001,0,1.7053025658242404e-13,false
753,549.0635592582054,0.0,false,52714.41537372469,126.39686800000015,0,1.7053025658242404e-13,false
754,218.6828335833095,0.0,false,13604.755773081451,96.05429600000008,0,8.526512829121202e-14,false
755,254.89299613184136,0.0,false,17082.897336095768,96.05429600000008,0,8.526512829121202e-14,false
756,898.0583955828773,0.0,false,99000.25777822886,133.66390116634108,1,8.899477930059703,false
757,794.3808449766609,0.0,false,85465.67139478272,137.0852438435765,1,27.98923598419185,false
758,989.9010233043276,0.0,false,111943.69674724301,145.2126722882055,1,23.042530722826072,false
759,430.35651541299046,0.0,false,37710.21765310015,126.39686600000016,0,1.7053025658242404e-13,false
760,333.88695601275606,0.0,false,25516.768162857454,126.39686500000016,0,1.2789769243681803e-13,false
761,281.3012618169453,0.0,false,19619.524625834583,96.05429600000011,0,1.1368683772161603e-13,false
762,854.3861620341936,0.0,false,93739.93153371534,133.6639020650894,1,8.899479030700249,false
763,397.5111372545535,0.0,false,33558.66495551576,126.39686600000016,0,1.7053025658242404e-13,false
764,977.3778440577692,0.0,false,110651.77839534212,145.2126740857023,1,23.042532924107178,false
765,409.985158292171,0.0,false,35135.342058718576,126.39686600000022,0,2.2737367544323206e-13,false
766,556.4187589752873,0.0,false,53693.96025176923,133.6638975713475,1,8.899473527497463,false
767,735.0591707907985,0.0,false,78032.80552325459,137.08524416545842,1,27.989239445752787,false
768,307.1416205797851,0.0,false,22136.24171773787,126.39686500000025,0,1.9895196601282805e-13,false
769,1279.646773351306,164.31067486246488,true,138033.4579959765,9999.99999999999,2,9873.603132000011,false
770,691.6975278825863,0.0,false,71059.90435101454,133.66389767259926,1,8.899472426857074,false
771,1169.8248878805325,59.860195466809714,true,139751.12147370997,9969.47319428411,2,9903.945703999998,false
772,1205.6071526207875,153.7254705462122,true,142621.0397096264,10000.000000000007,2,9873.603135000008,true
773,814.1520673268793,0.0,false,87856.12350151937,137.08524384357654,1,27.989235984192433,false
774,697.6089915867061,0.0,false,72030.0956630255,133.6638984700961,1,8.899474628138208,false
775,1504.7978815988095,381.27663245850965,true,139068.035345133,10000.000000000004,5,9873.603132000013,false
776,1457.3483827278526,285.3345452305146,true,144725.2806404237,10000.000000000002,3,9873.603131000002,false
777,714.6169250224524,0.0,false,74788.62046349788,137.08524119981269,1,27.98922906106951,false
778,1185.5820299232464,86.9673756895281,true,151497.9390504372,9080.986382379864,1,9989.999998999998,false
779,990.6273868655762,0.0,false,112250.29390530841,145.21267318695408,1,23.042531823466703,false
780,814.702456258959,0.0,false,87782.14981409056,133.6639002675929,1,8.899476829419243,false
781,948.8571075427263,0.0,false,106320.72221972591,145.21267049070894,1,23.042528521544995,false
782,591.0785061317392,0.0,false,58126.055696115225,133.66389757134772,1,8.899473527497577,false
783,622.1726695794719,0.0,false,62027.466007190604,133.66389757134772,1,8.899473527497577,false
784,564.0619187693205,0.0,false,54610.1609360792,126.39686800000032,0,4.263256414560601e-13,false
785,1455.2212519338116,344.6620285373669,true,142901.66640629977,9969.473193278023,2,9903.945703999998,false
786,726.2260228810779,0.0,false,76018.45720008948,133.66389936884457,1,8.899475728778668,false
787,339.4539845044262,0.0,false,26220.423089302156,126.39686500000033,0,5.968558980384842e-13,false
788,1081.4430176290393,0.0,false,130145.12618217773,253.22601783060315,1,332.12258403287933,false
789,511.623374953894,0.0,false,47982.09360239826,126.39686700000033,0,5.968558980384842e-13,false
790,903.135602654824,0.0,false,103513.42040639312,253.22601683060293,1,332.1225840328796,false
791,1046.6543225416065,0.0,false,123315.90723240309,212.6280823734699,1,105.60193845727926,false
792,948.9751282307005,0.0,false,106439.52828591272,154.07121105249786,1,72.46973064381494,false
793,638.4677822581281,0.0,false,64634.43792354148,133.66389847009617,1,8.89947462813818,false
794,564.7881275521898,0.0,false,54701.95144666446,126.39686800000027,0,5.400124791776761e-13,false
795,223.70147551137413,0.0,false,14086.817875301853,96.05429600000014,0,3.694822225952521e-13,false
796,517.0824130036434,0.0,false,48672.098875966156,126.39686700000016,0,5.968558980384842e-13,false
797,1217.6342469638112,193.6981339380804,true,116642.96331488929,10000.0,3,9875.460705775877,false
798,1129.6131357992197,0.0,false,136294.72237578427,212.62808337346965,1,105.6019384572792,false
799,955.4601506337148,46.32303974354864,true,101077.75415212999,9999.999999999996,3,9873.603131999998,false
800,1230.1754561410746,129.90881019016308,true,146623.80261246738,9999.999999999998,3,9873.603132999999,true
801,820.9299813100763,0.0,false,88625.42679221559,133.66390026759262,1,8.899476829419271,false
802,428.305621399546,0.0,false,37450.991087557064,126.39686600000009,0,1.9895196601282805e-13,false
803,820.4456241215636,0.0,false,89138.38558687255,137.08524384357645,1,27.989235984191623,false
804,708.5930527825835,0.0,false,73731.48354238879,133.66389936884448,1,8.89947572877864,false
805,843.6564226006559,0.0,false,91898.41821655305,133.66390116634125,1,8.899477930059746,false
806,958.5159346063632,0.0,false,107067.89428078989,133.6639021663411,1,8.89947793005976,false
807,963.4407950927231,64.49364532943069,true,120272.16216541227,3351.329611574909,1,10756.182234308108,true
808,338.0161521373035,0.0,false,26038.68559145364,126.39686500000022,0,2.2737367544323206e-13,false
809,311.30238089107513,0.0,false,22662.148760458276,126.39686500000022,0,2.2737367544323206e-13,false
810,980.3857245001569,0.0,false,110068.6565970602,137.08524516545864,1,27.98923944575327,false
811,407.85132473480604,0.0,false,34865.63219517117,126.3968660000003,0,2.5579538487363607e-13,false
812,810.3573868614358,0.0,false,90875.65981590025,253.22601715248499,1,332.1225874944407,false
813,1048.701521259523,0.0,false,127100.770101356,212.6280832722182,1,105.60193955791966,false
814,1098.1040810329757,119.59535924241773,true,109829.00598195929,9999.999999999998,2,9873.603131999998,false
815,490.1234312035793,0.0,false,45264.56820068191,126.39686700000033,0,2.8421709430404007e-13,false
816,366.83996703453516,0.0,false,29681.92531650877,126.39686500000028,0,2.5579538487363607e-13,false
817,524.8694746254829,0.0,false,49656.35902138029,126.3968680000003,0,2.5579538487363607e-13,false
818,365.3598305294792,0.0,false,29494.840708418204,126.39686500000028,0,2.5579538487363607e-13,false
819,1441.0983231495686,319.60052838431704,true,138812.2770637501,10000.0,2,9873.603132,false
820,1383.9180684667592,287.14708497526954,true,150941.08936064428,9000.281715590636,2,9989.999999000001,false
821,1081.473481221853,88.47515858203984,true,120232.08900873453,9789.243090429587,3,10591.79757857099,false
822,398.1178985222918,0.0,false,33635.35767513432,126.39686599999979,0,1.2789769243681803e-12,false
823,1093.6074377414031,80.56642510024166,true,119373.14379600309,9999.999999999987,3,9873.603132000031,false
824,659.561207371346,0.0,false,67049.90563391111,133.66389757134704,1,8.899473527497989,false
825,556.1128526959773,0.0,false,53605.42393652664,126.39686799999956,0,1.4068746168049984e-12,false
826,773.5104771647857,0.0,false,82351.93440408345,133.66390026759234,1,8.899476829419541,false
827,1037.3479377052456,0.0,false,126460.42394607984,253.22601783060188,1,332.12258403288104,false
828,680.3659615679645,0.0,false,70279.03452807377,133.6638993688437,1,8.899475728779052,false
829,1212.7666141329748,105.4647135788411,true,149625.9813613767,10000.0,3,9873.603133000008,true
830,822.2282679042233,0.0,false,89238.8259839851,133.66390116634122,1,8.899477930059902,false
831,269.6790603110477,0.0,false,18503.162277082065,96.05429600000019,0,2.5579538487363607e-13,false
832,1021.8182208297653,52.49409098263641,true,132186.0242562336,3896.8742476908874,1,9873.603134999996,true
833,329.98412649746564,0.0,false,25023.462763106603,126.39686500000029,0,3.836930773104541e-13,false
834,517.7821319554438,0.0,false,48760.54115505604,126.39686700000028,0,3.126388037344441e-13,false
835,1086.8076492729758,0.0,false,138089.09349193776,397.3645634507184,1,331.83707316662,false
836,282.9432145079113,0.0,false,19777.24123070475,96.05429600000019,0,2.5579538487363607e-13,false
837,700.2320730092696,0.0,false,72780.31346951358,137.08524119981257,1,27.989229061069167,false
838,853.838312353173,0.0,false,93551.61489178572,133.66390206508947,1,8.899479030700235,false
839,544.5377418331974,0.0,false,52142.3662577447,126.3968680000003,0,3.694822225952521e-13,false
840,487.11406898321167,0.0,false,44884.19426241545,126.39686700000006,0,1.5631940186722204e-13,false
841,431.02671793189876,0.0,false,37794.929147724455,126.39686600000007,0,2.984279490192421e-13,false
842,986.0146797329231,0.0,false,129396.034990674,587.3889598682817,1,1207.18214731199,true
843,546.9480446238518,0.0,false,52447.02096454286,126.39686800000032,0,2.984279490192421e-13,false
844,156.76954017922895,0.0,false,7657.718147850947,96.05429600000011,0,1.8474111129762605e-13,false
845,611.813585804929,0.0,false,61155.29020473763,133.66389847009586,1,8.899474628137767,false
846,314.32642874117124,0.0,false,23044.37891622421,126.39686500000032,0,4.405364961712621e-13,false
847,927.6055554334177,0.0,false,103033.49950460753,133.66390206508947,1,8.899479030700235,false
848,878.2098683398443,0.0,false,96538.11718660183,133.6639011663411,1,8.89947793005966,false
849,272.46558891929965,0.0,false,18770.820312471966,96.05429600000011,0,1.8474111129762605e-13,false
850,681.441336935234,0.0,false,70403.59241768626,133.66389936884428,1,8.899475728778384,false
851,568.5927288935279,0.0,false,55268.219420030735,137.08523855604844,1,27.989222137946456,false
852,925.8709769612203,0.0,false,103545.26920794095,145.21267049070875,1,23.042528521544625,false
853,663.8650467152919,0.0,false,68000.22043481066,133.66389936884423,1,8.899475728778441,false
854,1033.9074115626004,5.27928734076454,true,139681.86298995832,3896.87424830901,1,9873.603134,true
855,486.3694780125138,0.0,false,44790.080300990354,126.39686700000038,0,3.979039320256561e-13,false
856,565.8928351229225,0.0,false,54841.583015927994,126.39686800000038,0,4.121147867408581e-13,false
857,815.6844437930238,0.0,false,87522.62823873998,133.6638994700961,1,8.899474628138051,false
858,388.48164752988,0.0,false,32417.365797885304,126.39686600000039,0,3.979039320256561e-13,false
859,778.5866958266894,0.0,false,82969.49701496439,133.66390026759296,1,8.899476829419172,false
860,582.526946235985,0.0,false,57023.05378492039,133.66389757134772,1,8.899473527497548,false
861,759.5597069531285,0.0,false,80692.41333989304,133.66390026759296,1,8.899476829419172,false
862,528.2032005306733,0.0,false,50077.73151123075,126.39686700000038,0,3.979039320256561e-13,false
863,593.7052571862044,0.0,false,58356.985861534085,126.39686800000038,0,4.121147867408581e-13,false
864,321.46381110873796,0.0,false,23946.521643241424,126.39686500000039,0,3.979039320256561e-13,false
865,404.50319383405395,0.0,false,34442.43895909903,126.39686600000039,0,3.979039320256561e-13,false
866,1032.1695875346056,0.0,false,126377.51053110283,253.22601815248527,1,332.1225874944408,false
867,1266.761442646725,114.68055891359342,true,142677.88350897402,10000.000000000007,2,9873.603131000009,false
868,326.26330079243667,0.0,false,24553.162073662854,126.39686500000039,0,3.836930773104541e-13,false
869,648.2747225840526,0.0,false,66872.98548827917,137.08524448734096,1,27.989242907314733,false
870,1163.045926387919,2.9652713404366864,true,156164.4132406892,9233.951601138637,3,12484.059446020667,true
871,783.393233424455,0.0,false,84303.07930707691,137.08524416545896,1,27.98923944575408,false
872,421.9721023881604,0.0,false,36650.45416543416,126.39686599999959,0,1.5916157281026244e-12,false
873,1708.9905433923918,591.1035580405926,true,138355.88208822024,9999.999999999995,2,9873.603132000015,false
874,484.8450732389041,0.0,false,44597.400322712565,126.39686699999987,0,1.8758328224066645e-12,false
875,630.8053880815625,0.0,false,63096.76947835457,137.08523855604847,1,27.989222137947735,false
876,271.6416398619207,0.0,false,18691.67646829735,96.05429599999931,0,9.379164112033322e-13,false
877,446.3680266623925,0.0,false,39734.0224148906,126.39686599999897,0,2.2168933355715126e-12,false
878,379.4979672057898,0.0,false,31281.856804692754,126.39686499999982,0,1.2505552149377763e-12,false
879,1602.259885930691,495.13454997812545,true,136995.64338497494,10000.000000000004,3,9873.603132000004,false
880,1400.28350178693,258.13079474457845,true,151933.31957852354,9080.986382379862,1,9989.999999,false
881,1181.6802211517495,112.27598728647986,true,144835.83525268012,10000.000000000002,2,9873.603134,true
882,510.17665514962255,0.0,false,47799.2327603918,126.39686700000016,0,1.8474111129762605e-13,false
883,167.10734745957234,0.0,false,8650.708917334567,96.05429600000005,0,1.1368683772161603e-13,false
884,824.628690087055,0.0,false,89640.52844421423,133.6639011663412,1,8.899477930059732,false
885,443.4371317788707,0.0,false,39363.566501692614,126.39686600000016,0,1.9895196601282805e-13,false
886,1522.2489689659978,366.5057535592626,true,143140.79073645824,10000.000000000011,2,9873.60313100001,false
887,372.38715129380626,0.0,false,30383.071994269216,126.39686500000019,0,1.9895196601282805e-13,false
888,1080.3368564213777,31.10480312603214,true,142286.1349491165,3896.874248309008,1,9873.603133999988,true
889,533.5799932853516,0.0,false,50757.34123766956,126.39686700000016,0,3.126388037344441e-13,false
890,819.3768596744806,0.0,false,88450.64954760735,133.66390026759282,1,8.899476829419314,false
891,652.5692559823107,0.0,false,66495.0281166174,133.66389847009614,1,8.899474628138165,false
892,943.0516794260902,0.0,false,104922.53633278368,137.08524484357682,1,27.989235984192675,false
893,703.5352162992937,0.0,false,72856.57589831049,133.66389847009606,1,8.899474628138094,false
894,620.7243673713288,0.0,false,62012.350865963395,133.66389757134758,1,8.899473527497562,false
895,474.48896854455074,0.0,false,43288.42119715899,126.39686700000013,0,1.4210854715202004e-13,false
896,361.11795689125523,0.0,false,28958.681195787998,126.39686500000002,0,1.5631940186722204e-13,false
897,801.6651041540498,0.0,false,86681.12699759353,133.66390116634105,1,8.899477930059788,false
898,1064.5198361768616,97.65976577207421,true,114210.97967604046,9999.999999999996,3,9873.603133,false
899,603.3525230500844,0.0,false,59787.076184268124,133.6638975713479,1,8.899473527497577,false
900,665.5948385237507,0.0,false,67443.60328120408,126.39686900000015,0,2.5579538487363607e-13,false
901,453.90089080669446,0.0,false,40686.15279707004,126.39686500000028,0,2.7000623958883807e-13,false
902,2139.0469745876317,1012.6144151253206,true,139946.27716852629,9999.999999999993,3,9903.945704000002,false
903,813.3321110507003,0.0,false,88295.01021919768,133.6639010650897,1,8.89947903070022,false
904,1052.8390392073854,5.440022494636395,true,142054.44487897813,3718.788040885998,1,11367.36364792266,true
905,846.7580477523577,63.81811969599957,true,96931.72522192445,3254.6728521061864,1,10912.553005948897,false
906,555.2210099517828,0.0,false,53504.36348860554,133.66389757134766,1,8.899473527497705,false
907,252.232503052426,0.0,false,16827.34555432113,96.05429600000008,0,1.9895196601282805e-13,false
908,348.41671776400017,0.0,false,27353.284439292573,126.39686500000009,0,2.2737367544323206e-13,false
909,1334.92821398398,290.8181034960305,true,141638.73745604017,10000.000000000002,2,9873.603134,true
910,868.1800254121808,0.0,false,95006.88327709706,133.6639011663412,1,8.899477930059874,false
911,329.23564843998616,0.0,false,24928.857486113804,126.39686500000008,0,1.5631940186722204e-13,false
912,1370.5866727469472,305.29460832220144,true,148252.99003044117,9000.28171559066,2,9989.999998999996,false
913,406.06291721676973,0.0,false,34639.58309870257,126.39686600000013,0,2.2737367544323206e-13,false
914,1069.335843368748,0.0,false,129102.56321763479,212.62808327221842,1,105.6019395579199,false
915,295.430425988648,0.0,false,20976.691501028414,96.05429600000005,0,3.694822225952521e-13,false
916,1147.4468983506556,4.739709435627145,true,142584.24994416497,9969.47319428412,2,9903.945703999996,false
917,1256.6131678343784,120.92631049023038,true,140605.7300342552,10000.000000000022,2,9873.603132000022,false
918,356.6394384778275,0.0,false,28392.610526400036,126.39686500000028,0,2.7000623958883807e-13,false
919,461.69994745485326,0.0,false,41671.92907615839,126.3968660000001,0,1.4210854715202004e-13,false
920,1764.1578741877863,654.684411788322,true,137292.4391970939,10000.0,2,9873.603132,false
921,335.81762834726175,0.0,false,25760.799085558516,126.3968650000001,0,7.105427357601002e-14,false
922,648.7955921488235,0.0,false,65762.25103156723,133.66389847009594,1,8.899474628138066,false
923,1415.2223420751634,307.0993188408832,true,151107.11608121925,9000.281715590636,2,9989.999999,false
924,846.7515763147319,0.0,false,92789.40465609709,137.08524548734061,1,27.989242907314548,false
925,912.2249384392255,0.0,false,101097.6974925844,137.08524516545862,1,27.989239445753185,false
926,1062.6247504786506,0.0,false,129326.92596715754,253.22601783060304,1,332.1225840328792,false
927,211.9178309866946,0.0,false,12954.94823152045,96.05429600000005,0,8.526512829121202e-14,false
928,278.1678167177409,0.0,false,19318.543772176185,96.05429600000005,0,8.526512829121202e-14,false
929,1922.1003114311782,799.989161485678,true,140382.6421729256,9999.999999999996,4,10514.78560050061,true
930,477.107105604218,0.0,false,43619.345503168704,126.3968670000005,0,5.115907697472721e-13,false
931,1243.0316682121127,119.82392521971353,true,139028.4091521344,9999.999999999996,3,9873.603132000007,false
932,1683.4642388498573,623.2773965901828,true,128604.49367632606,10000.0,2,9873.603132,false
933,277.02373274620993,0.0,false,19208.649595158153,96.05429600000039,0,5.258016244624741e-13,false
934,444.97818311378666,0.0,false,39558.350553065815,126.39686600000056,0,7.389644451905042e-13,false
935,601.6329220542394,0.0,false,59725.49543651393,137.08523855604912,1,27.989222137947607,false
936,1109.1182847654213,0.0,false,143838.296660241,397.3645733809976,1,331.8370841029703,false
937,591.7020885036352,0.0,false,59938.42782749217,137.08524480922296,1,27.98924636887611,false
938,802.7185270595184,48.59725044913675,true,94163.57003206786,3254.6728521061737,1,10912.553005948886,false
939,498.3257962553509,0.0,false,46301.32139600197,126.39686700000044,0,7.389644451905042e-13,false
940,750.5109624503119,0.0,false,79320.6685362459,133.66389936884494,1,8.89947572877864,false
941,286.2906128242925,0.0,false,20098.7732093741,96.05429600000016,0,5.258016244624741e-13,false
942,305.7517810058057,0.0,false,21968.10196000348,96.05429600000016,0,5.258016244624741e-13,false
943,642.3120596699273,0.0,false,65107.27702054746,133.6638984700964,1,8.899474628137952,false
944,534.7649249696728,0.0,false,50907.11288306726,126.39686700000044,0,7.389644451905042e-13,false
945,883.9937126436466,0.0,false,97712.16595011373,137.08524516545862,1,27.989239445753654,false
946,739.709147900589,0.0,false,78202.47005049916,137.0852425216946,1,27.989232522631127,false
947,675.3395226976561,0.0,false,69249.46704727052,133.66389847009583,1,8.899474628138137,false
948,1478.08264538527,359.49588278508986,true,138444.33173581507,10000.000000000004,4,9873.603132000004,false
949,1330.1880782024145,217.7949574522008,true,137661.47484782105,10000.000000000005,2,9873.603132000006,false
950,1277.024933911315,159.29568891157476,true,140688.77815758972,9969.4731942841,2,9903.945704,false
951,544.6114066953417,0.0,false,52151.67726508553,126.39686799999998,0,1.9895196601282805e-13,false
952,404.6105206371873,0.0,false,34456.00473011617,126.39686599999996,0,3.126388037344441e-13,false
953,1765.2490038461126,660.7500375555095,true,149254.32832047515,9000.281715590643,2,9989.999999000001,false
954,1721.0689163869981,709.3391928636103,true,137545.95818575402,9999.999999999998,2,9873.60313400001,true
955,592.1533640096264,0.0,false,58412.347334766535,133.6638975713475,1,8.899473527497548,false
956,740.0025801392987,0.0,false,78369.01448597595,133.66390026759265,1,8.899476829419172,false
957,908.3224418506684,0.0,false,100708.01489638351,133.66390206508945,1,8.899479030700206,false
958,558.725730115623,0.0,false,53935.683440547866,126.3968679999999,0,2.5579538487363607e-13,false
959,1816.1458967546548,729.5847263439836,true,147004.4181763949,10000.0,3,9873.603133000004,true
960,599.9673329259402,0.0,false,59661.30580753131,133.6638983688442,1,8.89947572877874,false
961,429.8113531325425,0.0,false,37641.31085211589,126.396866,0,2.5579538487363607e-13,false
962,424.0941550326077,0.0,false,36918.674958568976,126.396866,0,2.5579538487363607e-13,false
963,1679.5314223520093,792.5690712113195,true,100070.9945131261,10000.000000000002,3,9903.945704000002,false
964,739.9277720622118,0.0,false,78258.00375844912,133.66390026759223,1,8.899476829419555,false
965,1164.646139846143,184.26255356549714,true,115367.77826298794,10000.0,2,9873.603133,false
966,1074.102153023027,0.0,false,128906.86042449083,212.6280832722167,1,105.60193955792006,false
967,1320.3504421678217,193.0977641698283,true,139539.6762397903,10000.00000000001,2,9873.60313200001,false
968,1825.1460905824906,692.3825369533645,true,152844.254385927,10000.0,3,9873.603133000002,true
969,424.5858791542502,0.0,false,36980.82734402267,126.39686600000044,0,4.405364961712621e-13,false
970,654.8838770386119,0.0,false,66341.56447085337,133.66389757134766,1,8.899473527497548,false
971,452.1397581346295,0.0,false,40513.9478053254,137.08523919981263,1,27.98922906106945,false
972,636.1247342738222,0.0,false,64069.24172213559,137.08523823416658,1,27.989218676385676,false
973,1197.4815968116075,270.05828117092403,true,126889.8928671947,7649.668174085177,3,9873.603135,true
974,1619.536433144743,479.09225730093897,true,141207.04015938894,10000.000000000011,2,9873.60313100001,false
975,394.7287956860522,0.0,false,33206.98571502741,126.39686600000033,0,3.268496584496461e-13,false
976,228.11629692848174,0.0,false,14510.8804252434,96.05429600000019,0,2.1316282072803006e-13,false
977,897.8914148751933,0.0,false,100217.97394068562,154.0712140181438,1,72.46974102849856,false
978,681.4460776012909,0.0,false,70105.77634090457,133.6638984700959,1,8.899474628138123,false
979,390.02853627752586,0.0,false,32612.88767990393,126.39686600000005,0,1.5631940186722204e-13,false
980,1371.939010027465,283.6938008954807,true,150957.40463973169,9000.281715590634,2,9989.999999,false
981,307.6816187454129,0.0,false,22204.49579081897,126.39686500000002,0,1.5631940186722204e-13,false
982,927.5033439566566,0.0,false,103717.6111494705,145.21267049070875,1,23.042528521545023,false
983,975.9866415526177,0.0,false,109781.61581862411,145.21267049070875,1,23.042528521545023,false
984,456.01673463313136,0.0,false,40953.58881509782,126.39686600000007,0,2.1316282072803006e-13,false
985,1130.0039005011945,220.8109573870568,true,100613.72638307975,9999.999999999993,3,9874.320563495972,false
986,888.1794565512023,129.0522686056895,true,94644.40930618448,608.6383051408066,2,10661.436584303567,false
987,1038.760192290725,100.67486113223836,true,114448.6166178564,9789.243088232946,3,10591.79758705652,false
988,559.5204330570622,0.0,false,54858.46417398044,137.08524184357657,1,27.989235984192433,false
989,523.0861519899806,0.0,false,49430.952638102426,126.39686700000007,0,1.2789769243681803e-13,false
990,1336.822835720568,224.37437367716652,true,137668.46981356372,10000.000000000004,3,9873.603132000006,false
991,610.6170548380936,0.0,false,60799.78981254531,133.66389757134746,1,8.899473527497591,false
992,787.9836304803723,0.0,false,84457.90576108835,133.6639002675926,1,8.899476829419257,false
993,620.1937549089724,0.0,false,61933.89089516603,133.66389757134746,1,8.899473527497591,false
994,157.46651525814138,0.0,false,7724.665596294482,96.05429600000005,0,1.5631940186722204e-13,false
995,684.6506403254098,0.0,false,70618.94531204311,133.6638984700958,1,8.899474628138151,false
996,598.054254210271,0.0,false,58906.68543387429,126.39686799999993,0,8.526512829121202e-14,false
997,387.4673640308993,0.0,false,32289.16354744997,126.39686599999993,0,1.4210854715202004e-13,false
998,1294.788115688649,185.1962051931972,true,137307.41066461816,10000.00000000001,2,9873.60313200001,false
999,467.46815134480744,0.0,false,42401.01194145656,126.3968670000005,0,5.115907697472721e-13,false
1000,969.6308361493508,46.96026677735691,true,120395.2035527458,9233.951587407144,3,10522.311477258858,true
1001,1106.062401827876,0.0,false,133594.78277151674,212.62808337347093,1,105.60193845727915,false
1002,1510.2765333727593,377.09764240928405,true,140288.7309562451,10000.00000000003,2,9873.603132000186,false
1003,265.66897447219446,0.0,false,18117.976316961835,96.05429600000065,0,1.1368683772161603e-12,false
1004,548.7988615377768,0.0,false,54049.33189666557,137.08524348734122,1,27.98924290731489,false
1005,777.6803036391588,0.0,false,83092.79022888701,137.08524252169536,1,27.9892325226309,false
1006,883.50878447986,6.655412044033925,true,115014.45591029595,3351.329611574901,1,10756.182234308133,true
1007,563.540714186039,0.0,false,54544.28231281384,126.39686800000095,0,9.663381206337363e-13,false
1008,371.6587961540586,0.0,false,30291.01019091213,126.39686500000114,0,2.0037305148434825e-12,false
1009,485.7435568265301,0.0,false,44710.96582784888,126.39686700000084,0,1.8758328224066645e-12,false
1010,964.4256420421489,1.8380468897527442,true,131334.54741680168,3718.7880402498386,1,11367.363649073955,true
1011,719.5898376723629,0.0,false,75318.88682244954,137.08524119981251,1,27.989229061070105,false
1012,714.0833059847778,0.0,false,73826.95596671537,133.66389767259886,1,8.89947242685706,false
1013,325.522171882534,0.0,false,24459.4857058547,126.39686499999988,0,2.8421709430404007e-13,false
1014,810.4610756315559,0.0,false,88526.42502827293,137.0852454873405,1,27.98924290731516,false
1015,752.8375978240101,0.0,false,79668.62898552133,137.08524252169445,1,27.989232522631298,false
1016,521.1060974840171,0.0,false,49180.679963939765,126.39686699999999,0,1.9895196601282805e-13,false
1017,318.66977131724224,0.0,false,23593.363784087247,126.39686499999988,0,2.8421709430404007e-13,false
1018,881.2133752216746,0.0,false,97479.09438896259,137.08524548734061,1,27.989242907315187,false
1019,808.8562279812961,0.0,false,87465.80836200804,133.6639011663409,1,8.899477930059803,false
1020,1333.6896499794857,198.03970659001544,true,150918.7604112854,9882.896397549994,2,9989.999999000001,false
1021,471.52370874021005,0.0,false,42913.62166584091,126.39686700000038,0,3.979039320256561e-13,false
1022,263.53069189144145,0.0,false,17912.585095433296,96.05429600000028,0,2.8421709430404007e-13,false
1023,773.4013107859494,0.0,false,82729.64655171987,133.6639011663413,1,8.899477930059717,false
1024,627.8099244599545,0.0,false,62771.27198107119,133.66389757134772,1,8.899473527497577,false
1025,325.3299033800359,0.0,false,24435.18357066989,126.39686500000033,0,3.410605131648481e-13,false
1026,779.61802774203,0.0,false,84446.87251199337,137.08524580922278,1,27.989246368875953,false
1027,1052.8799426448481,0.0,false,138199.11472071658,587.3889567366191,1,1207.1821364925659,true
1028,1440.0410632494297,350.4447319039035,true,147388.05299119058,8510.691731332496,4,20321.15007512246,true
1029,865.752203666413,0.0,false,94696.57471192631,133.66390116634102,1,8.89947793005976,false
1030,356.80629294682217,0.0,false,28413.700407524775,126.39686500000028,0,4.547473508864641e-13,false
1031,651.5493295745806,0.0,false,66316.88550034685,133.66389847009577,1,8.899474628138123,false
1032,1873.0895580323627,738.8488709256338,true,140422.93865577393,9999.999999999993,2,9873.603132000004,false
1033,592.8647352010029,0.0,false,58572.06570951884,133.66389757134743,1,8.899473527497491,false
1034,693.8778818334038,0.0,false,71825.71653341042,133.66389936884428,1,8.899475728778754,false
1035,599.8610981156339,0.0,false,59421.13240360234,133.66389757134743,1,8.899473527497491,false
1036,1075.4891911478237,0.0,false,132479.7220696269,212.6280832722182,1,105.60193955791979,false
1037,907.6985985631343,0.0,false,101781.05010511343,154.07121534002567,1,72.4697444900597,false
1038,1176.1443750318674,62.06536601672735,true,137875.36447152172,9969.473195290167,2,9903.945704,false
1039,1463.7293636306686,348.7189167080896,true,141908.2727907509,10000.0,3,9903.945704,false
1040,539.1329196599996,0.0,false,51459.21370078916,126.39686700000007,0,1.5631940186722204e-13,false
1041,707.3824485878042,0.0,false,74093.73448228424,133.66390016634105,1,8.899477930059788,false
1042,449.9470610103643,0.0,false,40186.401121885545,126.39686600000013,0,1.5631940186722204e-13,false
1043,544.2463988862156,0.0,false,52105.54142377157,126.39686799999993,0,1.9895196601282805e-13,false
1044,288.95325504988887,0.0,false,20354.531425865756,96.05429600000002,0,7.105427357601002e-14,false
1045,595.9408502521552,0.0,false,58796.72630151634,133.6638975713475,1,8.899473527497591,false
1046,720.7234823335112,0.0,false,75375.8951962123,137.08524119981251,1,27.989229061069935,false
1047,1515.7401974762954,403.9841582511781,true,137580.94974284776,10000.000000000007,2,9873.603132000007,false
1048,238.52654917257524,0.0,false,15510.829844501444,96.05429600000005,0,1.5631940186722204e-13,false
1049,811.8930140934068,0.0,false,88017.81840325239,133.66390116634105,1,8.89947793005966,false
1050,633.7570347786175,0.0,false,63531.072874592195,133.66389757134752,1,8.899473527497435,false
1051,634.3898641370035,0.0,false,63942.82790976681,133.66389847009603,1,8.899474628138066,false
1052,946.6347614511102,0.0,false,106474.01861317367,145.21267228820543,1,23.04253072282603,false
1053,1748.5477194657549,624.2936831317702,true,139160.6573461957,10000.0,3,9873.603132,false
1054,557.2128636231888,0.0,false,53744.46186479219,126.39686800000003,0,9.947598300641403e-14,false
1055,1038.304764910229,123.03068308548579,true,101448.38286017634,10000.0,3,9874.320563495961,false
1056,892.8994255771636,0.0,false,98672.05724240057,133.6639020650895,1,8.899479030700363,false
1057,867.8247863144776,0.0,false,95998.20176040792,154.07121005249766,1,72.46973064381491,false
1058,971.4514178592824,0.0,false,109789.59391995502,154.07121501814373,1,72.46974102849869,false
1059,247.72288673059407,0.0,false,16394.177546826308,96.05429600000006,0,3.836930773104541e-13,false
1060,257.7343910600463,0.0,false,17355.82551705825,96.05429600000006,0,3.836930773104541e-13,false
1061,398.03470318621106,0.0,false,33624.842045803794,126.3968660000001,0,9.237055564881302e-13,false
1062,428.2443861376156,0.0,false,37443.25114266655,126.3968660000001,0,9.237055564881302e-13,false
1063,325.977945586099,0.0,false,24517.094071311734,126.39686500000008,0,3.552713678800501e-13,false
1064,628.9655063954743,0.0,false,63050.23285310996,133.6638975713476,1,8.899473527497648,false
1065,381.2236194803629,0.0,false,31499.973835376324,126.39686500000003,0,3.268496584496461e-13,false
1066,413.5650491013945,0.0,false,35587.82901972711,126.39686600000013,0,3.836930773104541e-13,false
1067,1140.4697269402384,53.185721513626845,true,147095.7822534308,3896.8742489271353,1,9873.603133,true
1068,584.4332768410351,0.0,false,57446.25945051997,133.6638975713476,1,8.899473527497662,false
1069,251.26011343872324,0.0,false,16733.943357456374,96.05429600000025,0,2.4158453015843406e-13,false
1070,974.9953969932445,0.0,false,110232.26812861439,145.21267318695402,1,23.042531823466845,false
1071,466.0005675644632,0.0,false,42215.51395836661,126.39686700000021,0,2.8421709430404007e-13,false
1072,449.0773502316138,32.06916498669285,true,52708.52562626459,-4111.563684794371,1,14111.563684794368,false
1073,841.5326413174381,0.0,false,92074.14858670009,133.6639020650896,1,8.899479030700462,false
1074,410.3712763734189,0.0,false,35184.146172163644,126.39686600000027,0,3.126388037344441e-13,false
1075,1667.7863611548864,559.2280618790742,true,137176.76545096128,10000.0,3,9873.603132,false
1076,207.5745735256248,0.0,false,12537.759706780414,96.05429600000014,0,3.979039320256561e-13,false
1077,682.522925935487,0.0,false,70462.05113974925,133.66389936884428,1,8.899475728778569,false
1078,789.6641761188952,0.0,false,85524.55106276061,137.08524548734056,2,27.98924290731496,false
1079,1019.8150187312344,112.23568591603882,true,100507.32335128261,10000.0,4,9874.320563495958,false
1080,626.1220817643589,0.0,false,62629.00708950242,137.08523855604832,1,27.98922213794728,false
1081,141.66774416600987,0.0,false,6207.125808770953,96.05429599999994,0,1.1368683772161603e-13,false
1082,456.64322428033745,0.0,false,41032.77513995362,126.39686599999996,0,8.526512829121202e-14,false
1083,547.3532785417993,0.0,false,53031.44151401279,137.08524019981235,1,27.989229061069807,false
1084,609.9116947211296,0.0,false,60463.50164045875,137.0852385560483,1,27.989222137947223,false
1085,768.590926258065,0.0,false,81835.61065771333,133.66390026759254,1,8.899476829419228,false
1086,843.0882504300256,0.0,false,91921.51672923243,133.6639011663409,1,8.89947793005976,false
1087,1314.2060674504817,157.72588526135016,true,155841.96178941434,10000.0,2,9873.603133000002,true
1088,1083.5840505102492,0.0,false,132159.9383409466,212.62808327221808,1,105.60193955791988,false
1089,2149.077820948991,1027.0339029977824,true,138881.30532017446,10000.0,3,9873.603132000007,false
1090,157.37099368163766,0.0,false,7715.490338797176,96.05429600000002,0,5.684341886080802e-14,false
1091,390.4775032619917,0.0,false,32669.63569743302,126.39686599999999,0,1.7053025658242404e-13,false
1092,494.0337088206719,0.0,false,45758.81501712094,126.39686699999993,0,8.526512829121202e-14,false
1093,688.4699420297021,0.0,false,71425.61610882427,137.08524119981251,1,27.98922906107002,false
1094,937.2171989647999,0.0,false,104526.08406549417,133.66390206508936,1,8.899479030700391,false
1095,1842.9674915441417,711.7333717085097,true,140042.9179903217,10000.0,2,9873.60313200001,false
1096,402.2092551183772,0.0,false,34152.49230611105,126.39686599999999,0,1.1368683772161603e-13,false
1097,606.5377447959787,0.0,false,60127.58661083251,133.66389757134752,1,8.899473527497676,false
1098,348.36701345802305,0.0,false,27347.00197103888,126.39686499999996,0,1.1368683772161603e-13,false
1099,1403.0067958229524,329.02622122593385,true,149136.68382501215,9000.281715590638,2,9989.999999,false
1100,1532.6319060822223,469.2213764864822,true,128861.30325425748,10000.0,2,9873.603132,false
1101,791.1085865687155,0.0,false,84446.02219237176,133.66389947009588,1,8.899474628138236,false
1102,755.21193321827,0.0,false,80018.20298972585,133.66390026759265,1,8.899476829419314,false
1103,965.3114084763708,0.0,false,108221.37835939595,145.21266959196038,1,23.04252742090459,false
1104,1043.1469480771962,0.0,false,126805.63230828915,253.22601783060293,1,332.1225840328799,false
1105,835.2628156999383,0.0,false,90844.45974156231,137.0852438435765,1,27.98923598419249,false
1106,1779.9445554645795,796.1829593096742,true,111235.81659881341,10000.0,3,9873.603132,false
1107,411.8874355103807,0.0,false,35375.7839278522,126.39686600000059,0,7.673861546209082e-13,false
1108,280.4770524755368,0.0,false,19540.355780261616,96.05429600000043,0,5.258016244624741e-13,false
1109,319.8702255413402,0.0,false,23745.097429787467,126.39686500000059,0,6.536993168992922e-13,false
1110,490.0791453801085,0.0,false,45258.970611608514,126.39686700000058,0,7.673861546209082e-13,false
1111,815.8319756077336,0.0,false,88336.49297864697,133.66390116634153,1,8.899477930059788,false
1112,412.91397344720394,0.0,false,35505.53510076394,126.39686600000059,0,7.673861546209082e-13,false
1113,393.1865378683869,0.0,false,33012.049168021826,126.39686600000059,0,7.673861546209082e-13,false
1114,363.7697562659297,0.0,false,29293.86031274873,126.39686500000059,0,6.536993168992922e-13,false
1115,885.1024794043242,0.0,false,98047.80090318466,162.56869622602662,1,114.45811900922638,false
1116,477.13783555970844,0.0,false,43623.22967308151,126.39686700000054,0,8.384404281969182e-13,false
1117,301.374103909609,0.0,false,21547.60728154609,96.05429600000043,0,5.542233338928781e-13,false
1118,512.073900881088,0.0,false,48039.038665394895,126.39686700000054,0,8.384404281969182e-13,false
1119,626.0980194077351,0.0,false,62804.413294527934,133.6638975713481,1,8.899473527497548,false
1120,919.5485280087869,0.0,false,102180.60004476826,133.66390206508999,1,8.899479030700306,false
1121,552.7463603026621,0.0,false,53179.9098654317,126.39686800000054,0,6.679101716144942e-13,false
1122,925.669447525879,0.0,false,104179.08301735287,154.0712166619081,1,72.46974795162116,false
1123,865.980569170779,2.8256659536564475,true,94517.20244839476,-2464.155750253812,2,12464.155750253813,false
1124,348.42250850825036,0.0,false,27354.016371188744,126.3968650000006,0,6.252776074688882e-13,false
1125,878.250135315208,0.0,false,95651.42736854832,133.66390036884465,1,8.899475728778597,false
1126,644.155748036707,0.0,false,64979.492174223196,133.66389757134812,1,8.89947352749762,false
1127,461.95978066406184,0.0,false,41704.77117818603,126.39686600000057,0,7.531752999057062e-13,false
1128,304.1782063260037,0.0,false,21816.95335665246,96.0542960000004,0,4.405364961712621e-13,false
1129,714.8727659241006,0.0,false,74754.17208383087,133.66389936884474,1,8.89947572877864,false
1130,672.9161893706904,0.0,false,69069.49318171473,133.66389847009648,1,8.899474628138123,false
1131,393.9298132091285,0.0,false,33105.99683795021,126.39686600000057,0,7.531752999057062e-13,false
1132,650.172197935834,0.0,false,65494.229922560226,126.39686900000048,0,6.394884621840902e-13,false
1133,1086.311863876843,0.0,false,129909.67889578118,253.22601783060315,1,332.1225840328796,false
1134,553.1262058181544,0.0,false,53693.47169825699,137.0852401998128,1,27.98922906106945,false
1135,919.6621640564236,0.0,false,102010.14983729903,133.66390206508999,1,8.89947903070022,false
1136,741.7517709754643,0.0,false,78599.77970495215,137.0852425216949,1,27.989232522630843,false
1137,334.78998694657525,0.0,false,25630.908438278166,126.3968650000006,0,6.252776074688882e-13,false
1138,242.51395675652935,0.0,false,15893.837460881008,96.05429600000053,0,6.252776074688882e-13,false
1139,1065.5823490935284,103.56703704162693,true,131262.2126292959,10000.0,2,9873.603135,true
1140,526.7767899678039,0.0,false,49897.4376935867,126.39686700000004,0,4.263256414560601e-14,false
1141,545.9442077753748,0.0,false,52320.13913793921,126.3968680000001,0,1.1368683772161603e-13,false
1142,846.0406401290505,0.0,false,93845.58447472577,154.07121566190756,1,72.46974795162131,false
1143,786.7296183501329,0.0,false,84159.54807675476,137.08524252169457,1,27.989232522631156,false
1144,339.3919068538516,0.0,false,26212.57666913123,126.3968650000001,0,1.1368683772161603e-13,false
1145,1114.791417455152,122.81768703563182,true,112123.77290413596,10000.000000000004,3,9873.603132000004,false
1146,806.1460635271616,0.0,false,86883.75005532839,133.66390116634113,1,8.899477930059803,false
1147,670.7947714105366,0.0,false,68717.57619909731,137.08523987793058,1,27.98922559950927,false
1148,866.8886491077639,0.0,false,95243.65233457537,133.66390206508956,1,8.899479030700292,false
1149,771.1505863205768,0.0,false,82271.31886184246,137.08524252169462,1,27.989232522630672,false
1150,767.5416613189735,0.0,false,81825.36038879826,133.66390026759268,1,8.899476829419228,false
1151,1619.451649791815,500.9501255631631,true,138433.55787321707,10000.000000000005,2,9873.603132000004,false
1152,349.8126596121802,0.0,false,27529.72710704108,126.39686500000016,0,1.4210854715202004e-13,false
1153,613.1684792992751,0.0,false,61003.27663221848,133.6638975713476,1,8.899473527497548,false
1154,818.555678777659,0.0,false,88288.95025019979,133.66390036884434,1,8.899475728778711,false
1155,276.04965171689446,0.0,false,19115.084930562556,96.05429600000014,0,2.5579538487363607e-13,false
1156,947.6278895272488,0.0,false,106598.34114177668,145.21267228820554,1,23.04253072282617,false
1157,677.8635694575567,0.0,false,69866.89671180873,133.6638993688443,1,8.899475728778611,false
1158,603.2851513960758,0.0,false,59567.854418373776,126.39686800000013,0,1.9895196601282805e-13,false
1159,1040.7324322032275,8.189924738600157,true,124141.81929869842,10000.0,2,9873.603132,false
1160,629.0289028051715,46.96752331106721,true,78577.79351494106,3196.0634470408313,1,11007.370977768478,false
1161,1102.148098231171,128.0577561886654,true,111689.53761151904,10000.0,3,9873.603132,false
1162,518.5631990931447,0.0,false,48859.265589491566,126.39686700000007,0,2.2737367544323206e-13,false
1163,666.313042016981,0.0,false,68756.00531586596,137.08524284357665,1,27.98923598419232,false
1164,1458.4590381847347,306.0539720793068,true,144599.11522033747,10000.000000000007,3,9903.945704000005,false
1165,730.077403408443,0.0,false,76795.81076244052,133.6639002675932,1,8.899476829419896,false
1166,1141.5104944361783,28.975550278073207,true,137679.4008813949,10000.000000000015,2,9873.603132000013,false
1167,674.7062100429044,0.0,false,69021.91295254511,137.0852398779312,1,27.989225599509865,false
1168,235.98642884949848,0.0,false,15266.840382733339,96.05429599999998,0,6.394884621840902e-13,false
1169,325.92089683364395,0.0,false,24509.883288077326,126.3968649999999,0,4.405364961712621e-13,false
1170,1644.028307805844,613.4016260977248,true,119929.19227938939,10000.0,4,9882.116232196318,false
1171,527.9585957313953,0.0,false,50046.81423241641,126.39686700000007,0,1.2789769243681803e-13,false
1172,650.7007856227717,0.0,false,66405.82296069605,133.66389936884423,1,8.899475728778654,false
1173,1469.5575323320893,488.0889956332566,true,110218.25860663241,9999.999999999998,3,9874.320563495956,false
1174,744.0432900570146,0.0,false,78558.95310183273,133.66390026759268,1,8.8994768294192,false
1175,1320.9391002602404,207.27778057907028,true,151648.40570491174,9080.986382379866,2,9989.999999000005,false
1176,524.8614456621599,0.0,false,49655.344185619135,126.39686700000013,0,4.121147867408581e-13,false
1177,1364.1697736414212,457.9376121785014,true,100318.169636616,9999.999999999998,4,9874.320563495956,false
1178,430.9832375891237,0.0,false,37789.43336888258,126.39686600000051,0,6.963318810448982e-13,false
1179,287.17966809428486,0.0,false,20184.170784771228,96.05429600000039,0,4.263256414560601e-13,false
1180,624.4753693251029,0.0,false,62835.03411519815,137.08523987793103,1,27.9892255995088,false
1181,418.32220525481785,0.0,false,36189.118624806695,126.39686600000051,0,6.963318810448982e-13,false
1182,837.994729961472,3.8376318170078934,true,104853.92676742304,3351.329611574906,1,10756.182234308108,true
1183,607.6122096210319,0.0,false,60114.78099537257,126.39686800000037,0,7.815970093361102e-13,false
1184,689.6381899718613,0.0,false,71592.99589614323,133.66389936884474,1,8.899475728778839,false
1185,375.7783144050551,0.0,false,30811.70436667007,126.39686500000045,0,7.389644451905042e-13,false
1186,643.0162908857607,0.0,false,64686.354428893086,133.66389757134797,1,8.899473527497761,false
1187,251.6137682696127,0.0,false,16767.913422203517,96.05429600000032,0,5.258016244624741e-13,false
1188,1467.1743276180425,360.06570848545385,true,136993.5304314041,10000.000000000002,2,9873.603132000007,false
1189,82.8942438934399,0.0,false,828.9424389343982,10.000002000000034,0,5.684341886080802e-14,false
1190,969.0024726870557,0.0,false,109109.25461396266,145.21267138945683,1,23.042529622184986,false
1191,938.3347137509891,0.0,false,104713.65535211633,162.5686927524858,1,114.45810485365149,false
1192,309.69543946827014,0.0,false,22459.036408804866,126.39686499999999,0,2.1316282072803006e-13,false
1193,1152.7585479747881,30.2846962551134,true,138935.64759894635,10000.000000000007,2,9873.603132000022,false
1194,848.1591950644599,0.0,false,92432.57495862615,133.66390116634096,1,8.899477930059732,false
1195,1201.5649410659664,23.56691010875756,true,152541.1608227869,9088.902805699938,2,9903.945703999994,false
1196,487.371842720196,0.0,false,44916.77605361851,126.3968670000001,0,3.836930773104541e-13,false
1197,1082.4577604042236,0.0,false,126828.74307451706,212.62808247472117,1,105.60193735663857,false
1198,229.55327759006602,0.0,false,14648.90858674656,96.05429600000002,0,2.2737367544323206e-13,false
1199,425.35087362297236,0.0,false,37077.52024355144,126.39686600000005,0,3.126388037344441e-13,false
1200,468.3581164517251,0.0,false,42513.5007373705,126.39686699999999,0,1.7053025658242404e-13,false
1201,1206.8322829109104,281.1437701657053,true,103445.6605741166,9999.999999999998,2,9873.603131999998,false
1202,477.0257966406947,0.0,false,43609.06830540821,126.39686700000021,0,4.121147867408581e-13,false
1203,776.1327298034805,0.0,false,82932.43023427342,133.66390026759262,1,8.899476829419228,false
1204,887.4266114584208,0.0,false,97878.09159444559,133.66390206508936,1,8.899479030700263,false
1205,252.52215206119837,0.0,false,16855.16758507694,96.05429600000019,0,4.689582056016661e-13,false
1206,297.222081546083,0.0,false,21148.787708897373,96.05429600000019,0,4.689582056016661e-13,false
1207,991.4892848236422,0.0,false,112097.95630765462,145.21267228820557,1,23.042530722826143,false
1208,1423.320041672494,311.35167473787214,true,137607.7872988325,10000.000000000002,2,9873.603132000004,false
1209,1170.854294953173,62.55761173252699,true,151594.7593403065,9080.98638237986,1,9989.999999000001,false
1210,166.44407469306896,0.0,false,8586.998720681942,96.05429600000016,0,1.8474111129762605e-13,false
1211,946.9700259048049,39.71324246745838,true,100352.56714175922,9999.999999999993,2,9873.603131999993,false
1212,488.8299612271472,0.0,false,45497.939055208044,137.0852405216944,1,27.98923252263073,false
1213,654.1973087394254,0.0,false,66734.05130593014,137.08523987793038,1,27.989225599508245,false
1214,593.1008753212049,0.0,false,58324.71359514261,133.6638975713474,1,8.899473527497634,false
1215,743.2715211164552,0.0,false,78127.9153481799,133.66389947009588,1,8.899474628138108,false
1216,727.2412222669521,0.0,false,76829.72471595435,133.66390016634105,1,8.899477930059788,false
1217,867.8124962244182,0.0,false,95081.10738753644,137.08524384357656,1,27.989235984192035,false
1218,985.3461923104408,0.0,false,111069.34736336833,145.2126704907087,1,23.04252852154508,false
1219,665.239793757449,0.0,false,67768.49892404066,133.6638975713474,1,8.899473527497634,false
1220,1003.0545521367924,79.56328815826794,true,126112.98064217367,6623.19119225316,2,13113.425453880116,true
1221,1128.6453137836943,30.2003890490157,true,150517.35715708902,9000.28171559064,2,9989.999999,false
1222,469.8856817560067,0.0,false,42706.58019680423,126.39686700000006,0,3.979039320256561e-13,false
1223,434.5475429594757,0.0,false,38239.950379340415,126.3968660000002,0,2.7000623958883807e-13,false
1224,824.056401155085,0.0,false,89553.12313426266,133.66390116634116,1,8.89947793005976,false
1225,585.9225803812973,0.0,false,57482.860562215974,133.6638975713476,1,8.899473527497534,false
1226,323.9793611121337,0.0,false,24264.479267359162,126.3968650000001,0,5.684341886080802e-14,false
1227,202.3097044686322,0.0,false,12032.046431773399,96.0542959999999,0,3.694822225952521e-13,false
1228,375.2890501463794,0.0,false,30749.862900173957,126.3968650000001,0,5.684341886080802e-14,false
1229,559.159168907975,0.0,false,53990.46874333676,126.3968680000002,0,2.7000623958883807e-13,false
1230,527.7097761327896,0.0,false,50015.36421619729,126.39686700000006,0,3.979039320256561e-13,false
1231,384.2605528316085,0.0,false,31883.832678039947,126.39686600000002,0,1.7053025658242404e-13,false
1232,596.4332667305563,0.0,false,58765.47633065566,133.6638975713476,1,8.899473527497534,false
1233,1097.9160204127825,0.0,false,138225.54297340484,397.364563450718,1,331.83707316662026,false
1234,636.8486779070678,0.0,false,64395.2383467338,133.66389847009575,1,8.899474628137924,false
1235,876.1787149739138,0.0,false,96914.22221334065,137.0852454873402,1,27.98924290731418,false
1236,467.4145468332274,0.0,false,42394.23649945745,126.39686699999976,0,5.115907697472721e-13,false
1237,866.8364316818389,0.0,false,95197.85795380446,133.66390206508933,1,8.899479030700107,false
1238,376.31223020228344,0.0,false,30879.189647478073,126.39686499999988,0,2.8421709430404007e-13,false
1239,415.89666292111355,0.0,false,35882.53768760381,126.39686600000017,0,2.2737367544323206e-13,false
1240,1099.7274917248028,96.89414086794272,true,113745.18552548552,10000.0,2,9873.603132,false
1241,297.79578285012207,0.0,false,21203.89418205,96.05429600000005,0,1.1368683772161603e-13,false
1242,524.5242217427408,0.0,false,49612.72014075046,126.39686700000027,0,1.5631940186722204e-13,false
1243,238.199237093349,0.0,false,15479.390114141017,96.05429600000008,0,9.947598300641403e-14,false
1244,1123.272057695823,3.7369744560110836,true,151172.21725288604,3896.8742489271353,1,9873.603132999997,true
1245,881.629584659836,0.0,false,97142.9977736451,133.66390206508953,1,8.899479030700192,false
1246,743.3749309432247,0.0,false,79579.3304299295,137.08524580922267,1,27.98924636887574,false
1247,1104.2899838081364,131.33242382662468,true,109657.65475613279,9999.999999999998,2,9873.603131999998,false
1248,305.53099734279283,0.0,false,21946.89474134686,96.05429600000011,0,1.2789769243681803e-13,false
1249,545.4544717303804,0.0,false,52323.068336009295,133.66389747009595,1,8.899474628138023,false
1250,353.1075299162752,0.0,false,27946.188370880816,126.39686500000028,0,1.7053025658242404e-13,false
1251,718.8312111179943,0.0,false,75209.0632512461,133.66389936884434,1,8.899475728778555,false
1252,870.618559534324,0.0,false,95430.93007278893,133.66390116634113,1,8.89947793005966,false
1253,765.2467231358515,0.0,false,82568.1685591739,137.08524580922267,1,27.98924636887574,false
1254,599.2711055079628,0.0,false,59107.094272813985,133.66389757134763,1,8.899473527497577,false
1255,217.14926552207575,0.0,false,13457.449977192271,96.05429600000022,0,3.694822225952521e-13,false
1256,522.429740409015,0.0,false,49347.984274744376,126.3968670000003,0,3.694822225952521e-13,false
1257,475.97452620314743,0.0,false,43476.19102204014,126.3968670000003,0,3.694822225952521e-13,false
1258,935.5604969587197,0.0,false,104734.74770907905,154.0712110524976,1,72.46973064381471,false
1259,286.35570678861797,0.0,false,20105.025764096023,96.05429600000019,0,2.4158453015843406e-13,false
1260,258.242917208329,0.0,false,17404.67163670359,96.05429600000019,0,2.4158453015843406e-13,false
1261,548.015456951808,0.0,false,52581.938532189226,126.39686800000018,0,1.9895196601282805e-13,false
1262,557.3528446671335,0.0,false,53762.155029346315,126.39686800000018,0,1.9895196601282805e-13,false
1263,558.8637384363504,0.0,false,53953.12725907981,126.39686800000018,0,1.9895196601282805e-13,false
1264,570.0620580068824,0.0,false,55368.55970126993,126.39686800000018,0,1.9895196601282805e-13,false
1265,227.9174335033264,0.0,false,14491.778739536545,96.05429600000019,0,2.4158453015843406e-13,false
1266,95.6746918446164,0.0,false,1789.2956851274998,96.05429600000019,0,2.4158453015843406e-13,false
1267,479.0306092132198,0.0,false,44066.86037182544,137.08523919981252,1,27.989229061069622,false
1268,421.90349985324247,0.0,false,36641.783020363844,126.39686600000019,0,1.9895196601282805e-13,false
1269,460.1851107066919,0.0,false,41480.45846626338,126.39686600000019,0,1.9895196601282805e-13,false
1270,539.1355021218335,0.0,false,51459.540115858676,126.3968670000003,0,3.694822225952521e-13,false
1271,522.3504989250938,0.0,false,49337.96839991574,126.3968670000003,0,3.694822225952521e-13,false
1272,713.3243092628413,0.0,false,75855.46342392954,137.08524580922267,1,27.989246368875953,false
1273,889.6244426221047,0.0,false,98141.47319455972,137.0852451654587,1,27.98923944575334,false
1274,649.9221087221553,0.0,false,65535.16845087607,133.6638976725992,1,8.89947242685703,false
1275,789.590850690607,261.761113647639,true,61475.456888417444,-3105.4017064464883,2,13105.401706446488,false
1276,1742.0229744076769,667.6206337959613,true,145467.58025637345,10000.0,2,9873.603134,true
1277,596.9592137827523,0.0,false,58768.275761167824,126.39686799999987,0,4.405364961712621e-13,false
1278,570.418258621425,0.0,false,55413.58234083432,126.39686799999987,0,4.405364961712621e-13,false
1279,285.50591293683743,0.0,false,20023.39941646744,96.05429599999984,0,3.979039320256561e-13,false
1280,748.6890699141328,0.0,false,79845.7283187951,137.0852441654582,1,27.989239445752972,false
1281,765.0117015963983,0.0,false,81747.5012909233,133.66390116634068,1,8.899477930060158,false
1282,279.81013258687886,0.0,false,19476.295261868912,96.05429599999982,0,4.121147867408581e-13,false
1283,515.2625072545043,0.0,false,48442.06850195902,126.39686699999987,0,7.105427357601002e-13,false
1284,1227.0550824376448,86.32564632074539,true,141663.79129802086,9999.999999999989,3,9903.945704000038,false
1285,755.2538885751807,0.0,false,80526.39159201241,133.66390106508882,1,8.899479030700292,false
1286,518.5953203580725,0.0,false,48863.32561654993,126.39686699999989,0,1.0800249583553523e-12,false
1287,994.6700471564184,0.0,false,115300.12866300553,253.22601650872087,1,332.1225805713187,false
1288,258.62364965487126,0.0,false,17441.242622678354,96.05429600000005,0,9.947598300641403e-14,false
1289,1224.7891855080095,106.71281043639733,true,138379.82035431053,10000.000000000004,2,9873.603132000004,false
1290,1467.2220785695251,354.06507059818404,true,137758.02779472954,10000.000000000004,2,9873.603132000004,false
1291,1737.83173474296,777.8596260224314,true,107257.41691603488,10000.000000000004,3,9874.320562407233,false
1292,608.705429367417,0.0,false,60252.960539698746,126.39686800000021,0,3.836930773104541e-13,false
1293,634.4573964283809,0.0,false,63909.16767763981,133.6638984700961,1,8.899474628138137,false
1294,492.10874222053104,0.0,false,45515.505281333295,126.39686700000019,0,1.8474111129762605e-13,false
1295,757.8759022432573,0.0,false,80389.20897952506,133.66390026759282,1,8.8994768294192,false
1296,518.7773262150938,0.0,false,48886.33058556091,126.39686700000021,0,1.9895196601282805e-13,false
1297,1152.6753682927822,142.11344394824525,true,122493.5020492064,10000.0,3,9873.603133000002,false
1298,717.9060182819624,0.0,false,75100.38150732759,133.66389947009603,1,8.899474628138094,false
1299,955.461813769323,0.0,false,106539.9367380479,133.66390216634116,1,8.899477930059732,false
1300,335.1390648953108,0.0,false,25675.03079524258,126.39686500000019,0,2.2737367544323206e-13,false
1301,1142.9206654183183,32.18485151989409,true,150670.03052509416,9882.896397550001,2,9989.999999000005,false
1302,539.8728447004054,0.0,false,51552.73790327175,126.39686700000007,0,2.2737367544323206e-13,false
1303,433.7740608237274,0.0,false,38142.184665342254,126.39686600000005,0,1.9895196601282805e-13,false
1304,1928.93286007672,1070.7913162112811,true,93824.25097807108,9999.999999999998,3,9873.603132000004,false
1305,707.9144482173604,0.0,false,73446.05559500531,133.6638984700957,1,8.899474628138293,false
1306,454.2261063337699,0.0,false,40727.2590188407,126.39686599999985,0,5.542233338928781e-13,false
1307,503.77934972212535,0.0,false,46990.6334354978,126.39686699999976,0,6.394884621840902e-13,false
1308,370.7270961450953,0.0,false,30173.24623438522,126.3968649999996,0,6.963318810448982e-13,false
1309,380.8912658283232,0.0,false,31457.96537701654,126.3968649999996,0,6.963318810448982e-13,false
1310,791.8249214288494,0.0,false,84706.19129191714,133.66390026759228,1,8.899476829419356,false
1311,629.8496189422933,0.0,false,62925.519730351916,126.39686799999984,0,5.542233338928781e-13,false
1312,849.7022270897917,0.0,false,92864.67560606982,133.66390116634085,1,8.899477930059874,false
1313,503.81445556406084,0.0,false,46995.07070372128,126.39686699999976,0,6.394884621840902e-13,false
1314,531.8143764334445,0.0,false,50534.1728098597,126.39686699999976,0,6.394884621840902e-13,false
1315,248.84217338328327,0.0,false,16501.689834914687,96.0542959999998,0,4.689582056016661e-13,false
1316,290.9318649640257,0.0,false,20544.585402290933,96.0542959999998,0,4.689582056016661e-13,false
1317,1153.8187876565544,0.0,false,145142.54448937776,587.3889536049548,1,1207.1821256731384,true
1318,575.9800669247822,0.0,false,57515.944784201165,137.08524316545862,1,27.989239445753682,false
1319,899.2689595119703,16.543270541785642,true,116411.90438264619,3351.329611574909,1,10756.182234308108,true
1320,484.5822597057591,0.0,false,44564.18151709476,126.39686699999999,0,1.4210854715202004e-13,false
1321,291.52247085044286,0.0,false,20601.3156331524,96.05429600000005,0,1.5631940186722204e-13,false
1322,1258.5441637416416,374.53385259466825,true,97075.45777608348,9999.999999999996,3,9874.320562318506,false
1323,201.39684995954013,0.0,false,11944.362837290717,96.05429600000011,0,1.1368683772161603e-13,false
1324,559.5214146862679,0.0,false,54036.255472623656,126.39686800000004,0,8.526512829121202e-14,false
1325,493.17151525434144,0.0,false,45649.83645676239,126.39686700000007,0,1.1368683772161603e-13,false
1326,805.5465967148056,0.0,false,86464.86352536215,133.66390036884428,1,8.899475728778782,false
1327,1666.684063411378,491.808795517112,true,158167.0428803693,10000.0,2,9873.603132000002,true
1328,505.7004743864293,0.0,false,47233.457562655574,126.39686700000004,0,9.947598300641403e-14,false
1329,477.9658995621052,0.0,false,43727.89436369137,126.39686700000004,0,9.947598300641403e-14,false
1330,1191.983731030253,31.603224590084334,true,143726.9297666276,10000.0,2,9873.603131000003,false
1331,1042.478739912861,0.0,false,122615.36950054338,212.62808237346974,1,105.60193845727935,false
1332,872.8203527079982,0.0,false,95702.62184269543,137.08524384357634,1,27.98923598419192,false
1333,837.5105131999674,0.0,false,91313.66154543108,133.6639011663408,1,8.899477930059632,false
1334,1172.3608034533845,19.329614826180354,true,150230.67331327053,9882.896398556066,2,9989.999998,false
1335,873.2215924602137,0.0,false,95895.59693101443,133.66390116634108,1,8.899477930059973,false
1336,761.3619291843422,0.0,false,80476.2305329972,137.08524087793086,1,27.98922559950985,false
1337,1052.5599506133306,0.0,false,127252.10428865628,212.62808327221842,1,105.60193955792019,false
1338,206.27151072838416,0.0,false,12412.594931056869,96.05429600000016,0,3.979039320256561e-13,false
1339,777.4545829946752,0.0,false,83149.65870451,133.66390026759262,1,8.899476829419314,false
1340,909.1756909536298,35.59992596148345,true,99442.92880113085,-2511.5506494267893,3,12511.55064942679,false
1341,1023.2182348726515,75.33073282055955,true,129476.50179251556,10000.0,2,9873.603135,true
1342,240.27229704867165,0.0,false,15678.51642249614,96.05429600000008,0,1.1368683772161603e-13,false
1343,393.8660948260918,0.0,false,33097.94303434632,126.39686600000005,0,2.2737367544323206e-13,false
1344,1172.4587962422108,62.43243084153114,true,146251.94055069477,9882.896398556071,2,9989.999998,false
1345,848.8884164906129,0.0,false,93149.40147334771,133.66390196383813,1,8.89948013134125,false
1346,592.9985946141114,0.0,false,58267.66593063522,126.39686800000021,0,2.5579538487363607e-13,false
1347,1369.3147076791824,241.6911480633413,true,151788.02810425847,9080.986382379864,1,9989.999999000001,false
1348,894.2690340736783,3.6595220368113797,true,118288.0356225677,3623.8542570124564,1,11539.169161060625,true
1349,330.1453019063425,0.0,false,25043.834828859082,126.39686500000019,0,2.1316282072803006e-13,false
1350,471.1832342021877,0.0,false,42870.58675298446,126.3968670000003,0,3.126388037344441e-13,false
1351,1408.8225047925819,462.4682928569823,true,106346.50289857839,10000.0,4,9873.603132,false
1352,418.28799211364674,0.0,false,36184.79419115768,126.39686599999985,0,2.4158453015843406e-13,false
1353,1091.7160816668427,1.4864802828944308,true,130469.92379543903,9249.52270625126,2,10052.0771837108,false
1354,408.97677594022616,0.0,false,35007.885694744844,126.39686599999979,0,4.973799150320701e-13,false
1355,270.8880690279778,0.0,false,18619.29275461759,96.05429599999978,0,6.252776074688882e-13,false
1356,889.5338956795684,0.0,false,99053.87892206905,154.07121269626123,1,72.46973756693782,false
1357,679.0921358861998,0.0,false,70175.20065676875,133.66389936884397,1,8.899475728778782,false
1358,546.3817778299978,0.0,false,52375.44661931101,126.39686799999978,0,5.115907697472721e-13,false
1359,522.7148404527175,0.0,false,49384.02002533937,126.39686699999984,0,7.673861546209082e-13,false
1360,417.9888186075027,0.0,false,36146.97959908667,126.39686599999973,0,8.810729923425242e-13,false
1361,185.93332554887252,0.0,false,10459.024932735785,96.05429599999967,0,6.963318810448982e-13,false
1362,179.51558026574787,0.0,false,9842.572946911136,96.05429599999967,0,6.963318810448982e-13,false
1363,216.86213828330708,0.0,false,13429.870173271293,96.05429599999967,0,6.963318810448982e-13,false
1364,925.7706523834853,201.19146701077813,true,76289.44592615076,134.4825930000004,3,9873.603132,false
1365,835.348158567048,0.0,false,90902.57180440192,133.66390116634102,1,8.899477930060002,false
1366,265.5651229224426,0.0,false,18108.000929773298,96.05429600000008,0,2.8421709430404007e-13,false
1367,663.678802877587,0.0,false,67786.88843919306,137.0852398779307,1,27.98922559950948,false
1368,661.4671828149073,7.415513703750435,true,66936.90216784812,162.5686828054071,2,9888.643819700472,false
1369,555.2812559457747,0.0,false,53600.93501430401,133.6638974700956,1,8.899474628138293,false
1370,673.9835238912348,0.0,false,68986.18895096282,133.66389847009555,1,8.899474628138279,false
1371,343.56205717308757,0.0,false,26739.670579380778,126.39686499999976,0,5.684341886080801e-13,false
1372,726.0213578137956,0.0,false,76108.8992663865,137.08524119981251,1,27.989229061069906,false
1373,768.7360536402138,0.0,false,82045.46566171698,133.6639002675927,1,8.899476829419228,false
1374,443.38075176949843,0.0,false,39356.44024548479,126.39686600000002,0,9.947598300641403e-14,false
1375,387.21024243570474,0.0,false,32256.66418492209,126.39686600000002,0,9.947598300641403e-14,false
1376,750.8736778153562,0.0,false,79446.95161279477,133.66390026759265,1,8.8994768294192,false
1377,1323.333908905014,175.75274037226683,true,142109.13363225132,10000.000000000004,2,9873.603131000003,false
1378,547.7578741272741,0.0,false,52549.38087172054,126.39686799999998,0,9.947598300641403e-14,false
1379,235.80239361348424,0.0,false,15249.163008250938,96.05429600000008,0,1.1368683772161603e-13,false
1380,588.6261562899397,0.0,false,57730.07429253106,133.66389757134746,1,8.899473527497548,false
1381,914.1382939393219,0.0,false,107836.52742552418,253.22601847436687,1,332.1225909560024,false
1382,970.0050896503901,0.0,false,109071.528245292,145.21267049070872,1,23.04252852154508,false
1383,314.7165953159997,0.0,false,23093.69474654965,126.39686500000008,0,1.8474111129762605e-13,false
1384,1168.0742711353548,283.39763191322106,true,97584.8462421923,10000.0,3,9873.603132,false
1385,528.1039965497922,0.0,false,50065.192439448525,126.39686700000001,0,3.552713678800501e-13,false
1386,1024.9849749497284,0.0,false,124121.7413326732,253.2260181524848,1,332.12258749444146,false
1387,332.726978530436,0.0,false,25370.150650261516,126.39686499999996,0,6.679101716144942e-13,false
1388,702.5995930054178,0.0,false,73133.54320502901,133.66389936884426,1,8.899475728778725,false
1389,1068.2684518730687,42.718468450093226,true,139292.79565526627,7649.6681743232175,3,15892.490091823696,true
1390,955.2045724691958,0.0,false,106835.71992523833,133.66390206508945,1,8.899479030700391,false
1391,481.40475919101925,0.0,false,44593.43922765435,137.0852405216945,1,27.989232522631184,false
1392,561.0828610003322,0.0,false,54233.6173853413,126.39686800000001,0,3.126388037344441e-13,false
1393,2341.765026929356,1233.382118371201,true,137803.42825236288,10000.0,3,9903.945704,false
1394,554.3937079935203,0.0,false,53388.12944253167,126.39686800000044,0,6.821210263296962e-13,false
1395,1187.0890563241803,57.16995719834712,true,149883.71658458406,9999.999999999998,2,9873.603132999999,true
1396,1263.9107025178507,119.58481797279246,true,151955.05135355063,9080.986382379871,1,9989.999999000001,false
1397,672.2458951315946,0.0,false,69319.82011853435,137.08524119981274,1,27.98922906106968,false
1398,569.3921140149763,0.0,false,55283.880883647274,126.39686800000021,0,2.8421709430404007e-13,false
1399,876.5351372973433,0.0,false,95919.11273737789,133.66390126759308,1,8.899476829419257,false
1400,689.4980396431494,0.0,false,71437.3754603436,137.0852411998128,1,27.98922906106992,false
1401,1549.735257759519,427.795591610645,true,138868.12821960577,10000.000000000005,2,9873.603132000022,false
1402,633.7171023545278,0.0,false,63805.010300841604,137.08523987793075,1,27.989225599508757,false
1403,1274.512169177069,141.03853067175584,true,140325.98612032045,9999.99999999999,2,9873.603132000006,false
1404,2145.187664857966,1037.0371977454133,true,137125.2167457105,10000.000000000007,2,9873.603132000018,false
1405,405.4454094471938,0.0,false,34561.53205498509,126.39686600000026,0,3.410605131648481e-13,false
1406,1393.5483986460804,271.76612990782735,true,139660.17824267587,9999.999999999998,4,9903.945704,false
1407,1776.7524911047049,664.3120387116361,true,145842.60783123577,9882.896398556062,2,9989.999998000003,false
1408,425.296380768974,0.0,false,37070.63251785923,126.39686600000049,0,6.110667527536862e-13,false
1409,326.8796786568252,0.0,false,24631.070300911473,126.3968650000004,0,4.547473508864641e-13,false
1410,1114.7928919819835,19.982715880817196,true,148047.06660204486,3896.8742489271317,1,9873.603132999999,true
1411,484.57014199557796,0.0,false,44562.649876565425,126.39686700000048,0,6.252776074688882e-13,false
1412,608.8800045849382,0.0,false,60275.0262992019,126.39686800000045,0,6.394884621840902e-13,false
1413,782.2182148913317,0.0,false,83276.2559508234,133.66389947009617,1,8.899474628138137,false
1414,693.3575916457979,0.0,false,72098.78587413434,133.66389936884457,1,8.899475728778754,false
1415,1638.4397841276373,515.2418747951508,true,139027.1662083893,10000.0,2,9873.603132000013,false
1416,558.6439590778391,0.0,false,53925.347838051515,126.39686800000045,0,7.531752999057062e-13,false
1417,837.9163011478337,0.0,false,91286.8790222859,133.66390116634133,1,8.899477930059717,false
1418,316.80280039428516,0.0,false,23357.384519847314,126.39686500000046,0,4.121147867408581e-13,false
1419,514.659770216471,0.0,false,48365.88443234332,126.39686700000047,0,6.536993168992922e-13,false
1420,982.6994951657907,0.0,false,118017.37949325856,253.2260181524851,1,332.12258749444004,false
1421,1163.7985022947773,31.342227949102607,true,140869.13086733263,9969.473194284097,2,9903.945704,false
1422,1068.1359987094008,0.0,false,130450.41373273174,212.62808327221808,1,105.6019395579197,false
1423,1479.1395216145397,506.5450531391344,true,111183.45393505221,9999.999999999989,3,9873.603132000006,false
1424,542.6595663162187,0.0,false,51904.970767991384,126.39686700000038,0,3.410605131648481e-13,false
1425,1066.0366413165737,93.26774377964136,true,118451.60696919209,10000.000000000002,2,9873.603133000002,false
1426,728.9364849229106,0.0,false,76553.29179260331,137.0852411998123,1,27.989229061069395,false
1427,882.3472934534301,0.0,false,97924.81419415779,154.0712113743797,1,72.46973410537602,false
1428,1195.652552794657,72.50385697865748,true,151392.66711831465,9000.281715590641,2,9989.999999,false
1429,1279.2622169832484,180.53176070193697,true,130739.484594805,9999.999999999998,2,9873.603130999998,false
1430,443.8875152973679,0.0,false,39420.49356467688,126.39686600000002,0,1.9895196601282805e-13,false
1431,353.43809438887683,0.0,false,27987.970682575717,126.39686500000018,0,2.4158453015843406e-13,false
1432,1097.6344440823161,15.188304018876966,true,146484.29125758505,3896.874248927136,1,9873.603132999995,true
1433,906.9765612790665,0.0,false,100503.72881607541,133.66390206508936,1,8.899479030700348,false
1434,547.2757132846511,0.0,false,52488.43725471594,126.39686800000007,0,1.5631940186722204e-13,false
1435,800.2051909067507,50.04945949197984,true,93782.66239194374,3254.672852106185,1,10912.553005948892,false
1436,384.02825825277887,0.0,false,31854.471372448617,126.39686600000013,0,1.1368683772161603e-13,false
1437,886.3135533205785,0.0,false,97464.0622595812,133.66390116634108,1,8.899477930059746,false
1438,329.5935619717341,0.0,false,24974.09663303617,126.39686500000008,0,1.4210854715202004e-13,false
1439,912.3194506717483,0.0,false,101063.04699514675,133.6639020650893,1,8.89947903070032,false
1440,412.7230887001633,0.0,false,35481.40786792524,126.3968660000001,0,1.4210854715202004e-13,false
1441,619.3957468802439,0.0,false,61885.11154137445,133.66389757134755,1,8.899473527497548,false
1442,1287.9955324603334,127.35101136434302,true,152118.23771905995,9080.986382471854,1,9989.999998,false
1443,1026.6861580270834,0.0,false,119621.82596096734,212.62808237346974,1,105.60193845727916,false
1444,524.9080447561272,0.0,false,49661.23416482202,126.39686700000013,0,1.7053025658242404e-13,false
1445,699.3392101477317,0.0,false,72802.79656386578,133.66389936884426,1,8.899475728778668,false
1446,286.6063230009571,0.0,false,20129.098527186594,96.05429600000011,0,1.4210854715202004e-13,false
1447,706.1321057824965,0.0,false,73543.29387910324,133.66389936884426,1,8.899475728778583,false
1448,1152.5296104769207,299.7230171578179,true,93025.09373333401,10000.0,4,9874.32056340723,false
1449,299.6712253894294,0.0,false,21384.03848922529,96.05429600000001,0,8.526512829121202e-14,false
1450,277.0919246518094,0.0,false,19215.19972043882,96.05429600000001,0,8.526512829121202e-14,false
1451,850.9907286347915,0.0,false,93149.63393623555,133.66390206508927,1,8.899479030700263,false
1452,1556.8277902460209,326.74427140744433,true,152537.17173603052,10000.0,2,9873.603131,false
1453,813.204302693447,0.0,false,88757.60113550133,137.08524548734056,1,27.98924290731493,false
1454,600.7073434583342,0.0,false,59242.02758678225,126.39686799999996,0,2.2737367544323206e-13,false
1455,1324.9247925223801,182.52184908521346,true,143934.54570536234,9969.473194284094,2,9903.945704000002,false
1456,860.7620383798965,0.0,false,94389.83528941493,133.66390206508953,1,8.89947903070059,false
1457,804.0574501257921,0.0,false,86699.4305289788,133.66390116634096,1,8.899477930059689,false
1458,372.0799477694062,0.0,false,30344.242433096933,126.39686500000023,0,2.4158453015843406e-13,false
1459,737.8377804075715,0.0,false,77968.73483108099,137.0852425216946,1,27.989232522631127,false
1460,1789.075026189678,656.5058268681345,true,140211.6678465265,10000.0,2,9873.603132,false
1461,223.87400173615015,0.0,false,14103.389759846672,96.05429600000002,0,9.947598300641403e-14,false
1462,771.0501389944941,0.0,false,84254.8809656992,154.07121434002573,1,72.46974449006022,false
1463,1159.3351557425515,92.50728009935743,true,144510.19166059815,6748.418300940275,3,12627.121239437722,true
1464,515.637477165341,0.0,false,51618.35596333502,-297.86692468025717,1,1412.7138404342852,false
1465,1094.5356504499898,172.09542416605223,true,102072.43398446839,9999.999999999998,2,9873.603130999998,false
1466,1524.1358683886444,416.72631132596746,true,137922.2734608604,9999.999999999998,4,9903.945704,false
1467,1209.886574426076,0.0,false,149479.92932186756,212.62808337347087,1,105.60193845727926,false
1468,1002.2991845150111,0.0,false,117072.85665081051,253.22601650872252,1,332.1225805713195,false
1469,215.745885303846,0.0,false,13322.649282520097,96.0542960000003,0,5.115907697472721e-13,false
1470,540.6347048760398,0.0,false,51649.03463799248,126.39686699999783,0,2.5579538487363607e-12,false
1471,633.0266219970719,0.0,false,63513.82336333589,137.08523855604813,1,27.989222137948147,false
1472,828.0827900593181,0.0,false,102147.82309968596,587.3889629999467,1,1207.1821581314189,true
1473,798.4063954947416,0.0,false,86271.41061542495,137.08524384357645,1,27.989235984193144,false
1474,553.7245158464203,0.0,false,53303.545655732196,126.39686800000027,0,4.547473508864641e-13,false
1475,504.79319466353775,0.0,false,47118.780253632496,126.39686699999692,0,3.694822225952521e-12,false
1476,580.7609119797709,0.0,false,56793.52787351638,137.0852385560471,1,27.98922213794839,false
1477,1910.7762410098112,779.2579301863881,true,140078.83883910306,9999.99999999996,2,9873.603131999991,false
1478,1070.6518824583309,0.0,false,127300.55261329636,212.6280823734711,1,105.60193845727916,false
1479,783.5308392152194,0.0,false,84719.3197837834,137.0852454873434,1,27.989242907315656,false
1480,1534.3168495518119,436.51399366611975,true,148425.3319327868,10000.000000000004,2,9873.603133000004,true
1481,713.1084741730056,0.0,false,76008.36142762277,162.56869969956642,1,114.45813316479935,false
1482,360.53670206551743,0.0,false,28885.212410373668,126.39686500000033,0,3.410605131648481e-13,false
1483,1080.0656635697385,75.53572119915741,true,120924.05742393732,9999.999999999998,3,9873.603133,false
1484,807.4834265991284,181.51505110613473,true,62702.90488102411,-2464.155757150881,2,12464.155757150882,false
1485,771.8080533118269,0.0,false,82356.7253215928,137.08524252169462,1,27.989232522630786,false
1486,460.8007781551178,0.0,false,41558.27689916434,126.39686600000027,0,2.7000623958883807e-13,false
1487,617.3162140621666,0.0,false,61548.31615631427,133.66389757134755,1,8.899473527497534,false
1488,631.6718150768135,0.0,false,63640.34322280275,137.0852398779307,1,27.98922559950833,false
1489,454.57586456483654,0.0,false,40771.46736135649,126.39686600000027,0,2.7000623958883807e-13,false
1490,925.8387406865496,0.0,false,102955.05785071362,133.66390206508953,1,8.899479030700292,false
1491,1111.6941473910579,0.0,false,141876.1492364,397.3645634507153,1,331.83707316661696,false
1492,2116.025591106345,1004.6847453280475,true,137528.47059446198,10000.0,3,9873.603132,false
1493,380.44129218529497,0.0,false,31401.090121005123,126.39686500000013,0,1.9895196601282805e-13,false
1494,1021.1664092856557,0.0,false,123840.40504843912,253.22601815248512,1,332.12258749444106,false
1495,794.404865485558,0.0,false,87243.39525586863,154.07121434002576,1,72.46974449006008,false
1496,473.78941061092456,0.0,false,43199.99927026098,126.39686700000013,0,1.9895196601282805e-13,false
1497,401.01054092686525,0.0,false,34000.978595067805,126.39686600000016,0,1.7053025658242404e-13,false
1498,285.67933455907456,0.0,false,20040.05730778238,96.05429600000008,0,1.4210854715202004e-13,false
1499,395.6166708434431,0.0,false,33319.210347881446,126.39686600000016,0,1.7053025658242404e-13,false
1500,612.1166456134755,0.0,false,60967.24750736711,133.6638975713476,1,8.899473527497605,false
1501,845.7177949651929,0.0,false,102675.47069422089,253.22601879624915,1,332.1225944175637,false
1502,320.10159843085705,0.0,false,23774.34223674285,126.3968650000001,0,1.4210854715202004e-13,false
1503,499.460014478978,0.0,false,46444.683019157375,126.39686700000007,0,1.5631940186722204e-13,false
1504,1032.1244891246486,0.0,false,120372.14223029019,212.62808237346985,1,105.60193845727922,false
1505,842.197912514361,0.0,false,92243.52834269345,133.66390196383782,1,8.899480131340837,false
1506,506.04650927057475,0.0,false,47277.195285808106,126.39686700000007,0,2.1316282072803006e-13,false
1507,751.5637707835637,0.0,false,79707.99305924859,133.66390026759268,1,8.8994768294192,false
1508,794.0625431878885,0.0,false,85354.38158514042,133.66390116634108,1,8.89947793005976,false
1509,487.530821233088,0.0,false,44936.87043861447,126.39686700000007,0,1.5631940186722204e-13,false
1510,973.831770097289,0.0,false,110260.27513476295,145.2126740857023,1,23.042532924107206,false
1511,592.4999868339305,0.0,false,58585.40716364171,133.66389757134755,1,8.899473527497548,false
1512,1210.6821348638523,180.06233857656522,true,123482.0166336681,10000.0,3,9873.603132,false
1513,906.0550641109882,0.0,false,100213.59489611443,133.6639020650896,1,8.89947903070032,false
1514,188.46587074731775,0.0,false,10702.286771263001,96.054296,0,1.8474111129762605e-13,false
1515,595.3222714453262,0.0,false,58854.571511490045,137.08523855604875,1,27.989222137947493,false
1516,1713.048022255274,578.5666540282408,true,140453.35999388207,10000.000000000004,2,9873.603132000004,false
1517,686.5420265666912,0.0,false,71160.28441784663,133.6638993688443,1,8.899475728778711,false
1518,673.416439558213,0.0,false,69037.52132624853,137.08523987793063,1,27.989225599508543,false
1519,564.3516793208887,0.0,false,54646.785760239094,126.39686800000034,0,4.405364961712621e-13,false
1520,586.9013806508142,0.0,false,57496.997224829145,126.39686800000034,0,4.405364961712621e-13,false
1521,1059.2117537887323,0.0,false,125738.35826363927,212.62808237346985,1,105.60193845727926,false
1522,855.8463499542094,0.0,false,93662.00260755116,133.66390116634105,1,8.899477930059817,false
1523,1200.8678201088137,135.92836593933515,true,144271.5011140756,10000.000000000002,3,9873.603134000003,true
1524,298.51458767621546,0.0,false,21272.9384714254,96.05429600000025,0,2.5579538487363607e-13,false
1525,513.2855764552594,0.0,false,48192.19065452044,126.39686700000021,0,4.831690603168681e-13,false
1526,1048.1867134317945,31.790792913116015,true,138135.7508387668,3896.8742483090055,1,9873.603133999994,true
1527,851.1728089406305,0.0,false,93295.9049908441,133.66390206508953,1,8.89947903070032,false
1528,826.7622275307623,0.0,false,89500.68088599032,133.6639011663412,1,8.89947793005976,false
1529,338.5813063405291,0.0,false,26110.119308722322,126.39686500000022,0,2.2737367544323206e-13,false
1530,665.0001001772131,0.0,false,67557.34279491685,133.6638976725992,1,8.89947242685703,false
1531,330.6962889355328,0.0,false,25113.477859800394,126.39686500000022,0,2.2737367544323206e-13,false
1532,450.73438486557905,0.0,false,40285.91638577514,126.39686600000019,0,1.9895196601282805e-13,false
1533,454.75042511358487,0.0,false,40793.53126677277,126.39686600000019,0,1.9895196601282805e-13,false
1534,378.13941785228656,0.0,false,31110.140430896427,126.39686500000022,0,2.2737367544323206e-13,false
1535,494.5310959707706,0.0,false,45821.6831915952,126.3968670000003,0,3.694822225952521e-13,false
1536,720.6968321096534,0.07357460025949263,true,90945.94149042183,3254.672852106187,1,10912.553005948894,false
1537,950.3846853717047,46.62822161137761,true,121416.64551519214,3351.329611574909,1,10756.182234308106,true
1538,426.66304742836286,0.0,false,37243.374893639244,126.39686600000019,0,3.268496584496461e-13,false
1539,793.3681508323468,0.0,false,85238.49682919837,133.6639011663412,1,8.89947793005986,false
1540,849.4108005212241,0.0,false,104711.59832539897,1686.4957577508044,1,4936.603665156996,true
1541,223.47188478321976,0.0,false,14064.76470022963,96.0542960000003,0,3.410605131648481e-13,false
1542,725.9036416220853,0.0,false,76093.25454746302,133.66389936884448,1,8.89947572877881,false
1543,631.5530565749297,63.21138954686131,true,61653.28335018684,-2641.6245910841917,2,12641.624591084192,false
1544,606.5491127680136,0.0,false,59999.33159000403,133.6638975713476,1,8.899473527497605,false
1545,519.6682807582301,0.0,false,48998.94444310696,126.3968670000001,0,1.1368683772161603e-13,false
1546,323.6459976623074,0.0,false,24222.34317372901,126.39686500000022,0,3.126388037344441e-13,false
1547,442.145773877808,52.589431700552545,true,49238.698833847004,-4111.563684794361,1,14111.56368479436,false
1548,1010.0706377580407,18.054874290623196,true,135054.17551680014,3896.8742476908847,1,9873.603135,true
1549,1196.215535732216,229.41107129756347,true,131867.5464573265,10000.0,3,9873.603135000001,true
1550,1184.1985556064456,71.79498706694339,true,150270.81618059165,7649.668174561262,3,9873.603133000004,true
1551,646.6744015421955,0.0,false,65400.88978913056,133.6638975713475,1,8.899473527497648,false
1552,223.73066243361163,0.0,false,14089.62140448224,96.05429600000016,0,1.7053025658242404e-13,false
1553,1702.1180640169437,612.1288965111553,true,150525.94114323275,9000.281715590643,2,9989.999999000001,false
1554,743.6472355036445,0.0,false,78147.92376545792,137.08524087793052,1,27.98922559950863,false
1555,194.53536960924598,0.0,false,11285.28819330981,96.05429600000008,0,1.4210854715202004e-13,false
1556,624.4257881610414,0.0,false,62500.464826304626,133.66389757134752,1,8.89947352749762,false
1557,285.2844391393348,0.0,false,20002.12590743032,96.05429600000008,0,1.4210854715202004e-13,false
1558,1265.2007140213996,225.10794870569225,true,141130.95763671515,9999.999999999996,3,9873.603134,true
1559,460.03538156978,0.0,false,42222.44709249179,137.08524084357657,1,27.989235984192362,false
1560,1145.8137891541398,7.380273810118038,true,153560.9197486798,3896.874248927131,1,9873.603133,true
1561,548.0905113122462,0.0,false,52591.42516775291,126.3968680000001,0,1.5631940186722204e-13,false
1562,762.2793522929859,0.0,false,89603.34281638412,282.1168272193327,1,642.8181175681445,false
1563,1253.3526284606587,133.27387701177534,true,138632.91444293808,10000.0,3,9873.60313200001,false
1564,197.21235268979837,0.0,false,11542.423910485237,96.05429600000016,0,1.7053025658242404e-13,false
1565,1709.703817725141,575.6498167680259,true,140399.3421124704,10000.000000000007,2,9873.603132000002,false
1566,560.9008346228914,0.0,false,54210.609822613595,126.39686800000004,0,1.2789769243681803e-13,false
1567,604.8268137161615,0.0,false,59945.94455078683,133.66389757134752,1,8.899473527497591,false
1568,907.3277036905328,0.0,false,109842.77609429737,253.22601847436704,1,332.1225909560021,false
1569,358.8035162916161,0.0,false,28666.143169022638,126.39686500000002,0,1.5631940186722204e-13,false
1570,190.48482895377026,0.0,false,10896.216374380325,96.054296,0,9.947598300641403e-14,false
1571,511.7843839147224,0.0,false,48002.44462963977,126.39686700000001,0,9.947598300641403e-14,false
1572,524.4567725084864,0.0,false,49604.19476926375,126.39686700000001,0,9.947598300641403e-14,false
1573,646.1284306190668,0.0,false,65588.74039854726,133.66389847009597,1,8.899474628138108,false
1574,409.49631870851204,0.0,false,35073.55426981148,126.39686600000002,0,1.7053025658242404e-13,false
1575,398.48607896259546,0.0,false,33681.8945270702,126.39686600000002,0,1.7053025658242404e-13,false
1576,699.498058770011,0.0,false,72835.63319489843,133.66389936884417,1,8.89947572877864,false
1577,487.322575632533,0.0,false,44910.54884838724,126.39686700000001,0,9.947598300641403e-14,false
1578,372.64043886126706,0.0,false,30415.08674772657,126.39686500000002,0,1.5631940186722204e-13,false
1579,1283.9663135627916,361.26919552671734,true,103745.60475073797,10000.0,4,9873.603133,false
1580,724.7077508843848,0.0,false,77142.53500712254,137.08524448734084,1,27.989242907315074,false
1581,795.2405351279883,0.0,false,85404.6753978093,137.0852425216948,1,27.989232522631298,false
1582,823.0748804279664,0.0,false,89956.80244189088,137.08524548734084,1,27.989242907315074,false
1583,1125.3335660649625,16.35100384009982,true,151601.61813034868,9080.986382379886,1,9989.999999,false
1584,530.3307864999697,0.0,false,50346.65169925739,126.39686700000027,0,2.8421709430404007e-13,false
1585,1369.4454668147769,242.48943726427635,true,139502.18080720666,10000.0,2,9873.603132,false
1586,482.12609768836614,0.0,false,44253.7303479889,126.39686700000027,0,3.126388037344441e-13,false
1587,302.84459390137954,0.0,false,21688.854158069156,96.05429600000022,0,2.4158453015843406e-13,false
1588,380.73854640489947,0.0,false,31438.662121282206,126.39686500000025,0,3.979039320256561e-13,false
1589,1048.010599260304,0.0,false,124219.50118130005,212.62808237347016,1,105.60193845727919,false
1590,835.4475963131026,0.0,false,91010.17392241092,133.66390116634128,1,8.899477930059788,false
1591,1054.5107583820102,144.14801930754948,true,100531.05391010124,10000.0,3,9874.3205623185,false
1592,627.1669210702975,0.0,false,62760.72463952796,137.0852385560484,1,27.989222137946925,false
1593,824.8569331054418,0.0,false,89776.92030891722,133.66390116634093,1,8.899477930059845,false
1594,2192.8908056477126,1061.8467286073233,true,146514.47064565428,9969.47319327803,2,9903.945704000002,false
1595,782.4487415504549,0.0,false,83639.63309529737,133.66390026759248,1,8.899476829419172,false
1596,549.0554171896563,0.0,false,52713.38624181797,126.39686799999988,0,3.410605131648481e-13,false
1597,1169.3904396425864,22.096535837500205,true,154680.84503739886,3896.87424892713,1,9873.603132999997,true
1598,1827.849948854601,691.2091572762318,true,140726.3043270611,10000.0,3,9873.603132000007,false
1599,375.8748480401719,0.0,false,30823.905915129853,126.39686500000052,0,5.826450433232822e-13,false
1600,1094.5199827654149,140.32720852325173,true,130273.46840509142,3896.8742476908806,1,9873.603134999996,true
1601,520.0619795608536,0.0,false,49048.706735938205,126.39686700000053,0,5.684341886080801e-13,false
1602,293.70169925235746,0.0,false,20810.639876583875,96.05429600000042,0,4.263256414560601e-13,false
1603,729.4962429169026,0.0,false,77177.71975718385,137.085244165459,1,27.989239445753526,false
1604,627.4862843046271,0.0,false,63102.61795184728,137.08523987793092,1,27.98922559950843,false
1605,530.0492866856627,0.0,false,50311.07100635699,126.39686700000053,0,5.684341886080801e-13,false
1606,809.7889962074912,0.0,false,86341.75579933316,133.66389857134797,1,8.899473527497506,false
1607,224.45568079659603,0.0,false,14159.262530750722,96.05429600000042,0,4.263256414560601e-13,false
1608,1100.841291095403,0.0,false,137001.98238817885,397.3645535204356,1,331.83706223026525,false
1609,702.486333170127,0.0,false,73357.15029087084,133.6639002675932,1,8.899476829419399,false
1610,695.4175791695533,0.0,false,71631.61315825429,137.08523955604886,1,27.98922213794677,false
1611,473.1656246349241,0.0,false,43121.154680958774,126.39686700000063,0,6.394884621840902e-13,false
1612,1655.4839983724355,507.94455856174596,true,144412.87155504688,10000.000000000002,3,9903.945704000003,false
1613,755.9067423417587,0.0,false,80231.93980819483,133.6639002675932,1,8.899476829419413,false
1614,810.359908236422,0.0,false,87546.24764663387,133.66390116634153,1,8.899477930059874,false
1615,931.286192482743,0.0,false,105732.21895245559,253.22601683060313,1,332.1225840328792,false
1616,591.4939795602585,0.0,false,58155.129930089184,133.663897571348,1,8.899473527497705,false
1617,1076.6026006962497,7.650557085675928,true,144778.6798239117,3896.8742483090027,1,9873.603134,true
1618,298.86084036675834,0.0,false,21306.197528814842,96.05429600000002,0,9.947598300641403e-14,false
1619,482.3314419463629,0.0,false,44279.68521762403,126.3968670000001,0,1.2789769243681803e-13,false
1620,2336.4105644991682,1188.8945970183786,true,142100.89242395002,10000.0,2,9873.603131,false
1621,703.5955940298195,0.0,false,73307.60668827713,137.08524119981246,1,27.989229061069437,false
1622,835.4894257528722,0.0,false,90724.60020836009,133.66390116634096,1,8.899477930059717,false
1623,231.14343865873488,0.0,false,14801.65038395364,96.05429600000002,0,1.2789769243681803e-13,false
1624,526.8924094381294,0.0,false,49912.05163170636,126.39686700000004,0,1.4210854715202004e-13,false
1625,469.6472974761074,0.0,false,42676.44917211319,126.39686700000004,0,1.4210854715202004e-13,false
1626,518.6390272794874,0.0,false,48868.850034220566,126.39686700000004,0,1.4210854715202004e-13,false
1627,619.8264371617217,0.0,false,62211.93084948112,133.66389847009583,1,8.89947462813808,false
1628,775.2414682038255,0.0,false,82556.99119855836,133.6639002675925,1,8.899476829419172,false
1629,355.5717829500557,0.0,false,28257.662219060345,126.39686500000016,0,2.7000623958883807e-13,false
1630,775.9053545482643,0.0,false,82874.38043266775,133.6639002675925,1,8.899476829419172,false
1631,1178.1701773777306,29.636327522052632,true,150312.20232221417,9504.511917456077,3,9873.603132,true
1632,409.5462407083091,0.0,false,35079.86425388065,126.39686599999987,0,3.268496584496461e-13,false
1633,786.4032610248612,0.0,false,84428.28366438253,133.6639011663407,1,8.899477930059774,false
1634,525.5869013614671,0.0,false,49747.039508806054,126.39686700000009,0,1.9895196601282805e-13,false
1635,576.9849689932963,0.0,false,56243.59391893501,126.39686799999993,0,3.268496584496461e-13,false
1636,837.8864555623943,0.0,false,91245.17506208862,133.6639011663407,1,8.899477930059774,false
1637,821.0372044465863,0.0,false,89073.44634093608,133.6639011663407,1,8.899477930059774,false
1638,949.246810610438,0.0,false,106317.18879772362,145.21266959195998,1,23.042527420904364,false
1639,1977.2824052637086,811.0393766180327,true,144467.9341709462,10000.000000000005,2,9873.603131000005,false
1640,420.62238578882335,0.0,false,36479.854224038274,126.3968659999999,0,4.121147867408581e-13,false
1641,960.7298109783842,12.813758550244676,true,129480.11047042829,3896.8742476908833,1,9873.603135000003,true
1642,1397.033573227129,383.1212546406423,true,137821.83135056344,10000.0,3,9873.603134000003,true
1643,658.1509010236382,0.0,false,67289.47903771559,133.66389936884383,1,8.899475728778683,false
1644,294.6790428631481,0.0,false,20904.517926136374,96.05429599999975,0,4.973799150320701e-13,false
1645,994.6151404956904,0.0,false,118826.14393523544,253.22601815248464,1,332.12258749444067,false
1646,736.1729211212977,0.0,false,77367.87639643758,133.66389936884426,1,8.899475728778683,false
1647,904.7479689072927,0.0,false,99526.93170055626,137.08524352169445,1,27.989232522630957,false
1648,943.3104360910758,0.0,false,105219.70311041609,133.66390206508936,1,8.899479030700348,false
1649,773.1151742420399,0.0,false,82468.02329017906,133.66390026759262,1,8.899476829419243,false
1650,606.5727219145986,0.0,false,59983.39301223123,126.39686800000013,0,1.5631940186722204e-13,false
1651,589.538295496474,0.0,false,57830.294984044805,126.39686800000013,0,1.5631940186722204e-13,false
1652,549.2512442786776,0.0,false,52738.1381711691,126.39686800000013,0,1.5631940186722204e-13,false
1653,367.65849357954795,0.0,false,29785.384502443558,126.39686500000016,0,1.5631940186722204e-13,false
1654,636.8219785842148,0.0,false,63806.80410285402,126.39686900000004,0,2.7000623958883807e-13,false
1655,527.4269678354395,0.0,false,49979.61813514757,126.39686700000016,0,1.7053025658242404e-13,false
1656,949.1920792064471,0.0,false,106567.89130898712,154.07121237437946,1,72.46973410537593,false
1657,194.76821977203264,0.0,false,11307.65445107122,96.05429600000011,0,1.7053025658242404e-13,false
1658,817.2436479084323,0.0,false,88319.38415611238,133.66390116634102,1,8.899477930059746,false
1659,1349.4097395988663,202.43488565283818,true,142032.4973717115,10000.000000000002,2,9873.603131000003,false
1660,236.283080683737,0.0,false,15295.335064938328,96.05429600000011,0,1.4210854715202004e-13,false
1661,508.87189711564446,0.0,false,47634.31544053251,126.39686700000013,0,2.8421709430404007e-13,false
1662,969.2262356507523,10.595145865413029,true,130834.45755787614,3896.874247690883,1,9873.603134999994,true
1663,921.40688094463,0.0,false,102331.49217131201,133.6639020650894,2,8.899479030700206,false
1664,1158.5347916192338,43.19822076761591,true,145114.11375725377,9882.896398556066,2,9989.999998,false
1665,802.1518820481442,0.0,false,86661.08010549318,137.0852438435764,1,27.989235984191865,false
1666,273.20317763993256,0.0,false,18841.66887555715,96.05429600000019,0,1.7053025658242404e-13,false
1667,552.4288930006445,0.0,false,53888.739623577356,137.08524052169454,1,27.989232522630672,false
1668,361.8234049923003,0.0,false,29047.847621358495,126.39686500000002,0,2.8421709430404007e-13,false
1669,930.1284487302133,49.339278477496734,true,115951.06663529878,6623.19119225316,2,13113.425453880114,true
1670,436.44589650735793,0.0,false,38479.89630886085,126.39686599999973,0,4.973799150320701e-13,false
1671,1138.530483500961,38.26271250030925,true,151514.47021810655,9080.986382379857,1,9989.999998999998,false
1672,607.4759658235815,0.0,false,60276.3915933457,133.66389757134723,1,8.89947352749742,false
1673,803.548043011026,0.0,false,86259.17892289313,137.08524219981246,1,27.989229061069395,false
1674,352.7644476300161,0.0,false,27902.82384683303,126.39686500000059,0,6.536993168992922e-13,false
1675,1375.6592368140034,252.11682666183808,true,145233.0468802521,9969.473193278027,2,9903.945704,false
1676,646.9707852260684,0.0,false,65586.76675906501,133.66389847009643,1,8.899474628138066,false
1677,568.4984290103907,0.0,false,55170.92190434502,126.39686800000075,0,6.536993168992922e-13,false
1678,236.1048232592358,0.0,false,15278.212674055923,96.05429600000048,0,5.258016244624741e-13,false
1679,587.7424451229214,0.0,false,57603.30513400232,126.39686800000075,0,6.536993168992922e-13,false
1680,454.60215320507695,0.0,false,40774.79016296298,126.39686600000074,0,6.963318810448982e-13,false
1681,868.9562597430038,0.0,false,95683.97883790037,137.08524516545907,1,27.989239445753512,false
1682,641.8847351694075,0.0,false,64711.360275291045,133.66389757134806,1,8.899473527497534,false
1683,1110.1177535605739,0.0,false,137160.60988081995,212.62808327221865,1,105.6019395579196,false
1684,719.3380486614714,0.0,false,75234.89954392474,133.66389936884485,1,8.899475728778498,false
1685,225.4694814850954,0.0,false,14256.642439127478,96.05429600000048,0,4.973799150320701e-13,false
1686,493.2299763529036,0.0,false,45657.22575611148,126.39686700000073,0,6.821210263296962e-13,false
1687,1035.3517624220249,0.0,false,128379.69694702883,397.36454359015613,1,331.83705129391376,false
1688,316.71560008347643,0.0,false,23346.362674282806,126.39686500000076,0,6.536993168992922e-13,false
1689,400.0464457377633,0.0,false,33879.11998946016,126.39686600000074,0,6.963318810448982e-13,false
1690,408.76250048911595,0.0,false,34980.80195033536,126.39686600000074,0,6.963318810448982e-13,false
1691,490.28505421417105,0.0,false,45284.996841886255,126.39686700000073,0,6.821210263296962e-13,false
1692,1052.0469766284218,0.0,false,136000.45616131555,587.388956736618,1,1207.1821364925645,true
1693,1128.1401678221791,151.3133533507474,true,110060.19067517381,10000.0,4,9873.603132,false
1694,994.8238425434465,0.0,false,112087.98454838348,145.2126696932119,1,23.042526320263946,false
1695,1516.3552450182651,415.20546265071914,true,151060.93171540098,9000.281715590643,2,9989.999999,false
1696,995.1023361369549,0.0,false,111971.74617938172,145.21266969321195,1,23.042526320263903,false
1697,906.2908639606948,0.0,false,100537.22627291837,137.0852451654586,1,27.989239445753384,false
1698,1623.6378788365594,510.9052693551388,true,137704.3851577905,9999.999999999998,4,9873.603132000004,false
1699,417.39592476256803,0.0,false,36072.039678180816,126.39686600000019,0,1.4210854715202004e-13,false
1700,612.6583473516494,0.0,false,60752.59696469616,126.39686800000021,0,2.8421709430404007e-13,false
1701,546.2207625056712,0.0,false,52355.09478774339,126.39686800000021,0,2.8421709430404007e-13,false
1702,1381.1556787047452,268.99050267121055,true,141679.1467786421,9969.473194284103,2,9903.945703999998,false
1703,361.66742296817296,0.0,false,29028.13198313643,126.39686500000025,0,1.4210854715202004e-13,false
1704,1113.34055843169,74.29463807727905,true,140998.63971965347,10000.0,2,9873.603134,true
1705,520.8553259729291,0.0,false,49148.983232110004,126.39686700000004,0,7.105427357601002e-14,false
1706,284.22424838055656,0.0,false,19900.290033650766,96.05429600000004,0,5.684341886080802e-14,false
1707,301.23999283861514,0.0,false,21534.72533743824,96.05429600000004,0,5.684341886080802e-14,false
1708,239.68134159516856,0.0,false,15621.75261421541,96.05429600000004,0,5.684341886080802e-14,false
1709,938.1807714033539,0.0,false,104938.97538693357,145.21267049070872,1,23.042528521545123,false
1710,809.9150209647373,0.0,false,87706.59235573043,137.08524384357648,1,27.989235984192206,false
1711,506.4292079816788,0.0,false,47325.567201600345,126.39686700000007,0,7.105427357601002e-14,false
1712,476.2769352357029,0.0,false,43514.41457449317,126.39686700000007,0,7.105427357601002e-14,false
1713,594.2688752974425,0.0,false,58428.22542159719,126.39686800000007,0,9.947598300641403e-14,false
1714,122.56485005287814,0.0,false,4372.210820480226,96.05429600000004,0,7.105427357601002e-14,false
1715,1529.513325296465,399.7075556629549,true,139862.37900836483,10000.000000000005,3,9873.603132000007,false
1716,582.6651643826186,0.0,false,56961.55278601206,126.39686800000004,0,1.2789769243681803e-13,false
1717,194.44259529415868,0.0,false,11276.37682206555,96.0542960000001,0,1.7053025658242404e-13,false
1718,921.5198882824658,0.0,false,102583.3650887196,133.66390206508936,1,8.899479030700405,false
1719,610.922826950862,0.0,false,60842.411245722375,133.66389757134755,1,8.899473527497705,false
1720,833.8650014134575,0.0,false,90828.93257702832,133.66390116634096,1,8.89947793005986,false
1721,450.4113771419148,0.0,false,40245.08922342523,126.39686600000003,0,1.1368683772161603e-13,false
1722,846.6001847206983,0.0,false,91837.5087370471,137.0852421998125,1,27.989229061069906,false
1723,1171.9974634003975,115.38933272464138,true,143218.4479764934,7649.6681743232175,3,15892.490091823682,true
1724,371.7968919965621,0.0,false,30308.465071921484,126.39686499999999,0,1.4210854715202004e-13,false
1725,437.64499862458223,0.0,false,38631.459052496524,126.39686600000002,0,1.2789769243681803e-13,false
1726,484.99622354925833,0.0,false,44616.505247480534,126.39686700000007,0,1.1368683772161603e-13,false
1727,783.3715360682396,0.0,false,83536.37149581907,133.66390036884428,1,8.899475728778697,false
1728,1689.2634300656496,664.5110323083908,true,132673.47408140608,9999.999999999998,3,9873.603132999999,true
1729,206.81129479829116,0.0,false,12464.443508264347,96.05429599999957,0,4.547473508864641e-13,false
1730,768.3487510811199,0.0,false,81962.50934116676,137.08524252169462,1,27.989232522631013,false
1731,498.8562846437948,0.0,false,46368.37346309816,126.39686700000007,0,1.4210854715202004e-13,false
1732,468.6253198530458,0.0,false,42547.27440854595,126.39686700000007,0,1.4210854715202004e-13,false
1733,195.7839094733958,0.0,false,11405.21580724303,96.05429600000008,0,1.4210854715202004e-13,false
1734,334.5415746067119,0.0,false,25599.509898285683,126.3968650000001,0,1.5631940186722204e-13,false
1735,439.2001496401658,0.0,false,38828.025259247246,126.39686600000005,0,1.1368683772161603e-13,false
1736,1884.8359750201707,977.0378982483556,true,100586.00369642307,9999.999999999996,3,9873.603132000004,false
1737,983.6660824235465,59.54602050594403,true,109222.06830033883,10000.0,2,9873.603133,false
1738,898.3431875815204,0.0,false,99259.65985070846,137.08524516545873,1,27.989239445753782,false
1739,895.3082169071113,8.100708941975233,true,117478.45300467675,3351.329611574908,1,10756.182234308106,true
1740,629.553881975035,0.0,false,63108.554410944154,133.66389757134752,1,8.899473527497662,false
1741,1453.197749079899,345.18092091312,true,137108.32520245726,10000.000000000005,2,9873.603132000006,false
1742,579.7257444143081,0.0,false,56590.019328856935,126.39686800000015,0,2.1316282072803006e-13,false
1743,1583.223166539718,441.9552414408747,true,143846.0339019742,10000.0,4,9903.945704000002,false
1744,853.7507520532748,0.0,false,93275.66538150886,137.08524384357648,1,27.989235984192533,false
1745,1930.1813631062835,811.2114675729265,true,139023.3654834568,9999.999999999996,4,9903.945704000016,false
1746,329.7616372320891,0.0,false,24995.340818356763,126.39686499999993,0,4.547473508864641e-13,false
1747,546.2557185966357,0.0,false,52359.51312791404,126.396868,0,2.2737367544323206e-13,false
1748,296.0053896890173,0.0,false,21031.91923276802,96.05429599999997,0,2.2737367544323206e-13,false
1749,876.7531578779815,1.9011619851110761,true,114538.18379924906,3623.8542570124496,1,11539.169161060625,true
1750,1086.5416374013125,27.006864673243175,true,123558.56343073546,10000.0,2,9873.603132,false
1751,695.6498568708829,0.0,false,72027.13960203285,133.66389936884445,1,8.899475728778754,false
1752,905.8933380799323,0.0,false,100277.83222931335,133.6639020650896,1,8.899479030700306,false
1753,504.7617569991063,0.0,false,47114.80663153183,126.39686700000013,0,5.684341886080801e-13,false
1754,656.3908334503074,0.0,false,66803.64182739152,133.663898470096,1,8.899474628138137,false
1755,291.23066956689576,0.0,false,20573.286867164803,96.05429600000012,0,2.5579538487363607e-13,false
1756,303.61328510979405,0.0,false,21762.690248628696,96.05429600000012,0,2.5579538487363607e-13,false
1757,872.8249754412113,0.0,false,96014.84965741275,133.6639020650895,1,8.899479030700292,false
1758,780.6880925700837,0.0,false,83955.03289729089,133.6639010650896,1,8.899479030700348,false
1759,364.7085605580367,0.0,false,29412.522228364258,126.3968650000001,0,4.547473508864641e-13,false
1760,753.7044697237064,0.0,false,79790.53934279087,133.66390026759268,1,8.899476829419228,false
1761,417.4136766350937,0.0,false,36074.28345914493,126.39686600000013,0,1.2789769243681803e-13,false
1762,1499.1346276108266,397.844520603021,true,131078.88784471079,10000.0,3,9882.11623110759,false
1763,614.4298177221119,0.0,false,61337.50517771765,133.66389757134746,1,8.899473527497662,false
1764,900.6049979962219,0.0,false,99606.94078010097,133.66390206508936,1,8.899479030700434,false
1765,1243.8335917334184,208.89450594542865,true,124714.82729949172,10000.0,2,9873.603132,false
1766,320.8614437923773,0.0,false,23870.384305284446,126.39686500000019,0,1.4210854715202004e-13,false
1767,563.7888383914443,0.0,false,55543.52870451375,137.0852418435765,1,27.98923598419219,false
1768,1041.7732887545067,0.0,false,122802.41615849896,212.62808237346968,1,105.60193845727927,false
1769,210.20194501449672,0.0,false,12790.130017592368,96.05429600000011,0,1.5631940186722204e-13,false
1770,699.0889660358474,0.0,false,72378.42670264239,133.6638984700959,1,8.89947462813818,false
1771,941.0271806547316,0.0,false,109834.4882742284,253.22601683060304,1,332.1225840328797,false
1772,2051.746914495055,944.8932542293869,true,149569.32519594114,9999.999999999998,3,13982.740638586904,true
1773,585.979467454902,0.0,false,57380.47029075126,126.39686800000001,0,7.105427357601002e-14,false
1774,371.38083467447484,0.0,false,30255.876732413577,126.39686500000008,0,1.1368683772161603e-13,false
1775,572.6956098410069,0.0,false,55701.43238638402,126.39686800000001,0,7.105427357601002e-14,false
1776,814.2631583041002,0.0,false,87869.62690412527,133.66390116634105,1,8.899477930059803,false
1777,749.0169532867562,0.0,false,79145.12901303805,133.66389936884426,1,8.899475728778697,false
1778,1040.0750893763834,70.57431513295828,true,120169.34971820646,-1876.7781729546164,2,11876.778172954617,true
1779,980.0237414599007,0.0,false,110992.70814409919,145.2126740857023,1,23.042532924107164,false
1780,411.03285408751225,0.0,false,35267.7675185326,126.39686600000019,0,3.410605131648481e-13,false
1781,857.9368221010366,0.0,false,93856.27348298274,133.66390116634113,1,8.899477930059703,false
1782,1001.117057988887,19.03465529999425,true,111526.66823609878,10000.0,3,9873.603132,false
1783,988.7849167911223,0.0,false,112119.37718462039,154.07121634002587,1,72.46974449006025,false
1784,610.1458311271422,0.0,false,60712.057529828504,133.6638975713477,1,8.899473527497577,false
1785,782.2699575932534,0.0,false,83708.72735612708,133.66390026759282,1,8.899476829419228,false
1786,315.88918957747364,0.0,false,23241.906980426644,126.39686500000025,0,2.5579538487363607e-13,false
1787,242.14650336380095,0.0,false,15858.541985032052,96.05429600000018,0,1.9895196601282805e-13,false
1788,402.0823737632708,0.0,false,34136.45490110621,126.39686600000026,0,2.4158453015843406e-13,false
1789,549.3926506846548,0.0,false,52756.01149700998,126.39686800000024,0,2.5579538487363607e-13,false
1790,831.8172663580118,0.0,false,92365.64846782434,154.07121698378984,1,72.46975141318265,false
1791,692.2218484203644,0.0,false,71575.11809225059,137.08523987793063,1,27.989225599508643,false
1792,776.0663976275082,0.0,false,83904.5149130334,137.08524548734076,1,27.989242907314846,false
1793,1342.6522011449654,232.44959546696262,true,137384.6006187205,10000.000000000004,2,9873.603132000004,false
1794,590.0692603045454,0.0,false,57909.174226709656,133.66389757134777,1,8.899473527497605,false
1795,599.3160193077309,0.0,false,59066.168581512626,126.3968680000003,0,2.8421709430404007e-13,false
1796,414.1239227047697,0.0,false,35658.46888888959,126.39686600000029,0,2.7000623958883807e-13,false
1797,262.0587031371383,0.0,false,17771.194256334726,96.0542960000002,0,2.1316282072803006e-13,false
1798,958.5206496261807,0.0,false,114938.81245312837,253.2260181524851,1,332.1225874944415,false
1799,346.32156417227736,0.0,false,27088.46360198598,126.39686500000029,0,2.2737367544323206e-13,false
1800,614.3404586800893,0.0,false,61345.39611847057,133.66389757134763,1,8.899473527497577,false
1801,1249.543954957711,124.4270602566067,true,139269.71993528728,10000.000000000005,2,9873.603132000007,false
1802,1288.1774646896527,171.5531326395962,true,138236.86387372253,10000.000000000004,3,9903.945704000003,false
1803,1698.6571820551624,568.7258388035631,true,139878.25111951583,10000.000000000005,2,9873.603132000007,false
1804,366.5441599364948,0.0,false,29644.5362278549,126.39686500000019,0,2.2737367544323206e-13,false
1805,847.8220507103459,0.0,false,92764.307305689,133.66390206508947,1,8.899479030700348,false
1806,216.3711981668639,0.0,false,13382.713267481005,96.05429600000011,0,1.7053025658242404e-13,false
1807,332.4797338931583,0.0,false,25338.899704210526,126.39686500000019,0,2.2737367544323206e-13,false
1808,515.2746687865776,0.0,false,48443.605681438115,126.39686700000019,0,2.4158453015843406e-13,false
1809,830.4011548706184,0.0,false,90458.69523876916,137.08524384357668,1,27.989235984192206,false
1810,743.0477117632947,0.0,false,78537.90169457704,137.08524252169454,1,27.989232522630928,false
1811,611.5984674041823,0.0,false,61177.299265449554,137.08524019981257,1,27.98922906106975,false
1812,870.3977951471797,0.0,false,95690.75491966194,133.6639020650895,1,8.899479030700348,false
1813,781.4561741971769,0.0,false,83696.3716584583,137.08524384357662,1,27.989235984192106,false
1814,775.2526816898265,0.0,false,82920.27522395836,133.66390116634113,1,8.89947793005976,false
1815,849.6689878347124,0.0,false,92582.90687946042,133.66390116634113,1,8.89947793005976,false
1816,492.4915113032613,0.0,false,45563.8860918783,126.39686700000019,0,1.8474111129762605e-13,false
1817,400.066311885827,0.0,false,33881.6310082156,126.39686600000024,0,2.5579538487363607e-13,false
1818,576.8467196187377,0.0,false,56226.11963195561,126.39686800000021,0,2.2737367544323206e-13,false
1819,357.1102778643898,0.0,false,28452.123146896673,126.39686500000025,0,2.4158453015843406e-13,false
1820,1103.4272009805331,99.13318300441063,true,136606.10834525962,3896.87424830901,1,9873.603134,true
1821,721.099544217733,0.0,false,75799.39047403955,133.66390026759296,1,8.8994768294193,false
1822,496.4493014528949,0.0,false,46064.13834328868,126.39686700000021,0,2.5579538487363607e-13,false
1823,216.1739917508771,0.0,false,13363.770744618349,96.05429600000025,0,2.4158453015843406e-13,false
1824,1165.2059467409176,252.855705136594,true,101146.69722816235,9999.999999999998,2,9873.603131999998,false
1825,306.86954868728446,0.0,false,22101.852684559468,126.39686500000016,0,1.7053025658242404e-13,false
1826,1652.2156237008007,462.1773268914473,true,153367.90509274515,9000.281715590634,2,9903.945703999994,false
1827,390.2390078166221,0.0,false,32639.490621775556,126.39686600000022,0,2.2737367544323206e-13,false
1828,656.494975504246,0.0,false,66885.23101866711,133.66389847009606,1,8.89947462813825,false
1829,665.3544558013493,0.0,false,67869.60095249146,133.66389847009606,1,8.89947462813825,false
1830,604.9229289082987,0.0,false,60211.29536813536,133.66389847009606,1,8.89947462813825,false
1831,368.6143369511413,0.0,false,29906.200104220647,126.39686500000016,0,1.7053025658242404e-13,false
1832,739.726146786071,0.0,false,78082.44202892573,133.66390026759285,1,8.899476829419314,false
1833,931.8847437509789,0.0,false,103622.95380134111,133.6639020650896,1,8.899479030700348,false
1834,676.0176770207769,0.0,false,69559.8716277026,133.66389936884445,1,8.899475728778626,false
1835,861.5718497173941,0.0,false,94323.66752551048,137.0852438435768,1,27.98923598419249,false
1836,690.1766049825716,0.0,false,71272.01592321732,133.66389847009606,1,8.89947462813825,false
1837,261.1818563101277,0.0,false,17686.96935429695,96.0542960000003,0,2.5579538487363607e-13,false
1838,1022.3994787894973,0.0,false,117982.08436506752,212.62808237346997,1,105.60193845727925,false
1839,1899.724808596001,781.9454813888594,true,139470.13399562176,10000.0,3,9903.945704,false
1840,1039.0598344254365,92.9620937401117,true,108688.06015302577,10000.0,3,9903.945704,false
1841,296.77138245757874,0.0,false,21105.49612659535,96.05429600000004,0,2.4158453015843406e-13,false
1842,547.0538464217432,0.0,false,52626.98806732213,137.08523887793058,1,27.98922559950836,false
1843,621.145097885802,0.0,false,62085.711988122726,133.66389757134755,1,8.89947352749762,false
1844,337.95309505514604,0.0,false,26030.7153742051,126.39686500000012,0,2.4158453015843406e-13,false
1845,717.9718554877072,0.0,false,75270.07463111036,133.66390026759274,1,8.899476829419271,false
1846,859.5090582082986,0.0,false,94101.53097655407,133.66390116634108,1,8.899477930059817,false
1847,417.0595392097683,0.0,false,36029.52160022111,126.39686600000007,0,2.7000623958883807e-13,false
1848,1018.1349148990068,12.610855112254551,true,136761.58176902193,3896.8742483090064,1,9873.603134,true
1849,621.7629574139942,0.0,false,62274.36883126444,133.66389757134755,1,8.899473527497648,false
1850,447.38888451101434,0.0,false,39863.05564248374,126.39686600000013,0,3.126388037344441e-13,false
1851,466.67961057051536,0.0,false,42301.34286281557,126.39686700000017,0,1.2789769243681803e-13,false
1852,370.1110726947151,0.0,false,30095.382803954824,126.39686500000013,0,2.5579538487363607e-13,false
1853,1147.4974267845362,76.14834767569039,true,149110.78520887086,9000.281715590636,2,9989.999999,false
1854,578.6095431359032,0.0,false,56561.851286155535,133.66389757134758,1,8.899473527497577,false
1855,507.74308453923555,0.0,false,47491.63707421705,126.39686700000016,0,1.7053025658242404e-13,false
1856,633.0833564825322,0.0,false,64946.49630502962,137.08524448734076,1,27.989242907314946,false
1857,296.7502476713964,0.0,false,21103.46603965089,96.05429600000008,0,1.1368683772161603e-13,false
1858,1132.0095181841405,0.0,false,138330.7091586195,212.6280833734698,1,105.60193845727925,false
1859,697.984494827236,0.0,false,72565.47934092887,133.66389936884437,1,8.899475728778725,false
1860,1001.924889024987,65.36937647081136,true,104418.69450249078,-2464.1557485295416,2,12464.15574852954,false
1861,350.0949510794461,0.0,false,27565.407862390533,126.39686500000002,0,2.8421709430404007e-13,false
1862,1628.928708860286,500.19215436694634,true,141046.6134348739,9999.999999999996,3,9903.945703999998,false
1863,329.7724374989554,0.0,false,24996.70593818672,126.39686500000046,0,5.258016244624741e-13,false
1864,739.355669300012,0.0,false,77971.09881401864,137.08524252169502,1,27.98923252263107,false
1865,545.5727903876146,0.0,false,52273.193146005586,126.39686800000058,0,6.536993168992922e-13,false
1866,1606.5271053310648,477.19961942894565,true,139801.92544605007,9999.999999999996,4,9873.603132000004,false
1867,422.1721093043239,0.0,false,36675.73441181552,126.39686600000034,0,5.115907697472721e-13,false
1868,389.2834943080475,0.0,false,32518.71671364866,126.39686600000034,0,5.115907697472721e-13,false
1869,562.5086945609286,0.0,false,54413.838271709225,126.39686800000035,0,6.536993168992922e-13,false
1870,632.9262669962453,0.0,false,63731.79935219961,133.66389847009629,1,8.89947462813818,false
1871,323.14126438926434,0.0,false,24158.54647237417,126.39686500000037,0,4.547473508864641e-13,false
1872,512.1379351231478,0.0,false,48047.13239258759,126.39686700000038,0,4.831690603168681e-13,false
1873,652.6802814103293,0.0,false,67076.7451382497,137.08524284357694,1,27.98923598419266,false
1874,269.5133235805878,0.0,false,18487.24255261361,96.05429600000032,0,3.410605131648481e-13,false
1875,642.875452494777,0.0,false,65055.16993244379,133.66389847009626,1,8.89947462813818,false
1876,1160.776018385251,146.7711176805833,true,137833.53343968675,10000.0,2,9873.603134,true
1877,785.4346739282736,0.0,false,89631.8893243401,253.22601747436755,1,332.122590956002,false
1878,1084.91185669075,0.0,false,133684.8148332305,212.62808327221836,1,105.6019395579197,false
1879,532.5599343763113,0.0,false,50628.40899353189,126.39686700000037,0,3.979039320256561e-13,false
1880,666.1214304310282,0.0,false,68210.1554167818,133.66389847009606,1,8.899474628138051,false
1881,644.4084331793975,0.0,false,65009.75794561291,133.66389757134772,1,8.899473527497534,false
1882,1006.1566799576368,0.0,false,116735.28502017111,212.62808237346994,1,105.60193845727919,false
1883,433.9290233328828,0.0,false,38161.77144007229,126.39686600000033,0,3.410605131648481e-13,false
1884,1324.165847006338,163.41505198771156,true,143773.73308060903,9999.999999999996,2,9873.603130999998,false
1885,1043.475018196811,0.0,false,121777.1813165183,253.22601650872144,1,332.1225805713181,false
1886,386.9013519921758,0.0,false,32217.62140246719,126.39686600000033,0,3.410605131648481e-13,false
1887,811.6274598817954,0.0,false,87607.39448103633,133.66390116634122,1,8.899477930059732,false
1888,798.5513180929806,0.0,false,85678.54991248982,133.66390026759285,1,8.899476829419285,false
1889,738.5485360558176,0.0,false,78642.5300794331,137.08524416545873,1,27.989239445753157,false
1890,941.2303915003598,0.0,false,105705.62407379011,154.07121369626185,1,72.46973756693707,false
1891,804.1307322539292,0.0,false,85951.8709893508,133.66389947009608,1,8.899474628138051,false
1892,480.57890540883193,0.0,false,44058.17010049242,126.39686700000036,0,3.694822225952521e-13,false
1893,273.5786976112435,0.0,false,18877.739180908808,96.05429600000028,0,2.984279490192421e-13,false
1894,1294.965123538972,319.6724852050547,true,109640.66415877998,9999.999999999998,4,9873.603132,false
1895,502.11164469917077,0.0,false,46779.8407555225,126.39686700000011,0,3.126388037344441e-13,false
1896,2782.726141220718,1620.7092761052018,true,144180.12627658763,10000.000000000005,4,10116.287071594312,true
1897,159.6100453696583,0.0,false,7930.560865680449,96.054296,0,2.7000623958883807e-13,false
1898,1655.8581957712408,464.6024927511774,true,147629.45769708435,9999.999999999995,3,9873.603131000007,false
1899,1033.3199684199542,0.0,false,122578.66586036545,212.62808237346988,1,105.60193845727923,false
1900,793.844942423154,0.0,false,84749.46958046072,133.66389947009586,1,8.89947462813808,false
1901,705.2588104983014,0.0,false,73782.35202443875,133.66390016634105,1,8.899477930059788,false
1902,875.2460675121094,0.0,false,96186.1174998111,137.08524516545847,1,27.989239445753427,false
1903,942.0698839531372,0.0,false,106225.30416097221,145.21267398445056,1,23.04253402474785,false
1904,593.1257401051291,0.0,false,58350.99822147832,133.66389757134746,1,8.89947352749762,false
1905,839.6077490259853,0.0,false,91157.27205719784,137.08524384357648,1,27.98923598419212,false
1906,460.64372135950794,0.0,false,41538.4254132005,126.39686600000007,0,1.5631940186722204e-13,false
1907,573.6503655939666,0.0,false,55845.31369277545,133.66389757134746,1,8.89947352749762,false
1908,882.392552340861,0.0,false,97354.96443902032,137.08524516545847,1,27.989239445753427,false
1909,617.0026945177667,0.0,false,62360.25560030398,137.08524152169454,1,27.9892325226309,false
1910,83.210866281395,0.0,false,832.1086628139504,10.000002000000011,0,8.881784197001252e-15,false
1911,1422.9681591805536,253.7331264927862,true,144846.11408996623,9999.999999999998,2,9873.603130999998,false
1912,960.4057987208065,0.0,false,112633.66495388672,253.22601683060293,1,332.12258403287933,false
1913,578.8963133756965,0.0,false,56489.19203207176,133.66389757134763,1,8.899473527497634,false
1914,902.7709617179106,0.0,false,100152.37940538897,133.66390206508942,1,8.899479030700363,false
1915,610.7934125756833,0.0,false,60681.25486761625,133.66389757134763,1,8.899473527497634,false
1916,615.0066562612975,0.0,false,61381.915940284205,133.66389757134763,1,8.899473527497634,false
1917,898.8975286181575,0.0,false,99641.2373612032,133.66390206508942,1,8.899479030700363,false
1918,733.1176220741551,0.0,false,76520.68274626916,133.6638985713474,1,8.899473527497634,false
1919,464.24406057603056,0.0,false,41993.4969887041,126.39686700000019,0,2.8421709430404007e-13,false
1920,1154.2790229036952,25.172732505868225,true,139773.96702863986,9999.999999999995,2,9873.603132,false
1921,167.6599822311839,0.0,false,8703.791859608937,96.05429600000011,0,1.1368683772161603e-13,false
1922,464.9981962493175,0.0,false,42497.43136652863,137.0852405216946,1,27.989232522631184,false
1923,370.55955840197424,0.0,false,30152.069989555755,126.39686500000019,0,1.8474111129762605e-13,false
1924,1371.9975474048379,218.6851386867251,true,145613.66975838548,9969.4731942841,2,9903.945704,false
1925,582.5361996761274,0.0,false,56945.25205193173,126.39686800000004,0,3.552713678800501e-13,false
1926,1130.401153507614,154.56904156599956,true,111311.8808589368,10000.0,3,9903.945704,false
1927,1165.2913832614804,241.95733685321645,true,102595.03378320219,10000.000000000002,4,9873.603132000002,false
1928,1364.7545188881115,243.37420880675631,true,151405.44813349005,9999.999999999998,4,9873.603133000002,true
1929,799.0841784117315,0.0,false,86024.50195757099,133.66390116634113,1,8.899477930059774,false
1930,255.2998598784342,0.0,false,17121.978345622076,96.05429600000008,0,1.2789769243681803e-13,false
1931,494.2579836064615,0.0,false,45787.16264604622,126.39686700000019,0,2.1316282072803006e-13,false
1932,1058.2956604373637,0.0,false,125382.61937627259,212.6280823734698,1,105.60193845727919,false
1933,430.7864776379783,0.0,false,38934.9900231433,152.6712331115778,1,195.60301957644683,false
1934,595.7705427632726,0.0,false,58618.03147554395,126.39686800000018,0,1.9895196601282805e-13,false
1935,243.4930303583268,0.0,false,15987.881683496626,96.05429600000011,0,1.4210854715202004e-13,false
1936,606.39193656146,0.0,false,60225.8185101783,133.6638975713475,1,8.899473527497463,false
1937,312.3033389600756,0.0,false,22788.66671837259,126.39686500000019,0,2.2737367544323206e-13,false
1938,1343.8326683776063,230.87653865933305,true,137732.6374140987,10000.0,2,9873.603132000015,false
1939,783.1716568235353,0.0,false,83668.69018816794,133.66390026759262,1,8.899476829419115,false
1940,893.6892146785885,0.0,false,98936.95505336189,133.6639020650894,1,8.899479030700249,false
1941,388.50762467655693,0.0,false,32420.64922768295,126.3968660000001,0,2.8421709430404007e-13,false
1942,691.8761792049066,0.0,false,71229.77945750712,133.66389857134743,1,8.899473527497463,false
1943,945.8311395152571,54.081782687543694,true,98321.6957528998,10000.0,4,9874.320563495958,false
1944,399.57622353553154,0.0,false,33819.68537912549,126.39686599999989,0,2.7000623958883807e-13,false
1945,2447.333521581951,1338.193681164687,true,138288.74926808005,9999.999999999998,3,9903.94570400001,false
1946,766.5115946953812,0.0,false,81551.3919922582,133.66390026759257,1,8.899476829419385,false
1947,477.55027828379457,0.0,false,43675.36113874804,126.396867,0,2.8421709430404007e-13,false
1948,307.7229162153071,0.0,false,22209.715661380815,126.39686500000005,0,2.2737367544323206e-13,false
1949,351.45496571325964,0.0,false,27737.30944301866,126.39686500000005,0,2.2737367544323206e-13,false
1950,686.6900580664387,0.0,false,70978.69715735146,137.08524119981257,1,27.98922906107012,false
1951,858.670546269442,0.0,false,93625.12797493525,133.66390126759265,1,8.899476829419129,false
1952,1143.7008010451416,0.0,false,141368.61469070357,253.22601750872087,1,332.1225805713192,false
1953,1116.9299185480131,1.7046156362010834,true,151585.87244827583,9000.281715590636,2,9989.999999,false
1954,219.67196406903656,0.0,false,13699.766002572711,96.05429600000014,0,1.7053025658242404e-13,false
1955,369.61377019937504,0.0,false,30032.52532957636,126.39686500000016,0,2.2737367544323206e-13,false
1956,725.8936088019948,0.0,false,75932.27578174576,133.66389936884437,1,8.899475728778725,false
1957,770.589369510777,0.0,false,82195.63238558668,137.08524252169462,1,27.989232522630957,false
1958,1221.666422093398,233.88810121295353,true,114889.93022773371,9999.999999999998,2,9873.603131999998,false
1959,1063.2877263288808,0.0,false,129300.20699917071,212.62808327221828,1,105.60193955791978,false
1960,983.5178855525494,74.2690004780878,true,101708.52336467027,9999.999999999998,4,9873.603133000002,false
1961,1076.4073630487344,0.0,false,134436.62023705753,587.3889536049564,1,1207.1821256731382,true
1962,324.8670601730828,0.0,false,24376.681642175918,126.39686500000079,0,9.094947017729282e-13,false
1963,422.82697232670233,0.0,false,36758.507042229256,126.3968660000007,0,8.810729923425242e-13,false
1964,558.7596353209441,0.0,false,53939.968952072355,126.39686800000072,0,9.663381206337363e-13,false
1965,257.03859524544816,0.0,false,17288.991342014786,96.05429600000053,0,6.536993168992922e-13,false
1966,638.5812071457763,0.0,false,64262.17579940621,133.6638975713483,1,8.899473527497676,false
1967,906.2996587243844,0.0,false,100753.88189885614,145.21266959196114,1,23.04252742090455,false
1968,1088.3390490987758,44.36558174591291,true,141621.4661926882,3896.8742483090155,1,9873.603133999997,true
1969,1911.190673278678,762.953711012221,true,142192.02390165572,10000.0,3,9873.603131,false
1970,713.1202397703593,0.0,false,74274.60811101645,133.66389936884434,1,8.89947572877864,false
1971,1626.2621024613559,490.3739589463461,true,140631.17197441493,9999.999999999998,3,9873.603132,false
1972,815.5618269623707,0.0,false,94853.29056833082,253.22601747436738,1,332.12259095600257,false
1973,346.75049482248244,0.0,false,27142.67908975859,126.39686500000013,0,2.8421709430404007e-13,false
1974,586.3814916817604,0.0,false,57649.413713174494,133.66389757134763,1,8.899473527497591,false
1975,401.47732066645705,0.0,false,34059.97808893061,126.3968660000001,0,2.984279490192421e-13,false
1976,227.22026572282186,0.0,false,14424.812781277813,96.05429600000015,0,1.5631940186722204e-13,false
1977,613.0170219820818,0.0,false,60908.873845427974,133.66389757134766,1,8.899473527497648,false
1978,473.3009185988123,0.0,false,43138.25541330642,126.39686700000024,0,2.4158453015843406e-13,false
1979,781.4980910014125,0.0,false,83779.26888850697,133.66390116634113,1,8.899477930059803,false
1980,808.572985781214,0.0,false,87183.605102727,133.66390116634113,1,8.899477930059803,false
1981,1068.9339071505358,0.0,false,127817.0206974245,212.62808327221825,1,105.60193955791978,false
1982,585.6934400873138,0.0,false,57354.39466662987,133.66389757134763,1,8.899473527497591,false
1983,998.3672116076754,0.0,false,117662.84284656256,212.6280823734699,1,105.60193845727926,false
1984,726.3218443597245,0.0,false,77323.29567130885,137.0852444873406,1,27.98924290731493,false
1985,1346.8295717550666,228.49975482922787,true,138411.85460913077,10000.000000000005,2,9873.603132000006,false
1986,1350.257065888214,232.2318616995958,true,139589.66045613232,9969.473194284103,2,9903.945703999998,false
1987,1175.729000424343,62.73721523543714,true,142147.94545815673,9969.473194284103,2,9903.945703999998,false
1988,1588.064108417961,634.9686258117163,true,106455.65314826288,10000.000000000002,3,9874.32056349596,false
1989,815.8037236194849,0.0,false,87326.85355785176,133.6638994700961,1,8.899474628138194,false
1990,569.5279363405049,0.0,false,55303.510323071096,133.66389757134772,1,8.899473527497634,false
1991,269.63368336110784,0.0,false,18498.803626237077,96.05429600000019,0,1.8474111129762605e-13,false
1992,480.1715892938306,0.0,false,44006.686622121466,126.3968670000003,0,3.979039320256561e-13,false
1993,1538.4451910474852,660.8866281758205,true,96469.10868446206,10000.0,2,9873.603132,false
1994,763.693217030565,0.0,false,83238.41870065771,154.0712143400256,1,72.46974449006005,false
1995,531.8769540426795,0.0,false,50578.35394868536,137.08523887793044,1,27.989225599508543,false
1996,577.0735859467637,0.0,false,56254.794823684664,126.39686800000001,0,4.263256414560601e-14,false
1997,442.4252904913544,0.0,false,39235.672939120355,126.39686600000002,0,1.1368683772161603e-13,false
1998,1481.818297901934,361.0825412729537,true,138715.9578353631,9999.999999999998,3,9873.603132000006,false
1999,607.019624408077,0.0,false,60039.88008457993,126.3968680000001,0,1.4210854715202004e-13,false
2000,219.3025679270583,0.0,false,13664.283917318062,96.05429600000004,0,9.947598300641403e-14,false
2001,403.46316607919834,0.0,false,34310.982715532344,126.3968660000001,0,1.1368683772161603e-13,false
2002,1493.1165834871974,378.17191203992155,true,137983.9828466114,10000.0,3,9873.603131000007,false
2003,599.5426020769345,0.0,false,59449.89595115076,133.6638975713467,1,8.899473527497719,false
2004,780.3809982486584,0.0,false,83530.8463771797,133.66390026759183,1,8.89947682941937,false
2005,591.4049568037414,0.0,false,58066.23511383306,126.3968679999989,0,3.552713678800501e-12,false
2006,546.0217820231305,0.0,false,52329.9442793495,126.3968679999989,0,3.552713678800501e-12,false
2007,949.1962546484777,0.0,false,105771.22870975261,133.6639021663402,1,8.899477930059831,false
2008,1528.8627480771872,409.68806347724853,true,138518.6432310969,10000.0,2,9873.603132000007,false
2009,1713.2831296084653,590.3215931688137,true,141668.17441335923,9969.473194284106,2,9903.945704,false
2010,370.0459663267282,0.0,false,30087.153563409967,126.39686499999894,0,3.609557097661309e-12,false
2011,2194.4221484957507,1071.7649613174517,true,138958.82062542587,9999.999999999996,2,9873.603131999997,false
2012,793.0795301303807,0.0,false,85500.31755282026,137.08524384357588,1,27.98923598419394,false
2013,986.1259808251767,0.0,false,111108.42059851272,145.21267049070892,1,23.042528521545023,false
2014,648.4335894960706,0.0,false,81441.53234546201,282.11682721933255,1,642.818117568144,false
2015,1390.012605149193,239.57445163803536,true,142470.24756544663,9999.999999999998,3,9873.603131000018,false
2016,542.7679979857152,0.0,false,51918.676190648766,126.39686700000019,0,1.7053025658242404e-13,false
2017,355.6038571878174,0.0,false,28261.716302032455,126.39686500000025,0,2.2737367544323206e-13,false
2018,762.7699093711856,0.0,false,81119.0436760685,133.66390026759262,1,8.899476829419143,false
2019,177.0817647535953,0.0,false,9608.794518598932,96.05429600000022,0,3.694822225952521e-13,false
2020,1170.964683491894,0.0,false,147412.5035069882,397.364563450718,1,331.83707316661975,false
2021,464.3814977702047,0.0,false,42010.86861863248,126.39686700000027,0,3.126388037344441e-13,false
2022,1185.8047166456545,185.60414191223128,true,136088.709968701,6748.418300610958,2,12627.121240716595,true
2023,1165.389025968065,32.691911161153094,true,144809.3761468252,9969.473193278023,2,9903.945703999994,false
2024,664.4685514328906,0.0,false,68154.60014058628,133.6638993688444,1,8.899475728778867,false
2025,750.6748788418893,0.0,false,80358.83507959319,137.0852441654587,1,27.989239445754237,false
2026,407.8479217345536,0.0,false,34865.202066621256,126.39686599999996,0,2.8421709430404007e-13,false
2027,1322.8518534964987,230.47575117983155,true,149319.583815425,9000.281715590627,2,9989.999999,false
2028,756.3081650124216,0.0,false,80412.95588364314,137.08524252169485,1,27.989232522631923,false
2029,392.74981364387025,0.0,false,32956.848596920165,126.39686599999999,0,1.1368683772161603e-13,false
2030,1246.6542594582666,275.3519026368881,true,119749.59932331662,10000.0,3,9873.603133,false
2031,896.3712210883983,0.0,false,99536.8170399747,220.0529451434753,1,296.35489184412944,false
2032,732.5376910051822,0.0,false,77193.14608832399,133.66390026759274,1,8.899476829419257,false
2033,1089.4499779566193,0.0,false,131611.62130858563,212.6280832722182,1,105.60193955791979,false
2034,498.26809958854705,0.0,false,46294.02871842778,126.39686700000021,0,6.536993168992922e-13,false
2035,729.2825529973762,0.0,false,76570.64900761592,133.66389936884434,1,8.899475728778668,false
2036,592.2420746377818,0.0,false,58172.04418034342,126.39686800000021,0,2.5579538487363607e-13,false
2037,1732.1066704465438,619.758700482079,true,137655.76793023088,10000.000000000004,2,9873.603132000006,false
2038,359.9633938186782,0.0,false,28812.74804758772,126.39686500000028,0,3.126388037344441e-13,false
2039,1253.548304961504,96.59089606600271,true,143294.26098208502,10000.000000000004,2,9873.603131000003,false
2040,1359.8553280303852,223.29574964216076,true,140716.03923475512,10000.0,2,9873.603132000007,false
2041,813.2460655312419,0.0,false,87870.99110194226,133.66390116634108,1,8.899477930059774,false
2042,674.4553188553925,0.0,false,69029.31255097616,133.66389847009594,1,8.899474628138123,false
2043,421.8333937022637,0.0,false,36632.92182294333,126.39686600000022,0,2.8421709430404007e-13,false
2044,199.41442042166213,0.0,false,11753.94196960753,96.05429600000008,0,1.2789769243681803e-13,false
2045,1166.23706993792,83.73739845747278,true,150505.79513845863,9000.28171559064,2,9989.999999000003,false
2046,821.2854159215435,0.0,false,88853.9172543779,137.08524384357662,1,27.989235984192177,false
2047,558.5277314196646,0.0,false,53910.65702689674,126.39686800000021,0,2.2737367544323206e-13,false
2048,563.5561240086537,0.0,false,54546.23006602064,126.39686800000021,0,2.2737367544323206e-13,false
2049,530.1871657718863,0.0,false,50328.49849005315,126.39686700000021,0,2.2737367544323206e-13,false
2050,679.3450685130263,0.0,false,69948.63142956303,133.66389847009594,1,8.899474628138123,false
2051,648.1655533358241,0.0,false,65785.59103440832,133.66389847009594,1,8.899474628138123,false
2052,241.42470078577458,0.0,false,15789.209748714144,96.05429600000011,0,1.4210854715202004e-13,false
2053,594.5690661895915,0.0,false,58725.272619724215,133.66389757134758,1,8.899473527497534,false
2054,1525.3766620870608,387.206632373997,true,140919.59522700822,9999.999999999998,2,9873.603132,false
2055,628.6942353307812,0.0,false,63103.472482018034,133.66389757134766,1,8.899473527497548,false
2056,258.40560598894973,0.0,false,17420.298592505136,96.05429600000022,0,3.694822225952521e-13,false
2057,2167.7424370531994,1008.3980873419337,true,144813.149112635,9969.4731942841,2,9903.945703999998,false
2058,495.9886215329744,0.0,false,46005.90984748499,126.39686700000021,0,2.2737367544323206e-13,false
2059,1359.141424488687,453.30451788762684,true,100273.59761152515,9999.999999999995,3,9874.32056349597,false
2060,178.64564620413122,0.0,false,9759.012045665955,96.05429600000002,0,1.1368683772161603e-13,false
2061,683.9173967615964,0.0,false,71201.61209018096,137.08524284357645,1,27.989235984192106,false
2062,388.9443860538864,0.0,false,32475.8544947834,126.39686600000013,0,3.126388037344441e-13,false
2063,1094.304859725839,0.0,false,129265.97762021201,212.62808247472128,1,105.60193735663854,false
2064,228.5772346098538,0.0,false,14555.15546834463,96.05429600000005,0,3.410605131648481e-13,false
2065,608.462265640301,0.0,false,60259.32507985464,133.66389757134743,1,8.899473527497506,false
2066,314.6344886354544,0.0,false,23083.316719861577,126.39686500000008,0,2.5579538487363607e-13,false
2067,529.3661440546449,0.0,false,50224.72392218091,126.39686699999996,0,1.5631940186722204e-13,false
2068,1536.560277701643,614.7449812155703,true,102563.45625084435,10000.0,2,9873.603132,false
2069,1095.4943455522166,0.0,false,131372.05727183542,212.62808337346956,1,105.60193845727923,false
2070,593.18316369327,0.0,false,58583.86354803724,133.6638975713474,1,8.89947352749762,false
2071,665.9542038421724,0.0,false,68043.34752903861,133.6638984700958,1,8.899474628138165,false
2072,1447.064365444978,337.85197441552543,true,139004.99050222719,10000.0,3,9903.945704,false
2073,1547.8740127394958,430.904940691288,true,140702.8847377971,9969.473194284097,2,9903.945704,false
2074,866.7974403987348,0.0,false,95082.44690775916,133.663901166341,1,8.899477930059874,false
2075,1456.6422688462367,335.76965173723363,true,145552.40897787485,9882.896398556064,2,9989.999998,false
2076,710.5437944412897,0.0,false,74529.38052865719,133.6639001663409,1,8.899477930059732,false
2077,757.2169951897083,0.0,false,80394.58877240085,133.6639002675923,1,8.899476829418944,false
2078,619.2957081355984,0.0,false,61591.53853311178,126.39686799999981,0,5.826450433232822e-13,false
2079,875.8414972916628,0.0,false,96032.5644343275,133.6639011663408,1,8.899477930059632,false
2080,1791.5406385179006,670.5113770805369,true,138800.838803034,9969.473195290167,2,9903.945704,false
2081,289.1550262798367,0.0,false,20373.912418706106,96.054296,0,2.1316282072803006e-13,false
2082,326.42148993666626,0.0,false,24573.156684937723,126.39686500000008,0,1.4210854715202004e-13,false
2083,1272.7306485310482,144.97860107454034,true,139602.7949718257,10000.000000000002,3,9873.603132000004,false
2084,851.6259097363438,0.0,false,93022.16072444792,137.08524384357654,1,27.989235984192334,false
2085,620.8188883664245,0.0,false,62253.76182150577,133.66389847009592,1,8.899474628138066,false
2086,1117.0166082365529,40.91700801476793,true,145682.10854338855,10000.000000000004,3,9873.603134000005,true
2087,303.90375733145504,0.0,false,21790.5913525165,96.05429600000002,0,8.526512829121202e-14,false
2088,674.7968581851457,0.0,false,69577.38595290297,133.66389936884428,1,8.899475728778583,false
2089,340.8547795343972,0.0,false,26397.479183994867,126.39686500000022,0,2.5579538487363607e-13,false
2090,567.0619909531165,0.0,false,55004.57431063528,133.6638975713474,1,8.899473527497491,false
2091,359.961873618597,0.0,false,28812.5558990694,126.39686500000022,0,2.5579538487363607e-13,false
2092,203.75513866636237,0.0,false,12170.886591714412,96.05429600000008,0,8.526512829121202e-14,false
2093,403.29397772776383,0.0,false,34289.5978389933,126.39686600000013,0,2.5579538487363607e-13,false
2094,730.4281510900091,17.281626558869107,true,77801.06156599423,-2511.5506532181394,3,12511.550653218139,false
2095,567.7809276229175,0.0,false,55080.23198120502,126.39686800000034,0,3.694822225952521e-13,false
2096,542.4932958325949,0.0,false,51883.95470078448,126.3968670000001,0,1.1368683772161603e-13,false
2097,317.2223219800818,0.0,false,23410.410731413667,126.3968650000001,0,1.8474111129762605e-13,false
2098,934.214554718785,38.120748255679764,true,102480.54206146582,9789.243092626193,3,10052.077184710797,false
2099,968.6069770984195,0.0,false,110965.35673922717,212.62808237346897,1,105.6019384572792,false
2100,283.89718894240286,0.0,false,19868.87457054993,96.05429600000002,0,5.258016244624741e-13,false
2101,196.9729650455615,0.0,false,11519.429699565126,96.05429600000002,0,5.258016244624741e-13,false
2102,671.7962498609843,0.0,false,69565.64414460062,137.0852428435766,1,27.98923598419256,false
2103,864.6222555574512,0.0,false,94522.41401932156,133.66390116634105,1,8.899477930059817,false
2104,407.52741741206955,0.0,false,34824.691326322245,126.39686600000006,0,7.673861546209082e-13,false
2105,866.6704972331036,23.857924408814142,true,106913.6896902861,3351.329611574907,1,10756.182234308108,true
2106,300.0303318588275,0.0,false,21418.53220725505,96.05429600000002,0,4.263256414560601e-14,false
2107,1380.1348053689796,245.40956248653117,true,140484.18498480416,10000.0,2,9873.603132000006,false
2108,1410.5442719964383,298.6525720445314,true,137598.09683287496,9999.999999999993,4,9873.603132000018,false
2109,772.0666217965285,0.0,false,82013.03163521712,137.0852408779304,1,27.989225599508245,false
2110,1042.144179717781,14.6233054758621,true,139541.91006815445,3896.8742483090064,1,9873.603133999997,true
2111,644.7751351171951,0.0,false,65198.499177919104,133.66389847009577,1,8.89947462813791,false
2112,881.6683549770349,6.379515230558224,true,101120.81058116985,-2511.5506508660783,3,12511.550650866078,false
2113,1050.295820749809,215.87883522605927,true,90651.88850997324,10000.0,3,9874.32056340723,false
2114,1573.504689249095,541.177202130743,true,119461.97747769923,10000.0,3,9882.116232196318,false
2115,631.9956361988575,0.0,false,63593.63511141808,133.66389847009577,1,8.899474628138165,false
2116,382.00063134983446,0.0,false,31598.185696637243,126.39686499999988,0,4.547473508864641e-13,false
2117,717.2289406957867,0.0,false,75023.8882265718,133.66389936884417,1,8.899475728778754,false
2118,434.061076488128,0.0,false,38178.46254438024,126.39686599999987,0,1.7053025658242404e-13,false
2119,538.8299080985096,0.0,false,51420.91399057008,126.39686699999987,0,6.821210263296962e-13,false
2120,627.179924413115,0.0,false,62882.255823623374,133.66389757134738,1,8.89947352749762,false
2121,608.4963516204806,0.0,false,60226.53376878095,126.39686799999986,0,3.410605131648481e-13,false
2122,849.5981382270805,0.0,false,93082.05241201425,133.6639020650893,1,8.899479030700391,false
2123,243.08750641526882,0.0,false,15948.929367851597,96.05429599999992,0,9.947598300641403e-14,false
2124,755.1884285821574,0.0,false,81320.90676719657,137.08524580922256,1,27.989246368876607,false
2125,804.1820949567649,0.0,false,86905.86168002951,133.6639011663409,1,8.899477930059845,false
2126,489.76660637139213,0.0,false,45219.466661966515,126.39686699999982,0,5.684341886080801e-13,false
2127,506.1704970887283,0.0,false,47292.86695682488,126.39686699999982,0,5.684341886080801e-13,false
2128,1315.3327370516997,319.9884611377764,true,112734.44212428952,10000.0,4,9873.603132,false
2129,1435.903297301746,407.0147668492914,true,119041.20458532692,10000.0,2,9873.603132,false
2130,768.6591862814389,30.70678576103536,true,92610.48007064027,3254.6728521061846,1,10912.553005948896,false
2131,598.111020733568,0.0,false,58956.07281720362,137.08523855604867,1,27.989222137947422,false
2132,658.7928214462947,136.8964416534403,true,65966.0641730807,-4111.563683365138,1,14111.563683365137,false
2133,575.1806904105608,0.0,false,56015.53876970773,126.39686800000018,0,2.2737367544323206e-13,false
2134,1080.037541349577,0.0,false,130735.11466029783,253.2260178306031,1,332.1225840328802,false
2135,568.3543320142792,0.0,false,55439.239048574025,137.0852388779307,1,27.989225599508956,false
2136,1696.819982253471,836.178985931287,true,94372.19728716371,10000.0,3,9873.603132000002,false
2137,569.2078765627357,0.0,false,55260.59384800534,126.3968680000002,0,4.405364961712621e-13,false
2138,1113.8599772768353,16.82775835421869,true,148388.04724636293,9000.281715590645,2,9989.999999000005,false
2139,538.2079745171486,0.0,false,51342.30353813566,126.39686700000051,0,6.963318810448982e-13,false
2140,584.2192703405992,0.0,false,57561.81933031654,133.66389836884474,1,8.899475728778782,false
2141,765.7755991317881,0.0,false,81554.92651297837,133.6639002675931,1,8.899476829419257,false
2142,806.4398806648707,0.0,false,87157.3371963798,133.6639011663415,1,8.899477930059803,false
2143,682.4046315138862,0.0,false,70197.71847963796,133.66389847009634,1,8.899474628138208,false
2144,452.0011229297098,0.0,false,40446.02810079054,126.39686600000051,0,6.963318810448982e-13,false
2145,960.9816854932814,0.0,false,118191.77670364111,253.22601847436744,1,332.12259095600245,false
2146,600.3432456868275,0.0,false,59385.36781723429,133.66389757134797,1,8.899473527497506,false
2147,417.9721350197793,0.0,false,36144.87084596831,126.39686600000057,0,5.542233338928781e-13,false
2148,247.274132885113,0.0,false,16351.072813467614,96.05429600000039,0,4.121147867408581e-13,false
2149,222.56051725651793,0.0,false,13977.223936789194,96.05429600000039,0,4.121147867408581e-13,false
2150,784.6689567603964,0.0,false,84729.87976459225,137.08524548734107,1,27.98924290731472,false
2151,397.1017852856535,0.0,false,33506.92415160266,126.39686600000057,0,5.542233338928781e-13,false
2152,657.0785567746495,0.0,false,66796.18791492122,137.08523987793095,1,27.989225599508586,false
2153,421.5525598312315,0.0,false,36597.4253031825,126.39686600000057,0,5.542233338928781e-13,false
2154,2088.631969768854,981.1891742974684,true,137035.7692716486,10000.0,2,9873.603132000018,false
2155,1411.5516517000344,286.67222589629677,true,151760.58676613742,9080.98638237983,2,9989.999999000003,false
2156,503.13377742742387,0.0,false,46909.03512389911,126.39686700000013,0,4.263256414560601e-13,false
2157,645.8131292189349,0.0,false,65344.90275135155,133.66389847009523,1,8.899474628137682,false
2158,1100.0633801610911,0.0,false,143614.35030863484,587.388956736618,1,1207.1821364925695,true
2159,302.2068236136437,0.0,false,21627.59358398429,96.05429600000002,0,3.979039320256561e-13,false
2160,574.2818080352955,0.0,false,55901.92285906612,126.39686800000003,0,7.958078640513122e-13,false
2161,442.56402888113735,0.0,false,39253.20903608918,126.3968660000001,0,5.542233338928781e-13,false
2162,395.9829267270299,0.0,false,33365.503941889685,126.3968660000001,0,5.542233338928781e-13,false
2163,943.3331557454901,0.0,false,106020.19372015269,145.21267228820474,1,23.042530722825717,false
2164,698.7672969517662,0.0,false,72447.6730996678,133.66389936884357,1,8.89947572877827,false
2165,1203.2030229033332,227.24586139300828,true,133024.418637375,6748.41830061094,2,20953.989161639012,true
2166,426.3779428938591,0.0,false,37207.33857542119,126.3968660000001,0,5.542233338928781e-13,false
2167,338.3299164592963,0.0,false,26078.34441684731,126.39686500000012,0,6.110667527536862e-13,false
2168,860.121858750838,0.0,false,99049.72811644115,253.2260171524833,1,332.12258749443833,false
2169,682.4536841411012,0.0,false,70284.82947238513,133.66389847009515,1,8.899474628137668,false
2170,1260.404826107485,284.8773640305584,true,109476.32519372366,10000.0,2,9873.603132,false
2171,1568.8786667237728,459.12802270254485,true,137327.47408401183,10000.0,3,9873.603132,false
2172,825.7318119382977,0.0,false,89884.9733008462,133.66390116634113,1,8.899477930059874,false
2173,971.353304770071,0.0,false,109761.72810021733,154.07121501814376,1,72.46974102849887,false
2174,434.66674011009343,0.0,false,38255.0165250186,126.39686500000009,0,2.984279490192421e-13,false
2175,807.4601650864571,0.0,false,86801.65143573983,137.08524252169454,1,27.98923252263083,false
2176,635.3841011228071,0.0,false,64520.75188320996,133.6638992675927,1,8.899476829419314,false
2177,571.869170650726,0.0,false,56228.91657368433,137.08524019981257,1,27.98922906106965,false
2178,236.04442547842146,0.0,false,15272.411207920972,96.0542960000001,0,1.8474111129762605e-13,false
2179,346.1983498802815,0.0,false,27072.889702247325,126.39686500000009,0,2.984279490192421e-13,false
2180,812.0915549793058,0.0,false,87626.85415352952,133.66390116634116,1,8.899477930059874,false
2181,1000.8177277035473,0.0,false,124118.29617582962,587.3889567366186,1,1207.1821364925656,true
2182,852.5950990950712,0.0,false,93142.40963766092,133.66390116634113,1,8.899477930059774,false
2183,497.7314096107571,0.0,false,46226.192789904955,126.39686700000019,0,2.1316282072803006e-13,false
2184,249.04463269442797,0.0,false,16521.13692090797,96.05429600000008,0,1.2789769243681803e-13,false
2185,1368.8430591437495,274.38051620233773,true,150790.13830743261,9000.28171559064,2,9989.999998999998,false
2186,249.86398127477946,0.0,false,16599.838869514184,96.05429600000014,0,1.7053025658242404e-13,false
2187,806.5809341396757,0.0,false,87286.69682837123,137.08524384357665,1,27.989235984192092,false
2188,1179.790256768905,33.97698971037,true,145702.18121685274,9784.67977499597,4,10425.00956741225,true
2189,600.6693123639245,0.0,false,59237.220575828556,126.39686800000007,0,1.9895196601282805e-13,false
2190,277.19073243424657,0.0,false,19224.69063212369,96.05429600000002,0,1.4210854715202004e-13,false
2191,327.40057096281754,0.0,false,24696.909453307853,126.39686500000008,0,1.9895196601282805e-13,false
2192,682.1830985907775,0.0,false,70089.74402379728,133.66389847009583,1,8.899474628137966,false
2193,968.0220502025375,0.0,false,108858.13569444917,145.21267049070897,1,23.042528521545265,false
2194,428.57592465763844,0.0,false,37485.156570897954,126.39686600000005,0,1.9895196601282805e-13,false
2195,296.1793398904941,0.0,false,21048.627896388098,96.054296,0,1.1368683772161603e-13,false
2196,906.6301341801679,0.0,false,100430.93228574503,133.6639020650894,1,8.899479030700178,false
2197,550.7273217337264,0.0,false,52924.7097280801,126.39686800000007,0,1.5631940186722204e-13,false
2198,998.1950412269207,0.0,false,118186.65362848314,253.2260168306031,1,332.12258403288024,false
2199,276.4119086244399,0.0,false,19149.881261701146,96.05429600000002,0,1.7053025658242404e-13,false
2200,404.6662141787042,0.0,false,34463.044218941825,126.39686599999979,0,2.8421709430404007e-13,false
2201,342.2325911948746,0.0,false,26571.630252928346,126.39686500000002,0,2.1316282072803006e-13,false
2202,1269.8784220033688,93.0018658997551,true,158419.99942798726,3896.874249545257,1,9873.603132,true
2203,503.383339864365,0.0,false,46940.57903255191,126.39686700000027,0,3.268496584496461e-13,false
2204,1163.8118158701936,209.0446698621831,true,106873.9096096407,10000.0,4,9873.603132,false
2205,408.57285689892194,0.0,false,34956.831595826094,126.39686600000061,0,9.094947017729282e-13,false
2206,427.2219513380804,0.0,false,37565.79357599184,137.08523919981315,1,27.98922906107012,false
2207,782.0450810125673,0.0,false,83662.41897291114,137.0852425216953,1,27.989232522631113,false
2208,517.1419093116217,0.0,false,48679.61902253583,126.39686700000061,0,8.952838470577262e-13,false
2209,544.8347180760304,0.0,false,52214.79906352951,133.66389747009657,1,8.899474628138208,false
2210,932.3833346055806,100.54188670030439,true,90680.6919184152,9982.23871215214,3,9934.128114571256,false
2211,748.2213469707796,0.0,false,79250.19624195673,133.66390026759274,1,8.899476829419214,false
2212,486.0999754952043,0.0,false,44756.01602877084,126.39686700000027,0,7.389644451905042e-13,false
2213,256.0631956377343,0.0,false,17195.300022303283,96.05429600000011,0,4.405364961712621e-13,false
2214,171.63255387196006,0.0,false,9085.374419955542,96.05429600000011,0,4.405364961712621e-13,false
2215,1272.6909640855793,164.87644735463954,true,137082.75367202293,10000.0,2,9873.60313200003,false
2216,368.48975636126147,0.0,false,29890.453508718274,126.39686500000022,0,6.821210263296962e-13,false
2217,319.3323224367006,0.0,false,23677.108165838883,126.39686500000022,0,6.821210263296962e-13,false
2218,364.1830004323722,0.0,false,29346.093078213577,126.39686500000022,0,6.821210263296962e-13,false
2219,2349.006872908713,1228.7125749655204,true,138660.1588432185,9999.999999999993,3,9873.60313200002,false
2220,841.676512059431,0.0,false,91871.17269450385,133.66390116634113,1,8.899477930059902,false
2221,713.7466310530028,0.0,false,74508.69428579991,133.6638993688444,1,8.89947572877881,false
2222,426.96250319689113,0.0,false,37281.22516278958,126.39686600000022,0,9.094947017729282e-13,false
2223,620.7480107690053,0.0,false,61775.105027196645,126.39686799999998,0,4.689582056016661e-13,false
2224,768.327061085677,0.0,false,82382.39880813731,137.08524416545868,1,27.989239445753725,false
2225,682.6642134552949,0.0,false,70458.96419762561,133.66389936884434,1,8.899475728778668,false
2226,816.50828580755,0.0,false,89293.83439659374,162.56869622602602,1,114.45811900922543,false
2227,765.3252802511978,0.0,false,81445.97560343769,133.66390026759265,1,8.8994768294192,false
2228,843.2644976698207,0.0,false,91750.5968540135,133.66390116634113,1,8.899477930059774,false
2229,881.6978434495834,0.0,false,96490.31630191315,133.66390126759273,1,8.899476829419243,false
2230,475.4377614956879,0.0,false,43408.345647921706,126.39686700000019,0,2.1316282072803006e-13,false
2231,1213.742496897379,83.75071577457437,true,139885.89027672165,9999.999999999993,2,9873.603132000007,false
2232,503.4437857975807,0.0,false,46948.21920877057,126.39686700000019,0,2.1316282072803006e-13,false
2233,802.6798525409379,0.0,false,85777.52805995269,133.663899470096,1,8.899474628138023,false
2234,329.7369790947358,0.0,false,24992.22410719723,126.39686500000019,0,1.8474111129762605e-13,false
2235,534.9251751848831,0.0,false,50927.36800724434,126.39686700000019,0,2.1316282072803006e-13,false
2236,441.40001249344283,0.0,false,39106.08101853194,126.39686600000016,0,1.5631940186722204e-13,false
2237,922.5575037931575,0.0,false,102954.23345089649,145.2126695919605,1,23.042527420904378,false
2238,551.9908153892719,0.0,false,53084.41136003452,126.39686800000015,0,2.4158453015843406e-13,false
2239,809.2876178945571,0.0,false,87367.7112540559,133.6639011663412,1,8.899477930059803,false
2240,318.090490312556,0.0,false,23520.144483457963,126.39686500000022,0,3.126388037344441e-13,false
2241,564.9196721095439,0.0,false,54718.57826579561,126.39686800000015,0,1.4210854715202004e-13,false
2242,1064.6374822603123,98.2351456980696,true,108908.36409805993,10000.0,4,9873.603132,false
2243,1733.8810018862914,613.4225864162785,true,151716.37666280018,9080.986382379877,1,9989.999998999996,false
2244,729.0986142350322,0.0,false,76895.07445329448,133.66390026759285,1,8.899476829419228,false
2245,459.6259940491851,0.0,false,41409.78787582167,126.39686600000016,0,2.8421709430404007e-13,false
2246,359.5632012977925,0.0,false,28762.1649691521,126.39686500000019,0,2.984279490192421e-13,false
2247,1432.0013934808308,293.17103068457163,true,141003.05925593854,10000.000000000018,2,9873.603131000018,false
2248,422.4838274677346,0.0,false,36715.134609187255,126.3968660000002,0,1.8474111129762605e-13,false
2249,219.36876120071088,0.0,false,13670.642065420123,96.05429600000016,0,1.9895196601282805e-13,false
2250,702.3051640612987,0.0,false,73225.19435418259,137.08524119981254,1,27.989229061069707,false
2251,637.774478228954,0.0,false,64364.9197315839,133.66389847009594,1,8.899474628138108,false
2252,636.0903094472744,0.0,false,64417.79726859552,133.66389847009594,1,8.899474628138108,false
2253,543.3519825403756,0.0,false,51992.49000523027,126.39686700000007,0,1.4210854715202004e-13,false
2254,580.0892000749762,0.0,false,56635.95898347797,126.3968680000001,0,1.8474111129762605e-13,false
2255,263.10987262306264,0.0,false,17872.163598128336,96.05429600000008,0,1.4210854715202004e-13,false
2256,1359.6374584096777,212.17986433646618,true,151986.36844883216,9080.98638247186,1,9989.999997999998,false
2257,650.2345884033032,0.0,false,66029.48801876855,133.66389847009592,1,8.899474628138151,false
2258,855.1165531183094,0.0,false,92985.56717606325,133.66390036884428,1,8.899475728778725,false
2259,434.40077544161187,0.0,false,38221.39942578563,126.39686600000005,0,1.4210854715202004e-13,false
2260,567.8760367076534,0.0,false,55092.25347096817,126.39686799999998,0,1.4210854715202004e-13,false
2261,949.1223025007151,8.147436365961243,true,128602.76631132815,3718.788040249837,1,11367.363649073948,true
2262,842.6523827834787,0.0,false,91907.07936320205,133.6639011663411,1,8.899477930059874,false
2263,753.5213538652409,0.0,false,80158.08702873008,133.66390026759277,1,8.8994768294193,false
2264,243.81485317846406,0.0,false,16018.79414695614,96.05429599999997,0,1.1368683772161603e-13,false
2265,260.005134972109,0.0,false,17573.940218115466,96.05429599999997,0,1.1368683772161603e-13,false
2266,641.1468654401389,0.0,false,64931.19245225463,133.66389847009594,1,8.899474628138222,false
2267,1588.6916351804866,472.9576802524406,true,138083.7458010205,10000.0,2,9873.603132000004,false
2268,1286.9711198250943,145.30068188485825,true,151928.4968875024,9080.986382379864,1,9989.999998999996,false
2269,331.5010211032746,0.0,false,25215.19347974869,126.3968650000001,0,2.7000623958883807e-13,false
2270,207.29074169329127,0.0,false,12510.496440794726,96.05429600000008,0,3.979039320256561e-13,false
2271,525.8723889376109,0.0,false,49783.12424228519,126.39686700000011,0,3.694822225952521e-13,false
2272,392.0461826213106,0.0,false,32867.911844366456,126.39686600000007,0,9.947598300641403e-14,false
2273,1217.001136371426,90.29370107462037,true,152078.78003887692,3896.8742489271303,1,9873.603132999995,true
2274,732.1903279668643,0.0,false,77429.16596991052,137.0852428435765,1,27.989235984192362,false
2275,597.7957991681998,0.0,false,58874.01752784691,126.39686800000011,0,1.5631940186722204e-13,false
2276,480.00573966607465,0.0,false,43985.72374977507,126.39686700000014,0,4.689582056016661e-13,false
2277,915.2591158999658,0.0,false,101849.41286212383,133.6639020650894,1,8.899479030700292,false
2278,556.4640896225219,0.0,false,54439.42606009201,137.08524184357645,1,27.989235984192078,false
2279,628.2865633363599,0.0,false,63000.92559906127,137.0852385560484,1,27.989222137947138,false
2280,560.649061216552,0.0,false,54178.78645436905,126.39686800000011,0,1.5631940186722204e-13,false
2281,505.63008620613925,0.0,false,47224.56071761544,126.39686700000009,0,1.7053025658242404e-13,false
2282,1225.2211231733977,115.46845776856874,true,137327.72958055386,10000.000000000015,2,9873.603132000015,false
2283,355.0886720233744,0.0,false,28196.59851441309,126.39686500000022,0,2.4158453015843406e-13,false
2284,886.9163323660548,0.0,false,97763.13538417817,137.0852451654588,1,27.989239445753483,false
2285,772.9520962704291,0.0,false,82603.61412227931,133.66390026759296,1,8.8994768294193,false
2286,990.0261573298193,0.0,false,112874.03104212081,253.22601650872116,1,332.12258057131857,false
2287,512.8481193984741,0.0,false,48136.89745572037,126.39686700000027,0,2.7000623958883807e-13,false
2288,550.945438188576,0.0,false,52952.278963305675,126.39686800000021,0,2.1316282072803006e-13,false
2289,850.497403476728,0.0,false,92795.77631437345,133.66390116634125,1,8.899477930059788,false
2290,1662.6791286232758,775.6662873101749,true,97736.45068620161,9999.999999999998,3,9903.945703999998,false
2291,370.7873516590671,0.0,false,30180.862342209213,126.39686500000016,0,2.984279490192421e-13,false
2292,402.7754761263331,0.0,false,34224.06086414899,126.39686600000022,0,4.121147867408581e-13,false
2293,1088.303119166133,0.7296105563582279,true,147132.37454703212,3718.78804152216,1,11367.363646771373,true
2294,776.3778970337015,0.0,false,83484.58714863125,137.08524416545845,1,27.989239445753398,false
2295,420.42681360222747,0.0,false,36455.134513553705,126.39686600000013,0,1.5631940186722204e-13,false
2296,1543.6785873952867,348.2786951233052,true,148153.27020991672,9999.999999999985,2,9873.603131000003,false
2297,462.1163312078525,0.0,false,41724.558675508946,126.39686700000007,0,2.4158453015843406e-13,false
2298,368.35990748828016,0.0,false,29874.041018769065,126.39686500000013,0,1.7053025658242404e-13,false
2299,767.1283566223493,0.0,false,82345.74249681858,137.08524416545868,1,27.98923944575347,false
2300,533.5627638237704,0.0,false,50755.16348780897,126.39686700000007,0,2.4158453015843406e-13,false
2301,1567.283625869667,615.7021459972157,true,129943.4089936125,10000.000000000002,2,9873.603135000014,true
2302,1244.3949329620925,258.27797820879726,true,115639.33526810484,9999.999999999995,2,9873.603132999995,false
2303,378.909074429702,0.0,false,31207.42260632977,126.3968650000003,0,4.973799150320701e-13,false
2304,644.220632139388,0.0,false,66309.0383500626,137.0852431654587,1,27.989239445753668,false
2305,1127.429739187361,116.4358395959787,true,114780.7925251923,9954.012466385502,3,10030.314441132236,false
2306,928.9442876699817,71.97961420975156,true,93649.66774333775,-2464.155750253808,2,12464.155750253809,false
2307,506.62951216950216,0.0,false,47350.88502218631,126.39686699999999,0,3.552713678800501e-13,false
2308,574.4980156679607,0.0,false,55929.25082515907,126.39686800000004,0,1.9895196601282805e-13,false
2309,469.0378981570074,3.7102281568058544,true,58815.956824469235,-4111.563683365129,1,14111.563683365126,false
2310,998.5789325415913,0.0,false,112920.59541816065,145.2126713894571,1,23.042529622185754,false
2311,271.09418309536085,0.0,false,18639.090895637408,96.05429599999991,0,2.4158453015843406e-13,false
2312,959.3755452417008,0.0,false,107702.84432124358,145.21267049070883,1,23.04252852154511,false
2313,1665.7189890941638,542.5274201284467,true,139026.36480593175,10000.0,2,9873.603132000013,false
2314,528.1139994499791,0.0,false,50066.45677463301,126.39686699999984,0,3.126388037344441e-13,false
2315,609.4086969417244,0.0,false,60754.96883491338,133.66389847009583,1,8.89947462813818,false
2316,422.06354225619214,0.0,false,36662.011877723446,126.39686599999985,0,3.979039320256561e-13,false
2317,1140.8619899261264,77.80018182892695,true,144034.17254447046,10000.000000000004,2,9873.603134000052,true
2318,554.6143152422278,0.0,false,53416.01350628194,126.39686799999984,0,3.268496584496461e-13,false
2319,1100.483273362681,0.0,false,147729.33464619378,587.3889567366181,1,1207.182136492565,true
2320,530.4652560041147,0.0,false,50363.64822248139,126.39686699999983,0,2.7000623958883807e-13,false
2321,117.28064990008072,0.0,false,3864.6407107327595,96.05429599999985,0,3.694822225952521e-13,false
2322,401.8424045121614,0.0,false,34106.12354102937,126.39686599999983,0,5.400124791776761e-13,false
2323,369.05316070187916,0.0,false,29961.66604884603,126.39686499999985,0,4.405364961712621e-13,false
2324,69.46580186520315,0.0,false,694.6580186520301,10.000001999999984,0,3.730349362740526e-14,false
2325,351.92295794783684,0.0,false,27796.4621924415,126.39686499999985,0,4.405364961712621e-13,false
2326,935.2149521290135,15.094628184861364,true,125310.79040364399,3351.3296115749126,1,10756.18223430812,true
2327,603.0302453834075,0.0,false,59624.404881503506,137.08523855604844,1,27.989222137947564,false
2328,571.4596252324692,0.0,false,55545.207811620436,126.39686799999987,0,2.7000623958883807e-13,false
2329,355.27721909334485,0.0,false,28220.430272208,126.39686499999988,0,3.694822225952521e-13,false
2330,316.08213591748097,0.0,false,23266.294792144894,126.39686499999988,0,3.694822225952521e-13,false
2331,1054.6626351299528,82.35189756606019,true,111259.25753112843,10000.0,2,9873.603132,false
2332,636.8039527851726,0.0,false,63894.601379372245,137.08523855604847,1,27.989222137946854,false
2333,1662.276678590754,546.3318513530286,true,140204.02002242274,9969.473194284095,2,9903.945704000002,false
2334,521.8386266109486,0.0,false,49273.26934617501,126.39686700000021,0,2.5579538487363607e-13,false
2335,674.2381991108729,0.0,false,69208.09434325584,133.66389847009594,1,8.899474628137938,false
2336,879.9560889296889,42.68707445401627,true,91109.6608693804,9999.999999999998,3,9874.320563407227,false
2337,1145.8918457309767,206.78980191376894,true,105586.36434857502,10000.0,2,9873.603132,false
2338,968.1267134884205,0.0,false,109087.53480579017,145.21267228820543,1,23.042530722826086,false
2339,742.7347071819231,0.0,false,78410.82546088177,133.66390026759257,1,8.899476829419115,false
2340,1038.2561580103713,0.0,false,123909.08367709904,253.22601783060287,1,332.1225840328791,false
2341,601.7462393566667,0.0,false,59373.340767237336,126.39686800000004,0,5.115907697472721e-13,false
2342,509.5222426697668,0.0,false,47716.51707713876,126.3968670000002,0,1.2789769243681803e-13,false
2343,532.1212705929463,0.0,false,50572.96326828003,126.3968670000002,0,1.2789769243681803e-13,false
2344,1149.242161376284,46.20601621478192,true,151542.15395971507,9080.986382379864,1,9989.999999,false
2345,977.4863778912836,0.0,false,112282.49396067485,253.22601650872087,1,332.1225805713187,false
2346,943.825628046343,0.0,false,105277.21306993843,133.66390206508945,1,8.899479030700334,false
2347,632.9766063931602,0.0,false,63854.2817926462,133.66389847009583,1,8.899474628138137,false
2348,407.1597003036934,0.0,false,34778.21303808758,126.39686600000002,0,9.947598300641403e-14,false
2349,350.58221883783057,0.0,false,27626.996977516857,126.39686500000008,0,1.1368683772161603e-13,false
2350,1011.9826052142079,118.27725754336069,true,98740.86128956804,10000.000000000002,3,9873.603132000007,false
2351,797.1502272344824,0.0,false,85670.35585873187,137.08524252169454,1,27.98923252263114,false
2352,938.2265227352665,0.0,false,105503.03006687378,154.07121501814353,1,72.469741028499,false
2353,216.26308352796102,0.0,false,13372.328392278241,96.05429600000014,0,3.694822225952521e-13,false
2354,303.5664563398745,0.0,false,21758.192144242013,96.05429600000014,0,3.694822225952521e-13,false
2355,742.0906953304125,0.0,false,79576.88616170542,137.08524580922256,1,27.989246368876337,false
2356,362.4103261437644,0.0,false,29122.032612558072,126.3968649999999,0,5.968558980384842e-13,false
2357,456.2235325520173,0.0,false,40979.72742290626,126.3968659999999,0,5.826450433232822e-13,false
2358,1083.5785299474758,0.0,false,131443.56879153618,212.62808327221825,1,105.60193955791974,false
2359,521.746686624011,0.0,false,49261.64842042571,126.39686700000019,0,2.1316282072803006e-13,false
2360,318.57243421056984,0.0,false,23581.06067934506,126.39686500000019,0,2.2737367544323206e-13,false
2361,414.16158779364105,0.0,false,35663.22963789217,126.39686600000022,0,2.8421709430404007e-13,false
2362,1019.5175773645107,0.0,false,122539.16446756413,212.6280832722182,1,105.60193955791974,false
2363,526.8621607450393,0.0,false,49908.228291850486,126.39686700000019,0,2.1316282072803006e-13,false
2364,1113.3702461359355,3.464008021636119,true,149955.1614539661,3896.8742489271317,1,9873.603132999999,true
2365,770.5827566388239,0.0,false,82339.24101149503,137.0852438435765,1,27.989235984191993,false
2366,752.3195101393819,0.0,false,79627.63981516164,133.66390026759265,1,8.899476829419143,false
2367,564.9666928064565,0.0,false,54921.122543386606,133.6638974700959,1,8.89947462813808,false
2368,622.9927007864922,0.0,false,62250.5484265484,133.66389757134755,1,8.899473527497491,false
2369,964.1520613135319,7.9762618063931745,true,130524.11657386781,3896.874247690883,1,9873.603134999998,true
2370,603.8796083512243,0.0,false,59747.06566711788,133.66389757134755,1,8.899473527497491,false
2371,347.3912373602389,0.0,false,27223.666935240166,126.39686500000022,0,2.984279490192421e-13,false
2372,254.0405928242304,0.0,false,17001.02033903234,96.05429600000019,0,2.5579538487363607e-13,false
2373,786.6849317732,0.0,false,84463.20642894098,137.08524384357648,1,27.98923598419171,false
2374,408.56757873703447,0.0,false,34956.164452731566,126.39686600000019,0,2.5579538487363607e-13,false
2375,412.46178509342724,0.0,false,35448.37991226587,126.39686600000019,0,2.5579538487363607e-13,false
2376,594.3352321930837,0.0,false,58850.397648714206,133.66389836884417,1,8.89947572877854,false
2377,737.8391006727439,0.0,false,78156.91283748797,133.66390016634108,1,8.89947793005966,false
2378,399.1046250143726,0.0,false,33760.07680639883,126.39686600000024,0,2.4158453015843406e-13,false
2379,577.5370641244124,0.0,false,56373.49487638849,137.08523855604832,1,27.98922213794637,false
2380,1034.4208838634202,0.0,false,124856.09751544129,212.62808327221808,1,105.60193955791958,false
2381,737.6262355984736,0.0,false,77752.15193414592,133.66390026759257,1,8.899476829419115,false
2382,356.6339141200011,0.0,false,28391.912264911785,126.39686500000022,0,2.8421709430404007e-13,false
2383,233.305163637626,0.0,false,15009.293348461499,96.05429600000019,0,2.4158453015843406e-13,false
2384,466.56777542595006,0.0,false,42287.20725159313,126.3968670000003,0,3.126388037344441e-13,false
2385,494.9131287932089,0.0,false,45869.97094115039,126.3968670000003,0,3.126388037344441e-13,false
2386,559.9329619378315,0.0,false,54088.27375337445,126.39686800000015,0,4.547473508864641e-13,false
2387,825.1959955709732,0.0,false,89707.89092429286,133.66390116634093,1,8.899477930059646,false
2388,806.8234181923503,0.0,false,87381.18387515632,137.0852438435764,1,27.989235984191353,false
2389,718.4746741680228,0.0,false,75612.24002939361,137.08524284357634,1,27.989235984191453,false
2390,450.1347382703154,0.0,false,40210.12293842454,126.39686600000027,0,2.8421709430404007e-13,false
2391,797.8808133645454,0.0,false,86464.04677948577,137.08524548734064,1,27.98924290731493,false
2392,666.6746158906466,0.0,false,68229.52633241938,137.08523987793046,1,27.989225599508657,false
2393,815.9225208028115,0.0,false,88177.12267266732,133.66390116634108,1,8.899477930059788,false
2394,142.73696382597285,0.0,false,6309.828947270397,96.05429600000005,0,9.947598300641403e-14,false
2395,976.1728569441964,5.851982059197402,true,132312.00970023772,3896.87424769088,1,9873.603135000001,true
2396,445.3800076170676,0.0,false,39609.13990895341,126.39686599999999,0,9.947598300641403e-14,false
2397,955.0522081267166,0.0,false,108998.25358516719,253.22601683060293,1,332.12258403288007,false
2398,550.5452894124495,0.0,false,52901.70141407016,126.39686799999996,0,1.2789769243681803e-13,false
2399,395.11246902788935,0.0,false,33255.48082108492,126.39686599999993,0,1.5631940186722204e-13,false
2400,182.9097386200143,0.0,false,10168.59642796027,96.05429600000005,0,1.8474111129762605e-13,false
2401,582.48135342408,0.0,false,56938.31965783533,126.39686799999996,0,1.2789769243681803e-13,false
2402,552.9445679910481,0.0,false,53204.96269506953,126.39686799999996,0,1.2789769243681803e-13,false
2403,441.3338189688353,0.0,false,39097.71436480303,126.39686599999993,0,1.5631940186722204e-13,false
2404,1540.3641873809338,407.9086005798118,true,151836.34837611127,9080.98638237987,1,9989.999999000001,false
2405,504.1059291600026,0.0,false,47031.912051312676,126.39686700000007,0,9.947598300641403e-14,false
2406,997.9202566819368,0.0,false,112613.81855215483,154.07121105249763,1,72.46973064381535,false
2407,974.1770004443745,0.0,false,109715.19117451784,145.21267138945714,1,23.04252962218567,false
2408,748.0984175698037,0.0,false,79200.48038812591,133.66390026759268,1,8.899476829419314,false
2409,490.76572864558904,0.0,false,45345.75258118022,126.39686700000001,0,1.1368683772161603e-13,false
2410,963.9571556524807,0.0,false,107812.134234428,133.66390216634105,1,8.899477930059845,false
2411,523.5003452450562,0.0,false,49483.305365391396,126.39686700000007,0,9.947598300641403e-14,false
2412,945.4700858012509,0.0,false,114676.7901047747,253.2260184743671,1,332.1225909560029,false
2413,1001.9835840940003,0.0,false,114582.14507581612,212.62808237346985,1,105.60193845727919,false
2414,941.8290955741378,0.0,false,106565.68129396274,253.22601683060304,1,332.12258403287973,false
2415,829.2027993809891,0.0,false,89911.51772869773,133.66390116634113,1,8.899477930059774,false
2416,215.23796970065519,0.0,false,13273.861808351863,96.05429600000008,0,1.2789769243681803e-13,false
2417,546.4842963216737,0.0,false,52388.40463485346,126.39686800000015,0,1.8474111129762605e-13,false
2418,837.0756480950419,0.0,false,91062.6294433388,133.66390116634113,1,8.899477930059774,false
2419,661.1288658086244,0.0,false,67839.92973801414,133.66389926759274,1,8.899476829419228,false
2420,1864.7087362738228,719.159320232617,true,141852.32649499155,10000.000000000002,2,9873.603131000007,false
2421,658.3832798756067,0.0,false,67380.4447802984,133.66389936884434,1,8.899475728778668,false
2422,1370.2873156752999,210.27484901919388,true,143680.41069319902,10000.0,2,9873.603131000002,false
2423,1281.8647788477938,396.18911079500157,true,97693.01791875946,10000.0,4,9873.603132,false
2424,1193.2113355250058,212.9597203476148,true,110214.16593160735,10000.0,3,9873.603132000007,false
2425,403.1984980576118,0.0,false,34277.52950839672,126.39686600000003,0,9.947598300641403e-14,false
2426,442.74166137677065,0.0,false,39275.66122594874,126.39686600000003,0,9.947598300641403e-14,false
2427,402.47661668573994,0.0,false,34186.28596897773,126.39686600000003,0,9.947598300641403e-14,false
2428,500.28054901356734,0.0,false,46548.39600867155,126.39686700000001,0,2.5579538487363607e-13,false
2429,954.9648383084367,0.0,false,106633.81485997404,133.66390216634105,1,8.899477930059845,false
2430,316.75782191275874,0.0,false,23351.699380969723,126.39686499999999,0,2.2737367544323206e-13,false
2431,1383.4500819847087,271.36435604463327,true,137622.6211087319,10000.0,3,9873.603132000006,false
2432,702.0798047892947,0.0,false,72849.12241118265,133.66389936884428,1,8.899475728778782,false
2433,420.5067602411186,0.0,false,36465.239517756985,126.39686600000005,0,1.7053025658242404e-13,false
2434,327.19016451058405,0.0,false,24670.314738211437,126.39686500000002,0,1.7053025658242404e-13,false
2435,543.5817081154738,0.0,false,52021.5265968141,126.39686700000001,0,2.2737367544323206e-13,false
2436,291.43344954940386,0.0,false,20592.764755019176,96.05429600000008,0,2.1316282072803006e-13,false
2437,1235.911548217973,127.05257935205886,true,137214.76914334827,10000.000000000002,2,9873.603132000026,false
2438,626.709342698672,0.0,false,62980.97719692319,133.66389847009594,1,8.899474628138222,false
2439,1640.7524922544048,519.2122023364243,true,142425.25940594357,9999.999999999998,3,9903.945704000002,false
2440,305.5171369290516,0.0,false,21945.563389104234,96.05429600000002,0,4.547473508864641e-13,false
2441,1495.3913477278484,331.2419169706802,true,156811.33073464286,9999.999999999998,2,9873.603132000013,true
2442,558.5604040282293,0.0,false,53914.78674205996,126.3968679999999,0,2.1316282072803006e-13,false
2443,1088.9358502194352,9.904600902635545,true,146052.65978655184,3718.7880408859983,1,11367.36364792267,true
2444,1580.1237146906722,451.8291727478439,true,142695.31306463876,10000.0,3,9903.945704,false
2445,797.4843289480956,0.0,false,85927.6696288091,133.66390116634088,1,8.899477930059646,false
2446,1104.6536332262367,39.741912696493195,true,144267.99566906889,3896.874248309004,1,9873.603134000005,true
2447,888.7357078838515,0.0,false,97976.64189400041,137.08524516545853,1,27.98923944575334,false
2448,807.9039504152499,0.0,false,87563.6014208268,133.66390116634088,1,8.899477930059646,false
2449,530.8205901744752,0.0,false,50408.561346220995,126.39686699999977,0,5.400124791776761e-13,false
2450,1288.2262165234345,364.00305782487794,true,103047.97281458262,10000.0,2,9873.603132,false
2451,1194.3945476399924,68.62057107165124,true,143208.19512749175,9969.473194284097,2,9903.945703999994,false
2452,777.2325277926636,0.0,false,83164.91250493724,133.66390116634105,1,8.899477930059788,false
2453,761.6001648127341,0.0,false,80912.65513758261,137.0852425216945,1,27.989232522630928,false
2454,952.342844910227,0.0,false,106636.97284745605,145.21266959196035,1,23.04252742090449,false
2455,503.719463558622,0.0,false,46983.06401241373,126.39686700000004,0,2.2737367544323206e-13,false
2456,763.4806708312848,0.0,false,81475.54445499678,133.66390116634102,1,8.89947793005976,false
2457,1212.3749959970291,114.682510321918,true,151488.71736485115,9080.986382379859,1,9989.999999,false
2458,1246.7947917944034,117.2815359054075,true,152433.426954259,9999.99999999999,3,9873.603133000019,true
2459,1720.2670945977118,542.7210440036221,true,149070.2550330974,9969.473193278025,2,9903.945704000005,false
2460,607.2373097412069,0.0,false,60451.21513702352,133.6638983688441,1,8.899475728778683,false
2461,1171.6389724225578,18.121675905884988,true,143603.1320972196,9969.473194284104,2,9903.945704000005,false
2462,1011.6586329877825,16.14336746726042,true,135496.50159137556,3896.874247690881,1,9873.603135,true
2463,543.6013439642887,0.0,false,52024.00850646741,126.39686700000004,0,4.263256414560601e-14,false
2464,719.5763895632924,0.0,false,75392.5638564478,133.66389936884428,1,8.899475728778654,false
2465,726.1958179990379,0.0,false,77696.82483671304,137.08524580922256,1,27.989246368876067,false
2466,411.419269431563,0.0,false,35316.60920506281,126.39686599999999,0,8.526512829121202e-14,false
2467,469.47685368317025,0.0,false,42654.90561170899,126.39686699999999,0,7.105427357601002e-14,false
2468,755.2761712532052,0.0,false,80260.26596988799,133.66390026759257,1,8.8994768294192,false
2469,411.555169062168,0.0,false,35333.78649178235,126.39686600000005,0,5.684341886080802e-14,false
2470,919.5229565435772,89.32568316112581,true,103911.59829584352,6623.19119225316,2,13113.425453880116,true
2471,443.69603768037496,0.0,false,39396.29139493712,126.39686599999987,0,2.8421709430404007e-13,false
2472,389.50442310885137,0.0,false,32546.64142057469,126.39686599999987,0,2.8421709430404007e-13,false
2473,396.4633053870223,0.0,false,33426.22229660401,126.39686599999987,0,2.8421709430404007e-13,false
2474,1180.98643858296,35.4946179623144,true,139064.86297082945,10000.0,3,9903.945704,false
2475,1074.3049258413982,92.0885656559528,true,133815.56170228554,6748.418300610957,2,20953.98916163895,true
2476,487.2358972249513,0.0,false,44899.59296975242,126.39686699999972,0,4.405364961712621e-13,false
2477,917.5833176425814,0.0,false,102388.18131835591,145.2126704907084,1,23.042528521545037,false
2478,1038.1536870663726,0.0,false,121026.14773892862,253.22601650872068,1,332.1225805713187,false
2479,145.34996225259215,0.0,false,6560.818663749412,96.0542959999998,0,2.8421709430404007e-13,false
2480,931.1434203534558,0.0,false,103658.23327189166,133.66390206508916,1,8.899479030700334,false
2481,662.9692345975536,0.0,false,76260.20874058058,282.11682574601923,1,642.8181124780664,false
2482,688.905983697186,0.0,false,71482.58387277603,137.0852411998123,1,27.98922906106999,false
2483,1210.0066301951344,40.97206117044399,true,152202.13819834695,9080.986382471847,1,9989.999997999998,false
2484,887.0170780028361,0.0,false,98064.69802168448,133.66390206508902,1,8.89947903070032,false
2485,266.8356088402682,0.0,false,18230.036556376486,96.0542959999998,0,2.8421709430404007e-13,false
2486,752.61920384448,0.0,false,80051.9186086425,133.66390116634076,1,8.899477930059817,false
2487,528.405093472983,0.0,false,50103.25014539659,126.39686699999962,0,6.536993168992922e-13,false
2488,439.77562236289197,0.0,false,38900.7632049909,126.3968659999996,0,5.542233338928781e-13,false
2489,1071.9663204984906,0.0,false,129606.6756351781,253.22601783060276,1,332.1225840328795,false
2490,288.67403596437623,0.0,false,20327.71123401475,96.05429600000014,0,1.4210854715202004e-13,false
2491,1019.9492409331964,0.0,false,118440.48667694932,212.6280823734698,1,105.60193845727918,false
2492,539.2006977666821,0.0,false,52392.59928372203,137.08524184357663,1,27.98923598419219,false
2493,885.7458077070002,18.585493956289312,true,112707.77677052785,6623.191192253158,2,21760.98333058932,true
2494,410.9132816694093,0.0,false,35252.65394022218,126.39686600000013,0,1.9895196601282805e-13,false
2495,833.5425963368552,0.0,false,90628.15008360893,133.66390116634102,1,8.899477930059817,false
2496,689.244282216759,0.0,false,71014.67455230336,133.66389847009586,1,8.899474628138151,false
2497,629.9093976321449,0.0,false,64233.957860768314,137.08524284357648,1,27.989235984192234,false
2498,1299.7125885667244,164.69923674637582,true,140520.6010501808,9999.999999999993,2,9873.603132000007,false
2499,528.7280517987838,0.0,false,50144.07106401163,126.39686699999993,0,2.8421709430404007e-13,false
2500,345.0191856365431,0.0,false,26923.847043235335,126.39686500000019,0,4.973799150320701e-13,false
2501,617.0208820376429,0.0,false,61601.10649536263,133.6638975713475,1,8.899473527497634,false
2502,625.0410333176671,0.0,false,63196.69555877049,137.08524152169443,1,27.9892325226309,false
2503,328.61371438895026,0.0,false,24850.246974313854,126.39686500000019,0,4.973799150320701e-13,false
2504,1899.5735097507122,761.4285560284382,true,140916.42570048582,10000.0,2,9873.603132000004,false
2505,1380.5991416919528,353.92752278917715,true,125972.78066133961,10000.0,2,9873.603133,false
2506,1366.4898813552647,292.4936559334714,true,145416.24857116304,6748.418300940278,2,20953.98915951672,true
2507,441.3610779895198,0.0,false,39101.159819451444,126.39686599999999,0,3.979039320256561e-13,false
2508,1493.8752830718563,346.6733356232793,true,142531.5416626936,9969.473194284094,2,9903.945704000005,false
2509,738.056767129534,0.0,false,78709.98410724071,137.0852441654585,1,27.989239445753412,false
2510,1165.7171285552854,35.39487815603786,true,151815.0150120925,9080.98638237986,1,9989.999999000005,false
2511,325.0988007646729,0.0,false,24405.972925519036,126.39686500000028,0,5.400124791776761e-13,false
2512,579.3220958497787,0.0,false,56538.999417353254,126.39686800000021,0,3.694822225952521e-13,false
2513,343.8015931719373,0.0,false,26769.94717773197,126.39686500000028,0,5.400124791776761e-13,false
2514,849.461356493557,0.0,false,92456.63050661878,133.66390116634113,1,8.899477930060144,false
2515,1239.0703591031179,273.1586491839369,true,112880.44395551643,10000.0,3,9873.603133,false
2516,410.07235484464167,0.0,false,35146.363429240875,126.39686600000022,0,2.8421709430404007e-13,false
2517,444.38688611128,0.0,false,39483.61246803031,126.39686600000022,0,2.8421709430404007e-13,false
2518,934.7668647985818,0.0,false,104003.82507492951,133.6639020650896,1,8.899479030700334,false
2519,893.8924349952696,0.0,false,98824.13816167162,133.6639020650896,1,8.899479030700334,false
2520,690.7255987523276,0.0,false,71105.51521867751,133.66389847009606,1,8.899474628138123,false
2521,650.5615976407477,0.0,false,65935.58097747486,133.66389847009606,1,8.899474628138123,false
2522,402.7037983518339,0.0,false,34215.00101844879,126.39686600000022,0,2.8421709430404007e-13,false
2523,216.2127167110823,0.0,false,13367.490443292314,96.05429600000016,0,1.9895196601282805e-13,false
2524,643.5646974804998,0.0,false,64967.83016255825,133.6638975713477,1,8.899473527497605,false
2525,519.9233254916195,0.0,false,49031.18129682205,126.3968670000002,0,2.4158453015843406e-13,false
2526,769.90561198388,0.0,false,82144.32228386562,133.6639002675928,1,8.899476829419257,false
2527,625.3763652616296,0.0,false,62546.71361545197,133.6638975713477,1,8.899473527497605,false
2528,846.8118902951243,0.0,false,92394.82921684571,133.66390116634122,1,8.899477930059774,false
2529,397.6956756276456,0.0,false,33581.99002660864,126.39686600000022,0,2.8421709430404007e-13,false
2530,694.2825608412554,0.0,false,71953.62668742289,133.66389936884445,1,8.899475728778697,false
2531,768.4667515473272,0.0,false,81282.52121699363,133.66389947009608,1,8.899474628138151,false
2532,549.7664243351378,0.0,false,52803.25531315544,126.39686800000021,0,2.4158453015843406e-13,false
2533,447.70982861622815,0.0,false,39903.62196993925,126.39686600000022,0,2.8421709430404007e-13,false
2534,635.3736520145668,0.0,false,64237.15900426429,133.66389847009606,1,8.899474628138123,false
2535,554.558852999513,0.0,false,53687.847688328795,137.0852388779307,1,27.9892255995087,false
2536,696.0081113755033,0.0,false,72142.1878164022,133.66389936884448,1,8.89947572877864,false
2537,673.6200584007646,0.0,false,68945.03959464612,133.66389847009614,1,8.899474628138094,false
2538,559.5229501140848,0.0,false,54417.954683393364,137.08523887793052,1,27.989225599508345,false
2539,268.71870780527814,0.0,false,18410.916296109594,96.05429600000014,0,1.5631940186722204e-13,false
2540,866.8307778809096,0.0,false,94823.59409092313,133.66390116634116,1,8.899477930059788,false
2541,839.7454264935761,0.0,false,91665.50577757078,133.66390116634116,1,8.899477930059788,false
2542,728.6990062680627,0.0,false,77658.03069999692,137.08524580922267,1,27.989246368876067,false
2543,234.7559046458464,0.0,false,15148.64325033222,96.05429600000014,0,1.5631940186722204e-13,false
2544,523.3089027603805,0.0,false,49459.107636266446,126.39686700000024,0,2.4158453015843406e-13,false
2545,774.881511831315,0.0,false,82598.43137247182,133.6639002675927,1,8.899476829419257,false
2546,441.31955119027026,0.0,false,39095.910962379035,126.39686600000022,0,2.1316282072803006e-13,false
2547,1569.0853859346266,704.5786740663684,true,94834.061200619,10000.000000000004,3,9873.603132000004,false
2548,580.6010093252252,0.0,false,56700.65006614029,126.39686800000013,0,3.126388037344441e-13,false
2549,741.0030416264709,0.0,false,78141.56405135036,133.66389936884448,1,8.899475728778725,false
2550,720.0998289021321,0.0,false,74332.86297386653,126.39686900000001,0,4.263256414560601e-13,false
2551,211.48940452930245,0.0,false,12913.796031053134,96.05429600000005,0,4.689582056016661e-13,false
2552,673.9838487183038,0.0,false,69497.46151692224,133.6638993688442,1,8.899475728778668,false
2553,868.642159312454,0.0,false,95801.92514231846,137.08524548734064,1,27.98924290731493,false
2554,996.1227723531769,0.0,false,112908.50099515775,145.2126731869538,2,23.042531823466703,false
2555,402.8802614458141,0.0,false,34237.30539961023,126.39686600000002,0,9.947598300641403e-14,false
2556,524.4766913119299,0.0,false,49606.71244349393,126.39686700000007,0,1.2789769243681803e-13,false
2557,1032.2279640059403,29.981891192940946,true,136347.25450514065,3896.87424769088,1,9873.603135000001,true
2558,270.8017829766035,0.0,false,18611.004608957068,96.05429599999997,0,9.947598300641403e-14,false
2559,621.6449062551086,0.0,false,62180.077987112956,133.66389757134752,1,8.89947352749762,false
2560,3063.7195393629604,1947.1786737702287,true,138185.7367761444,10000.000000000002,2,9873.603132000004,false
2561,257.9055936878982,0.0,false,17372.270264436345,96.05429600000016,0,1.2789769243681803e-13,false
2562,1024.6102111428984,75.14512288589276,true,129675.90373677354,3896.8742476908783,1,9873.603134999996,true
2563,810.7959356870672,0.0,false,87187.3153599434,133.66390036884442,1,8.899475728778697,false
2564,586.4348116287423,0.0,false,57438.02436499936,126.39686800000021,0,2.1316282072803006e-13,false
2565,739.7993529312776,0.0,false,77945.24718244505,133.66389936884434,1,8.899475728778697,false
2566,445.87947605252157,0.0,false,39672.27115136348,126.39686600000022,0,2.1316282072803006e-13,false
2567,673.8640368007053,0.0,false,69366.40254272576,137.08524119981251,1,27.989229061069906,false
2568,1312.2514128705918,178.5139807546877,true,151849.16682925908,9080.986382379866,1,9989.999999,false
2569,1089.3537538544972,0.0,false,133791.9988800254,212.62808327221842,1,105.6019395579201,false
2570,1180.3228866578477,34.034493365483286,true,148042.46379586167,9969.473193278036,2,9903.945704000002,false
2571,784.2295274342692,0.0,false,83738.02780247184,133.66390026759305,1,8.899476829419797,false
2572,1743.6832842108226,620.343838111817,true,139045.056011393,10000.000000000002,5,9873.603132000004,false
2573,256.61726236621774,0.0,false,17248.520510182563,96.05429600000002,0,1.1368683772161603e-13,false
2574,461.86596531852746,0.0,false,41692.91321299671,126.39686600000005,0,2.2737367544323206e-13,false
2575,182.426453545942,0.0,false,10122.174821852817,96.05429600000002,0,1.1368683772161603e-13,false
2576,968.9441582189645,0.5112836106167512,true,132073.37239170173,3718.7880402498386,1,11367.363649073955,true
2577,514.6379376832848,0.0,false,48363.124868680796,126.39686699999999,0,1.9895196601282805e-13,false
2578,885.1453918846762,0.0,false,97441.4144027716,133.6639020650892,1,8.899479030700292,false
2579,831.5292172989028,0.0,false,90228.03556384347,137.0852438435765,1,27.98923598419252,false
2580,872.5286237757972,0.0,false,94835.07258517975,133.6639003688441,1,8.899475728778697,false
2581,459.59039740521774,0.0,false,41405.28857176204,126.39686599999987,0,1.8474111129762605e-13,false
2582,1109.7484329833453,155.9912110417942,true,130218.41596149233,10000.000000000002,2,9873.603135000001,true
2583,774.6851232919081,0.0,false,85015.84994870616,154.07121730567155,1,72.46975487474401,false
2584,349.4303979623991,0.0,false,27481.41043442799,126.39686499999976,0,3.126388037344441e-13,false
2585,1261.6058318627543,134.33093923059633,true,139542.4840998167,9999.999999999993,2,9873.603132000007,false
2586,324.5825841582686,0.0,false,24340.72476687346,126.39686499999982,0,3.552713678800501e-13,false
2587,541.1731323769206,0.0,false,51717.09018398017,126.39686699999993,0,1.1368683772161603e-13,false
2588,611.5616197771975,0.0,false,60814.77600952215,133.66389757134732,1,8.899473527497591,false
2589,733.1889016989925,0.0,false,76830.48866708526,133.66389936884417,1,8.899475728778697,false
2590,840.9300499567773,0.0,false,91587.55608944611,133.66390116634085,1,8.899477930059774,false
2591,504.2210438854366,0.0,false,47046.4621912624,126.39686699999993,0,1.1368683772161603e-13,false
2592,827.7182220690926,0.0,false,89926.128964217,133.66390116634085,1,8.899477930059774,false
2593,785.130103066157,0.0,false,84058.67264157145,133.66390026759257,1,8.899476829419271,false
2594,1065.9807993230247,155.10199792986487,true,100747.02698764483,10000.0,2,9873.603132,false
2595,780.2881257205989,0.0,false,96098.81047450373,282.11682721933266,1,642.8181175681444,false
2596,818.7155071360257,0.0,false,88781.21286979727,133.6639011663411,1,8.899477930059845,false
2597,601.6884359223175,0.0,false,59414.961546006874,133.66389757134755,1,8.899473527497634,false
2598,537.8744981785103,0.0,false,51300.153175713946,126.39686700000007,0,1.1368683772161603e-13,false
2599,1137.383308145594,23.838604546576537,true,151647.23954409023,9080.98638237986,1,9989.999999,false
2600,1034.152012188814,0.0,false,117879.7759677119,145.21267418695393,1,23.04253182346676,false
2601,548.7138430385567,0.0,false,52670.21234132027,126.39686800000007,0,1.5631940186722204e-13,false
2602,563.0659531729553,0.0,false,54495.26315182164,133.66389757134755,1,8.899473527497634,false
2603,364.05207071977827,0.0,false,29329.543973530006,126.39686500000005,0,8.526512829121202e-14,false
2604,901.7967178703917,0.0,false,100052.51662110594,133.66390206508947,1,8.899479030700377,false
2605,714.7336153647199,0.0,false,74619.18949235984,133.6638993688443,1,8.89947572877874,false
2606,531.7272351288663,0.0,false,50523.1584224976,126.39686700000006,0,2.4158453015843406e-13,false
2607,593.2804353038663,0.0,false,58359.63533000512,137.08523855604855,1,27.989222137947394,false
2608,876.1888998152405,0.0,false,98182.726256232,253.226016830603,1,332.1225840328801,false
2609,2027.4904813998921,904.3661580205126,true,139017.86517490266,10000.000000000002,2,9873.603132000004,false
2610,1145.7570539578692,0.0,false,147443.49245675997,397.3645733809958,1,331.83708410296913,false
2611,950.2217065998299,0.0,false,107091.2991989727,154.0712150181436,1,72.4697410284988,false
2612,228.42325829995175,0.0,false,14540.365382758251,96.05429600000008,0,1.4210854715202004e-13,false
2613,584.11917739624,0.0,false,57145.335466786906,126.3968680000001,0,1.8474111129762605e-13,false
2614,426.0074792306782,0.0,false,37160.513131280415,126.39686600000005,0,1.1368683772161603e-13,false
2615,575.3498636868626,0.0,false,56036.92174079733,126.3968680000001,0,1.8474111129762605e-13,false
2616,726.7042094352407,0.0,false,76268.12112467659,133.66389936884428,1,8.899475728778697,false
2617,1761.4096417414214,604.1179891619493,true,143336.50833454792,10000.000000000004,2,9873.603131000013,false
2618,460.5410699315533,0.0,false,41525.45059492978,126.39686600000005,0,2.1316282072803006e-13,false
2619,589.8514503976706,0.0,false,58011.27596095736,133.66389757134746,1,8.899473527497577,false
2620,301.3497151992312,0.0,false,21545.26464121351,96.05429600000008,0,2.984279490192421e-13,false
2621,835.0695399336055,0.0,false,90719.76244206072,133.663901166341,1,8.89947793005976,false
2622,537.8045858328718,0.0,false,51291.316474680076,126.39686700000001,0,2.8421709430404007e-13,false
2623,637.3315536564228,0.0,false,64414.76209286193,133.66389847009592,1,8.899474628138194,false
2624,705.7246974119613,0.0,false,73847.38404812338,137.08524284357657,1,27.98923598419212,false
2625,310.0741776289543,0.0,false,22506.907723456243,126.39686500000002,0,2.2737367544323206e-13,false
2626,725.5908287441523,0.0,false,76021.8243055971,137.0852411998125,1,27.98922906106992,false
2627,384.3595970590338,0.0,false,31896.351557486672,126.39686599999996,0,2.984279490192421e-13,false
2628,569.5775375361798,0.0,false,55649.72778461276,137.08523887793046,1,27.989225599508515,false
2629,436.0364051028835,0.0,false,38428.137880728835,126.39686600000005,0,1.9895196601282805e-13,false
2630,635.8970762140921,0.0,false,64053.06581047393,133.66389757134746,1,8.899473527497577,false
2631,603.2475088812105,0.0,false,59563.09652265459,126.39686800000001,0,2.7000623958883807e-13,false
2632,477.71533089807485,0.0,false,43696.223271092924,126.39686699999996,0,1.4210854715202004e-13,false
2633,382.60754004571965,0.0,false,31674.897050710715,126.39686499999999,0,1.9895196601282805e-13,false
2634,1622.1809621511131,493.79985671520717,true,139682.3059258086,10000.0,3,9873.603132000002,false
2635,519.6687156774987,0.0,false,48998.999415537386,126.39686700000019,0,3.694822225952521e-13,false
2636,1872.1663188211019,756.5439287064747,true,138914.6969489424,10000.0,5,9903.945704000012,false
2637,333.4503620205067,0.0,false,25461.58405270565,126.39686500000003,0,2.2737367544323206e-13,false
2638,1009.4565694113728,108.04242239244698,true,99661.63371617076,10000.000000000002,2,9873.603132000002,false
2639,458.76756710749544,0.0,false,41301.285404994225,126.39686499999993,0,2.5579538487363607e-13,false
2640,403.1107441966762,0.0,false,34266.437695833825,126.39686499999993,0,2.5579538487363607e-13,false
2641,691.4292197064492,0.0,false,71785.71684179985,133.66389936884428,1,8.89947572877881,false
2642,624.05468478304,0.0,false,62359.65768592663,133.6638975713475,1,8.899473527497676,false
2643,700.2431020220877,0.0,false,73029.35571494699,133.66390026759265,1,8.899476829419228,false
2644,538.2119054244445,0.0,false,51342.80039247859,126.39686699999999,0,2.7000623958883807e-13,false
2645,727.5696016355745,0.0,false,76004.87136390893,133.6638985713475,1,8.899473527497705,false
2646,224.86387466367938,0.0,false,14198.471304060322,96.054296,0,2.984279490192421e-13,false
2647,799.568112461223,0.0,false,86003.16571188073,137.0852438435765,1,27.989235984192405,false
2648,438.80965176397865,0.0,false,38778.66755347004,126.39686600000005,0,1.1368683772161603e-13,false
2649,531.2860314949883,0.0,false,50904.696501150655,137.08524019981252,1,27.989229061069878,false
2650,795.9246137619909,0.0,false,85771.58245341186,133.66390116634102,1,8.899477930059788,false
2651,952.275913109637,0.0,false,106454.72173447731,137.08524516545862,1,27.989239445753654,false
2652,275.79568274752546,0.0,false,19090.690120765863,96.05429600000014,0,1.2789769243681803e-13,false
2653,356.5311000908754,0.0,false,28378.916894363476,126.39686500000013,0,1.2789769243681803e-13,false
2654,496.39654204749485,0.0,false,46057.46972005788,126.39686700000004,0,5.684341886080802e-14,false
2655,652.5242068258774,0.0,false,66352.86916629424,133.6638984700959,1,8.899474628138123,false
2656,577.9289227903419,0.0,false,56362.90671581058,126.39686800000013,0,1.2789769243681803e-13,false
2657,998.4647353894442,40.030488099824844,true,130809.57728430569,3896.874247690881,1,9873.603135,true
2658,1432.492772298564,325.4145177372799,true,136989.69244490535,10000.000000000002,2,9873.603132000004,false
2659,838.243054058617,0.0,false,93182.21572588885,154.07121698378967,1,72.46975141318255,false
2660,1356.01803690829,242.48838489462764,true,144519.18128075375,9882.89639855607,2,9989.999998,false
2661,784.1297478413142,0.0,false,84020.78298582807,133.66390026759248,1,8.899476829419186,false
2662,559.0138393777462,0.0,false,53972.099546905345,126.39686800000004,0,7.105427357601002e-14,false
2663,785.3365298938672,0.0,false,83856.59808458996,133.66390026759248,1,8.899476829419186,false
2664,1224.8604129851421,41.44873217518005,true,146637.9979121132,10000.0,2,9873.603131000002,false
2665,337.6235501165911,0.0,false,25989.06192841337,126.39686500000013,0,4.121147867408581e-13,false
2666,771.6807104817012,0.0,false,82331.9926637105,133.66390026759274,1,8.899476829419143,false
2667,611.9135390928752,0.0,false,61565.54071761989,137.08524152169474,1,27.989232522631283,false
2668,495.2346481081726,0.0,false,45910.60997331281,126.39686700000021,0,2.7000623958883807e-13,false
2669,517.2306815233372,0.0,false,48690.839551440615,126.39686700000021,0,2.7000623958883807e-13,false
2670,867.905922333263,0.0,false,95290.59997459826,137.08524516545862,1,27.989239445753753,false
2671,398.6442195757798,0.0,false,33701.88300417335,126.39686600000027,0,4.831690603168681e-13,false
2672,1279.1474987749236,385.6748077339756,true,98657.6363255141,10000.0,2,9873.603132,false
2673,663.3382449550903,0.0,false,67881.91257424647,133.66389847009583,1,8.89947462813818,false
2674,546.6357623656843,0.0,false,52407.54946736438,126.39686799999993,0,3.410605131648481e-13,false
2675,527.9739260887227,0.0,false,50048.7519414605,126.39686699999992,0,2.7000623958883807e-13,false
2676,434.71035456642016,0.0,false,38260.529255392496,126.3968659999999,0,3.410605131648481e-13,false
2677,562.7995171429548,0.0,false,54450.597333185135,126.39686799999993,0,3.552713678800501e-13,false
2678,405.5195507304315,0.0,false,34570.90328045677,126.3968659999999,0,3.410605131648481e-13,false
2679,296.8180571653245,0.0,false,21109.979432648808,96.05429599999997,0,2.4158453015843406e-13,false
2680,441.3100013021987,0.0,false,39094.7038865038,126.3968659999999,0,3.410605131648481e-13,false
2681,512.4674538008734,0.0,false,48088.782519092856,126.39686699999992,0,2.7000623958883807e-13,false
2682,425.38152572452094,0.0,false,37081.39457297016,126.3968659999999,0,3.410605131648481e-13,false
2683,953.3120923577782,0.0,false,106685.96485659709,145.21266959196026,1,23.04252742090452,false
2684,571.381573370306,0.0,false,55708.99432720256,133.66389757134746,1,8.899473527497634,false
2685,512.1437007556095,0.0,false,48047.86115043234,126.39686699999992,0,2.7000623958883807e-13,false
2686,697.3891648848285,0.0,false,72237.4719323579,133.66389936884423,1,8.899475728778754,false
2687,774.3491127575429,8.453522230239518,true,95294.54343091766,3254.672852106184,1,10912.553005948897,false
2688,430.86878353304957,0.0,false,37774.96673546594,126.39686599999993,0,4.121147867408581e-13,false
2689,1119.2961931779384,211.95323349389537,true,100679.33563957691,10000.0,2,9873.603132,false
2690,511.7648406386316,0.0,false,47999.974420888306,126.39686700000007,0,7.105427357601002e-14,false
2691,408.2746306578676,0.0,false,34919.13673508883,126.39686600000007,0,7.105427357601002e-14,false
2692,866.0856944189209,0.0,false,94764.98838456967,137.08524384357656,1,27.98923598419229,false
2693,2000.5148499922263,881.2175526469681,true,138534.1410972244,10000.0,3,9873.603132,false
2694,358.84726530974154,0.0,false,28671.67290758554,126.3968650000001,0,1.1368683772161603e-13,false
2695,217.37733546180147,0.0,false,13479.357074007172,96.0542960000001,0,9.947598300641403e-14,false
2696,1221.5685283481491,102.30808026108505,true,141310.03061916606,9969.473194284103,2,9903.945704000003,false
2697,407.75203031629997,0.0,false,34853.08169235711,126.39686600000002,0,1.7053025658242404e-13,false
2698,1786.2100921862343,674.7214612394152,true,137547.15017586556,10000.0,3,9873.603132000002,false
2699,1257.7118855479425,68.2446201736724,true,160011.42555756186,7649.668174799299,3,15892.490088604496,true
2700,614.3455023195105,0.0,false,61024.93209493582,133.66389757134746,1,8.899473527497577,false
2701,499.7724140547136,0.0,false,46484.16934490806,126.39686700000001,0,9.947598300641403e-14,false
2702,909.9355330406007,0.0,false,100572.34380148734,137.0852448435765,1,27.989235984192405,false
2703,522.4249297455655,0.0,false,49347.376221984996,126.39686699999996,0,1.1368683772161603e-13,false
2704,1382.8109386449764,380.08806981165003,true,113111.30239033619,10000.0,3,9873.603131,false
2705,567.027350933553,0.0,false,54984.98225314651,126.39686799999998,0,1.4210854715202004e-13,false
2706,1294.710637530858,146.44313805695518,true,142195.88370882062,9999.999999999995,2,9873.603131000058,false
2707,314.47976802531895,0.0,false,23063.76052040849,126.3968650000001,0,1.7053025658242404e-13,false
2708,484.0754939342152,0.0,false,44500.12791430936,126.39686700000007,0,5.684341886080802e-14,false
2709,545.609188796468,0.0,false,52277.7937906299,126.3968680000001,0,1.7053025658242404e-13,false
2710,233.68495219501202,0.0,false,15045.773669830685,96.05429600000006,0,1.5631940186722204e-13,false
2711,1424.98694974352,285.28111275887767,true,141113.7164452366,10000.000000000002,2,9873.603131000003,false
2712,568.6445533966393,0.0,false,55189.391568082094,126.39686800000007,0,3.410605131648481e-13,false
2713,292.770398964364,0.0,false,20721.184485849935,96.05429600000011,0,1.4210854715202004e-13,false
2714,1134.829355907885,234.8708480029521,true,100238.21389015765,10000.000000000002,2,9873.603133000006,false
2715,463.0417759361966,0.0,false,41841.53198420064,126.39686700000016,0,1.8474111129762605e-13,false
2716,550.7935606777187,0.0,false,54124.83263194029,137.08524316545856,1,27.989239445753213,false
2717,409.1696693409913,0.0,false,35032.26681510927,126.39686600000016,0,1.7053025658242404e-13,false
2718,1402.046244771655,285.6730253521028,true,150772.56759109575,10000.0,3,9873.603133000002,true
2719,1812.4566919273295,690.8886528254836,true,141717.54062357653,9969.473194284106,2,9903.945704000003,false
2720,1686.567210566481,673.8240511698622,true,124685.9623100253,10000.000000000002,2,9873.603133000002,false
2721,962.043489008332,0.0,false,107778.81690309108,145.2126695919605,1,23.04252742090486,false
2722,494.7463326694051,0.0,false,45848.88843467455,126.396867,0,3.410605131648481e-13,false
2723,588.1270347207887,0.0,false,57651.9160519457,126.39686800000003,0,1.7053025658242404e-13,false
2724,157.61844509059358,0.0,false,7739.2591089362795,96.05429600000002,0,3.979039320256561e-13,false
2725,373.1296544121938,0.0,false,30476.922057716096,126.39686499999999,0,3.410605131648481e-13,false
2726,528.9843201477388,0.0,false,50176.46257889323,126.396867,0,3.410605131648481e-13,false
2727,280.1595258646022,0.0,false,19509.85598613957,96.05429600000002,0,3.979039320256561e-13,false
2728,505.6602884308185,0.0,false,47228.37818401005,126.396867,0,3.410605131648481e-13,false
2729,1392.7139474385174,248.93221731606442,true,151949.60980932458,9080.986382379871,1,9989.999999000009,false
2730,586.6804015764194,0.0,false,57482.84908616561,133.66389757134766,1,8.899473527497847,false
2731,998.4806377312206,0.0,false,113329.30786817087,145.21267408570242,1,23.04253292410762,false
2732,184.59796422757827,0.0,false,10330.757745119306,96.05429600000002,0,3.979039320256561e-13,false
2733,584.1844479913491,0.0,false,57522.65478588627,133.66389747009606,1,8.899474628138364,false
2734,377.9979901367836,0.0,false,31092.264411598408,126.39686499999999,0,3.410605131648481e-13,false
2735,402.30781894522727,0.0,false,34164.950464433,126.39686600000002,0,3.410605131648481e-13,false
2736,1570.3989984997918,453.398054674404,true,151681.80194635392,9080.986382379871,1,9989.999999000009,false
2737,481.9139762458175,0.0,false,44226.918863499886,126.39686700000004,0,1.7053025658242404e-13,false
2738,638.0841887873753,0.0,false,64362.552505252024,133.66389847009594,1,8.899474628138421,false
2739,679.4317174880047,0.0,false,69970.91984478396,133.66389936884434,1,8.899475728778953,false
2740,1425.4629323963522,294.18016592447793,true,140049.06677244103,9999.999999999996,3,9873.603132000007,false
2741,374.17337873790837,0.0,false,30608.845536235745,126.39686500000008,0,1.4210854715202004e-13,false
2742,762.7866844669368,0.0,false,81459.48630643298,133.6639011663409,1,8.89947793005976,false
2743,492.8060093330142,0.0,false,45603.63765562969,126.39686699999999,0,5.684341886080802e-14,false
2744,445.74028071743464,0.0,false,39654.67729794259,126.39686599999987,0,2.8421709430404007e-13,false
2745,212.62680994633217,0.0,false,13023.048704240306,96.05429600000005,0,5.684341886080802e-14,false
2746,740.8918789676994,0.0,false,78134.39060984152,133.66389936884423,1,8.899475728778668,false
2747,646.3074325277632,0.0,false,65452.73719134748,137.08523987793052,1,27.989225599508643,false
2748,1130.9323550649367,34.81987058270308,true,148211.67429346556,3896.87424892713,1,9873.603133,true
2749,687.1393481922066,0.0,false,71040.92378130608,133.66389936884423,1,8.899475728778668,false
2750,289.6826650640154,0.0,false,20424.59438907979,96.05429600000005,0,8.526512829121202e-14,false
2751,409.8132271808489,0.0,false,35113.61050593918,126.39686599999996,0,8.526512829121202e-14,false
2752,445.2962445640571,0.0,false,39598.552521985104,126.39686599999996,0,8.526512829121202e-14,false
2753,692.3235365953585,0.0,false,71997.37099550386,133.66389936884423,1,8.899475728778668,false
2754,634.0093579368546,0.0,false,63520.02557898441,133.66389757134743,1,8.899473527497591,false
2755,960.1671294828391,0.0,false,111320.62596323239,253.22601683060293,1,332.1225840328802,false
2756,1109.0797907031447,0.0,false,136790.73356156977,253.2260178306027,1,332.12258403288,false
2757,1072.8190643925043,0.0,false,131036.06070337332,212.62808327221785,1,105.60193955791972,false
2758,563.4594663998865,0.0,false,54534.0128476806,126.3968679999999,0,1.4210854715202004e-13,false
2759,1036.5010737181804,16.031489279724838,true,138650.64917099552,3896.87424830901,1,9873.603134,true
2760,1549.0415855871975,424.832038066644,true,139155.03409982848,9999.999999999993,2,9873.603132,false
2761,1132.1777698301457,141.86225193744937,true,134839.26981322636,6748.418300610962,2,20953.98916163895,true
2762,756.787611233305,0.0,false,79919.26212224153,133.6638994700961,1,8.899474628138108,false
2763,1055.0301420612257,0.0,false,125620.91417947116,212.62808327221842,1,105.60193955791978,false
2764,275.93302207275605,0.0,false,19103.88215255199,96.05429600000025,0,2.2737367544323206e-13,false
2765,619.3773072796419,0.0,false,62018.94919054341,133.66389847009606,1,8.899474628138222,false
2766,998.8720785348219,0.0,false,117042.15336638011,212.62808237346997,1,105.60193845727929,false
2767,617.5978503649284,0.0,false,61642.211215846,133.66389757134772,1,8.899473527497662,false
2768,513.9845244720038,0.0,false,48280.535489839014,126.39686700000021,0,2.2737367544323206e-13,false
2769,428.04254421890073,0.0,false,37417.73895772282,126.39686600000022,0,2.2737367544323206e-13,false
2770,482.0112477096562,0.0,false,44239.21367119403,126.39686700000021,0,2.2737367544323206e-13,false
2771,431.4178897420938,0.0,false,37844.37203664482,126.39686600000022,0,2.2737367544323206e-13,false
2772,1346.2207260307157,226.89307911022559,true,138537.9771882665,10000.0,3,9873.603132000007,false
2773,811.5162836280291,0.0,false,87560.42131887873,133.66390116634093,1,8.899477930059746,false
2774,382.87033618120324,0.0,false,31708.11365731881,126.39686499999996,0,7.105427357601002e-14,false
2775,510.2722890065352,0.0,false,47811.32057971084,126.396867,0,8.526512829121202e-14,false
2776,2108.955743460923,998.4724667666522,true,137420.0765541503,10000.0,2,9873.603132000002,false
2777,266.9685698069427,0.0,false,18242.808028027026,96.05429599999995,0,1.1368683772161603e-13,false
2778,762.3996177583031,0.0,false,80718.73520067136,133.66389947009583,1,8.899474628138094,false
2779,306.87541743427965,0.0,false,22102.594475757607,126.39686499999996,0,1.2789769243681803e-13,false
2780,997.1443025692823,78.24977590816283,true,102634.57417406978,10000.0,3,9873.603132,false
2781,661.008975435123,0.0,false,68187.41310628311,137.08524284357668,1,27.98923598419229,false
2782,561.2548957718499,0.0,false,54827.03200443088,137.0852401998127,1,27.98922906106975,false
2783,205.71187965916758,0.0,false,12358.83996436245,96.05429600000025,0,2.5579538487363607e-13,false
2784,1406.2042298190088,497.1810323153186,true,100758.877962663,10000.0,3,9873.603132000004,false
2785,298.97969067453135,0.0,false,21317.613611100856,96.05429600000026,0,5.968558980384842e-13,false
2786,474.9133393292203,0.0,false,43342.06033224144,126.39686700000036,0,6.821210263296962e-13,false
2787,554.4286992308181,0.0,false,53665.10829194354,133.663897470096,1,8.899474628138023,false
2788,962.3026932282798,0.0,false,108361.02983296201,145.21267228820582,1,23.042530722826086,false
2789,700.0110161520286,0.0,false,72347.01843830035,133.6638985713479,1,8.899473527497491,false
2790,492.84071538295416,0.0,false,45608.024391399944,126.39686700000036,0,6.821210263296962e-13,false
2791,441.65441366501534,0.0,false,39138.23652805352,126.3968660000005,0,7.247535904753022e-13,false
2792,403.29837795382787,0.0,false,34290.154013755484,126.3968660000005,0,7.247535904753022e-13,false
2793,972.0633069185009,0.0,false,110951.37202411877,212.62808237347005,1,105.60193845727909,false
2794,705.6185503907247,0.0,false,73462.25013067233,133.66389936884474,1,8.899475728778668,false
2795,688.5297635011925,12.105940288555589,true,70434.3022267539,162.56869175248602,2,9888.643823420782,false
2796,740.6597643069937,0.0,false,78010.14470643054,133.6638993688441,1,8.899475728778725,false
2797,572.0593940878597,0.0,false,56926.37714126684,137.0852431654584,1,27.989239445753697,false
2798,733.3352087546959,0.0,false,77146.25422544347,137.08524119981223,1,27.989229061070034,false
2799,1067.5891890562132,0.0,false,122137.75648275917,154.07121601814345,1,72.46974102849886,false
2800,465.9200584470705,0.0,false,42205.33785864623,126.39686699999987,0,1.9895196601282805e-13,false
2801,578.0180392810889,0.0,false,56374.170760504305,126.39686799999987,0,2.5579538487363607e-13,false
2802,574.046663040506,0.0,false,56010.169408485825,133.66389757134732,1,8.899473527497577,false
2803,702.4467296096079,0.0,false,72892.52542829911,133.66389936884406,1,8.899475728778668,false
2804,645.0450238463268,0.0,false,65815.39455797689,137.0852415216943,1,27.989232522631212,false
2805,711.3672623976672,0.0,false,74251.34398720751,133.66389936884406,1,8.899475728778668,false
2806,587.9184094255276,0.0,false,57897.44016586802,133.66389757134732,1,8.899473527497577,false
2807,1669.5379096511458,428.158988237275,true,158555.44092086636,9000.281715590638,2,9903.945703999998,false
2808,505.7213708701978,0.0,false,47236.09881260994,126.39686700000038,0,3.979039320256561e-13,false
2809,2140.617265351059,985.7083933065747,true,143035.33235447344,9999.999999999985,2,9873.603130999994,false
2810,716.720917979329,0.0,false,74992.27099373049,133.6638993688444,1,8.899475728778611,false
2811,602.8161942356415,0.0,false,59508.579705351505,126.39686800000038,0,3.694822225952521e-13,false
2812,436.08498789751485,0.0,false,38434.27859346893,126.39686600000039,0,3.694822225952521e-13,false
2813,409.7852222549206,0.0,false,35110.07077120936,126.39686600000039,0,3.694822225952521e-13,false
2814,1074.4854178433945,117.81922307433092,true,130586.10099562457,9999.999999999993,2,9873.603134999994,true
2815,661.5044910554536,0.0,false,67538.28995141164,133.66389847009617,1,8.899474628138123,false
2816,578.8229478674733,0.0,false,56475.908679215354,126.39686800000032,0,3.694822225952521e-13,false
2817,501.7927507763925,0.0,false,46739.5335646914,126.39686700000027,0,4.263256414560601e-13,false
2818,490.55460196639154,0.0,false,45319.06683165643,126.39686700000027,0,4.263256414560601e-13,false
2819,619.3241813747904,0.0,false,61713.235704099985,137.0852385560487,1,27.98922213794704,false
2820,671.433133668513,0.0,false,70561.49038200462,137.0852461311049,1,27.989249830437387,false
2821,1188.1519609468753,58.833672478955236,true,139800.76291923766,9999.999999999996,2,9873.603132,false
2822,400.3670727561984,0.0,false,33919.646238142086,126.39686600000007,0,1.4210854715202004e-13,false
2823,601.4533031285367,0.0,false,59336.31454752854,126.39686800000001,0,7.105427357601002e-14,false
2824,414.487751782678,0.0,false,35704.45574227767,126.39686600000007,0,1.4210854715202004e-13,false
2825,863.5923554653366,0.0,false,94654.13918571219,137.08524384357645,1,27.989235984192163,false
2826,1605.8797383916788,494.8711938039417,true,138547.61843545712,10000.000000000004,4,9903.945704000007,false
2827,992.4289548213816,0.0,false,114832.91914443758,212.62808237346928,1,105.60193845727892,false
2828,749.2825377687521,0.0,false,78817.04049908323,137.08524087793006,1,27.989225599506995,false
2829,582.7180996271339,0.0,false,56968.24363475501,126.39686800000007,0,1.1368683772161603e-13,false
2830,500.3492385073565,0.0,false,46557.07814507027,126.39686700000016,0,2.2737367544323206e-13,false
2831,892.0831806522835,0.0,false,98634.42932013304,133.66390206508908,1,8.899479030700036,false
2832,1071.430601866344,0.0,false,134206.0351803584,397.3645535204355,1,331.8370622302657,false
2833,753.1781142092306,0.0,false,80169.46772690544,133.663901166341,1,8.899477930059703,false
2834,255.1902608009827,0.0,false,17111.450883723963,96.05429600000002,0,2.984279490192421e-13,false
2835,325.6788881481175,0.0,false,24479.29414989214,126.39686500000045,0,4.263256414560601e-13,false
2836,1806.8099213680248,797.7396334643358,true,116355.9546125455,10000.0,2,9873.603132,false
2837,539.9192447167766,0.0,false,51558.60271969139,126.39686700000001,0,2.5579538487363607e-13,false
2838,805.9362147145064,0.0,false,86768.85663484482,133.66390026759268,1,8.899476829419257,false
2839,1013.4451134483666,0.0,false,115790.04760706765,253.22601650872096,1,332.1225805713188,false
2840,753.8893776988651,0.0,false,80515.2950433138,137.08524416545868,1,27.989239445753896,false
2841,665.7409550169314,0.0,false,68346.22791723817,133.66389936884437,1,8.899475728778782,false
2842,483.2673061876705,0.0,false,44397.975520047396,126.396867,0,2.4158453015843406e-13,false
2843,353.1672809187239,0.0,false,27953.74071003189,126.39686499999999,0,2.2737367544323206e-13,false
2844,798.1795387410215,0.0,false,85703.568947991,133.66390026759274,1,8.899476829419328,false
2845,727.8133481033213,0.0,false,77048.70388935937,162.56869175248656,1,114.4581048536546,false
2846,959.9820460678142,0.0,false,108015.36487484763,154.07121237437957,1,72.4697341053763,false
2847,335.67045164138324,0.0,false,25742.196411923138,126.3968650000001,0,1.5631940186722204e-13,false
2848,223.8517789782018,0.0,false,14101.255168543434,96.05429600000008,0,1.4210854715202004e-13,false
2849,967.6392601066395,0.0,false,108818.66610460165,145.21267049070872,1,23.04252852154505,false
2850,976.7875814738409,0.0,false,111757.08215362938,253.22601650872093,1,332.12258057131845,false
2851,902.5413460404377,0.0,false,99752.6467882088,133.66390206508947,1,8.899479030700306,false
2852,915.4049926515277,0.0,false,102033.26860534196,154.07120973061546,1,72.46972718225358,false
2853,1357.0293546950281,231.45903326681682,true,139327.03165028704,10000.000000000002,4,9873.603132,false
2854,1055.7588694506387,0.0,false,125992.84635723304,212.62808327221808,1,105.6019395579197,false
2855,741.0213106872809,0.0,false,78201.5501158701,133.66390026759268,1,8.899476829419243,false
2856,250.4871170810456,0.0,false,16659.69373882805,96.05429600000008,0,1.4210854715202004e-13,false
2857,241.00641890866234,0.0,false,15749.03197873339,96.05429600000008,0,1.4210854715202004e-13,false
2858,483.1340573824157,0.0,false,44381.133289331185,126.39686700000007,0,1.1368683772161603e-13,false
2859,676.3827808131138,0.0,false,69338.76062278527,133.66389847009597,1,8.899474628138108,false
2860,550.1350150116598,0.0,false,52849.84401766167,126.39686800000004,0,1.4210854715202004e-13,false
2861,455.87491976980726,0.0,false,40935.663861530484,126.39686600000002,0,8.526512829121202e-14,false
2862,822.4615783557244,0.0,false,91186.0938299656,154.07121698378958,1,72.46975141318228,false
2863,994.1254971021543,0.0,false,114109.58927260782,253.22601650872087,1,332.1225805713183,false
2864,205.1877572834207,0.0,false,12308.495760114572,96.05429600000008,0,1.4210854715202004e-13,false
2865,542.7938268844944,0.0,false,51921.94088237753,126.39686700000001,0,9.947598300641403e-14,false
2866,1201.987168740075,185.84074367030954,true,117130.18659616122,10000.0,3,9873.603132,false
2867,757.8489953495988,0.0,false,80653.27668191759,133.66390026759257,1,8.899476829419271,false
2868,789.2015583720868,0.0,false,84364.50276419295,137.08524252169445,1,27.98923252263127,false
2869,668.4058982142609,0.0,false,68406.25035673499,137.08523987793043,1,27.989225599508714,false
2870,711.3259437978111,0.0,false,74135.67715388718,133.66389936884417,1,8.899475728778754,false
2871,289.94723030020924,0.0,false,20450.007015794792,96.05429599999997,0,2.8421709430404007e-13,false
2872,391.35182683593894,0.0,false,32780.14745267821,126.39686599999986,0,4.121147867408581e-13,false
2873,508.49692490410644,0.0,false,47586.92013003174,126.39686699999987,0,5.684341886080801e-13,false
2874,696.6971837268829,0.0,false,71856.18253763177,137.08523955604844,1,27.98922213794762,false
2875,459.41111059059136,0.0,false,41382.62728117456,126.39686599999985,0,4.263256414560601e-13,false
2876,1427.2362384510677,305.3890599425183,true,141792.6326828926,10000.0,4,9903.945704,false
2877,878.6050137639685,0.0,false,96415.7820280089,133.66390116634113,1,8.899477930060101,false
2878,336.8984239979854,0.0,false,25897.408263192323,126.39686499999925,0,9.663381206337363e-13,false
2879,215.24674886218185,0.0,false,13274.705084505364,96.05429599999945,0,1.0231815394945443e-12,false
2880,702.0853392777425,0.0,false,72866.09446818341,133.66389936884346,1,8.899475728778881,false
2881,663.4595205806147,0.0,false,68000.45944971571,133.66389936884346,1,8.899475728778881,false
2882,647.7353825697974,0.0,false,65295.30963817441,133.66389767259844,1,8.899472426857102,false
2883,1034.734227917289,52.036074508725626,true,116942.00959906333,9249.522698429417,2,10052.077186570927,false
2884,807.9618195826199,0.0,false,86865.06168305431,133.66390036884354,1,8.899475728778782,false
2885,695.9136151532733,5.086318694332947,true,88083.91151746493,3254.672852106196,1,10912.553005948901,false
2886,220.03731604946654,0.0,false,13734.859628748996,96.05429599999945,0,1.0516032489249483e-12,false
2887,805.9212221037005,0.0,false,86829.64807956088,137.0852438435765,1,27.989235984192405,false
2888,376.80623499737544,0.0,false,30941.63030289662,126.39686500000008,0,1.1368683772161603e-13,false
2889,413.23965349607494,0.0,false,35546.70003663155,126.39686600000002,0,9.947598300641403e-14,false
2890,1582.3074708673355,455.69818218770325,true,152066.3746145484,10000.000000000002,2,9873.603133,true
2891,793.3340048295253,0.0,false,85746.43355752774,137.08524416545856,1,27.989239445753725,false
2892,658.3406152597853,0.0,false,67318.2191624824,133.6638993688442,1,8.899475728778725,false
2893,409.20134141597214,0.0,false,35036.270065968165,126.39686600000002,0,8.526512829121202e-14,false
2894,864.3015568160451,0.0,false,94715.37182066782,133.66390116634105,1,8.899477930059817,false
2895,1873.8119412148187,716.7840960847208,true,143303.1639010386,10000.0,2,9873.603131000003,false
2896,824.6853847530988,0.0,false,89065.74970343121,133.66390036884422,1,8.899475728778668,false
2897,471.85615185766557,0.0,false,42955.641432348304,126.39686700000013,0,3.410605131648481e-13,false
2898,329.69463477054967,0.0,false,24986.871917538967,126.39686500000016,0,1.7053025658242404e-13,false
2899,513.7092010668686,0.0,false,48245.7354756701,126.39686800000013,0,1.8474111129762605e-13,false
2900,369.8467593725201,0.0,false,30061.974429708895,126.39686500000016,0,1.7053025658242404e-13,false
2901,795.6211508615926,0.0,false,85312.9299161693,133.6639002675926,1,8.899476829419172,false
2902,1333.0629166274189,177.38336269673883,true,143132.74412571822,10000.0,4,9873.603131000042,false
2903,312.06430602766034,0.0,false,22758.45370603967,126.3968650000001,0,3.268496584496461e-13,false
2904,1758.7302856711954,639.8633156677053,true,141674.920796792,10000.0,4,9903.945704,false
2905,440.88727571196546,0.0,false,39041.272698834,126.39686600000007,0,2.984279490192421e-13,false
2906,1017.5623407190412,38.977514916924015,true,133356.54715561948,3896.874247690879,1,9873.603135000003,true
2907,393.912218892843,0.0,false,33103.772971600294,126.39686600000005,0,2.1316282072803006e-13,false
2908,314.15276364795426,0.0,false,23022.42819357635,126.39686500000002,0,2.4158453015843406e-13,false
2909,1227.899547107367,105.12059306854162,true,138974.21157437083,10000.0,3,9873.603132000015,false
2910,840.4210463867432,0.0,false,91732.33470781537,133.66390116634102,1,8.89947793005976,false
2911,291.95244973533886,0.0,false,20642.616950946034,96.05429600000008,0,1.9895196601282805e-13,false
2912,1308.8961931338827,202.059863477118,true,151125.71954407345,9000.281715590641,2,9989.999999000003,false
2913,472.61970510655664,0.0,false,43052.15216621447,126.39686700000013,0,3.126388037344441e-13,false
2914,330.06463002172103,0.0,false,25033.638155871944,126.39686500000013,0,1.5631940186722204e-13,false
2915,446.01316735991804,0.0,false,39689.16931296135,126.39686600000013,0,2.5579538487363607e-13,false
2916,1139.4139284476507,177.98851402029288,true,112973.24754539719,10000.0,2,9873.603133,false
2917,509.9357219860376,0.0,false,47768.77956480382,126.39686700000001,0,2.2737367544323206e-13,false
2918,736.25914428916,0.0,false,77605.56577215708,133.66390026759268,1,8.899476829419271,false
2919,1684.4748466636072,549.9402939353346,true,140460.08234789284,10000.0,4,9873.603132000006,false
2920,1203.067754494315,111.21868338426151,true,151430.2832192006,9080.986382379864,1,9989.999999000003,false
2921,514.1722409670919,0.0,false,48304.26226557601,126.39686700000001,0,1.5631940186722204e-13,false
2922,652.4586894542314,0.0,false,67232.20605242565,137.08524284357657,1,27.98923598419249,false
2923,630.6501901001473,0.0,false,63241.70643740706,133.6638975713475,1,8.899473527497634,false
2924,553.6117735464937,0.0,false,53289.29538291965,126.39686800000003,0,1.8474111129762605e-13,false
2925,1328.4642796919652,407.5183655372193,true,102286.23682198835,9999.999999999998,3,9874.320563495961,false
2926,604.3049380205787,0.0,false,59944.772091772356,133.66389757134758,1,8.899473527497548,false
2927,648.6631196913492,0.0,false,66042.74458330746,137.08523987793063,1,27.98922559950826,false
2928,384.65098804273373,0.0,false,31933.182463150108,126.39686600000022,0,2.8421709430404007e-13,false
2929,1218.6341223994045,322.7939637193253,true,98929.92505124985,10000.000000000002,3,9874.32056349596,false
2930,679.3465790523354,0.0,false,69727.19815637697,133.66389847009597,1,8.899474628138066,false
2931,957.3741715977608,0.0,false,107364.76721841366,145.21267049070892,1,23.04252852154505,false
2932,1462.8358360311934,342.65351200753537,true,138646.00569127538,9999.999999999995,3,9873.603132,false
2933,932.6174937019069,0.0,false,104534.48166868079,154.07121237437977,1,72.46973410537623,false
2934,473.99980362787477,0.0,false,43403.18510041256,137.08523919981255,1,27.989229061069793,false
2935,791.1043358988554,0.0,false,86016.73274155392,162.56869969956617,1,114.45813316479887,false
2936,521.6178809871373,0.0,false,49245.3677922458,126.3968670000001,0,6.821210263296962e-13,false
2937,645.1879878828719,0.0,false,65310.69229568991,133.663898470096,1,8.899474628138123,false
2938,471.41733487611356,0.0,false,42900.17634332665,126.3968670000001,0,6.821210263296962e-13,false
2939,1034.904231006917,50.57556365480521,true,134082.5506976202,3896.87424769089,1,9873.603135000001,true
2940,558.671904301267,0.0,false,53928.88002657264,126.39686800000004,0,6.821210263296962e-13,false
2941,523.0512501622435,0.0,false,49426.541156633386,126.39686700000004,0,5.400124791776761e-13,false
2942,1041.4864667657662,0.0,false,123302.58882031201,212.62808237346997,1,105.60193845727927,false
2943,359.1601655015298,0.0,false,28711.222509633906,126.3968650000001,0,7.958078640513122e-13,false
2944,1479.7888047172491,350.54143689466406,true,151804.2661863259,9080.986382379873,1,9989.999999,false
2945,995.4388173193539,56.55052685249515,true,105685.47834293131,10000.000000000002,3,9873.603132000002,false
2946,424.0133365572474,0.0,false,36908.459756972705,126.39686600000033,0,3.410605131648481e-13,false
2947,546.9637665465125,0.0,false,52449.00816621603,126.39686800000032,0,3.410605131648481e-13,false
2948,2222.869200053936,1279.205305095615,true,105375.8025936199,9999.999999999993,2,9873.603131999993,false
2949,798.883411043821,0.0,false,86000.7949940998,133.6639011663413,1,8.899477930059689,false
2950,545.4779126565873,0.0,false,52261.20089862489,126.39686800000032,0,4.831690603168681e-13,false
2951,1050.277682680546,73.08174764108705,true,133180.99572294776,6748.418300610965,2,20953.989161638947,true
2952,317.5398249743139,0.0,false,23450.542113242733,126.39686500000039,0,3.836930773104541e-13,false
2953,368.4727644172979,0.0,false,29888.305780338964,126.39686500000039,0,3.836930773104541e-13,false
2954,722.6132448696495,0.0,false,75357.23592452501,133.66389857134777,1,8.899473527497548,false
2955,328.36823129951637,0.0,false,24819.218682380855,126.39686500000039,0,3.836930773104541e-13,false
2956,813.0093018308584,0.0,false,87739.03738908624,133.66390116634108,1,8.89947793005966,false
2957,822.2185881064623,0.0,false,90042.82924239473,137.08524548734073,1,27.989242907314406,false
2958,1430.4482766919573,308.56522958295074,true,151468.99251569388,9999.999999999993,3,9873.603133000008,true
2959,520.3348549194188,0.0,false,49083.19732470506,126.3968670000005,0,4.973799150320701e-13,false
2960,449.5423897585419,0.0,false,40135.25194591836,126.39686600000033,0,4.689582056016661e-13,false
2961,429.64396889042905,0.0,false,37620.154009331935,126.39686600000033,0,4.689582056016661e-13,false
2962,1751.0518175335746,629.16134180103,true,145382.28597583104,9969.473193278016,2,9903.945704000003,false
2963,681.0532415978488,0.0,false,70143.52462674737,133.66389847009597,1,8.899474628138123,false
2964,990.556870321132,65.1710045914194,true,126563.84331407187,6623.191192253158,2,13113.425453880116,true
2965,908.5722473075884,0.0,false,101791.75440445234,154.0712153400258,1,72.46974449006031,false
2966,1018.7557916874858,0.0,false,116838.27296136355,212.6280823734698,1,105.60193845727933,false
2967,1131.3371015374623,19.18165444996143,true,151509.68216115778,9000.281715590634,2,9989.999998999998,false
2968,243.241517068131,0.0,false,15963.722752226759,96.05429600000014,0,1.7053025658242404e-13,false
2969,781.0806379921457,0.0,false,83638.28855601589,133.66390026759265,1,8.899476829419385,false
2970,455.1938420824166,0.0,false,40849.57777974718,126.39686600000007,0,2.5579538487363607e-13,false
2971,891.3029513921192,0.0,false,98116.18067261345,133.66390116634122,1,8.899477930059902,false
2972,1496.7168500865714,386.1249949850869,true,137433.80052399472,10000.0,2,9873.603132,false
2973,1096.0682754327102,0.0,false,135327.26467162042,212.62808327221782,1,105.60193955791954,false
2974,365.98056055467555,0.0,false,29573.299035131335,126.39686499999978,0,3.410605131648481e-13,false
2975,782.1195474706876,0.0,false,83503.03539120761,137.08524252169428,1,27.989232522631355,false
2976,623.2713317194966,0.0,false,63804.10040887056,137.0852444873407,1,27.989242907315386,false
2977,896.5158527412314,0.0,false,98541.57564111368,133.6639012675927,1,8.8994768294193,false
2978,405.40496069736685,0.0,false,34556.41945997548,126.3968660000001,0,9.947598300641403e-14,false
2979,1225.202521316772,111.98279692911454,true,144433.28908645044,9969.473193278023,2,9903.945703999996,false
2980,1055.7359432322044,36.27063182825905,true,120329.93207743001,10000.000000000007,2,9873.603132000007,false
2981,1007.0062013203236,0.0,false,117875.52965688083,212.62808237346957,1,105.6019384572791,false
2982,678.3740821011467,21.659675325348417,true,71428.80311098965,-2416.918162231934,2,12416.91816223194,false
2983,496.30788384629625,0.0,false,46046.26360172435,126.3968670000002,0,2.7000623958883807e-13,false
2984,508.68288199196616,0.0,false,47610.424522217945,126.3968670000002,0,2.7000623958883807e-13,false
2985,606.0657647737424,0.0,false,59928.15312293839,133.66389757134752,1,8.899473527497648,false
2986,1459.1234712004741,328.39088941103205,true,139979.5251556113,10000.0,2,9873.603132000002,false
2987,1296.329352150945,180.6574489759239,true,138379.35654817222,10000.0,3,9903.945704000002,false
2988,326.2544984462526,0.0,false,24552.049484735784,126.39686500000033,0,3.126388037344441e-13,false
2989,501.4423160687291,0.0,false,46695.23971765734,126.39686700000033,0,4.121147867408581e-13,false
2990,1154.7555760885189,0.0,false,155374.2259153921,1686.4957317858807,1,4936.603576667896,true
2991,975.7985876371481,0.0,false,110023.52988932336,154.07121237437872,1,72.46973410537488,false
2992,1270.479449627722,163.3443394111835,true,151583.14361026543,9080.986382379842,1,9989.99999899998,false
2993,1424.1370011796976,297.6418169940244,true,139443.93139968565,9999.999999999993,2,9873.603132000007,false
2994,1077.832457866899,0.0,false,129950.48630005305,212.62808327221722,1,105.60193955791925,false
2995,1059.0197831560574,0.0,false,126731.88857739614,212.62808327221722,1,105.60193955791925,false
2996,645.9806873973815,0.0,false,66846.94448775687,137.0852448092217,1,27.98924636887483,false
2997,1195.3790544553415,78.50280282013318,true,140927.20506935532,9969.473194284095,2,9903.945704000002,false
2998,770.6267126452187,0.0,false,82328.58564051951,133.66390116634096,1,8.899477930059888,false
2999,597.0765071107036,0.0,false,59070.48770219168,133.66389757134743,1,8.89947352749769,false
3000,781.4785321639044,0.0,false,83963.38859660752,133.66390116634096,1,8.899477930059888,false
3001,1455.510777454895,295.7636747865416,true,148329.12789190226,9969.47319327802,2,9903.945703999998,false
3002,385.8641185464332,0.0,false,32086.518350800998,126.39686599999999,0,3.979039320256561e-13,false
3003,921.4959757732967,0.0,false,102937.91429087034,145.21267049070855,1,23.04252852154501,false
3004,1747.3677678079991,596.3593639256478,true,142542.32542234927,10000.000000000002,2,9873.603131000014,false
3005,611.9344736509131,0.0,false,61133.196131603654,133.66389847009597,1,8.899474628138321,false
3006,455.36247099678053,0.0,false,40870.89194519661,126.39686599999996,0,1.4210854715202004e-13,false
3007,1184.308101596798,48.75137428269778,true,140589.28200693536,10000.0,2,9873.603132,false
3008,1539.7668723901822,404.13738041788787,true,147990.29363979172,9882.896398556077,2,9989.999998000003,false
3009,414.59222755734044,0.0,false,35717.6611522456,126.39686600000027,0,2.8421709430404007e-13,false
3010,927.7485392786222,0.0,false,103510.0220544615,154.07120973061558,1,72.46972718225325,false
3011,466.23266283835045,0.0,false,42244.85007243897,126.39686700000033,0,2.984279490192421e-13,false
3012,714.598300482535,0.0,false,74723.00327279506,133.6638993688444,1,8.89947572877864,false
3013,414.29316558043314,0.0,false,35679.8606571201,126.39686600000033,0,3.694822225952521e-13,false
3014,671.6177088368904,0.0,false,68300.40893227771,133.66389767259926,1,8.899472426856988,false
3015,1136.5846181259308,10.688769915227237,true,147902.56435624277,9253.809953244066,2,9873.603132999997,true
3016,1121.6928373021187,33.25403083597919,true,138571.21288950052,10000.0,2,9873.603131999998,true
3017,702.7394769615695,0.0,false,72950.24503845524,133.6638993688436,1,8.899475728777787,false
3018,361.6869497787065,0.0,false,29030.600110693224,126.39686500000067,0,7.389644451905042e-13,false
3019,719.547790048233,0.0,false,75444.45043831645,133.66389936884374,1,8.899475728777844,false
3020,598.8430801966834,0.0,false,59006.39056243219,126.39686800000048,0,5.684341886080801e-13,false
3021,1599.614727109127,454.0566483918437,true,141853.4214300557,9999.999999999996,3,9873.603131,false
3022,776.1677135332736,0.0,false,83095.44169114824,133.66390116634108,1,8.899477930059746,false
3023,707.5593275562127,0.0,false,73534.5793013381,133.66389936884426,1,8.89947572877864,false
3024,560.7403759631508,0.0,false,54357.325634621164,133.6638974700959,1,8.89947462813808,false
3025,289.8596070247052,0.0,false,20441.590424015903,96.05429600000028,0,2.8421709430404007e-13,false
3026,1067.7516170370345,0.0,false,138296.65179651603,587.3889567366199,1,1207.1821364925656,true
3027,822.0976768561061,0.0,false,89101.49302265071,133.66390116634122,1,8.899477930059817,false
3028,1052.6237038311097,0.0,false,122846.18049344134,212.62808237346985,1,105.60193845727916,false
3029,1138.1991681789007,251.29699970490796,true,98337.89933748459,9954.012472975364,3,10030.314419676013,false
3030,466.243029340533,0.0,false,42246.160365774405,126.39686700000041,0,5.115907697472721e-13,false
3031,736.4144783168781,0.0,false,77523.98018088509,137.08524119981263,1,27.989229061069594,false
3032,286.038699307436,0.0,false,20074.575834615385,96.05429600000025,0,2.5579538487363607e-13,false
3033,358.00721627636807,0.0,false,28565.49334668106,126.39686500000022,0,1.9895196601282805e-13,false
3034,626.9670004113366,0.0,false,62561.16579657883,126.39686800000035,0,4.689582056016661e-13,false
3035,1131.9002287073688,11.284268334333097,true,151667.46966220325,9000.281715590645,2,9989.999999000007,false
3036,311.6647216174693,0.0,false,22707.947490887,126.39686500000022,0,1.9895196601282805e-13,false
3037,1237.2427488354915,84.87439239836691,true,142714.2191563818,10000.000000000015,2,9873.603131000016,false
3038,196.5549707507787,0.0,false,11479.279553101722,96.05429600000008,0,1.9895196601282805e-13,false
3039,822.8789569695277,0.0,false,89705.70717369275,162.56869622602605,1,114.4581190092263,false
3040,2069.0497694011638,1014.0429980605412,true,121904.29357885034,9999.999999999987,3,9882.116231107611,false
3041,392.43176169562946,0.0,false,32916.647829027555,126.39686599999987,0,4.547473508864641e-13,false
3042,1350.5053094285884,280.42057541972287,true,144921.84833474067,10000.000000000018,3,13795.61603046748,true
3043,263.7251263293572,0.0,false,17931.26135790208,96.05429599999982,0,2.8421709430404007e-13,false
3044,868.8363642335494,0.0,false,95690.22614197427,133.66390206508916,1,8.899479030700348,false
3045,839.9074089994169,0.0,false,91890.07862135326,133.66390196383736,1,8.899480131340923,false
3046,747.0191552264092,0.0,false,78881.78138542284,133.66389936884397,1,8.899475728778725,false
3047,738.105487344104,0.0,false,77821.26014685413,133.66390026759245,1,8.899476829419271,false
3048,922.3468544601039,0.0,false,102467.52104231458,162.56869275248596,1,114.45810485365314,false
3049,717.5554357687141,0.0,false,74985.68089565728,133.66389936884423,1,8.899475728778697,false
3050,938.7315405569819,0.0,false,104311.34224808568,133.6639021663408,1,8.899477930059803,false
3051,301.03143677960946,0.0,false,21514.692632639577,96.05429599999991,0,2.2737367544323206e-13,false
3052,697.2212263251856,0.0,false,72720.78277057873,133.66390016634085,1,8.899477930059817,false
3053,663.8030672516654,0.0,false,67827.62567920935,133.66389847009577,1,8.899474628138151,false
3054,191.20290745006912,0.0,false,10965.190896660813,96.05429599999991,0,2.2737367544323206e-13,false
3055,864.2655877365746,67.62358119538307,true,90500.1124082875,-2511.5506521298553,3,12511.550652129856,false
3056,811.7944211896329,0.0,false,89198.47615588804,154.0712130181435,1,72.46974102849832,false
3057,540.6977363212666,0.0,false,51657.00161481376,126.39686699999999,0,3.979039320256561e-13,false
3058,1332.4004379571932,215.9286365235591,true,138177.0072832268,9999.999999999996,4,9873.60313200001,false
3059,1717.5401111522817,648.5573474677544,true,144782.56274482928,10000.000000000004,3,13982.740640003092,true
3060,284.3318584192412,0.0,false,19910.626439836346,96.05429600000025,0,3.126388037344441e-13,false
3061,1336.8065621504363,442.1099777275308,true,98886.3255759159,10000.000000000002,2,9873.603132000002,false
3062,265.1117738099694,0.0,false,18064.454801292562,96.05429600000024,0,4.121147867408581e-13,false
3063,531.9802800506395,0.0,false,50555.142506301905,126.39686700000038,0,7.247535904753022e-13,false
3064,1719.4463815293618,537.8761110248741,true,152056.82208200198,9000.281715590632,2,9903.945704000003,false
3065,485.0331777045147,0.0,false,44621.17613670596,126.39686700000041,0,4.547473508864641e-13,false
3066,684.323842124287,0.0,false,70947.79933402453,133.6638992675926,1,8.899476829419172,false
3067,355.51133572870447,0.0,false,28250.021880025506,126.39686500000033,0,3.410605131648481e-13,false
3068,901.7824398966226,0.0,false,107171.31080056915,555.6146794988473,1,1358.1691783224246,false
3069,718.1507901310597,0.0,false,75012.28552732823,133.66389936884423,1,8.899475728778668,false
3070,572.4359976223714,0.0,false,55668.61821687121,126.39686799999993,0,1.1368683772161603e-13,false
3071,948.0867109945198,0.0,false,108760.22463909327,253.22601683060304,1,332.1225840328803,false
3072,791.8140258659436,0.0,false,85406.93584610012,133.66390106508936,1,8.899479030700363,false
3073,847.446739973081,0.0,false,92536.53867495687,133.6639011663409,1,8.899477930059732,false
3074,423.1907277891014,0.0,false,36804.48459084786,126.39686599999976,0,2.5579538487363607e-13,false
3075,436.34394770851475,0.0,false,38467.01030070429,126.39686599999976,0,2.5579538487363607e-13,false
3076,275.2098340485415,0.0,false,19034.41683817994,96.0542959999998,0,4.547473508864641e-13,false
3077,464.5583054275532,0.0,false,42033.21655152194,126.39686699999982,0,2.2737367544323206e-13,false
3078,861.6012360763365,0.0,false,94146.31550068357,133.6639011663409,1,8.899477930059732,false
3079,1232.876926786119,104.22281919570761,true,141320.82584476797,9969.47319428411,2,9903.945703999998,false
3080,666.1684347975641,0.0,false,68175.9826188291,133.66389847009583,1,8.899474628138123,false
3081,612.1823020775271,0.0,false,61054.358296716884,137.0852385560483,1,27.98922213794735,false
3082,517.435567209945,0.0,false,48716.73645909157,126.39686699999987,0,1.7053025658242404e-13,false
3083,440.9507667147468,0.0,false,39049.29776228726,126.39686599999993,0,1.1368683772161603e-13,false
3084,1141.4225492937692,23.183025130432647,true,151008.46265237965,5403.157021651132,2,9873.603133,true
3085,1383.4373789287931,262.8308176798503,true,138699.62794487085,10000.0,2,9873.603132,false
3086,404.7398444345651,0.0,false,34472.350852157426,126.39686600000043,0,4.405364961712621e-13,false
3087,872.8974792057008,0.0,false,95890.99684373238,137.08524516545842,1,27.98923944575226,false
3088,1413.0888755604592,279.0922468561298,true,140392.09043981007,10000.0,4,9873.603132,false
3089,1102.2760201583135,0.0,false,140844.63734896333,397.3645634507169,1,331.83707316661815,false
3090,441.31406574600817,0.0,false,39095.217619443356,126.39686600000078,0,7.815970093361102e-13,false
3091,279.6211695731826,0.0,false,19458.144553185284,96.05429600000045,0,5.400124791776761e-13,false
3092,533.1506075541064,0.0,false,50703.06822908219,126.39686700000051,0,5.400124791776761e-13,false
3093,1010.5466079272152,0.0,false,117308.31686417492,212.6280823734686,1,105.60193845727753,false
3094,902.72379656669,0.0,false,99723.06868938741,137.0852451654573,1,27.989239445749064,false
3095,340.60758273825104,0.0,false,26366.234284912836,126.39686500000036,0,4.689582056016661e-13,false
3096,345.8445494936662,0.0,false,27028.17044395883,126.39686500000036,0,4.689582056016661e-13,false
3097,269.59741389006604,0.0,false,18495.319787838736,96.0542960000003,0,5.826450433232822e-13,false
3098,371.26497728389603,0.0,false,30241.232721920926,126.39686500000036,0,4.689582056016661e-13,false
3099,648.548277824925,0.0,false,65680.46738642118,133.66389847009506,1,8.899474628136915,false
3100,769.0353369939783,0.0,false,81568.22471929668,137.08524087792907,1,27.989225599503783,false
3101,504.6171700604601,0.0,false,47096.53129634565,126.39686700000044,0,5.826450433232822e-13,false
3102,524.4877820932458,0.0,false,51219.135417581216,137.0852448092213,1,27.989246368871477,false
3103,1004.7737714268957,0.0,false,116694.0146710033,212.6280823734698,1,105.60193845727919,false
3104,278.7108134714364,0.0,false,19370.70094145371,96.05429600000011,0,9.947598300641403e-14,false
3105,488.2128649647104,0.0,false,45023.0786253563,126.39686700000013,0,1.4210854715202004e-13,false
3106,1024.422368199996,0.0,false,123105.60679821993,212.62808327221813,1,105.60193955791975,false
3107,850.0031660479389,0.0,false,92785.41581706666,137.08524384357648,1,27.98923598419212,false
3108,972.0993785600556,12.946346314245451,true,112133.24739382016,9999.999999999996,2,9873.603132999997,false
3109,394.28000860460946,0.0,false,33150.260436675664,126.39686600000013,0,1.2789769243681803e-13,false
3110,469.0837328407071,0.0,false,42605.21637122801,126.39686700000007,0,1.5631940186722204e-13,false
3111,187.50981075913856,0.0,false,10610.45310503286,96.05429600000014,0,1.4210854715202004e-13,false
3112,962.8439693794965,50.39792492740449,true,123484.52472300119,3351.3296115749126,1,10756.182234308104,true
3113,1319.0314300843315,151.25777626028824,true,146137.6483565876,9869.863762332285,5,10206.86471350564,true
3114,419.48771278736774,0.0,false,36336.43511839288,126.39686600000024,0,2.5579538487363607e-13,false
3115,414.7249053822431,0.0,false,35734.431212837604,126.39686600000024,0,2.5579538487363607e-13,false
3116,864.6361184352692,0.0,false,94592.30790765725,133.66390116634096,1,8.899477930059703,false
3117,687.717244413316,0.0,false,71187.10110297825,133.66389936884428,1,8.899475728778569,false
3118,719.9389919083849,0.0,false,75568.0889505199,133.6639002675926,1,8.89947682941903,false
3119,758.7869486717348,0.0,false,80939.66877371397,133.66390116634096,1,8.899477930059703,false
3120,567.2198205193101,0.0,false,55009.30980462435,126.39686800000021,0,2.5579538487363607e-13,false
3121,532.9145988520207,0.0,false,50673.23746996971,126.39686700000013,0,1.5631940186722204e-13,false
3122,642.7643173981057,0.0,false,66323.31470455504,137.0852444873405,1,27.989242907314036,false
3123,607.1128653139691,0.0,false,60051.66544240153,126.39686800000021,0,2.5579538487363607e-13,false
3124,795.4516889504322,108.19775042628633,true,71005.7229393616,-2464.1557537023464,2,12464.155753702347,false
3125,511.29385839523957,0.0,false,47940.443743736854,126.39686700000013,0,1.5631940186722204e-13,false
3126,748.3735487637099,0.0,false,79148.92616167925,133.66390026759254,1,8.899476829419157,false
3127,340.58861898268333,0.0,false,26363.837325736185,126.39686499999999,0,2.4158453015843406e-13,false
3128,729.1129847670534,0.0,false,76938.00773926139,162.5686838054054,1,114.45807654250419,false
3129,335.0081874696976,0.0,false,25658.488299469343,126.39686500000022,0,2.2737367544323206e-13,false
3130,638.2627974694744,0.0,false,64431.45995152442,133.66389847009606,1,8.899474628138108,false
3131,702.5050827355074,0.0,false,72875.85992856382,137.08523987793075,1,27.989225599508174,false
3132,674.3032293077464,0.0,false,69302.37329423451,133.66389847009606,1,8.899474628138108,false
3133,652.6857721737194,0.0,false,66136.93638656723,133.66389757134763,1,8.899473527497577,false
3134,808.2451850392604,0.0,false,88292.49433977852,137.08524580922273,1,27.98924636887584,false
3135,649.3602768855525,0.0,false,66052.28652128091,133.66389847009597,1,8.899474628138165,false
3136,880.2145235805269,0.0,false,97007.19001042307,133.6639020650895,1,8.899479030700334,false
3137,900.4333112861608,0.0,false,103008.53861461778,253.22601683060293,1,332.1225840328793,false
3138,978.967923724561,25.583872564173223,true,119160.48200707333,10000.00000000001,2,9873.60313400001,true
3139,206.26424218312613,0.0,false,12411.896756080987,96.05429600000016,0,4.547473508864641e-13,false
3140,702.655551270497,0.0,false,73348.07752960708,133.66390026759296,1,8.899476829419271,false
3141,181.18167268170114,0.0,false,10002.6082759982,96.05429600000016,0,4.547473508864641e-13,false
3142,509.54046948561916,0.0,false,47718.82088944856,126.39686700000024,0,3.410605131648481e-13,false
3143,372.6280243068192,0.0,false,30413.51758701377,126.39686500000025,0,4.263256414560601e-13,false
3144,673.3096968859276,0.0,false,69237.98543017636,133.66389936884443,1,8.899475728778683,false
3145,685.9057092068986,0.0,false,70892.75707014506,133.66389936884443,1,8.899475728778683,false
3146,605.4158390855299,0.0,false,60282.74253558172,133.66389847009626,1,8.899474628138137,false
3147,766.1955084640412,0.0,false,82608.89288766352,137.08524548734067,1,27.989242907314363,false
3148,995.8195787130228,12.479527906934896,true,109973.48646026452,-2464.155748990022,2,12464.155748990022,false
3149,975.2426312159917,0.0,false,111166.27573540797,212.62808237346997,1,105.60193845727918,false
3150,472.3832032323602,0.0,false,43022.25907169543,126.3968670000003,0,3.694822225952521e-13,false
3151,673.357697192407,0.0,false,69157.19628599702,133.66389847009597,1,8.899474628138123,false
3152,561.8898413326878,0.0,false,54335.61716623986,126.39686800000018,0,1.9895196601282805e-13,false
3153,847.4131887755617,0.0,false,92284.7939555852,133.6639011663412,1,8.89947793005976,false
3154,475.3725248844043,0.0,false,43400.09994503315,126.3968670000003,0,3.694822225952521e-13,false
3155,545.9398340267035,0.0,false,52319.586309836355,126.39686800000018,0,1.9895196601282805e-13,false
3156,1470.7163070170836,351.221831370583,true,138559.0638155588,10000.000000000005,2,9873.603132000006,false
3157,208.32159167430717,0.0,false,12609.514006910267,96.05429600000016,0,2.2737367544323206e-13,false
3158,1007.9556656806718,0.0,false,121649.58980966939,212.62808317096665,1,105.60194065856034,false
3159,1570.852125520427,454.4361334537452,true,138948.5936455807,9969.473194284103,2,9903.945704000003,false
3160,554.396600413417,0.0,false,53388.49503532723,126.39686800000018,0,2.2737367544323206e-13,false
3161,273.47551699458757,0.0,false,18867.828239724586,96.05429600000011,0,2.2737367544323206e-13,false
3162,468.50830900654177,0.0,false,42532.484604845,126.39686700000019,0,4.405364961712621e-13,false
3163,798.6158237028135,0.0,false,85748.47230252868,133.66390026759265,1,8.899476829419257,false
3164,267.93715550554884,0.0,false,18335.844842516566,96.05429600000005,0,1.7053025658242404e-13,false
3165,498.1321232542393,0.0,false,46276.84173660102,126.39686700000019,0,4.263256414560601e-13,false
3166,496.9446779297199,0.0,false,46126.75237497261,126.39686700000019,0,4.263256414560601e-13,false
3167,319.8246733273844,0.0,false,23739.339772931828,126.39686500000025,0,2.8421709430404007e-13,false
3168,266.23655808635493,0.0,false,18172.49515973825,96.05429600000005,0,1.2789769243681803e-13,false
3169,813.0717076133108,0.0,false,87683.40843748148,133.66390026759282,1,8.8994768294192,false
3170,545.8242200352677,0.0,false,52304.973064231206,126.39686800000038,0,3.836930773104541e-13,false
3171,513.0067722944223,0.0,false,48156.950683756775,126.3968670000003,0,3.694822225952521e-13,false
3172,588.5930798501888,0.0,false,57786.039356533416,133.66389757134763,1,8.899473527497577,false
3173,167.53185285694957,0.0,false,8691.48448315433,96.05429600000022,0,3.694822225952521e-13,false
3174,2118.2002510316197,1008.4630089730696,true,137325.780117998,10000.000000000004,2,9873.603132000006,false
3175,681.5931395432782,0.0,false,70333.31193905997,137.0852411998127,1,27.98922906107053,false
3176,557.0046089267431,0.0,false,53718.13912487293,126.39686800000001,0,3.694822225952521e-13,false
3177,348.7946216018562,0.0,false,27401.05029815744,126.3968649999999,0,1.9895196601282805e-13,false
3178,488.26780278496784,0.0,false,45030.02259338705,126.39686699999999,0,4.121147867408581e-13,false
3179,306.9529564714306,0.0,false,22112.395166658433,126.3968649999999,0,1.9895196601282805e-13,false
3180,604.8560173894492,0.0,false,60329.60371644086,133.66389836884431,1,8.899475728778881,false
3181,456.4490608814775,0.0,false,41008.23349581663,126.39686599999999,0,2.5579538487363607e-13,false
3182,362.7226152445187,0.0,false,29161.50497461794,126.3968649999999,0,1.9895196601282805e-13,false
3183,550.1938851192234,0.0,false,52857.285014464476,126.39686799999998,0,1.5631940186722204e-13,false
3184,719.9782928117646,0.0,false,75885.43840126264,133.66390016634105,1,8.899477930059945,false
3185,1242.2353979231232,114.12085225503608,true,143008.22719470784,9969.4731942841,2,9903.945704,false
3186,531.7293151971891,0.0,false,50523.42133660434,126.39686700000007,0,1.5631940186722204e-13,false
3187,397.83014688418984,0.0,false,33598.98677133055,126.39686600000013,0,1.4210854715202004e-13,false
3188,403.1533806158027,0.0,false,34271.82680537571,126.39686600000013,0,1.4210854715202004e-13,false
3189,545.8690285809162,0.0,false,52310.6367237471,126.39686799999996,0,1.4210854715202004e-13,false
3190,610.8893866423932,0.0,false,60978.66736893607,133.66389847009592,1,8.899474628138137,false
3191,513.7377040863424,0.0,false,48249.338167860595,126.39686700000007,0,1.5631940186722204e-13,false
3192,480.1233346163547,0.0,false,44000.5873823599,126.39686700000007,0,1.5631940186722204e-13,false
3193,630.7225469148883,0.0,false,63489.057860552755,133.66389847009592,1,8.899474628138137,false
3194,438.32834200501503,0.0,false,38717.831510768374,126.39686600000013,0,1.4210854715202004e-13,false
3195,440.549609869794,0.0,false,38998.592796316596,126.39686600000013,0,1.4210854715202004e-13,false
3196,1637.6294464320658,509.8376810742033,true,141570.69241884627,10000.000000000004,4,9903.945704000003,false
3197,853.1438322826012,0.0,false,92479.52759865702,133.6639003688444,1,8.899475728778754,false
3198,155.40970436218478,0.0,false,7527.10007984867,96.05429599999997,0,1.1368683772161603e-13,false
3199,682.474719030595,0.0,false,70083.61793778103,133.6638984700959,1,8.899474628138137,false
3200,587.395039105354,0.0,false,57925.58599729209,133.66389747009575,1,8.899474628137995,false
3201,467.3382823316815,0.0,false,42384.59690585633,126.3968670000001,0,4.405364961712621e-13,false
3202,1238.1017360221215,355.6930364925112,true,97281.51534720961,10000.0,3,9873.603132,false
3203,155.32608325165864,0.0,false,7519.06791319719,96.05429599999974,0,7.531752999057062e-13,false
3204,1120.0782980567626,0.4827314358674296,true,142288.82895510388,9969.473194284083,2,9903.945704000002,false
3205,455.30696113496913,0.0,false,40863.87567290909,126.39686599999978,0,1.2079226507921703e-12,false
3206,533.4038812295363,0.0,false,50735.08122663019,126.3968669999998,0,4.263256414560601e-13,false
3207,1730.3028109716633,572.6493045713536,true,143382.24552164233,9999.999999999993,2,9873.603131000003,false
3208,1161.4428157765092,19.87307053317194,true,146447.8662158152,9969.47319327802,2,9903.945704,false
3209,325.08647240174724,0.0,false,24404.414659143917,126.39686499999989,0,1.1510792319313623e-12,false
3210,1192.6546415921143,82.37808782674897,true,148467.37065668497,9882.89639754998,2,9989.999999,false
3211,625.47033904409,0.0,false,62371.99249777877,126.39686799999994,0,4.831690603168681e-13,false
3212,2005.233522563152,884.9452100196609,true,138659.40230748433,10000.0,2,9873.603132000004,false
3213,528.3986314566275,0.0,false,50102.433366813624,126.39686700000011,0,1.5631940186722204e-13,false
3214,591.6557374740185,60.62246231793038,true,53142.52451566301,-2641.6245828330466,2,12641.624582833047,false
3215,1020.5733348740223,0.0,false,119578.52242097924,212.62808237346982,1,105.60193845727925,false
3216,1343.2110819673137,345.2538501660985,true,119885.81438092237,10000.000000000011,2,9873.603133000011,false
3217,998.2475826704347,0.0,false,116539.80659744672,212.6280823734699,1,105.60193845727927,false
3218,607.8875228230197,0.0,false,60286.650852063314,133.66389757134743,1,8.899473527497463,false
3219,526.560658727963,0.0,false,49870.119383306606,126.396867,0,4.121147867408581e-13,false
3220,468.3564368196844,0.0,false,42513.28843715306,126.396867,0,4.121147867408581e-13,false
3221,374.04947627172686,0.0,false,30593.18465344033,126.39686500000015,0,5.968558980384842e-13,false
3222,994.9820277273814,0.0,false,112259.13747740422,145.21267049070858,1,23.042528521544796,false
3223,331.66774564195555,0.0,false,25236.266938089593,126.39686500000019,0,5.258016244624741e-13,false
3224,360.3210154289086,0.0,false,28857.950296546576,126.39686500000019,0,5.258016244624741e-13,false
3225,397.30547780798304,0.0,false,33532.6702470342,126.39686600000005,0,5.684341886080801e-13,false
3226,1130.072989840079,0.0,false,143870.13562695973,397.36456345071633,1,331.8370731666178,false
3227,723.3547882619946,0.0,false,77244.62874884982,137.08524580922267,1,27.98924636887618,false
3228,718.1112955942884,0.0,false,75361.26824985733,133.66390116634108,1,8.899477930059788,false
3229,291.3000333561052,0.0,false,20579.949556897096,96.05429600000008,0,1.4210854715202004e-13,false
3230,723.9189420506294,0.0,false,75908.52379166208,133.66389936884428,1,8.899475728778697,false
3231,662.2698699592962,0.0,false,67574.15247306543,133.66389847009583,1,8.899474628138137,false
3232,235.21527275929057,0.0,false,15192.767529695819,96.05429600000008,0,1.4210854715202004e-13,false
3233,329.3939589274587,0.0,false,24948.867434793712,126.3968650000001,0,1.5631940186722204e-13,false
3234,981.2778014387543,0.0,false,110203.3448952389,133.66390206508942,1,8.899479030700334,false
3235,680.5328196420497,0.0,false,72140.71245840706,137.08524613110467,1,27.98924983043746,false
3236,770.592892565515,0.0,false,82389.78257041,133.66390116634102,1,8.899477930059788,false
3237,945.549370569876,0.0,false,105651.69126440222,133.66390206508942,1,8.899479030700334,false
3238,812.0169471089507,200.50252903334464,true,74537.00317431559,-2964.4727337831664,2,12964.472733783168,false
3239,361.81738723675716,0.0,false,29047.086995947575,126.39686500000008,0,1.2789769243681803e-13,false
3240,982.4585985546823,32.213725619444496,true,129774.466072358,3896.87424769088,1,9873.603135000001,true
3241,618.671235434424,0.0,false,61928.30756132446,133.66389847009597,1,8.899474628138123,false
3242,918.8802242902825,0.0,false,107003.03114758314,253.2260168306031,1,332.1225840328793,false
3243,344.7286954068691,0.0,false,26887.12999005339,126.3968650000001,0,2.1316282072803006e-13,false
3244,927.4789873060478,0.0,false,103124.1484333474,137.0852451654588,1,27.98923944575334,false
3245,885.8287060092875,0.0,false,97504.42017473698,133.6639011663412,1,8.899477930059732,false
3246,736.0519764395121,0.0,false,77611.10103773701,133.6639002675927,1,8.899476829419228,false
3247,1020.3776746997296,0.0,false,120353.55070137531,253.2260165087211,1,332.122580571318,false
3248,439.04543100886644,0.0,false,38808.469309912834,126.39686500000028,0,2.8421709430404007e-13,false
3249,1400.5572662437244,285.0707441134971,true,137377.71467374824,9999.99999999999,3,9882.11623228507,false
3250,399.4477125490956,0.0,false,33803.441993836,126.39686600000005,0,9.947598300641403e-14,false
3251,612.6465364902466,0.0,false,61527.852085404375,133.66389926759277,1,8.899476829419143,false
3252,1703.590523970651,728.428943366257,true,110008.89304351459,10000.0,3,9873.603132000002,false
3253,891.8960800167824,0.0,false,98617.46908307738,137.08524516545873,1,27.98923944575364,false
3254,669.2371927582941,0.0,false,68697.52445831211,133.6638993688444,1,8.89947572877874,false
3255,504.2312052611445,0.0,false,47047.746557255334,126.39686700000013,0,3.268496584496461e-13,false
3256,286.7558542884278,0.0,false,20143.46164928596,96.05429600000011,0,1.8474111129762605e-13,false
3257,637.7139707126377,0.0,false,64070.218091060655,133.66389757134766,1,8.899473527497648,false
3258,1114.5732089402698,3.567243527526867,true,151621.85216222747,9080.986382379864,1,9989.999999,false
3259,542.2516627400769,0.0,false,51853.41303637642,126.39686700000009,0,3.552713678800501e-13,false
3260,695.2398740321468,0.0,false,71920.00830784935,133.66389847009603,1,8.899474628138194,false
3261,697.20446782926,0.0,false,72406.01323210096,137.08524119981269,1,27.98922906106978,false
3262,958.9367811426475,0.0,false,108336.00410620232,154.07121634002584,1,72.46974449006008,false
3263,537.2236584969161,0.0,false,51217.88908294619,126.3968670000001,0,2.4158453015843406e-13,false
3264,398.00061279092307,0.0,false,33620.53312684914,126.3968660000001,0,2.4158453015843406e-13,false
3265,1036.4161017630715,0.0,false,120783.48990516725,212.62808237346985,1,105.60193845727919,false
3266,354.46023273337335,0.0,false,28117.16576082787,126.39686500000019,0,2.2737367544323206e-13,false
3267,636.4567720796675,0.0,false,64337.60491078316,133.66389847009597,1,8.899474628138094,false
3268,986.5056923987304,0.0,false,111637.41079719069,154.0712150181437,1,72.46974102849855,false
3269,466.0328364964133,0.0,false,42219.592650072926,126.39686700000019,0,2.1316282072803006e-13,false
3270,1839.7464536749812,707.234881946518,true,141066.84007097268,10000.0,3,9903.945704000002,false
3271,525.6530223843541,0.0,false,49755.39699854512,126.39686700000021,0,1.9895196601282805e-13,false
3272,797.4667895729559,0.0,false,86196.22696743306,133.66390106508945,1,8.899479030700263,false
3273,211.68948985991784,0.0,false,12933.015086025076,96.05429600000008,0,1.1368683772161603e-13,false
3274,714.313240674174,0.0,false,74621.79944779955,133.6639002675927,1,8.899476829419172,false
3275,853.747696902903,0.0,false,95114.09073173764,154.07121698378972,1,72.46975141318231,false
3276,749.8321339623026,0.0,false,79600.86600644232,133.6639002675927,1,8.899476829419228,false
3277,755.8835842423649,0.0,false,79604.95918381836,133.6638985713476,1,8.899473527497577,false
3278,609.9655563789273,0.0,false,60711.75505487424,133.66389757134763,1,8.899473527497577,false
3279,558.5691627961683,0.0,false,53915.89382283368,126.39686800000024,0,2.5579538487363607e-13,false
3280,613.4419340410789,0.0,false,61333.65320722952,137.08523987793058,1,27.989225599508288,false
3281,226.47784434665314,0.0,false,14353.500020881831,96.05429600000022,0,3.694822225952521e-13,false
3282,298.0587672537251,0.0,false,21229.15496300812,96.05429600000022,0,3.694822225952521e-13,false
3283,942.3968265781097,45.173861448458254,true,119861.85404114233,6623.191192253153,2,21760.98333058934,true
3284,318.69894506411686,0.0,false,23597.05125411585,126.39686500000033,0,5.115907697472721e-13,false
3285,610.9291506394121,0.0,false,61007.05103770073,137.08523987793058,1,27.989225599508302,false
3286,1200.7670612010427,83.97639898899686,true,138907.56275386713,9969.473194284104,2,9903.945703999998,false
3287,529.3634024824645,0.0,false,50224.377396063166,126.39686700000019,0,4.547473508864641e-13,false
3288,864.6136595345483,0.0,false,102082.20067835668,253.22601847436715,1,332.12259095600217,false
3289,469.88582871716267,0.0,false,42706.59877223304,126.39686700000016,0,3.979039320256561e-13,false
3290,1267.2369036265914,149.77351239472551,true,138302.34112112285,10000.000000000011,2,9873.603132000024,false
3291,1534.8031411143738,412.74825263730213,true,151732.34139287076,9080.986382379862,1,9989.999999,false
3292,1248.7234231459634,131.65764356373862,true,138252.0842567112,9999.999999999995,2,9873.603132000006,false
3293,1511.3447569055961,402.8253963375794,true,137171.84372052463,9999.999999999995,2,9873.603132000006,false
3294,425.5973412111097,0.0,false,37108.672973030334,126.39686600000059,0,7.673861546209082e-13,false
3295,527.9412359577567,0.0,false,50044.62001152093,126.39686700000058,0,7.673861546209082e-13,false
3296,1448.76395531153,325.4269889571241,true,139044.74257945994,9999.999999999998,2,9873.603132000011,false
3297,759.8273870147918,0.0,false,80505.7014889442,137.08524119981297,1,27.989229061069665,false
3298,312.71349427480055,0.0,false,22840.509062676323,126.3968650000006,0,6.821210263296962e-13,false
3299,385.39885916323703,0.0,false,32027.711025214438,126.39686600000063,0,8.100187187665142e-13,false
3300,829.5779523011657,0.0,false,96478.30508876183,555.6146784988475,1,1358.1691783224237,false
3301,356.59952471276694,0.0,false,28387.56555178575,126.39686500000047,0,7.105427357601002e-13,false
3302,344.18004263947097,0.0,false,26817.782002475415,126.39686500000047,0,7.105427357601002e-13,false
3303,386.3938498362072,0.0,false,32153.474723002037,126.39686600000039,0,8.810729923425242e-13,false
3304,1251.7989358725836,118.38777461734863,true,146436.9600489029,9969.47319327802,2,9903.945703999998,false
3305,714.6612242754818,0.0,false,74090.39952670793,133.6638985713478,1,8.899473527497534,false
3306,346.3438580998214,0.0,false,27091.281484446885,126.39686500000029,0,1.2363443602225743e-12,false
3307,547.4661549256099,0.0,false,52640.33350430772,137.08523887793095,1,27.989225599508714,false
3308,1176.1501059366724,60.90176135919845,true,140114.89998867025,10000.0,3,9903.945704,false
3309,574.0031863619142,0.0,false,55866.705954144,126.39686799999984,0,1.9895196601282805e-13,false
3310,402.8750090973116,0.0,false,34236.64151924662,126.39686599999993,0,8.526512829121202e-14,false
3311,1058.2508359739409,0.0,false,125855.77253015045,212.62808237347016,1,105.60193845727984,false
3312,1073.9814676412461,1.1581461477344408,true,149249.05934638032,9000.281715590638,2,9989.999998999998,false
3313,939.4867662995132,0.0,false,111488.59160131146,253.2260181524856,1,332.12258749444374,false
3314,256.60971611813255,0.0,false,17247.795660657936,96.05429600000002,0,9.947598300641403e-14,false
3315,1418.7175434879744,310.90820986394164,true,137082.0985435796,10000.0,2,9873.603132,false
3316,1525.7852564035038,488.26457589870677,true,121979.70244174171,10000.0,3,9873.603132,false
3317,801.9576873321171,0.0,false,85938.64636124218,133.66390036884445,1,8.899475728778683,false
3318,668.5480289566358,0.0,false,68665.06247308191,133.66389936884445,1,8.899475728778683,false
3319,428.1055714704203,0.0,false,37425.70540447236,126.39686600000029,0,2.7000623958883807e-13,false
3320,855.92502356828,0.0,false,93741.44238622315,133.6639020650896,1,8.89947903070032,false
3321,1000.9036867682659,0.0,false,123177.16590515127,253.2260181524851,1,332.122587494441,false
3322,553.8655098270552,0.0,false,53337.5639826231,133.66389757134766,1,8.899473527497548,false
3323,555.3767559408979,0.0,false,53512.38361729263,126.39686800000021,0,1.9895196601282805e-13,false
3324,1231.893471858289,316.29131794577455,true,124235.59124304201,10000.0,2,10531.756610265902,true
3325,808.5848695924356,0.0,false,87327.41566326807,133.6639011663412,1,8.899477930059817,false
3326,1379.5653459876457,407.39632734941017,true,109803.4568542741,10000.0,3,9903.945704,false
3327,1025.395621406152,0.0,false,123672.90764196786,212.62808327221813,1,105.60193955791976,false
3328,975.5990193908784,106.70690988374312,true,105886.16122531156,555.6146829723848,3,10052.077192291252,false
3329,882.0789143794811,0.0,false,96877.2617390007,133.663901166341,1,8.899477930059675,false
3330,662.3268119679968,0.0,false,67070.48322440754,133.6638976725993,1,8.899472426856946,false
3331,1616.346320163187,490.4721715961615,true,150213.37406744063,9882.896397549972,2,9989.999998999998,false
3332,575.9349381068259,0.0,false,56110.87331093202,126.39686800000023,0,4.973799150320701e-13,false
3333,533.9902345484935,0.0,false,50809.19444558335,126.39686700000027,0,5.115907697472721e-13,false
3334,1633.218136036514,505.94040187433177,true,139542.8432602926,9999.999999999993,2,9873.603132000027,false
3335,674.4293532423221,18.358799889335614,true,81386.94679981121,-2964.472732609699,2,12964.472732609698,false
3336,538.2490857581043,0.0,false,51347.49986994421,126.39686700000021,0,2.2737367544323206e-13,false
3337,1559.9456276881713,452.68882952330796,true,137012.25979594947,10000.0,3,9873.603132000018,false
3338,368.2896133224843,0.0,false,29865.156056865795,126.39686500000022,0,1.9895196601282805e-13,false
3339,777.7753047754123,0.0,false,83943.73185663493,137.0852454873403,1,27.989242907314278,false
3340,791.396694233381,0.0,false,85440.02736477494,133.6639010650892,1,8.899479030700206,false
3341,1069.5264272318623,73.84281899713126,true,135517.7795820239,3896.8742476908865,1,9873.603135000003,true
3342,581.89840788434,0.0,false,56867.85977247695,133.66389757134718,1,8.899473527497477,false
3343,982.7371078242354,10.229696455480202,true,132588.38104824652,6748.418300610958,2,20953.989161638954,true
3344,462.8615795951631,0.0,false,41818.75573233029,126.39686700000016,0,1.7053025658242404e-13,false
3345,383.19261752526506,0.0,false,31748.849007567103,126.39686500000022,0,1.9895196601282805e-13,false
3346,350.7556238074725,0.0,false,27648.914821361403,126.39686500000022,0,1.9895196601282805e-13,false
3347,848.9464520754386,0.0,false,92570.49842581067,133.66390116634096,1,8.89947793005959,false
3348,349.3312279907093,0.0,false,27468.87566130103,126.39686500000022,0,1.9895196601282805e-13,false
3349,527.0714970314991,0.0,false,49934.68774135237,126.39686700000016,0,1.7053025658242404e-13,false
3350,1380.0266174193573,270.5754718800049,true,137289.61841602845,10000.0,2,9873.603132000004,false
3351,224.88436965555422,0.0,false,14200.439936014924,96.05429600000006,0,8.526512829121202e-14,false
3352,968.2382211937849,0.0,false,108017.66821576572,133.66390216634102,1,8.899477930059817,false
3353,432.92905559482284,0.0,false,38035.3786568801,126.39686600000009,0,1.1368683772161603e-13,false
3354,678.0149009853211,0.0,false,70175.20662529103,137.0852415216945,1,27.989232522631013,false
3355,579.7098456998739,0.0,false,56604.67608325608,133.66389757134755,1,8.899473527497705,false
3356,1316.6588856732494,348.29265644781236,true,108501.60101847077,10000.0,2,9873.603132,false
3357,1010.2057094370653,0.0,false,114918.37206821337,154.07121634002556,1,72.46974449006001,false
3358,520.2037744524549,0.0,false,49066.62916514241,126.3968670000001,0,2.7000623958883807e-13,false
3359,472.41646507915374,0.0,false,43026.46326472122,126.3968670000001,0,2.7000623958883807e-13,false
3360,287.4767059244082,0.0,false,20212.70254353797,96.05429600000012,0,2.7000623958883807e-13,false
3361,182.15145070415448,0.0,false,10095.759618311926,96.05429600000012,0,2.7000623958883807e-13,false
3362,849.3917781303053,0.0,false,92987.0997321608,137.08524516545847,1,27.9892394457533,false
3363,634.8133373576907,0.0,false,64208.54152017863,133.66389847009583,1,8.899474628138151,false
3364,950.0576601157007,0.0,false,106625.80158325077,145.21267138945709,1,23.042529622185583,false
3365,753.638551329726,0.0,false,84366.69560461385,253.22601747436704,1,332.1225909560024,false
3366,463.523084780649,0.0,false,41902.36791131092,126.39686700000007,0,1.4210854715202004e-13,false
3367,656.2835885828683,0.0,false,66800.14497046302,133.6638984700959,1,8.899474628138137,false
3368,895.7022680636286,107.21515690783467,true,87346.66889797259,555.6146784988489,3,10591.797588056523,false
3369,289.41410292485233,0.0,false,20398.797842675933,96.05429600000019,0,3.836930773104541e-13,false
3370,723.8640542773155,0.0,false,75477.42332080733,133.66389857134763,1,8.899473527497548,false
3371,171.36152785287044,0.0,false,9059.341207307276,96.05429600000019,0,3.694822225952521e-13,false
3372,417.69117834163416,0.0,false,36109.35880377378,126.39686600000016,0,4.405364961712621e-13,false
3373,117.42561569375249,0.0,false,3878.56529755311,96.05429600000019,0,3.694822225952521e-13,false
3374,330.9485631653513,0.0,false,25145.364530560644,126.39686500000016,0,4.121147867408581e-13,false
3375,1261.2305024613777,145.13101259257775,true,140860.4899926361,10000.000000000004,4,9903.945704000003,false
3376,180.93147353760995,0.0,false,9978.575574103346,96.05429600000008,0,2.1316282072803006e-13,false
3377,596.8599792146894,0.0,false,58871.44457844015,133.66389757134752,1,8.899473527497634,false
3378,873.1185510746217,0.0,false,96381.45340584205,133.66390196383773,1,8.899480131340823,false
3379,645.4879987223686,0.0,false,65280.541135049934,133.66389757134752,1,8.899473527497634,false
3380,875.8471621458126,0.0,false,96280.74942902011,133.6639020650894,1,8.899479030700306,false
3381,323.9061857523039,0.0,false,24255.230131574135,126.39686500000013,0,8.242295734817162e-13,false
3382,398.8649364599612,0.0,false,33729.78092550354,126.39686600000007,0,4.547473508864641e-13,false
3383,1129.8037529553892,47.37258207430909,true,146482.39919992327,3896.874248927139,1,9873.603133,true
3384,546.36128332669,0.0,false,52372.85617842526,126.39686800000021,0,2.5579538487363607e-13,false
3385,345.1476011138887,0.0,false,26940.07835647567,126.39686500000028,0,3.410605131648481e-13,false
3386,299.894852502766,0.0,false,21405.518833492493,96.05429600000019,0,1.9895196601282805e-13,false
3387,365.029298277627,0.0,false,29453.062469324763,126.39686500000028,0,3.410605131648481e-13,false
3388,327.12530011408154,0.0,false,24662.11608210286,126.39686500000028,0,3.410605131648481e-13,false
3389,745.9289285064239,0.0,false,79106.55242036899,137.0852425216948,1,27.989232522631156,false
3390,1019.9153447482541,0.0,false,116109.03814321867,145.21267408570242,1,23.04253292410732,false
3391,1572.2855073057192,437.073483203875,true,141350.5944601908,9969.473194284095,2,9903.945704,false
3392,283.89313032721907,0.0,false,19868.484723137914,96.05429600000019,0,1.8474111129762605e-13,false
3393,684.6114344108673,0.0,false,70445.63837759678,137.08523987793063,1,27.9892255995085,false
3394,442.5324969208743,0.0,false,39249.2234952907,126.39686500000028,0,2.5579538487363607e-13,false
3395,570.6633738827064,0.0,false,55444.56414044357,126.39686800000027,0,2.5579538487363607e-13,false
3396,813.4822992012564,0.0,false,88295.28542928671,133.6639011663412,1,8.899477930059788,false
3397,1628.4421388463502,520.2590272121757,true,151593.6236244418,9080.986382379873,1,9989.999999000001,false
3398,205.20442802970118,0.0,false,12310.097056862356,96.05429600000019,0,1.8474111129762605e-13,false
3399,415.5926738138211,0.0,false,35844.11441866394,126.39686600000033,0,2.984279490192421e-13,false
3400,965.927159206458,0.0,false,108944.07784786102,145.21267228820557,1,23.042530722826143,false
3401,2163.759885072876,980.6342678618672,true,146601.84037115914,10000.000000000002,2,9873.603131000003,false
3402,1359.9669571915713,172.10096687148345,true,153489.020682741,9088.902805699954,1,9903.945703999998,false
3403,399.22959772569544,0.0,false,33775.87296482061,126.39686599999996,0,3.694822225952521e-13,false
3404,523.3011924985158,0.0,false,49458.1330833691,126.39686699999993,0,3.694822225952521e-13,false
3405,192.06456084019896,0.0,false,11047.956403860786,96.05429599999994,0,2.7000623958883807e-13,false
3406,585.4342480437308,0.0,false,58088.67680228104,137.08524152169448,1,27.98923252263117,false
3407,194.84472247660403,0.0,false,11315.002864271397,96.05429599999994,0,3.694822225952521e-13,false
3408,686.0935600278859,0.0,false,70850.22003418981,133.66389936884428,1,8.899475728778782,false
3409,1111.8369593700297,90.85818598904963,true,138715.00905498624,9999.999999999998,2,9873.603134000005,true
3410,484.4135961345005,0.0,false,44542.86297112258,126.39686699999987,0,3.694822225952521e-13,false
3411,1594.8642842831496,480.0597042731582,true,137966.27572868645,9999.999999999998,3,9873.603132000002,false
3412,662.9170741590242,0.0,false,67859.31585562111,133.663898470096,1,8.899474628138108,false
3413,1588.9846037738505,607.7221999737484,true,112881.95745223167,9999.999999999996,3,9903.945703999996,false
3414,660.6657026985857,0.0,false,67352.5561775999,133.663898470096,1,8.899474628138151,false
3415,473.46976022345234,0.0,false,43159.59646466706,126.39686699999999,0,3.836930773104541e-13,false
3416,855.2871221916812,0.0,false,93511.81685544655,137.08524384357656,1,27.989235984192362,false
3417,714.9820270728364,0.0,false,75185.79151845409,137.08524284357674,1,27.98923598419246,false
3418,827.9430842901224,0.0,false,89859.95632077026,137.08524384357656,1,27.989235984192362,false
3419,545.7046341985911,0.0,false,52289.857789855196,126.39686800000004,0,1.9895196601282805e-13,false
3420,694.111312843886,0.0,false,72062.6917730762,137.08524119981269,1,27.98922906106972,false
3421,480.2644636932521,0.0,false,44018.425654675564,126.39686699999999,0,3.836930773104541e-13,false
3422,1051.347988823409,0.0,false,123881.43514911321,212.62808237346974,1,105.60193845727929,false
3423,788.7597989096752,0.0,false,85175.23911751405,137.08524416545865,1,27.989239445753483,false
3424,429.95933993111805,0.0,false,37660.01591892525,126.39686600000005,0,1.1368683772161603e-13,false
3425,223.69714067817085,0.0,false,14086.401495963242,96.05429600000008,0,1.4210854715202004e-13,false
3426,537.041330370636,0.0,false,51194.84338011233,126.39686700000007,0,1.4210854715202004e-13,false
3427,494.12775877806666,0.0,false,45770.702636512826,126.39686700000007,0,1.4210854715202004e-13,false
3428,1329.7151153832447,148.11330190192834,true,148585.1150579929,10000.000000000002,3,9903.945704000002,false
3429,820.0478170149037,0.0,false,88800.17187218684,133.663901166341,1,8.899477930059803,false
3430,856.1736064486206,0.0,false,97510.23560089487,253.22601715248487,1,332.12258749444135,false
3431,907.2431369395474,0.0,false,100379.89915401857,133.66390206508945,1,8.899479030700334,false
3432,702.3649820126694,0.0,false,73039.43568150206,133.6638993688443,1,8.899475728778725,false
3433,2109.184071779477,969.5940648939979,true,142065.3230861891,9969.473194284108,2,9903.945704,false
3434,625.3268382925065,0.0,false,62884.404050497935,137.08523987793055,1,27.989225599508757,false
3435,561.5825404209091,0.0,false,54296.775295608604,126.39686800000021,0,3.268496584496461e-13,false
3436,853.186543952086,0.0,false,93190.47095391453,133.66390116634113,1,8.89947793005976,false
3437,547.856072634496,0.0,false,52561.79285478834,126.39686800000021,0,3.268496584496461e-13,false
3438,1008.3805290935721,0.0,false,118406.01134908597,212.62808237346985,1,105.60193845727918,false
3439,414.7219251363666,0.0,false,35734.05451911382,126.3968660000001,0,1.8474111129762605e-13,false
3440,580.9109675700569,0.0,false,56798.8948251019,133.66389757134755,1,8.899473527497562,false
3441,456.9262226729878,0.0,false,41068.54524845278,126.3968660000001,0,1.8474111129762605e-13,false
3442,725.0332415365712,0.0,false,76198.17149891546,133.66390026759268,1,8.8994768294192,false
3443,1163.1189284696875,60.40467286946128,true,148899.21641156965,7620.589606351526,3,10522.311463630693,true
3444,1098.014851169117,0.0,false,137241.17880483938,397.36456345071633,1,331.8370731666173,false
3445,1137.6493912862327,21.83689341493064,true,141619.8091423143,9969.473194284094,2,9903.945704000002,false
3446,554.7881805199819,0.0,false,53528.55781966998,133.66389747009657,1,8.89947462813818,false
3447,491.1683904702656,0.0,false,45396.64777186421,126.39686700000016,0,7.105427357601002e-13,false
3448,652.502669689771,0.0,false,66298.30432225532,133.66389847009714,1,8.899474628138563,false
3449,1004.83017070624,49.79150459593771,true,108156.00466379937,9249.522714073177,2,10052.077181850638,false
3450,659.9363618548133,0.0,false,67576.60164233191,133.6638993688445,1,8.899475728778498,false
3451,1172.4603348657188,81.394005835795,true,147573.85608417576,10000.000000000015,3,9873.603133000013,true
3452,702.0325233213949,0.0,false,73016.60902207479,137.08524119981251,1,27.989229061069906,false
3453,288.878212205737,0.0,false,20347.323238526038,96.05429600000005,0,9.947598300641403e-14,false
3454,357.3136970222795,0.0,false,28477.834689921172,126.39686500000008,0,1.1368683772161603e-13,false
3455,232.20717812754077,0.0,false,14903.827126565993,96.05429600000005,0,9.947598300641403e-14,false
3456,672.689952564563,0.0,false,70360.12843017092,137.0852444873406,1,27.98924290731493,false
3457,2028.953829715491,869.9159168633951,true,146156.84838079644,10000.000000000005,3,9903.945704000005,false
3458,1029.7166628803618,54.91249048231948,true,132878.6844328154,6748.418300610959,2,12627.121240716599,true
3459,235.8275570238535,0.0,false,15251.580061843451,96.05429600000008,0,1.2789769243681803e-13,false
3460,1385.06069792473,288.8956721360118,true,148218.31534967816,9999.999999999998,4,9873.603132999999,true
3461,439.25078961590725,0.0,false,38834.42599322219,126.39686600000059,0,7.673861546209082e-13,false
3462,2281.8261067651424,1173.5306085930301,true,137143.5482163866,9999.999999999996,3,9873.603132000006,false
3463,1513.7025544436465,418.13896869278926,true,148142.2952168131,9999.999999999996,3,9873.603133000004,true
3464,907.9627512621696,0.0,false,100804.95467306329,133.66390206508984,1,8.899479030700348,false
3465,1032.1905354361907,0.0,false,119220.02169580343,212.62808237347002,1,105.60193845727918,false
3466,897.0560705941579,0.0,false,99037.44382284475,137.08524516545896,1,27.989239445753583,false
3467,683.4227427472401,0.0,false,70603.54327087874,137.08524119981288,1,27.98922906106975,false
3468,227.1063602790829,0.0,false,14413.871674410628,96.0542960000004,0,4.689582056016661e-13,false
3469,736.3772297475925,0.0,false,77495.8649721083,133.66389936884468,1,8.899475728778754,false
3470,613.6071280131707,0.0,false,60872.51986209004,126.39686800000047,0,7.673861546209082e-13,false
3471,2420.814759052615,1372.9722925508574,true,142110.49554031983,10000.0,2,9873.603134,true
3472,605.5333233167645,0.0,false,59852.01629213716,126.396868,0,1.1368683772161603e-13,false
3473,293.6734922149878,0.0,false,20807.930469551666,96.05429600000001,0,8.526512829121202e-14,false
3474,471.09929057089585,0.0,false,42859.976541488126,126.396867,0,1.1368683772161603e-13,false
3475,373.90185734240305,0.0,false,30574.52608414954,126.39686500000002,0,1.5631940186722204e-13,false
3476,668.0415683971698,0.0,false,68674.70141479855,133.6638993688442,1,8.899475728778668,false
3477,953.4942443980277,0.0,false,109659.79711363181,253.22601683060284,1,332.12258403287973,false
3478,257.6062048195579,0.0,false,17343.512678355823,96.05429600000002,0,5.684341886080802e-14,false
3479,1075.7302953887004,118.15607460653825,true,119566.32466221604,10000.0,2,9873.603134,true
3480,958.9995958156579,0.0,false,107589.98442551613,154.07121105249746,1,72.46973064381476,false
3481,1457.9649917590139,345.16689696537003,true,137712.66229569697,9999.999999999998,2,9873.603132,false
3482,1315.0499195713278,267.81565453534523,true,124479.60861446317,10000.0,4,9882.116232196318,false
3483,745.1324864801755,0.0,false,78808.66881958918,137.08524252169443,1,27.989232522631397,false
3484,1281.4904615057956,173.55416047832907,true,149706.16758982284,10000.0,2,9873.603133,true
3485,334.0911207940401,0.0,false,25542.57395033846,126.39686499999976,0,8.526512829121202e-13,false
3486,711.5901261900441,0.0,false,74139.53436601747,137.0852411998124,1,27.98922906107032,false
3487,880.8022585232223,0.0,false,97004.11574206955,137.0852451654585,1,27.989239445754137,false
3488,1002.7764320362364,0.0,false,114526.37139547919,212.6280823734695,1,105.60193845727935,false
3489,490.4312270134136,0.0,false,45303.47262487378,126.39686699999979,0,5.968558980384842e-13,false
3490,456.646385957867,0.0,false,41033.17476606883,126.39686599999976,0,7.958078640513122e-13,false
3491,381.59186633992977,0.0,false,31546.519082498657,126.39686499999976,0,4.547473508864641e-13,false
3492,1089.7922603160625,41.16730972573136,true,142209.3990728979,3896.874248309011,1,9873.603134000006,true
3493,453.43208594130346,0.0,false,40626.89733366291,126.39686599999973,0,4.547473508864641e-13,false
3494,289.8199009887096,0.0,false,20437.77648880047,96.0542959999998,0,2.2737367544323206e-13,false
3495,1009.1690544679078,0.0,false,114343.71936924453,145.21267228820557,1,23.042530722826143,false
3496,1074.303549055948,0.0,false,130800.96520065214,253.22601783060276,1,332.1225840328795,false
3497,903.3733854364302,0.0,false,100383.61386299453,145.2126695919603,1,23.04252742090449,false
3498,1156.6606811880847,21.49028389581171,true,153148.4718698663,3896.8742489271317,1,9873.603132999997,true
3499,754.2993589992307,0.0,false,80214.8667819888,133.66390026759265,1,8.899476829419243,false
3500,507.70752556411315,0.0,false,47487.14253138118,126.39686700000007,0,1.7053025658242404e-13,false
3501,1181.0261333300095,189.39222949939355,true,117629.52280615082,10000.000000000015,4,9873.603133000015,false
3502,1438.3699777520662,321.49755925588437,true,146272.41931918036,9882.896398556062,2,9989.999998000003,false
3503,294.32378082217787,0.0,false,20870.393481961295,96.05429600000025,0,2.2737367544323206e-13,false
3504,456.238086528338,0.0,false,40981.56699982837,126.39686600000007,0,4.263256414560601e-13,false
3505,823.7251256218185,0.0,false,89352.5300480281,137.0852438435765,1,27.989235984192405,false
3506,633.2304418119377,0.0,false,64187.11636631722,137.08524152169454,1,27.989232522631156,false
3507,447.47765341536933,0.0,false,39874.27575334862,126.39686600000002,0,9.947598300641403e-14,false
3508,903.752652364184,0.0,false,100049.8185704872,137.08524516545862,1,27.98923944575364,false
3509,526.199684900526,0.0,false,49824.49342461557,126.39686700000007,0,1.2789769243681803e-13,false
3510,304.22890074128213,0.0,false,21821.822772871026,96.05429600000005,0,9.947598300641403e-14,false
3511,580.3186669428419,0.0,false,56664.962875279685,126.39686800000004,0,1.1368683772161603e-13,false
3512,790.7212699810109,0.0,false,84913.53910747662,133.66390116634102,1,8.899477930059788,false
3513,877.0387693222272,0.0,false,97147.4531237955,154.0712100524975,1,72.46973064381494,false
3514,447.8294159631008,0.0,false,39918.737435199226,126.39686600000007,0,1.2789769243681803e-13,false
3515,980.816227804471,0.0,false,110640.37895743469,145.21267138945709,1,23.04252962218561,false
3516,675.2004444613834,0.0,false,70467.66291024089,137.08524448734062,1,27.98924290731496,false
3517,1324.3020143772267,215.26561863327748,true,137237.19534378898,10000.000000000007,2,9873.603132000007,false
3518,468.9577917428753,0.0,false,42589.297811791155,126.39686700000007,0,8.526512829121202e-14,false
3519,417.5562075050673,0.0,false,36092.29891370513,126.39686600000002,0,5.684341886080802e-14,false
3520,1396.9160566988044,460.53901862594364,true,113306.95707350972,10000.0,3,9873.603134,false
3521,837.2177832324135,0.0,false,91481.82980672126,137.0852451654587,1,27.989239445753427,false
3522,677.2824058698983,0.0,false,69485.83207100426,133.6638984700961,1,8.899474628138108,false
3523,566.5674095651103,0.0,false,54926.84710793143,126.39686800000024,0,7.815970093361102e-13,false
3524,847.8511717825685,0.0,false,92396.12791286601,133.6639011663411,1,8.899477930059845,false
3525,1018.425301511909,40.19716978111233,true,113269.23296789895,-2312.6613627179686,2,12312.661362717967,false
3526,436.68198150600807,0.0,false,38509.73671161954,126.3968660000003,0,8.384404281969182e-13,false
3527,828.1745525513569,0.0,false,90286.69272868762,137.08524516545864,1,27.98923944575354,false
3528,374.792357314789,0.0,false,30687.08248537979,126.3968650000003,0,1.0658141036401503e-12,false
3529,365.5009771683293,0.0,false,29512.681200509578,126.3968650000003,0,1.0658141036401503e-12,false
3530,757.8494721262554,0.0,false,80167.42964783116,133.66389936884454,1,8.89947572877864,false
3531,542.3435565826668,0.0,false,51865.028129625054,126.3968670000003,0,8.526512829121202e-13,false
3532,590.2457565693185,0.0,false,57919.71584293208,126.39686800000035,0,8.952838470577262e-13,false
3533,470.07970823658655,0.0,false,42731.10453490048,126.3968670000003,0,8.526512829121202e-13,false
3534,721.1479851471388,0.0,false,75687.82041990558,133.66390026759288,1,8.899476829419257,false
3535,899.3675809853811,0.5189980918459014,true,120248.7059840635,3351.329611574907,1,10756.182234308108,true
3536,542.9272171232101,0.0,false,51938.80098983921,126.39686699999999,0,5.684341886080802e-14,false
3537,538.0047509313536,0.0,false,51316.616714809934,126.39686699999999,0,5.684341886080802e-14,false
3538,996.6838975596363,0.0,false,112501.48817214566,145.21267049070866,1,23.04252852154505,false
3539,490.86912464191045,0.0,false,45358.82151055528,126.39686699999999,0,5.684341886080802e-14,false
3540,992.2197350540984,29.509915865446903,true,131349.9961513232,5403.15702071998,2,9873.603135,true
3541,450.2794801031743,0.0,false,40228.4178517532,126.39686600000005,0,8.526512829121202e-14,false
3542,134.95248543281573,0.0,false,5562.096378841918,96.05429600000008,0,9.947598300641403e-14,false
3543,918.5423506033533,0.0,false,105809.71503514668,555.6146715517664,1,1358.1691500112756,false
3544,473.21466596347386,0.0,false,43127.353350946665,126.39686699999999,0,7.105427357601002e-14,false
3545,413.5518876401409,0.0,false,35586.165452338464,126.3968660000001,0,1.7053025658242404e-13,false
3546,877.5698052847498,0.0,false,96660.0909449791,137.08524516545856,1,27.98923944575357,false
3547,837.3109094510012,0.0,false,91296.82023626399,133.66390116634096,1,8.899477930059788,false
3548,684.3080364456373,0.0,false,70460.14521710254,133.66389847009594,1,8.89947462813818,false
3549,1096.6183105832065,0.0,false,133498.9960289545,212.6280832722182,1,105.6019395579198,false
3550,397.34905540073805,0.0,false,33538.17831796839,126.39686599999999,0,4.121147867408581e-13,false
3551,749.7676573152102,0.0,false,79384.38969854973,133.6639002675925,1,8.899476829419214,false
3552,576.6536716479656,0.0,false,56201.718974427524,126.39686800000004,0,1.2789769243681803e-13,false
3553,791.5165111315409,0.0,false,85241.15387561022,137.08524384357656,1,27.989235984192263,false
3554,232.75382719654547,0.0,false,14956.335116408347,96.05429600000002,0,1.1368683772161603e-13,false
3555,688.9969873016007,0.0,false,71033.98785965213,133.66389847009583,1,8.899474628138137,false
3556,453.4054640246902,0.0,false,40623.532406969265,126.39686600000002,0,9.947598300641403e-14,false
3557,364.2894318038008,0.0,false,29359.54566947399,126.39686500000008,0,1.1368683772161603e-13,false
3558,1157.9004614897885,49.95153455300554,true,137099.74270012777,10000.000000000007,2,9873.603132000007,false
3559,1140.862361592043,29.865184810358084,true,150093.05267706717,3718.78804152216,1,11367.36364677138,true
3560,392.334833697066,0.0,false,32904.39643426616,126.39686599999999,0,9.947598300641403e-14,false
3561,527.182660376206,0.0,false,49948.73843918151,126.39686700000007,0,1.7053025658242404e-13,false
3562,950.8644930984323,0.0,false,106155.04825563374,133.66390206508945,1,8.899479030700334,false
3563,450.49096884352537,0.0,false,40255.1493646704,126.39686599999999,0,9.947598300641403e-14,false
3564,530.2825126603852,0.0,false,50340.55003746544,126.39686700000007,0,1.7053025658242404e-13,false
3565,1670.8242949127684,568.1104767305895,true,141131.11973860426,10000.0,2,9873.603132,true
3566,1341.1894609948615,333.34341632541555,true,120446.32903657017,10000.0,2,9873.603133,false
3567,428.36031272650143,0.0,false,37457.90389960815,126.39686600000013,0,1.1368683772161603e-13,false
3568,693.261389993618,0.0,false,71659.97742466141,133.6638984700959,1,8.899474628138066,false
3569,896.8547156228344,0.0,false,98928.80019343548,137.08524516545862,1,27.989239445753668,false
3570,312.5761156516353,0.0,false,22823.14483593971,126.3968650000001,0,1.1368683772161603e-13,false
3571,595.6395917715015,0.0,false,58721.92101587576,137.08523855604844,1,27.989222137947323,false
3572,449.54816191992444,0.0,false,40135.98152899821,126.39686600000005,0,1.1368683772161603e-13,false
3573,665.8002996449417,0.0,false,67911.85617295124,137.08523987793052,1,27.98922559950863,false
3574,500.48230480330744,0.0,false,46573.897307183295,126.39686700000004,0,5.684341886080802e-14,false
3575,239.90577041320924,0.0,false,15643.309965661128,96.05429600000011,0,1.2789769243681803e-13,false
3576,1888.1246065278142,770.6664942929741,true,140440.98729459447,9969.473194284104,2,9903.945704,false
3577,630.2558129411664,0.0,false,63154.17871611311,133.6638975713475,1,8.899473527497577,false
3578,1212.9122873492497,85.74088558828716,true,140395.49338147385,10000.0,4,9903.945704000002,false
3579,548.8255443943174,0.0,false,52684.33104205785,126.39686800000001,0,1.9895196601282805e-13,false
3580,441.61804713458264,0.0,false,39133.639912761326,126.39686600000007,0,9.947598300641403e-14,false
3581,152.72481314694906,0.0,false,7269.204752387297,96.05429600000008,0,9.947598300641403e-14,false
3582,699.2482242514394,0.0,false,72447.08561188987,137.08523987793058,1,27.98922559950887,false
3583,721.9009687398269,0.0,false,75833.75593140378,133.6639002675927,1,8.899476829419257,false
3584,811.2214000003765,0.0,false,87720.66019983566,133.66390116634108,1,8.899477930059788,false
3585,1197.8171422036578,307.4870032853165,true,98629.12155180269,10000.0,2,9873.603132,false
3586,508.48763753704924,0.0,false,47585.7462359888,126.39686700000001,0,5.684341886080802e-14,false
3587,748.092439271926,30.734116100234292,true,80642.94292072977,-2511.550653393639,3,12511.550653393639,false
3588,512.8100930602617,0.0,false,48132.091045934925,126.3968669999999,0,2.7000623958883807e-13,false
3589,429.6491979777401,0.0,false,37620.81494955385,126.39686599999993,0,2.4158453015843406e-13,false
3590,1174.4013276315031,65.29894926579432,true,144135.9151218529,9253.80995324406,2,9873.603132999991,true
3591,176.6149295704912,0.0,false,9563.952995138314,96.05429600000008,0,2.8421709430404007e-13,false
3592,413.9448382221349,0.0,false,35635.83317243071,126.39686599999993,0,2.4158453015843406e-13,false
3593,421.91081715820394,0.0,false,36642.70790474188,126.39686599999993,0,2.4158453015843406e-13,false
3594,645.5717247819074,0.0,false,65437.24383266849,133.663898470096,1,8.899474628138393,false
3595,975.2781252024376,0.0,false,110105.06423382093,145.21267228820557,1,23.0425307228264,false
3596,700.4651632808295,0.0,false,72830.57526082556,133.66389936884434,1,8.899475728778896,false
3597,751.1439813057019,0.0,false,79341.25898232301,133.66389936884434,1,8.899475728778896,false
3598,526.9187674155781,0.0,false,49915.38319731818,126.39686699999993,0,2.4158453015843406e-13,false
3599,751.3434697329888,0.0,false,79690.92210057464,137.08524252169474,1,27.989232522631312,false
3600,671.8735318281281,58.93408865431208,true,61440.02879227529,-2464.1557549661266,2,12464.155754966125,false
3601,621.2340935508048,0.0,false,64037.81910697109,137.08524480922262,1,27.98924636887628,false
3602,224.6552347579641,0.0,false,14178.430545425266,96.054296,0,4.263256414560601e-14,false
3603,357.5127361235492,0.0,false,28502.9926075379,126.39686499999999,0,7.105427357601002e-14,false
3604,299.6328096627895,0.0,false,21380.34849376282,96.054296,0,4.263256414560601e-14,false
3605,388.76998203274997,0.0,false,32453.81037396596,126.39686600000007,0,1.1368683772161603e-13,false
3606,634.6450381673603,0.0,false,64076.45877835177,133.6638984700958,1,8.899474628138137,false
3607,630.7694397314706,0.0,false,63257.73281343211,133.6638975713474,1,8.899473527497605,false
3608,1001.1225624141891,9.08289517792413,true,135057.19687814848,3896.874247690881,1,9873.603135000001,true
3609,769.7013021472262,0.0,false,81684.78641700766,137.08524087793052,1,27.989225599508615,false
3610,550.6904684788093,1.617291870622288,true,56676.6221375974,-2641.6245869586205,2,12641.624586958618,false
3611,2165.687292357108,1040.1333209084219,true,139324.96506419778,10000.000000000004,5,9873.603132000007,false
3612,546.5500984970677,0.0,false,52431.33344101979,137.085238877931,1,27.98922559951015,false
3613,1382.156064805135,461.1866628823939,true,103378.08867866294,10000.0,3,9873.603133,false
3614,788.0253114991767,0.0,false,84751.56668773478,137.08524384357645,1,27.989235984192234,false
3615,759.5472201194218,0.0,false,80539.11188026579,133.6639002675926,1,8.899476829419214,false
3616,293.4185063626881,0.0,false,20783.437983784006,96.05429600000002,0,1.2789769243681803e-13,false
3617,832.5339172613367,0.0,false,91394.24450609508,137.08524548734053,1,27.989242907315045,false
3618,429.29734595626826,0.0,false,37576.34195850333,126.39686599999999,0,7.105427357601002e-14,false
3619,1165.3786684242507,36.73843057565121,true,140295.37030328586,9969.473194284106,2,9903.945704,false
3620,1579.9190152135393,480.10192921276183,true,151509.96336810783,9080.98638237987,1,9989.999998999998,false
3621,913.9942679734706,12.482317932090885,true,103778.4611195983,555.6146715517771,2,10052.077184710817,false
3622,500.9936689301559,0.0,false,46638.53212764492,126.39686700000007,0,5.684341886080802e-14,false
3623,589.275668656774,0.0,false,57836.63492841971,133.66389757134738,1,8.899473527497435,false
3624,1107.4029249729374,24.85045933174147,true,132120.9071869827,-2312.6613609937067,2,12312.66136099371,false
3625,297.1888454573733,0.0,false,21145.59523989424,96.05429600000008,0,2.7000623958883807e-13,false
3626,2019.7981323869326,900.3710835594022,true,140531.88702444296,9969.473194284103,2,9903.945703999996,false
3627,157.27176818445776,0.0,false,7705.95930381799,96.05429600000008,0,2.7000623958883807e-13,false
3628,753.2700048923832,0.0,false,80019.67197726555,133.6639002675929,1,8.899476829419356,false
3629,587.9696903389447,0.0,false,57632.02821598462,126.39686800000004,0,2.2737367544323206e-13,false
3630,677.6886189736433,0.0,false,70678.63437505794,137.08524416545882,1,27.989239445753768,false
3631,751.1594528368626,5.00480052662614,true,80279.0565844844,-2464.1557476085763,2,12464.155747608576,false
3632,584.42740844469,0.0,false,57184.2949037737,126.39686800000004,0,2.5579538487363607e-13,false
3633,636.7687065219328,0.0,false,63800.07068140256,126.39686900000021,0,2.984279490192421e-13,false
3634,497.2942612306222,0.0,false,46170.93860686464,126.39686699999996,0,2.4158453015843406e-13,false
3635,1308.2048279848043,415.8748412065442,true,98792.41968504089,10000.0,2,9873.603132,false
3636,1050.8335846916225,2.2623212961316974,true,142202.61317999428,3896.8742483090055,1,9873.603133999999,true
3637,382.10499750134596,0.0,false,31611.377250582987,126.39686499999993,0,1.7053025658242404e-13,false
3638,1200.0495514171846,76.58589128859535,true,145347.10602991434,9969.473193278025,2,9903.945704,false
3639,761.8572799630194,0.0,false,81039.28569034042,133.66390026759234,1,8.899476829418916,false
3640,735.7705365651105,0.0,false,77440.65222398617,137.08524119981232,1,27.98922906106941,false
3641,681.2582574399756,0.0,false,70058.12602310131,133.6638984700958,1,8.899474628138066,false
3642,530.705615382881,0.0,false,50394.02889346932,126.39686700000004,0,2.8421709430404007e-13,false
3643,534.6544221210991,0.0,false,50893.14566987584,126.39686700000004,0,2.8421709430404007e-13,false
3644,579.411058026843,0.0,false,56550.24395728179,126.39686799999976,0,4.405364961712621e-13,false
3645,1036.1612347543535,23.204528571619143,true,118341.13882792654,10000.000000000007,2,9873.603132000007,false
3646,315.5686538440744,0.0,false,23201.392269886604,126.39686499999974,0,4.263256414560601e-13,false
3647,1263.9879543070938,135.42035446375553,true,140547.3427247049,9969.473194284112,2,9903.945703999998,false
3648,368.6668277315902,0.0,false,29912.834774100673,126.39686499999974,0,4.263256414560601e-13,false
3649,534.9433560621367,0.0,false,50929.6660130593,126.39686699999973,0,4.405364961712621e-13,false
3650,1488.8806775522244,380.44536611629957,true,150911.6762421697,9000.281715590647,2,9989.999999,false
3651,533.0039387355123,0.0,false,50684.529750804984,126.39686699999999,0,4.121147867408581e-13,false
3652,948.7673049207161,0.0,false,106058.316721904,133.66390206508925,1,8.899479030699965,false
3653,381.7275432058111,0.0,false,31563.668212456323,126.3968649999999,0,4.263256414560601e-13,false
3654,461.8836795153161,0.0,false,41695.15223186589,126.39686599999968,0,6.821210263296962e-13,false
3655,846.3466317743772,0.0,false,92305.45358950486,133.66390116634085,1,8.899477930059533,false
3656,694.8832375105227,0.0,false,71893.05450201318,133.6638984700959,1,8.899474628138023,false
3657,789.9431118673974,0.0,false,84700.2973824041,133.6639002675926,1,8.8994768294191,false
3658,546.4817369630532,0.0,false,52388.08113995759,126.39686799999964,0,5.684341886080801e-13,false
3659,1706.261854430524,534.5421780978644,true,148273.67467149365,9969.473193278043,2,9903.945703999998,false
3660,562.8671063935927,0.0,false,54459.14040230321,126.39686800000032,0,3.410605131648481e-13,false
3661,858.5291237612803,84.00114487034793,true,86632.22913457075,-2511.550652129855,3,12511.550652129856,false
3662,737.6265723701325,0.0,false,77918.08047307245,133.6639002675929,1,8.8994768294191,false
3663,394.7045957328736,0.0,false,33203.92691690927,126.3968660000005,0,4.547473508864641e-13,false
3664,861.4367130251627,0.0,false,94317.36844704453,133.66390116634136,1,8.899477930059675,false
3665,799.9756068448743,29.1024125268817,true,83060.55889988548,-2464.1557480690626,2,12464.155748069064,false
3666,490.1699028118013,0.0,false,45270.44206608679,126.39686700000038,0,3.126388037344441e-13,false
3667,245.95774825104905,0.0,false,16224.628418126527,96.05429600000028,0,2.8421709430404007e-13,false
3668,878.1964744148358,0.0,false,96959.19578821401,133.6639020650897,1,8.899479030700263,false
3669,1977.0988040890743,842.6868811768685,true,140444.58232407717,10000.0,4,9873.603132000007,false
3670,892.4594323356836,0.0,false,98401.4624093168,133.66390206508945,1,8.899479030700306,false
3671,430.0182363453587,0.0,false,37667.460240809465,126.39686600000002,0,9.947598300641403e-14,false
3672,320.0357268508989,0.0,false,23766.016275807036,126.39686500000008,0,1.1368683772161603e-13,false
3673,658.5431494074928,0.0,false,67030.91047011229,133.66389847009583,1,8.899474628138151,false
3674,868.9604321653003,0.0,false,95392.9573640129,133.6639020650894,1,8.899479030700334,false
3675,318.57313938861574,0.0,false,23581.14981163649,126.39686500000008,0,1.1368683772161603e-13,false
3676,877.5157030353357,0.0,false,96161.72036375379,133.66390126759256,1,8.899476829419243,false
3677,505.58230062742666,0.0,false,47218.52077046506,126.39686700000007,0,1.2789769243681803e-13,false
3678,556.7642295955533,0.0,false,53687.75593196123,126.39686800000004,0,1.1368683772161603e-13,false
3679,209.96109347085093,0.0,false,12766.995192849501,96.05429600000005,0,9.947598300641403e-14,false
3680,859.1574806532558,0.0,false,94569.56105690061,137.0852454873406,1,27.989242907314704,false
3681,658.9809455516279,0.0,false,67300.40902247826,133.66389847009577,1,8.89947462813808,false
3682,1303.05475318614,187.62677096325385,true,149123.3991517736,9882.896397549997,2,9989.999999,false
3683,808.108098916361,0.0,false,87967.73920806893,137.08524548734067,1,27.989242907314903,false
3684,992.1396525473374,56.75200940353122,true,104761.51183048963,9954.012470778742,3,9912.546485129249,false
3685,1166.1645482865292,251.43237060450986,true,101175.9076308736,10000.0,5,9874.32056240723,false
3686,946.9178963182322,0.0,false,111568.36231562821,253.2260168306027,1,332.12258403287984,false
3687,764.1528699167966,0.0,false,81212.90736635846,133.66390026759242,1,8.899476829419285,false
3688,469.4559284043049,0.0,false,42652.260722144834,126.39686699999996,0,1.9895196601282805e-13,false
3689,821.078300364283,0.0,false,88612.28977852658,137.08524219981257,1,27.98922906107002,false
3690,589.528457519502,0.0,false,57928.25844239019,133.6638975713476,1,8.899473527497634,false
3691,819.0716262833546,0.0,false,88811.51941061107,133.66390116634093,1,8.899477930059845,false
3692,448.5073622521403,0.0,false,40004.427718060324,126.3968659999999,0,1.2789769243681803e-13,false
3693,1064.0539868697497,53.61827314977663,true,137382.39940849924,6748.41830094028,2,20953.98915951673,true
3694,309.0251692578039,0.0,false,22374.31635818009,126.39686499999988,0,1.5631940186722204e-13,false
3695,328.475008376252,0.0,false,24832.714969706925,126.39686499999988,0,1.5631940186722204e-13,false
3696,526.2999425782026,0.0,false,49837.16568036504,126.39686699999987,0,1.7053025658242404e-13,false
3697,128.8971803027155,0.0,false,4980.458325670861,96.05429599999997,0,5.684341886080802e-14,false
3698,486.1276615511648,0.0,false,44759.51545933756,126.39686699999987,0,1.7053025658242404e-13,false
3699,314.4200083120065,0.0,false,23056.20708023152,126.39686499999988,0,1.5631940186722204e-13,false
3700,556.6514755689137,0.0,false,53673.504176928865,126.39686799999993,0,1.1368683772161603e-13,false
3701,1352.2277819197056,331.20324585135916,true,138720.7933150204,7649.668174323215,3,15892.490091823674,true
3702,976.3136806323621,0.0,false,109568.21676162544,133.6639011663408,1,8.899477930059703,false
3703,761.4168499073563,0.0,false,80819.02618004609,133.66390026759245,1,8.8994768294193,false
3704,406.36254952492664,0.0,false,34677.45568190777,126.39686599999993,0,2.7000623958883807e-13,false
3705,1585.2464529874442,481.19068541901294,true,149215.68034159497,9999.999999999958,2,9873.603132999986,true
3706,523.9602603137979,0.0,false,49541.43718640698,126.39686700000027,0,2.7000623958883807e-13,false
3707,645.6633337155478,0.0,false,65524.70485508553,133.66389847009617,1,8.899474628138137,false
3708,236.59749572554253,0.0,false,15325.535979487546,96.05429600000028,0,2.8421709430404007e-13,false
3709,819.3996514644494,0.0,false,88644.0700692318,133.66390116634125,1,8.899477930059788,false
3710,1117.3958480268504,21.485041308775475,true,132165.10341083203,9999.999999999996,3,9903.945703999996,false
3711,205.8449134440245,0.0,false,12371.61843051199,96.05429600000025,0,2.4158453015843406e-13,false
3712,491.0214118079174,0.0,false,45378.070130309214,126.39686700000044,0,5.115907697472721e-13,false
3713,519.4504343083844,0.0,false,48971.40933566657,126.39686700000044,0,5.115907697472721e-13,false
3714,1013.7479175883261,57.99178977049962,true,107663.49445667569,9999.999999999996,4,9873.603132,false
3715,1276.8095371005597,124.80589332764491,true,142668.1206204587,10000.0,2,9873.603130999998,false
3716,154.88227780832722,0.0,false,7476.4384951084485,96.05429599999994,0,1.9895196601282805e-13,false
3717,1897.1491745596124,758.1078364730505,true,141029.7258703812,10000.0,2,9873.603131000005,false
3718,350.62007934924156,0.0,false,27631.782427315142,126.39686500000059,0,6.536993168992922e-13,false
3719,808.8363523737312,0.0,false,87523.80248862246,133.66390116634153,1,8.899477930059788,false
3720,536.9326449579906,0.0,false,51181.10588511758,126.39686700000058,0,7.673861546209082e-13,false
3721,525.5676075939326,0.0,false,49744.6008371529,126.39686700000058,0,7.673861546209082e-13,false
3722,1779.3370149089521,661.1339354402176,true,138395.8353923819,10000.000000000002,2,9873.603132000013,false
3723,297.42495972308916,0.0,false,21168.275028754902,96.05429600000045,0,5.400124791776761e-13,false
3724,922.906734986955,0.0,false,103370.63417123027,145.21267218695442,1,23.04253182346673,false
3725,424.02985921355753,0.0,false,36910.54816886578,126.39686600000064,0,7.105427357601002e-13,false
3726,767.5677599150089,0.0,false,81624.21834992548,133.66390026759316,1,8.8994768294192,false
3727,473.67629190377835,0.0,false,43185.701420757454,126.39686700000065,0,6.394884621840902e-13,false
3728,388.7641977776292,0.0,false,32453.079262275667,126.39686600000064,0,7.105427357601002e-13,false
3729,399.8325832729309,0.0,false,33852.08844521972,126.39686600000064,0,7.105427357601002e-13,false
3730,617.4772657037795,0.0,false,61909.58391188385,133.66389847009643,1,8.899474628138066,false
3731,451.22360778845047,0.0,false,40347.75262755537,126.39686600000064,0,7.105427357601002e-13,false
3732,704.1701663241448,0.0,false,73340.95040609482,133.6638993688448,1,8.899475728778697,false
3733,886.6513838147107,0.0,false,97024.24574379444,133.6639012675932,1,8.899476829419157,false
3734,755.4893261471005,125.77195338012268,true,65772.46320778909,-2511.5506544819227,3,12511.550654481922,false
3735,550.3631303258861,0.0,false,52878.67707732596,126.39686800000001,0,1.4210854715202004e-13,false
3736,1254.3340086078113,189.19307944574098,true,130717.11909063961,10000.000000000002,3,9873.603132000002,false
3737,598.4779021583748,0.0,false,59305.15300087761,133.6638975713477,1,8.899473527497591,false
3738,404.10682664632685,0.0,false,34392.33939076684,126.39686600000016,0,4.831690603168681e-13,false
3739,296.2845161480241,0.0,false,21058.730527445558,96.05429600000022,0,2.8421709430404007e-13,false
3740,1176.500553992299,34.62965693586638,true,148088.74065462663,9253.809959931828,2,9873.603132000002,true
3741,438.37327261699835,0.0,false,38723.5105990859,126.3968660000005,0,5.826450433232822e-13,false
3742,1066.1923026174547,0.0,false,127917.52118028664,212.6280832722182,1,105.60193955791969,false
3743,2840.743582150868,1831.2973072162204,true,123851.82991697497,10000.0,2,9873.603133,false
3744,463.4616616693861,0.0,false,41894.604222854396,126.39686700000016,0,2.8421709430404007e-13,false
3745,789.7245669849933,0.0,false,84358.72254150006,133.66390036884422,1,8.899475728778725,false
3746,1506.1872486395591,334.71286381231835,true,145129.1611710694,9999.999999999998,3,9873.603131000003,false
3747,549.6845208228082,0.0,false,52792.90296629211,126.39686799999998,0,1.7053025658242404e-13,false
3748,734.1907483774959,0.0,false,77320.81538807247,137.08524252169454,1,27.989232522631298,false
3749,842.4783512311395,0.0,false,92132.29122789139,137.08524516545862,1,27.989239445754066,false
3750,439.6310639316287,0.0,false,38882.4914730482,126.39686499999999,0,7.105427357601002e-14,false
3751,739.8073144409125,0.0,false,78244.64504386367,133.66390026759262,1,8.899476829419257,false
3752,315.4650694538184,0.0,false,23188.299528109637,126.39686500000002,0,5.684341886080802e-14,false
3753,327.9069698579068,0.0,false,24760.91668406106,126.39686500000002,0,5.684341886080802e-14,false
3754,1102.406069758792,126.3598603589479,true,112627.0193466019,10000.0,4,9873.603132,false
3755,1374.5026772643678,431.9336349750356,true,128804.26517314791,10000.0,2,9873.603135000001,true
3756,527.6855451396835,0.0,false,50012.30149472982,126.39686700000003,0,1.5631940186722204e-13,false
3757,245.04609600882654,0.0,false,16137.060306537955,96.05429600000004,0,1.5631940186722204e-13,false
3758,270.21155998651705,0.0,false,18554.31115693198,96.05429600000004,0,1.5631940186722204e-13,false
3759,798.7088676668832,0.0,false,86867.7292447684,137.08524548734061,1,27.989242907314917,false
3760,1733.4450669650284,617.0647714346569,true,143337.46250880937,10000.0,4,9903.945703999998,false
3761,939.4657758120381,0.0,false,104802.3809097399,137.08524516545944,1,27.989239445754322,false
3762,628.6265107316603,0.0,false,62860.92069868637,133.66389757134849,1,8.899473527497832,false
3763,716.5088531311344,0.0,false,74805.9392185061,133.66389936884553,1,8.899475728779095,false
3764,575.4746086327062,0.0,false,57318.89018571602,137.0852431654598,1,27.989239445754805,false
3765,362.823254878086,0.0,false,29174.22550839319,126.3968650000009,0,9.379164112033322e-13,false
3766,1201.52714009013,93.88242057797993,true,150434.29785798825,9882.896397550003,2,9989.999999,false
3767,592.0768686012233,0.0,false,58248.33630207161,133.66389757134746,1,8.899473527497591,false
3768,965.088952269368,0.0,false,108637.1856899535,145.21267138945709,1,23.042529622185626,false
3769,1284.403659727591,251.22301584208094,true,140257.28718508745,10000.0,2,9873.603134000005,true
3770,1071.7552890305801,0.0,false,128133.1227671842,212.62808327221796,1,105.60193955791976,false
3771,853.6636836082387,0.0,false,93343.28496277705,137.08524384357656,1,27.989235984192163,false
3772,442.01070579775194,0.0,false,39183.27073523035,126.39686600000007,0,4.263256414560601e-13,false
3773,2676.177776793673,1514.7856921142986,true,143854.7900807195,10000.000000000011,3,9873.603131000013,false
3774,464.64069643928997,0.0,false,42043.63051678019,126.39686700000038,0,3.979039320256561e-13,false
3775,884.8428155091839,0.0,false,97432.17909539472,133.66390206508964,1,8.899479030700334,false
3776,468.849760888697,0.0,false,42575.64305093194,126.39686700000038,0,3.979039320256561e-13,false
3777,379.8307141366402,0.0,false,31323.914972259718,126.39686500000039,0,3.836930773104541e-13,false
3778,476.41634562495943,0.0,false,43532.035610086044,126.39686700000038,0,3.979039320256561e-13,false
3779,1726.9443804642694,610.4906798070086,true,140707.144727999,9999.999999999993,3,9903.945704000002,false
3780,517.0175999315837,0.0,false,48663.90670710607,126.39686700000027,0,3.836930773104541e-13,false
3781,985.3232685401076,0.0,false,111111.25267243471,145.2126713894574,1,23.04252962218574,false
3782,898.0588608745663,0.0,false,99301.47889111619,133.66390206508964,1,8.899479030700405,false
3783,1658.8952783498034,536.4175229878105,true,138936.14100708207,10000.0,2,9873.603132,false
3784,2251.097820594438,1120.4434603558996,true,139969.63819711484,9999.999999999996,3,9873.603132,false
3785,361.4115380438102,0.0,false,28995.788931919742,126.39686500000028,0,4.121147867408581e-13,false
3786,855.1399147210582,1.1852570755265788,true,93698.35087289572,9936.75441031961,2,9888.643822420778,false
3787,760.8364015333581,0.0,false,81075.14756273989,133.66390116634113,1,8.899477930059803,false
3788,275.2972002345219,0.0,false,19042.808735406416,96.05429599999997,0,5.684341886080802e-14,false
3789,840.8091166174535,0.0,false,92493.58143049382,154.07121005249735,1,72.46973064381494,false
3790,531.2257437996436,0.0,false,50459.77149266511,126.39686699999987,0,1.7053025658242404e-13,false
3791,413.103667545374,0.0,false,35529.51183932287,126.3968659999997,0,2.984279490192421e-13,false
3792,1273.8558252039734,165.53940354056124,true,140228.75529550048,10000.000000000015,3,9903.945704000014,false
3793,357.2108928124593,0.0,false,28464.840560502307,126.39686499999993,0,2.7000623958883807e-13,false
3794,849.8756614013394,0.0,false,92330.81957679694,133.66390036884388,1,8.899475728778597,false
3795,383.2188577836674,0.0,false,31752.165693860956,126.39686499999999,0,2.7000623958883807e-13,false
3796,573.5174606570386,0.0,false,55805.31174974068,126.39686799999998,0,2.8421709430404007e-13,false
3797,268.3956258978947,0.0,false,18379.882891914764,96.05429599999997,0,3.126388037344441e-13,false
3798,613.4213465447269,0.0,false,61011.95800706101,133.66389757134755,1,8.899473527497577,false
3799,1548.8469786307621,433.2188420347394,true,151668.07387406027,9080.986382379859,1,9989.999999,false
3800,1362.1704859358806,249.95579417106683,true,137638.92198415514,10000.000000000002,3,9873.603132000002,false
3801,359.16474031536205,0.0,false,28711.80075174192,126.39686500000002,0,1.2789769243681803e-13,false
3802,1398.680181810544,446.41252044835824,true,106494.8884987905,10000.0,2,9873.603132,false
3803,411.5431893443999,0.0,false,35332.27229306086,126.39686600000013,0,3.268496584496461e-13,false
3804,673.9393935607477,0.0,false,69160.85139473183,137.08523987793052,1,27.98922559950846,false
3805,777.912381015503,0.0,false,83647.07750486497,137.08524416545868,1,27.989239445753924,false
3806,575.0169371645611,0.0,false,55994.840873434805,126.39686800000015,0,3.836930773104541e-13,false
3807,1036.4201437225415,0.0,false,119432.83061056236,212.62808237346985,1,105.6019384572793,false
3808,710.0363666253496,0.0,false,73787.09912798008,133.66389847009592,1,8.899474628138222,false
3809,712.4967614449051,0.0,false,74127.67469685774,133.66389847009592,1,8.899474628138222,false
3810,1906.1279520635599,907.490935888806,true,122466.03034951033,10000.0,2,9873.603133,false
3811,1272.5713843047995,164.08913476496969,true,137167.15300305324,10000.000000000002,2,9873.603132000017,false
3812,140.212246077443,0.0,false,6067.318968910818,96.0542960000001,0,1.1368683772161603e-13,false
3813,517.8432007750527,0.0,false,48768.26006215946,126.39686700000016,0,2.2737367544323206e-13,false
3814,651.6929876919068,0.0,false,65990.28480564267,133.6638975713476,1,8.899473527497634,false
3815,1227.6912150379942,108.52305376444748,true,138517.81870311807,10000.0,2,9873.603132000011,false
3816,231.76889648249266,0.0,false,14861.728293016053,96.0542960000002,0,5.115907697472721e-13,false
3817,1081.2716389903603,20.226436782475734,true,143018.61048772925,9233.951594272896,3,12484.059470417,true
3818,700.2948317385919,0.0,false,72351.28961325603,133.66389857134698,1,8.899473527497491,false
3819,391.93334222216635,0.0,false,32853.649172120655,126.39686600000051,0,6.963318810448982e-13,false
3820,1107.9488330451816,72.41355873065002,true,119614.91397835428,10000.0,2,9873.603132,false
3821,314.4071582640015,0.0,false,23054.58287450009,126.39686500000047,0,4.973799150320701e-13,false
3822,603.9117935274601,0.0,false,59802.682401166196,133.66389757134795,1,8.899473527497548,false
3823,278.2889072947103,0.0,false,19330.175041935967,96.05429600000033,0,4.547473508864641e-13,false
3824,734.9037624483298,0.0,false,77330.45273030766,137.08524119981297,1,27.98922906106955,false
3825,207.29132802518427,0.0,false,12510.552760490164,96.05429600000035,0,4.405364961712621e-13,false
3826,541.1402219326975,0.0,false,51712.93040713638,126.39686700000054,0,6.110667527536862e-13,false
3827,586.9946164649502,0.0,false,57508.78193906874,126.39686800000055,0,7.389644451905042e-13,false
3828,382.8162425299418,0.0,false,31701.276389599392,126.39686500000055,0,5.542233338928781e-13,false
3829,327.41510187713436,0.0,false,24698.746115265065,126.39686500000055,0,5.542233338928781e-13,false
3830,555.1167826774476,0.0,false,54546.56914357218,137.085241843577,1,27.989235984192234,false
3831,969.9531006311504,0.0,false,108855.17740965978,145.2126695919608,1,23.042527420904435,false
3832,615.5540582120225,0.0,false,61219.437228384624,133.66389757134795,1,8.899473527497548,false
3833,965.3740263423249,0.0,false,110411.82528186803,212.62808237347008,1,105.60193845727918,false
3834,364.82860595527524,0.0,false,29427.6955897528,126.39686500000056,0,6.252776074688882e-13,false
3835,440.1504976873897,0.0,false,38948.1462692739,126.3968660000006,0,6.679101716144942e-13,false
3836,449.0206570442737,0.0,false,40069.3065685539,126.3968660000006,0,6.679101716144942e-13,false
3837,602.7862407684368,0.0,false,59703.300968336844,133.66389757134795,1,8.899473527497548,false
3838,1753.4443500997859,633.3059101092686,true,138640.4588872384,10000.0,2,9873.603132,false
3839,327.05562257875226,0.0,false,24653.30906035505,126.39686500000026,0,7.247535904753022e-13,false
3840,584.9035592251208,0.0,false,57428.05584869154,133.66389757134766,1,8.899473527497548,false
3841,405.2960997706695,0.0,false,34542.65978055551,126.39686600000026,0,6.252776074688882e-13,false
3842,413.7239805555869,0.0,false,35607.91745665131,126.39686600000026,0,6.252776074688882e-13,false
3843,523.3085524283193,0.0,false,49459.06335539356,126.39686700000026,0,6.536993168992922e-13,false
3844,490.9148306894396,0.0,false,45364.59861149174,126.39686700000026,0,6.536993168992922e-13,false
3845,416.87574247472094,0.0,false,36006.29026984919,126.39686600000026,0,6.252776074688882e-13,false
3846,342.04490161385166,0.0,false,26547.906879044738,126.39686500000026,0,7.247535904753022e-13,false
3847,627.988053944548,0.0,false,62940.1017570412,133.66389757134766,1,8.899473527497548,false
3848,384.2770102055605,0.0,false,31885.91283844787,126.39686600000026,0,6.252776074688882e-13,false
3849,543.1090782238181,0.0,false,52021.617065837745,137.0852388779306,1,27.989225599508572,false
3850,708.3097194037351,0.0,false,73365.83205819046,133.66389857134766,1,8.899473527497577,false
3851,492.5880667363479,0.0,false,45576.09039553302,126.39686700000027,0,6.963318810448982e-13,false
3852,1014.5850841372094,0.0,false,126822.59784262074,587.3889567366184,1,1207.1821364925654,true
3853,570.2987851194154,0.0,false,55398.48126520772,126.39686800000004,0,1.1368683772161603e-13,false
3854,205.84958403447035,0.0,false,12372.067060775149,96.05429600000016,0,1.9895196601282805e-13,false
3855,713.6850894676385,0.0,false,74651.94046029041,133.66389936884428,1,8.899475728778754,false
3856,305.4058689846923,0.0,false,21934.87562537529,96.05429600000016,0,1.9895196601282805e-13,false
3857,275.3234455770088,0.0,false,19045.329713223582,96.05429600000016,0,1.9895196601282805e-13,false
3858,746.065017913925,0.0,false,78663.79375441777,133.66389936884428,1,8.899475728778768,false
3859,431.13041498916937,0.0,false,37808.036130258406,126.39686600000024,0,2.5579538487363607e-13,false
3860,306.87176856688546,0.0,false,22102.13327037281,126.39686500000039,0,4.405364961712621e-13,false
3861,752.6598519901268,0.0,false,79179.37910605359,133.66389857134763,1,8.899473527497662,false
3862,608.6021940425977,0.0,false,60480.76092363544,133.66389757134772,1,8.899473527497662,false
3863,848.6452290126161,0.0,false,92186.60076440328,133.66390126759285,1,8.899476829419314,false
3864,821.1013082397809,0.0,false,89052.54527647552,133.66390116634108,1,8.899477930059916,false
3865,381.52206757377076,0.0,false,31537.6967375545,126.3968650000003,0,2.984279490192421e-13,false
3866,1231.3481381448555,115.33480731296646,true,138119.05803830537,10000.0,2,9873.60313200003,false
3867,739.2605649283249,0.0,false,77943.15985664401,137.0852425216944,1,27.989232522630573,false
3868,696.039440261324,0.0,false,71785.64717741805,133.66389857134746,1,8.89947352749752,false
3869,802.1621985101822,0.0,false,86436.39048254951,133.66390116634096,1,8.899477930059732,false
3870,839.7387909617294,0.0,false,90958.60631624414,133.66390036884422,1,8.899475728778668,false
3871,490.0913831605852,0.0,false,45260.5174286463,126.39686700000016,0,2.5579538487363607e-13,false
3872,346.66692754556,0.0,false,27132.11644827326,126.39686500000016,0,1.5631940186722204e-13,false
3873,521.3888626077306,0.0,false,49216.42058797747,126.39686700000016,0,2.5579538487363607e-13,false
3874,774.6426344514194,0.0,false,83502.6070929509,137.08524548734047,1,27.989242907314278,false
3875,2174.2731758853374,1056.7068811119443,true,138315.3478057577,10000.0,3,9873.603132000017,false
3876,298.4687864001046,0.0,false,21268.539062230066,96.05429600000006,0,1.8474111129762605e-13,false
3877,406.50666168611116,0.0,false,34695.67100671344,126.3968660000001,0,3.268496584496461e-13,false
3878,387.8935828208913,0.0,false,32343.036264604227,126.3968660000001,0,3.268496584496461e-13,false
3879,455.7203463587844,0.0,false,40916.12626758315,126.3968660000001,0,3.268496584496461e-13,false
3880,1951.8562696645956,818.3230942836798,true,140333.5113945104,10000.0,3,9873.603132,false
3881,307.4422399405369,0.0,false,22174.239061292697,126.39686499999999,0,6.394884621840902e-13,false
3882,648.7515269381796,0.0,false,65812.43425982441,133.66389847009586,1,8.899474628138194,false
3883,1241.0208471105257,102.41678398067447,true,151897.83313939854,9080.986382379862,1,9989.999999,false
3884,737.7512608304985,15.876997292354028,true,91066.10599005222,3254.6728521061877,1,10912.553005948901,false
3885,821.3394653482923,0.0,false,89245.30798979683,133.663901166341,1,8.89947793005986,false
3886,460.7435075040262,0.0,false,41551.03806863885,126.39686599999996,0,5.115907697472721e-13,false
3887,233.91060593116572,0.0,false,15067.44867991973,96.05429600000001,0,4.405364961712621e-13,false
3888,442.4070973523088,0.0,false,39233.37338345323,126.39686599999996,0,5.115907697472721e-13,false
3889,183.64876094812232,0.0,false,10239.582695197896,96.05429600000001,0,4.405364961712621e-13,false
3890,656.785974090937,0.0,false,67460.15264178254,133.66389926759274,1,8.899476829419228,false
3891,1498.2069745133751,534.7860148596149,true,108235.34180425007,9999.999999999995,4,9875.460705420965,false
3892,1135.7025669765378,95.03419062934661,true,141203.71306425188,3896.8742476908737,1,9873.603134999996,true
3893,414.2150940529648,0.0,false,35669.99266111453,126.39686600000022,0,6.252776074688882e-13,false
3894,1637.5259118486313,424.6446102958921,true,150362.86546886095,10000.000000000004,2,9873.603131000003,false
3895,1014.1367383078679,0.0,false,123990.59207183502,253.22601815248527,1,332.1225874944421,false
3896,853.6296021030632,0.0,false,92729.65904102208,133.66390036884457,1,8.899475728778782,false
3897,660.0646502156017,0.0,false,67897.96859084434,137.08524152169485,1,27.989232522631482,false
3898,1245.4462177773705,34.409639405427356,true,155714.65513645613,9088.902805699943,1,9903.945704,false
3899,746.3888162681835,0.0,false,79812.6693962987,137.08524416545873,1,27.989239445753398,false
3900,727.1134154629844,0.0,false,76329.44938855179,133.6638993688444,1,8.899475728778668,false
3901,305.46336585878737,0.0,false,21940.398446966174,96.05429600000022,0,3.694822225952521e-13,false
3902,536.6363221518423,0.0,false,51143.65161257768,126.3968670000003,0,3.694822225952521e-13,false
3903,137.25258302360092,0.0,false,5783.030626755793,96.05429600000022,0,3.694822225952521e-13,false
3904,1745.0735774421205,600.8491078534867,true,141684.8574223934,10000.000000000011,2,9873.603131000009,false
3905,973.6337162820344,0.0,false,112125.79219626203,212.6280823734699,1,105.6019384572793,false
3906,481.0887775851434,0.0,false,44122.61634308936,126.3968670000003,0,3.694822225952521e-13,false
3907,475.3269605985999,0.0,false,43394.34076233377,126.3968670000003,0,3.694822225952521e-13,false
3908,1564.3388429080142,698.8837175587236,true,95060.20740489822,10000.000000000004,4,9873.603132000004,false
3909,655.893336247638,0.0,false,66309.51242528281,133.6638976725992,1,8.89947242685703,false
3910,1108.5882080360118,30.43093422878958,true,145942.19202555058,3896.87424830901,1,9873.603134000003,true
3911,557.2230967774715,0.0,false,53750.70372058693,133.66389757134755,1,8.899473527497548,false
3912,903.7888729511488,0.0,false,113132.47051090802,587.388962999946,1,1207.1821581314186,true
3913,576.0359188480628,0.0,false,56123.6369596459,126.39686800000013,0,3.410605131648481e-13,false
3914,711.5872808526052,210.37637139690628,true,63351.48565415562,-4111.563683365138,1,14111.563683365144,false
3915,650.9242913333932,0.0,false,66627.4875156211,137.08524152169454,1,27.9892325226307,false
3916,1103.517493629781,35.50737449719048,true,144659.62352659565,5403.15702118556,2,9873.603134000005,true
3917,653.9553048870293,0.0,false,66616.17741955076,133.663898470096,1,8.899474628138137,false
3918,2075.6770378875444,901.6732285807499,true,145448.87248542169,10000.0,3,9873.603131,false
3919,233.02351505757792,0.0,false,14982.239793230521,96.05429600000014,0,1.7053025658242404e-13,false
3920,460.4308435009096,0.0,false,41511.51832009726,126.39686600000026,0,1.8474111129762605e-13,false
3921,782.7528819716135,0.0,false,83947.77349164392,133.66390116634116,1,8.899477930059703,false
3922,332.06168677489745,0.0,false,25286.05986071229,126.39686500000026,0,1.8474111129762605e-13,false
3923,253.6858714900217,0.0,false,16966.947832062906,96.05429600000014,0,1.7053025658242404e-13,false
3924,1116.5624256749534,83.5789265002512,true,123922.8721240239,10000.000000000002,3,9873.603132000002,false
3925,1740.4142149713782,590.3701577040637,true,146471.84718989595,9969.473193278047,2,9903.94570400001,false
3926,990.1375362030625,0.0,false,114570.52898314132,212.62808237346957,1,105.60193845727827,false
3927,985.0747677371223,0.0,false,111313.38706803444,145.2126722882052,1,23.042530722825035,false
3928,945.6969040615784,0.0,false,110998.82087019457,253.22601683060287,1,332.1225840328768,false
3929,359.37948723413626,0.0,false,28738.944088184635,126.39686500000047,0,6.536993168992922e-13,false
3930,498.83161103580557,0.0,false,46365.25479649906,126.39686700000088,0,8.526512829121202e-13,false
3931,602.613493098118,0.0,false,60362.09592238659,137.0852415216944,1,27.989232522628754,false
3932,540.4670959415831,0.0,false,52368.635395714395,137.0852405216942,1,27.989232522628328,false
3933,554.9096432607428,0.0,false,53453.34204078783,126.39686800000032,0,3.410605131648481e-13,false
3934,377.17465542394206,0.0,false,30988.19748834296,126.39686500000033,0,3.410605131648481e-13,false
3935,1014.8515769168674,0.0,false,114838.86172968142,145.212671490709,1,23.04252852154501,false
3936,808.1717950173476,0.0,false,87068.28673703098,133.66390026759296,1,8.899476829419257,false
3937,1178.3069447947,56.37643830956215,true,151731.09757295143,9080.986382379866,1,9989.999999000001,false
3938,659.352535483574,0.0,false,66782.18676722422,133.66389767259932,1,8.899472426856988,false
3939,1758.8443502399564,599.8901495820679,true,144609.62190166427,9999.999999999996,4,9903.945704,false
3940,573.4207316974696,0.0,false,55793.08551288349,126.39686800000032,0,3.979039320256561e-13,false
3941,733.4990518217569,0.0,false,77850.66870370357,137.08524416545885,1,27.989239445753682,false
3942,295.66025966465594,0.0,false,20998.76801228496,96.05429600000022,0,2.1316282072803006e-13,false
3943,913.4784939406629,0.0,false,100713.19403031438,133.66390126759296,1,8.899476829419356,false
3944,433.25662826743485,0.0,false,38076.78281444768,126.39686600000033,0,3.126388037344441e-13,false
3945,967.6285341654125,0.0,false,108739.36244369057,145.21267049070906,1,23.042528521545094,false
3946,564.4847684202771,0.0,false,54663.60780463509,126.39686800000038,0,3.552713678800501e-13,false
3947,130.62240271951833,0.0,false,5146.173345184624,96.0542960000003,0,2.984279490192421e-13,false
3948,803.1673021309997,0.0,false,86576.59163049982,133.6639011663413,1,8.89947793005976,false
3949,490.76452360753433,0.0,false,45345.60026815286,126.39686700000038,0,3.694822225952521e-13,false
3950,768.1712253588082,0.0,false,82328.22167869497,133.66390106508976,1,8.899479030700434,false
3951,576.0791738475666,0.0,false,56162.508220102776,133.66389757134772,1,8.899473527497591,false
3952,683.3763257968058,0.0,false,70800.54138472684,133.6638993688445,1,8.899475728778668,false
3953,2199.547647740647,1089.595249458715,true,140498.62196024082,10000.0,3,9873.603132,true
3954,1072.7033001361758,201.2155811691573,true,95923.09163487505,10000.0,3,9903.945704,false
3955,792.4691560640476,0.0,false,84916.39816959997,133.66390026759257,1,8.899476829419285,false
3956,273.7891676562585,0.0,false,18897.955732280367,96.05429599999994,0,1.4210854715202004e-13,false
3957,1433.5578745518126,301.0330584385849,true,150316.90273213608,9882.896397549994,2,9989.999999,false
3958,399.63741841793393,0.0,false,33827.42022017041,126.39686599999992,0,1.7053025658242404e-13,false
3959,938.3747037240802,0.0,false,104741.42020022047,137.08524516545856,1,27.989239445753924,false
3960,654.9462608322424,0.0,false,66578.33109188943,133.6638984700958,1,8.89947462813825,false
3961,264.0918529250384,0.0,false,17966.487021774527,96.05429599999995,0,8.526512829121202e-14,false
3962,1954.8204871357752,831.3405946155566,true,140454.83510416746,10000.0,5,9903.945704,false
3963,461.398294713468,0.0,false,41633.80111653527,126.39686600000007,0,2.984279490192421e-13,false
3964,646.6733037473934,0.0,false,65282.01948681483,133.66389757134752,1,8.899473527497591,false
3965,394.7772988419431,0.0,false,33213.11636168058,126.39686600000007,0,2.984279490192421e-13,false
3966,292.3928471985513,0.0,false,20684.919017913886,96.05429600000008,0,2.5579538487363607e-13,false
3967,457.8265791559548,0.0,false,41182.34748168073,126.39686600000007,0,2.984279490192421e-13,false
3968,723.5481703808559,0.0,false,76269.65976152733,133.66390016634105,1,8.899477930059774,false
3969,800.1924093080524,0.0,false,86248.16828943846,133.66390116634105,1,8.899477930059788,false
3970,1250.8146838921564,136.99054149369448,true,151507.3903752221,9000.281715590641,2,9989.999999,false
3971,511.3707972900584,0.0,false,47950.16857853073,126.39686700000007,0,1.8474111129762605e-13,false
3972,552.7680742582463,0.0,false,53477.46655733934,137.08523887793052,1,27.9892255995086,false
3973,384.7234609897495,0.0,false,31942.342816160304,126.39686600000006,0,2.2737367544323206e-13,false
3974,836.0496815033719,0.0,false,91051.90322732527,133.66390116634113,1,8.899477930059774,false
3975,336.16442835870777,0.0,false,25804.633518400067,126.39686500000019,0,2.2737367544323206e-13,false
3976,895.5964000362711,0.0,false,99788.83309172402,154.0712126962617,1,72.46973756693745,false
3977,1030.6434351256653,0.0,false,122284.94634796071,253.22601650872116,1,332.12258057131834,false
3978,524.407685550164,0.0,false,49597.990331815825,126.39686700000019,0,2.1316282072803006e-13,false
3979,682.705003648503,0.0,false,70763.50993457637,137.0852415216946,1,27.989232522630985,false
3980,750.0764180914199,0.0,false,79197.62392996269,133.66389936884434,1,8.899475728778697,false
3981,273.84446187535355,0.0,false,18903.26697940253,96.05429600000008,0,2.1316282072803006e-13,false
3982,1079.6440796665336,0.0,false,132827.31785064295,212.6280832722182,1,105.60193955791976,false
3983,851.7410155767125,0.0,false,92906.0580575239,133.6639011663411,1,8.899477930059774,false
3984,339.43836451077436,0.0,false,26218.448771135678,126.3968650000001,0,2.5579538487363607e-13,false
3985,364.8466089196883,0.0,false,29429.9711079432,126.3968650000001,0,2.5579538487363607e-13,false
3986,517.2740022546387,0.0,false,48696.315155893266,126.39686700000019,0,2.8421709430404007e-13,false
3987,139.04338587955777,0.0,false,5955.044928987102,96.05429600000008,0,2.1316282072803006e-13,false
3988,531.4988027880003,0.0,false,50756.76165904247,137.08523887793052,1,27.989225599508387,false
3989,1094.411377893733,0.0,false,134533.5569098811,212.6280832722182,1,105.60193955791975,false
3990,724.8158884544292,0.0,false,75751.6035126682,133.66389936884434,1,8.899475728778668,false
3991,2106.913484078316,988.437303763414,true,138430.35448207372,10000.0,3,9873.603132000002,false
3992,902.8246807303437,0.0,false,100427.77154143274,154.0712100524974,1,72.46973064381409,false
3993,514.2049356508569,0.0,false,49455.879966989305,137.0852421654585,1,27.989239445753,false
3994,583.4383272645728,0.0,false,57075.06568884819,133.66389757134746,1,8.899473527497534,false
3995,311.45938824772094,0.0,false,22681.993997492267,126.39686500000016,0,1.7053025658242404e-13,false
3996,464.21180516172257,0.0,false,41989.42000558537,126.39686700000013,0,3.410605131648481e-13,false
3997,245.77603335784286,0.0,false,16207.173922532042,96.05429600000012,0,1.1368683772161603e-13,false
3998,1043.82435523293,50.847217094420394,true,133007.43640504542,10000.000000000004,2,9873.603134000005,true
3999,1123.846974702151,0.0,false,131854.0937231142,253.22601618683905,1,332.12257710975774,false
4000,185.23281817782402,0.0,false,10391.73819246846,96.05429600000015,0,1.7053025658242404e-13,false
4001,620.1366822425282,0.0,false,62432.48493596636,137.08524019981252,1,27.989229061069977,false
4002,141.83515158353094,0.0,false,6223.206009903909,96.05429600000015,0,1.7053025658242404e-13,false
4003,467.34255951288867,0.0,false,42385.137528134896,126.39686700000014,0,1.8474111129762605e-13,false
4004,601.0595670759192,0.0,false,59395.07800505011,133.66389757134755,1,8.899473527497676,false
4005,1375.5871661751928,258.65593071636437,true,138235.07830184794,10000.0,2,9873.603132000002,false
4006,662.7718472108271,0.0,false,67731.27766872197,133.663898470096,1,8.899474628138108,false
4007,971.7567895121323,44.22435672240135,true,103790.20227047823,10000.0,2,9873.603132,false
4008,631.993150469013,0.0,false,63624.122645335134,133.66389847009594,1,8.899474628138108,false
4009,687.8785147602161,0.0,false,70910.76456802891,133.66389847009594,1,8.899474628138108,false
4010,695.5962300309656,0.0,false,72270.60826114702,133.66389936884437,1,8.899475728778668,false
4011,529.6405115952217,0.0,false,50259.40311807014,126.39686700000009,0,3.126388037344441e-13,false
4012,946.9721392333546,0.0,false,106585.18798421089,145.21267318695388,1,23.042531823466717,false
4013,1320.591620747452,106.00200902468566,true,153237.8336679132,9969.473193278029,2,9903.945704,false
4014,854.5952630652654,0.0,false,93651.6597869812,133.66390206508942,1,8.899479030700348,false
4015,429.6908501876169,0.0,false,37626.079658136056,126.3968660000001,0,1.2789769243681803e-13,false
4016,733.8394250118042,0.0,false,77326.9131147148,133.66390026759262,1,8.899476829419271,false
4017,536.0409248099204,0.0,false,51068.39525751098,126.39686700000009,0,3.126388037344441e-13,false
4018,547.264033878246,0.0,false,52486.96101440798,126.3968680000001,0,1.4210854715202004e-13,false
4019,743.3373429173188,0.0,false,78344.59769946063,133.66389936884426,1,8.899475728778697,false
4020,1170.8049399325487,55.36161618296015,true,147193.33421676114,9882.896398556066,2,9989.999998,false
4021,774.4109459823684,0.0,false,82694.45879122146,133.66390026759274,1,8.899476829419314,false
4022,293.6491930012625,0.0,false,20805.596425756772,96.05429599999992,0,1.2789769243681803e-13,false
4023,546.4616626602356,0.0,false,52385.54381109468,126.39686799999996,0,1.4210854715202004e-13,false
4024,1074.851770839749,0.0,false,127838.7421797035,253.22601650872093,1,332.12258057131857,false
4025,576.6165176108371,0.0,false,56457.420076836155,133.66389757134758,1,8.899473527497577,false
4026,147.72160856171848,0.0,false,6788.625473218617,96.05429600000002,0,1.1368683772161603e-13,false
4027,1530.5472020194054,393.5501524226359,true,140771.33422229308,10000.000000000005,4,9873.603132000006,false
4028,512.2583111855621,0.0,false,48062.34754901622,126.39686700000004,0,1.5631940186722204e-13,false
4029,664.0279367823464,0.0,false,67732.38274784738,133.66389847009592,1,8.89947462813818,false
4030,930.3903169604273,0.0,false,110614.52336603729,253.2260181524848,1,332.1225874944409,false
4031,338.37037293468586,0.0,false,26083.45798834365,126.39686500000008,0,1.9895196601282805e-13,false
4032,398.955870515286,0.0,false,33741.274704654614,126.39686600000007,0,1.8474111129762605e-13,false
4033,625.8037627485338,0.0,false,62662.452573251365,133.66389757134752,1,8.899473527497605,false
4034,867.9861285682034,0.0,false,98230.97258605616,253.22601715248493,1,332.1225874944408,false
4035,1260.553124748431,241.88000212721892,true,121200.67756959707,10000.0,2,9873.603132,false
4036,516.1763505677035,0.0,false,48557.57542819332,126.39686700000007,0,1.5631940186722204e-13,false
4037,218.92442940347402,0.0,false,13627.96208877911,96.05429600000011,0,2.1316282072803006e-13,false
4038,966.9904848689789,11.534656914520399,true,130433.11442959962,3718.7880402498386,1,11367.363649073955,true
4039,405.71040173263344,0.0,false,34595.02624805375,126.39686599999987,0,1.8474111129762605e-13,false
4040,672.0233201106348,0.0,false,68997.41882410347,133.66389847009577,1,8.899474628138137,false
4041,598.5671460396379,0.0,false,58971.51335113877,126.39686799999987,0,2.2737367544323206e-13,false
4042,1224.900172524987,218.10854301765573,true,120385.10870826455,10000.000000000002,3,9873.603133000002,false
4043,670.5759040262736,0.0,false,68359.83567788888,133.6638976725995,1,8.899472426857017,false
4044,625.5246350893118,0.0,false,62957.97067684686,133.66389847009623,1,8.899474628138108,false
4045,1450.770527747341,331.20947284407293,true,142375.94657083604,9999.99999999998,3,9903.945704,false
4046,668.4807607363691,0.0,false,68554.88970224003,133.66389847009586,1,8.899474628138137,false
4047,1762.164252516805,460.27052997244505,true,161613.7560722121,9999.999999999998,4,9873.603130000003,false
4048,240.7023025245651,0.0,false,15719.82029446922,96.054296,0,8.526512829121202e-14,false
4049,774.858572368769,0.0,false,82661.39557506528,133.66390026759257,1,8.899476829419115,false
4050,443.7093117017063,0.0,false,39397.96918956625,126.39686600000005,0,1.1368683772161603e-13,false
4051,1114.0415431986657,0.0,false,133176.27256221828,253.22601750872087,1,332.12258057131805,false
4052,861.0648676436864,0.0,false,94304.26081295224,133.66390116634105,1,8.899477930059732,false
4053,806.3333184750327,0.0,false,87124.65817687727,133.66390116634105,1,8.899477930059732,false
4054,783.4321115825225,0.0,false,83909.5735498589,133.66390026759268,1,8.899476829419129,false
4055,1102.5453841453466,162.98222810160235,true,128424.33058718253,6748.4183006109615,2,12627.121240716599,true
4056,605.9325883719938,0.0,false,60642.26540634831,137.08524019981252,1,27.989229061069878,false
4057,814.845236666135,0.0,false,88220.74261756647,133.66390116634102,1,8.899477930059788,false
4058,879.2288244092529,0.0,false,96672.68269506762,133.66390116634102,1,8.899477930059788,false
4059,815.3566307081775,0.0,false,88234.48381930096,137.0852438435765,1,27.989235984192405,false
4060,209.18791400125335,0.0,false,12692.727985535194,96.05429600000005,0,9.947598300641403e-14,false
4061,438.3997107121955,0.0,false,38726.8522913296,126.39686600000002,0,9.947598300641403e-14,false
4062,534.2171532536925,0.0,false,50837.876257622665,126.39686700000007,0,1.2789769243681803e-13,false
4063,348.19961476271993,0.0,false,27325.843301417066,126.39686500000008,0,1.1368683772161603e-13,false
4064,126.22178379328778,0.0,false,4723.475005463117,96.05429600000005,0,9.947598300641403e-14,false
4065,479.00326060899704,0.0,false,43859.01354374217,126.39686700000007,0,1.2789769243681803e-13,false
4066,394.99814788351887,0.0,false,33241.030987290564,126.39686600000002,0,9.947598300641403e-14,false
4067,522.0854176956936,0.0,false,49304.46296460956,126.39686700000007,0,1.2789769243681803e-13,false
4068,782.8336987876526,0.0,false,83769.65512417025,133.66390026759265,1,8.899476829419214,false
4069,615.4395750200298,0.0,false,61746.3893943897,137.08524019981252,1,27.989229061069878,false
4070,731.4599324167459,0.0,false,76424.38821552425,133.66389857134754,1,8.899473527497591,false
4071,897.8789028618816,0.0,false,100430.86408016525,154.07121534002562,1,72.46974449006008,false
4072,467.1949178739624,0.0,false,42366.47608842162,126.39686700000007,0,1.2789769243681803e-13,false
4073,325.53658581623966,0.0,false,24461.30758182983,126.39686500000008,0,1.1368683772161603e-13,false
4074,295.58887820275254,0.0,false,20991.91151642851,96.05429600000005,0,9.947598300641403e-14,false
4075,622.7116087430242,0.0,false,62095.60094045978,137.08523855604844,1,27.98922213794738,false
4076,394.8536375150128,0.0,false,33222.76533032945,126.39686600000002,0,9.947598300641403e-14,false
4077,702.1956448029104,0.0,false,72837.01425220688,133.66389847009583,1,8.899474628138137,false
4078,620.3009430402835,0.0,false,62106.96461225535,133.66389847009583,1,8.899474628138137,false
4079,578.1238355773615,0.0,false,56387.543080258605,126.39686800000004,0,1.1368683772161603e-13,false
4080,1265.6474685277897,262.0067538076685,true,136523.53286441998,10000.000000000011,2,9873.60313500001,true
4081,134.63473235060107,0.0,false,5531.574831181224,96.05429600000011,0,1.1368683772161603e-13,false
4082,366.18677205489263,0.0,false,29599.363521460982,126.39686500000016,0,1.5631940186722204e-13,false
4083,389.9248345933506,0.0,false,32599.780112543747,126.39686600000016,0,1.7053025658242404e-13,false
4084,1845.7532028561589,908.1356228608383,true,103924.90029470282,10000.000000000011,3,9874.320562318513,false
4085,355.8621493318925,0.0,false,28294.363618264466,126.39686500000022,0,1.9895196601282805e-13,false
4086,881.4236157778031,0.0,false,97385.51948698529,133.66390206508936,1,8.899479030700249,false
4087,327.09843297820333,0.0,false,24658.720160463825,126.39686500000022,0,1.9895196601282805e-13,false
4088,212.56467023977217,0.0,false,13017.079918659474,96.05429600000016,0,1.4210854715202004e-13,false
4089,1132.375697061002,167.18619806461606,true,131663.41989530588,3896.8742476908883,1,9873.60313499999,true
4090,475.8012933606224,0.0,false,43454.294934522855,126.39686700000016,0,1.2789769243681803e-13,false
4091,962.1350536767109,0.0,false,107692.38713703795,133.6639020650893,1,8.899479030700292,false
4092,353.98052625025457,0.0,false,28056.53236716033,126.39686500000022,0,2.2737367544323206e-13,false
4093,681.2298107147909,0.0,false,70063.31958546524,137.08523987793046,1,27.989225599508657,false
4094,648.9682472837252,0.0,false,66064.90465968753,133.66389847009583,1,8.899474628138137,false
4095,603.8968895414819,0.0,false,60155.04284202067,133.66389836884426,1,8.899475728778697,false
4096,615.3623898646289,0.0,false,61094.37945034733,126.39686800000001,0,8.526512829121202e-14,false
4097,361.6989020649425,0.0,false,29032.110842155147,126.39686500000008,0,1.1368683772161603e-13,false
4098,674.9158514710042,0.0,false,69801.82528405737,137.08524152169454,1,27.989232522631156,false
4099,385.70045469654184,0.0,false,32065.831753915612,126.39686600000002,0,8.526512829121202e-14,false
4100,950.3165483681571,0.0,false,106058.54920581126,133.66390206508945,1,8.899479030700377,false
4101,1094.12264596028,0.0,false,126841.52720208153,212.6280824747214,1,105.60193735663873,false
4102,674.6889669912732,0.0,false,69398.37526054114,133.6638993688443,1,8.899475728778725,false
4103,1366.3704651227474,227.64401842367602,true,140989.92458744656,9999.999999999998,3,9873.603131000003,false
4104,659.8583499952249,0.0,false,67120.70433987414,133.6638984700959,1,8.899474628138137,false
4105,816.591704055948,0.0,false,88970.14254531429,137.08524548734067,1,27.989242907314903,false
4106,585.0400336172373,0.0,false,57261.7288025533,126.3968680000001,0,1.8474111129762605e-13,false
4107,741.9784052722782,0.0,false,78380.29068841225,133.6639002675927,1,8.899476829419228,false
4108,912.5746752969801,0.0,false,102167.4136606605,154.0712140181437,1,72.4697410284988,false
4109,916.7637860829352,0.0,false,101831.82811467504,133.66390206508945,1,8.89947903070032,false
4110,401.6823776581279,0.0,false,34085.89664900389,126.39686600000005,0,1.1368683772161603e-13,false
4111,236.42908291352006,0.0,false,15309.359205896548,96.05429600000005,0,1.2789769243681803e-13,false
4112,1153.7760749444894,39.65501871386771,true,142930.40637594336,9969.473193278034,2,9903.945704,false
4113,600.1427751014481,0.0,false,59247.186222355944,133.66389757134746,1,8.899473527497605,false
4114,325.89700795316026,0.0,false,24506.863808571485,126.39686500000008,0,2.2737367544323206e-13,false
4115,307.4307254023106,0.0,false,22172.78365980503,126.39686500000008,0,2.2737367544323206e-13,false
4116,309.9615420089877,0.0,false,22492.670934655678,126.39686500000008,0,2.2737367544323206e-13,false
4117,324.4592525906586,0.0,false,24325.13604386536,126.39686500000008,0,2.2737367544323206e-13,false
4118,676.8281799329013,0.0,false,69738.87753413837,133.66389936884417,1,8.899475728778697,false
4119,2422.896586789683,1328.7782623319881,true,149340.9124136454,9000.281715590641,2,9989.999999,false
4120,1798.0536792614998,708.2468578213054,true,146806.18083728445,10000.0,2,9873.603133,true
4121,688.3002712783589,0.0,false,71355.8317894242,137.08524119981223,1,27.989229061069537,false
4122,709.2948490152091,0.0,false,73857.8626067504,133.66389936884406,1,8.89947572877854,false
4123,221.74893058646714,0.0,false,13899.26755298916,96.05429599999991,0,1.1368683772161603e-13,false
4124,475.21753617645425,0.0,false,43380.50985885776,126.39686699999993,0,2.8421709430404007e-13,false
4125,982.811238348071,0.0,false,110286.32163992127,133.66390216634085,1,8.89947793005959,false
4126,984.714520117908,37.827403437379964,true,129350.05622175943,3896.87424769088,1,9873.603135000003,true
4127,332.4027640852329,0.0,false,25329.170962096967,126.39686499999999,0,4.121147867408581e-13,false
4128,963.791241180904,0.0,false,107995.42520350877,133.6639020650892,1,8.899479030700292,false
4129,747.4467105749582,0.0,false,78684.92736135873,133.6638994700956,1,8.899474628138023,false
4130,337.76290909486164,0.0,false,26006.676465818826,126.39686499999982,0,2.1316282072803006e-13,false
4131,1290.0468960699125,335.51190479767877,true,107442.4838722937,10000.0,2,9873.603132,false
4132,937.4249000540336,0.0,false,104620.0979446646,137.0852451654585,1,27.989239445753654,false
4133,855.7758242173259,0.0,false,93616.77924351345,133.66390116634096,1,8.899477930059788,false
4134,1188.808583517879,71.23664404560559,true,138316.06127797745,10000.0,2,9873.603132000007,false
4135,557.3719897515771,0.0,false,53764.574907923525,126.39686799999998,0,1.1368683772161603e-13,false
4136,963.5076668067836,0.0,false,108851.28599184014,145.21267408570225,1,23.04253292410729,false
4137,506.0305032317437,0.0,false,47275.17217274274,126.39686699999999,0,1.4210854715202004e-13,false
4138,641.1011616307919,0.0,false,64923.034802144124,137.0852398779304,1,27.989225599508543,false
4139,366.2326812478423,0.0,false,29605.16629934083,126.39686500000002,0,4.263256414560601e-14,false
4140,238.41003137680326,0.0,false,15499.637810006656,96.054296,0,7.105427357601002e-14,false
4141,330.92447829685256,0.0,false,25142.3202787848,126.39686500000002,0,4.263256414560601e-14,false
4142,637.8773851553349,0.0,false,64393.25797972246,133.66389847009583,1,8.899474628138151,false
4143,1425.9138308895074,275.1875594414648,true,142506.6647682665,10000.000000000004,3,9873.603131000009,false
4144,848.1457428013892,0.0,false,92983.27946932049,133.66390196383784,1,8.899480131340908,false
4145,1137.1707473086658,133.16480740126948,true,136569.69618164963,10000.000000000004,2,9873.603134000005,true
4146,241.39061024388678,0.0,false,15785.93520581511,96.05429600000008,0,1.1368683772161603e-13,false
4147,346.6289575136621,0.0,false,27127.317155429246,126.39686500000008,0,1.1368683772161603e-13,false
4148,1087.437482759249,0.0,false,134183.14983149234,212.62808327221796,1,105.60193955791976,false
4149,638.2809533426558,0.0,false,64443.838162013744,133.6638984700959,1,8.899474628138165,false
4150,451.5024685056565,0.0,false,40382.99974686636,126.39686600000005,0,4.263256414560601e-14,false
4151,378.47513136562935,0.0,false,31152.5735651782,126.39686500000005,0,1.9895196601282805e-13,false
4152,262.50037800418625,0.0,false,17813.619023424868,96.05429600000011,0,1.5631940186722204e-13,false
4153,860.6380774505133,0.0,false,94234.1164603671,133.66390116634105,1,8.899477930059817,false
4154,650.6396133608013,0.0,false,66064.55918106667,133.6638984700959,1,8.899474628138165,false
4155,530.8430002442133,0.0,false,50411.393908690814,126.39686700000001,0,1.2789769243681803e-13,false
4156,792.4150989796702,0.0,false,85196.71507302574,137.08524384357648,1,27.989235984192078,false
4157,710.1505074989226,0.0,false,74084.51608194903,133.66389936884417,1,8.899475728778611,false
4158,638.395099979636,0.0,false,64506.04615041456,133.66389847009577,1,8.899474628138094,false
4159,1207.8756986301696,290.7522284468503,true,101953.03615364262,10000.0,3,9873.603132000002,false
4160,378.38276340467866,0.0,false,31140.898544857046,126.39686500000005,0,7.958078640513122e-13,false
4161,1597.2923130090244,483.37202456240743,true,137854.50405086696,10000.0,2,9873.603132000004,false
4162,536.3614261069325,0.0,false,51108.90561539987,126.3968670000001,0,5.400124791776761e-13,false
4163,535.5627096357479,0.0,false,51007.95036061305,126.3968670000001,0,5.400124791776761e-13,false
4164,1019.263983603074,0.0,false,123903.70710140026,555.6146760253066,1,1358.1691641668492,false
4165,2284.0871878998414,1162.004108967116,true,138886.25514531188,10000.0,4,9873.603132000004,false
4166,582.9652183277752,0.0,false,57185.69789282285,137.0852385560485,1,27.989222137947706,false
4167,875.7390764252466,0.0,false,96208.45145174804,133.66390116634116,1,8.89947793005976,false
4168,912.7075223362782,0.0,false,107121.8558069943,253.22601715248499,1,332.1225874944408,false
4169,963.6593827968044,0.0,false,107662.80404854292,133.66390216634088,1,8.899477930059788,false
4170,1245.3583828479968,128.99505316354464,true,138163.29679462296,9999.999999999995,2,9873.603132000007,false
4171,500.3586727374883,0.0,false,46558.27060214485,126.39686700000007,0,1.5631940186722204e-13,false
4172,366.22623820090445,0.0,false,29604.351918432647,126.39686500000008,0,2.7000623958883807e-13,false
4173,1134.7545886929636,13.43019705464245,true,142280.01397053,9504.511917456066,3,9873.603132000007,true
4174,228.21282656777794,0.0,false,14520.152511499584,96.05429600000016,0,1.5631940186722204e-13,false
4175,435.8006472850318,0.0,false,38398.338832596266,126.39686600000044,0,4.973799150320701e-13,false
4176,283.6673313760768,0.0,false,19846.79576452583,96.05429600000016,0,1.5631940186722204e-13,false
4177,656.0013620619499,0.0,false,66994.51914922857,133.66389847009523,1,8.899474628137298,false
4178,310.6893583470932,0.0,false,22584.66463517679,126.39686500000005,0,2.8421709430404007e-13,false
4179,596.9955833511552,0.0,false,59668.50593297163,137.08524152169366,1,27.989232522628072,false
4180,431.84736684618775,0.0,false,37898.6565944736,126.39686600000039,0,4.831690603168681e-13,false
4181,994.1795554012884,0.0,false,114467.07849051262,212.62808237346917,1,105.60193845727872,false
4182,793.7936854970185,0.0,false,85036.52237521145,137.08524252169371,1,27.98923252262813,false
4183,1078.6196750748652,0.0,false,139711.69924987337,397.36457338099774,1,331.8370841029712,false
4184,968.2332082437815,73.903989613392,true,119173.2226294831,3623.854257012455,1,11539.169161060625,true
4185,1312.0221433338893,127.56937749825524,true,153161.16581803645,9088.902805699941,1,9903.945703999998,false
4186,423.963540133764,0.0,false,36902.16564535528,126.39686599999993,0,8.526512829121202e-14,false
4187,974.9146438698908,0.0,false,110369.38220142032,145.21267408570213,1,23.04253292410729,false
4188,882.9703183402991,0.0,false,96816.77995675338,137.08524352169442,1,27.989232522631397,false
4189,1014.708720056077,6.883257778755224,true,137052.4718197274,3896.874248309,1,9873.603133999997,true
4190,286.73957568858316,0.0,false,20141.898019886838,96.05429599999994,0,8.526512829121202e-14,false
4191,410.56750966674014,0.0,false,35208.9494444631,126.39686599999985,0,1.7053025658242404e-13,false
4192,311.49087741315503,0.0,false,22685.974129158585,126.39686499999992,0,1.2789769243681803e-13,false
4193,1324.0819409354212,195.60097262227845,true,151796.60219123148,9080.986382379862,1,9989.999998999998,false
4194,504.8075961713445,0.0,false,47120.60055901352,126.39686699999993,0,1.5631940186722204e-13,false
4195,672.452570753185,0.0,false,68937.09572934218,133.66389847009583,1,8.899474628138108,false
4196,460.10592913751896,0.0,false,41470.45016447079,126.39686600000002,0,9.947598300641403e-14,false
4197,455.537877082736,0.0,false,40893.06272386166,126.39686600000002,0,9.947598300641403e-14,false
4198,366.7410141562885,0.0,false,29669.417983311418,126.39686499999993,0,1.2789769243681803e-13,false
4199,777.1328077307024,0.0,false,82926.12627670798,133.66390026759265,1,8.899476829419257,false
4200,220.48852309571376,0.0,false,13778.200002572954,96.05429599999994,0,8.526512829121202e-14,false
4201,659.0556081718458,0.0,false,67501.02411712383,133.6638993688442,1,8.899475728778697,false
4202,298.49249200623484,0.0,false,21270.81608746704,96.05429599999994,0,8.526512829121202e-14,false
4203,571.8080811232907,0.0,false,55589.25154241727,126.39686799999993,0,9.947598300641403e-14,false
4204,913.4013933016473,0.0,false,109107.0754480469,253.22601847436698,1,332.1225909560024,false
4205,196.6201500398318,0.0,false,11485.54030362996,96.05429600000005,0,9.947598300641403e-14,false
4206,1095.5626941259836,50.04686282434544,true,141816.4161543327,3896.8742483090064,1,9873.603134,true
4207,454.41699778084967,0.0,false,40751.38709854337,126.39686600000005,0,4.263256414560601e-14,false
4208,452.75206377495095,0.0,false,40540.944666425625,126.39686600000005,0,4.263256414560601e-14,false
4209,978.1723200890124,47.226749560866374,true,127335.09482861184,3896.874247690882,1,9873.603135000001,true
4210,743.4813267158406,0.0,false,78825.14062711917,133.6639002675927,1,8.899476829419257,false
4211,554.6911827931061,0.0,false,53425.72932342585,126.39686799999998,0,7.105427357601002e-14,false
4212,437.3057019707603,0.0,false,38588.573020505624,126.39686600000005,0,4.263256414560601e-14,false
4213,590.2441516767473,0.0,false,57919.51298954875,126.39686799999998,0,7.105427357601002e-14,false
4214,753.6828258612742,0.0,false,79932.70175337285,133.6639002675927,1,8.899476829419257,false
4215,683.8679170052176,0.0,false,70508.51225206447,133.6638984700959,1,8.899474628138194,false
4216,1081.421740045554,66.41844813565375,true,130738.3240946504,10000.0,2,9873.603135,true
4217,1119.2997010422648,0.0,false,138133.8410079226,212.62808327221825,1,105.60193955791974,false
4218,713.9979406251827,0.0,false,74733.48531433957,133.66389936884434,1,8.899475728778668,false
4219,282.7419557672462,0.0,false,19757.909464660126,96.05429600000008,0,1.2789769243681803e-13,false
4220,456.46497907634614,0.0,false,41010.245505680854,126.39686600000022,0,2.8421709430404007e-13,false
4221,553.012028758893,0.0,false,53213.48952436587,126.39686800000015,0,1.8474111129762605e-13,false
4222,1163.315831604156,56.232000863850836,true,137056.77521640272,9253.80995993183,2,9873.603132,true
4223,1035.989087465082,24.098764637385862,true,137566.25743369758,6748.418300940277,2,20953.98915951672,true
4224,1350.3745648054687,197.64570948622398,true,151448.20998379763,9999.999999999998,3,9873.603132000017,true
4225,576.0947787343482,0.0,false,56242.70014071383,133.6638975713472,1,8.89947352749735,false
4226,644.3441453670674,0.0,false,65221.074586194605,133.66389847009577,1,8.89947462813791,false
4227,567.854619834752,0.0,false,55089.546445461005,126.39686800000007,0,5.826450433232822e-13,false
4228,949.5658907448601,0.0,false,106333.75392889591,145.21266959196018,1,23.04252742090432,false
4229,667.1091005716111,0.0,false,68206.6547761545,133.66389847009577,1,8.89947462813791,false
4230,302.2363218408132,0.0,false,21630.427015339792,96.05429600000008,0,3.268496584496461e-13,false
4231,1010.5216228926337,0.0,false,124558.22785223402,253.2260181524842,1,332.12258749444004,false
4232,405.28600580392293,0.0,false,34541.383934843594,126.39686600000005,0,4.547473508864641e-13,false
4233,2070.7995190408574,950.2984712002144,true,138686.29138126827,10000.0,2,9873.603132000006,false
4234,767.958085373169,0.0,false,81731.74171354521,137.0852425216945,1,27.989232522631056,false
4235,125.54977797062999,0.0,false,4658.925961275834,96.05429600000005,0,7.105427357601002e-14,false
4236,1060.912940689662,0.0,false,131061.94125344673,253.226018474367,1,332.12259095600257,false
4237,570.6445971499297,0.0,false,55442.19082036068,126.3968680000001,0,1.2789769243681803e-13,false
4238,228.66720426028982,0.0,false,14563.79743950873,96.05429600000011,0,1.1368683772161603e-13,false
4239,435.60680640628385,0.0,false,38373.83795398898,126.3968660000001,0,2.1316282072803006e-13,false
4240,419.72209368369937,0.0,false,36366.06012796753,126.3968660000001,0,2.1316282072803006e-13,false
4241,330.7376683994894,0.0,false,25118.708094154375,126.3968650000001,0,1.1368683772161603e-13,false
4242,145.6792277698721,0.0,false,6592.446030221039,96.05429600000011,0,1.1368683772161603e-13,false
4243,1033.6922185091125,0.0,false,119872.17943111855,253.22601650872085,1,332.1225805713186,false
4244,623.4090263833368,0.0,false,64145.351611290105,137.0852448092226,1,27.989246368876323,false
4245,485.85161499288574,0.0,false,44724.624040881325,126.39686700000051,0,6.963318810448982e-13,false
4246,778.6011219252292,0.0,false,84117.30595855555,137.08524548734113,1,27.989242907315074,false
4247,336.16600771769214,0.0,false,25804.83314441813,126.39686500000052,0,5.826450433232822e-13,false
4248,544.5604605853417,0.0,false,52145.237836701555,126.39686800000051,0,5.684341886080801e-13,false
4249,1163.22783625174,58.126803149750124,true,151562.80283911995,9080.986382379862,1,9989.999999,false
4250,166.67572886412157,0.0,false,8609.250098302904,96.05429600000036,0,4.547473508864641e-13,false
4251,688.5564407708065,0.0,false,71210.99375669821,133.66389936884477,1,8.89947572877881,false
4252,881.9120797662168,0.0,false,96757.58963689893,133.66390126759313,1,8.8994768294193,false
4253,559.7738793316221,0.0,false,54068.16621130997,126.39686800000048,0,6.679101716144942e-13,false
4254,1429.4024380112423,320.0870678719489,true,151604.946209493,9080.98638237986,1,9989.999998999998,false
4255,635.0820377310957,0.0,false,64307.8550001935,137.085239877931,1,27.989225599508814,false
4256,706.725459813425,0.0,false,73554.53467646713,133.66389936884474,1,8.899475728778754,false
4257,340.31227632160056,0.0,false,26328.908480815022,126.39686500000052,0,5.826450433232822e-13,false
4258,440.2257010476782,0.0,false,38957.651737951004,126.39686600000051,0,6.963318810448982e-13,false
4259,615.248116796316,0.0,false,61079.93569321588,126.39686800000048,0,6.679101716144942e-13,false
4260,1281.5190296104506,137.12719446385248,true,141706.01190355973,9999.999999999998,2,9873.60313100001,false
4261,716.9857304015719,0.0,false,74926.90041112182,133.66389936884434,1,8.899475728778697,false
4262,630.5340055532616,0.0,false,63080.80723384819,133.66389757134746,1,8.899473527497605,false
4263,517.4185630413067,0.0,false,48714.587185551776,126.39686700000007,0,1.4210854715202004e-13,false
4264,589.0379921177706,0.0,false,58512.95496155511,137.08524019981252,1,27.989229061069878,false
4265,418.02721666245804,0.0,false,36151.832992701595,126.39686600000005,0,1.1368683772161603e-13,false
4266,912.3658778137249,0.0,false,101264.97981047792,133.66390206508947,1,8.899479030700348,false
4267,1271.7051633521814,185.41514725526574,true,133593.54906470168,10000.0,4,9873.603132,false
4268,416.73975382453193,0.0,false,35989.10173133359,126.39686600000019,0,5.684341886080801e-13,false
4269,934.4077759435027,0.0,false,103570.40312233074,137.0852431998125,1,27.989229061069807,false
4270,594.1933726622058,0.0,false,58418.68212550603,126.39686799999993,0,3.126388037344441e-13,false
4271,337.29963528156793,0.0,false,25948.120110035048,126.39686500000022,0,3.552713678800501e-13,false
4272,601.7607400390705,0.0,false,59375.1736079755,126.39686799999993,0,3.126388037344441e-13,false
4273,373.097654402837,0.0,false,30472.87735698143,126.39686500000022,0,3.552713678800501e-13,false
4274,460.7923181110859,0.0,false,41557.20757615472,126.39686599999999,0,3.694822225952521e-13,false
4275,976.5099322296685,1.5195207335846135,true,132902.22447020357,3896.8742476908847,1,9873.603135,true
4276,339.1421194743899,0.0,false,26181.004328449868,126.39686500000028,0,3.410605131648481e-13,false
4277,712.6791335496284,0.0,false,75178.64849146664,137.08524416545868,1,27.98923944575371,false
4278,467.9884770087409,0.0,false,42466.77947207558,126.39686700000033,0,3.268496584496461e-13,false
4279,378.3271828116332,0.0,false,31133.87333236363,126.39686500000028,0,2.7000623958883807e-13,false
4280,192.27935431685975,0.0,false,11068.588239402492,96.05429600000019,0,1.8474111129762605e-13,false
4281,714.3315124487157,0.0,false,74499.44304697079,133.66389936884445,1,8.899475728778754,false
4282,1034.42143128473,0.0,false,118468.01577392679,212.62808237346985,1,105.60193845727926,false
4283,2033.9213761831859,926.4469810855808,true,137039.76336521123,10000.0,3,9873.603132000002,false
4284,1017.0423565998627,60.24167265245659,true,107139.80454089194,10000.000000000002,2,9873.603132000002,false
4285,900.4018659872746,0.0,false,99491.59127722654,137.08524516545862,1,27.989239445753313,false
4286,990.9863397071567,0.0,false,112196.44140979981,145.21267318695408,1,23.042531823466646,false
4287,545.0536131808625,0.0,false,52207.57077676928,126.39686800000032,0,3.268496584496461e-13,false
4288,727.3111019113376,22.302421867984354,true,74352.64401589285,-2464.155749793332,2,12464.155749793334,false
4289,425.93282594261075,0.0,false,37151.07719000548,126.39686600000039,0,3.836930773104541e-13,false
4290,333.9825090865794,0.0,false,25528.84577144769,126.39686500000039,0,3.694822225952521e-13,false
4291,202.45697519062054,0.0,false,12046.192416853626,96.0542960000003,0,2.8421709430404007e-13,false
4292,873.9590757845983,0.0,false,97278.84719603528,154.07121401814365,1,72.46974102849883,false
4293,408.2868247352387,0.0,false,34920.67802819134,126.39686600000002,0,9.947598300641403e-14,false
4294,345.1672659969692,0.0,false,26942.56393596894,126.39686500000008,0,1.1368683772161603e-13,false
4295,1162.428130113776,203.18263352423944,true,115117.47026237726,9999.999999999998,2,9873.603132999999,false
4296,1047.6067795049726,0.0,false,122606.94094592542,253.22601650872087,1,332.1225805713187,false
4297,443.6363062689042,0.0,false,39388.74153202412,126.39686600000002,0,9.947598300641403e-14,false
4298,266.5591892359911,0.0,false,18203.485266716343,96.05429600000002,0,7.105427357601002e-14,false
4299,413.20004199074083,0.0,false,35541.693266697825,126.39686600000002,0,9.947598300641403e-14,false
4300,649.2861828702273,0.0,false,65773.25235372789,133.6638984700959,1,8.899474628138137,false
4301,619.5396833260712,0.0,false,62177.29372747216,133.6638984700959,1,8.899474628138137,false
4302,404.6979771328758,0.0,false,34467.05895664526,126.39686600000002,0,9.947598300641403e-14,false
4303,994.7698968872722,14.024442341299672,true,133629.6438466292,5403.157020719982,2,9873.603135,true
4304,1535.4628849457579,418.019819492049,true,138299.7720065664,10000.0,2,9873.603132,false
4305,423.48418198943847,0.0,false,36841.576280617766,126.39686599999999,0,8.526512829121202e-14,false
4306,2522.068320312709,1530.6980177305488,true,115185.3753574783,10000.0,2,9873.603132,false
4307,1075.5750266125378,0.0,false,127534.62474650197,212.62808237346962,1,105.60193845727926,false
4308,346.5959969775085,0.0,false,27123.151047122534,126.39686499999999,0,2.4158453015843406e-13,false
4309,612.228199057768,0.0,false,61054.44857183486,133.66389757134746,1,8.899473527497634,false
4310,643.1944861739136,0.0,false,64994.6363333453,133.66389847009577,1,8.899474628138165,false
4311,492.81864410671164,0.0,false,45605.2346513645,126.39686699999996,0,8.526512829121202e-14,false
4312,528.6037701353104,0.0,false,50128.36225186876,126.39686699999996,0,8.526512829121202e-14,false
4313,386.5994510345817,0.0,false,32179.462069094334,126.39686600000002,0,1.5631940186722204e-13,false
4314,848.3080747100405,70.3701192848648,true,84302.01448452767,-2464.155747608579,2,12464.15574760858,false
4315,84.45181880875518,0.0,false,844.5181880875516,10.000001999999999,0,8.881784197001252e-15,false
4316,475.2293468431008,0.0,false,43382.002690048204,126.39686699999996,0,2.2737367544323206e-13,false
4317,1380.6760924780006,264.46840123540915,true,143572.09937142223,9969.473193278027,2,9903.945704000003,false
4318,890.689249410459,0.0,false,98088.3775946225,133.66390116634105,1,8.899477930059788,false
4319,575.0681069308463,0.0,false,56001.308571271366,126.39686800000007,0,1.5631940186722204e-13,false
4320,1202.242231573253,92.50661008106836,true,151609.1487230219,9080.986382379859,2,9989.999999,false
4321,939.034094504569,0.0,false,105685.63623837625,145.21267318695388,1,23.042531823466703,false
4322,360.248772356276,0.0,false,28848.818998936873,126.39686500000016,0,1.5631940186722204e-13,false
4323,522.1624726083363,0.0,false,49314.202463692236,126.39686700000016,0,1.7053025658242404e-13,false
4324,1448.2840980254582,293.84125666527615,true,150855.73325097942,9882.896398556066,2,9989.999998,false
4325,805.8602396679656,0.0,false,87324.26819534152,133.66390106508953,1,8.899479030700405,false
4326,708.6116802228404,0.0,false,73960.20296442149,137.08524119981243,1,27.989229061069878,false
4327,257.5618014544928,0.0,false,17339.247544517682,96.05429599999991,0,2.2737367544323206e-13,false
4328,633.626254436817,0.0,false,63801.41271335358,133.6638984700959,1,8.899474628138393,false
4329,246.27102557232035,0.0,false,16254.720049734171,96.05429599999994,0,3.126388037344441e-13,false
4330,461.4139051589581,0.0,false,41635.77422784407,126.39686600000013,0,3.552713678800501e-13,false
4331,1665.5556259625548,728.9186045161052,true,104552.75913005842,10000.0,2,9873.603132,false
4332,389.14297407864774,0.0,false,32500.955397745423,126.39686599999996,0,2.7000623958883807e-13,false
4333,1017.5996057349902,0.0,false,118751.56587953653,212.62808237346962,1,105.6019384572792,false
4334,553.3042476964443,0.0,false,53250.425080796995,126.39686799999996,0,2.1316282072803006e-13,false
4335,614.780024123122,0.0,false,61377.00397708813,133.66389757134743,1,8.899473527497605,false
4336,594.7379940653751,0.0,false,58650.42928886086,133.66389757134743,1,8.899473527497605,false
4337,426.0958898371372,0.0,false,37171.68795441589,126.39686599999996,0,1.4210854715202004e-13,false
4338,635.9111205555292,0.0,false,63922.422655885406,137.08523855604838,1,27.98922213794708,false
4339,670.2817215573103,0.0,false,68584.46255005426,133.6638984700958,1,8.899474628138137,false
4340,684.1371952484735,0.0,false,70835.77464832451,133.66389936884417,1,8.899475728778668,false
4341,1241.1560871219701,131.8983734747317,true,137265.1692320479,10000.000000000002,4,9873.603132000004,false
4342,1217.9862774078485,207.26098970649412,true,117128.58221240157,9999.999999999998,2,9873.603131999998,false
4343,1169.7055854602827,220.09476219225007,true,106194.47052289301,10000.0,2,9873.603132,false
4344,715.4238434826818,0.0,false,75912.17890070008,137.0852444873405,1,27.98924290731472,false
4345,644.2002942253976,0.0,false,64739.40003936656,126.3968689999999,0,2.8421709430404007e-13,false
4346,505.9319701297687,0.0,false,47262.7178979485,126.39686699999993,0,1.8474111129762605e-13,false
4347,967.9372695772053,5.424555789039005,true,131325.0826474158,3896.8742476908847,1,9873.603135,true
4348,304.67312949258763,0.0,false,21864.492851507966,96.05429600000019,0,2.4158453015843406e-13,false
4349,659.6661641130972,0.0,false,67114.02024339238,137.0852398779308,1,27.98922559950863,false
4350,834.989562726927,0.0,false,90796.3325941809,133.66390116634125,1,8.899477930059874,false
4351,575.2238651484276,0.0,false,56020.99592104859,126.39686800000021,0,2.1316282072803006e-13,false
4352,208.65970041062715,0.0,false,12641.990802534612,96.05429600000019,0,1.9895196601282805e-13,false
4353,1289.6497614009131,291.2685181839816,true,117786.3661912646,10000.000000000004,2,9873.603132000004,false
4354,455.58712528435956,0.0,false,40899.28754195678,126.39686600000022,0,2.984279490192421e-13,false
4355,918.9278127311558,0.0,false,102177.00383680368,133.6639020650897,1,8.899479030700405,false
4356,899.2602654354753,0.0,false,112193.04021758234,587.3889629999453,1,1207.1821581314189,true
4357,329.5420096585864,0.0,false,24967.58058247703,126.39686500000022,0,3.126388037344441e-13,false
4358,260.41610412983175,0.0,false,17613.41557000537,96.05429600000014,0,3.126388037344441e-13,false
4359,2058.253778516653,927.5290366194191,true,139978.53421784588,10000.0,2,9873.603132000004,false
4360,1587.3869167546459,485.8253393195504,true,151527.408282451,9080.98638237987,2,9989.999999000003,false
4361,482.03045224699287,0.0,false,44241.64106443037,126.39686700000038,0,3.552713678800501e-13,false
4362,564.1101165188933,0.0,false,54616.252980332545,126.39686800000038,0,3.410605131648481e-13,false
4363,654.3174746700571,0.0,false,66416.10173454095,133.66389847009623,1,8.899474628138051,false
4364,920.5149997782149,0.0,false,102448.5888328907,133.66390206508956,1,8.899479030700292,false
4365,439.8328810492515,0.0,false,38908.00052321181,126.39686600000005,0,1.5631940186722204e-13,false
4366,390.7538150888107,0.0,false,32704.560645000136,126.39686600000005,0,1.5631940186722204e-13,false
4367,509.6375267735731,0.0,false,47731.088625983124,126.39686700000013,0,1.4210854715202004e-13,false
4368,843.5156238552631,0.0,false,92147.96183103425,137.08524384357656,1,27.98923598419212,false
4369,293.6251684094843,0.0,false,20803.288760578962,96.05429600000014,0,1.4210854715202004e-13,false
4370,506.7392265308257,0.0,false,47364.75257306435,126.39686700000016,0,1.7053025658242404e-13,false
4371,1814.2894076591474,719.0709219217108,true,148098.67565838527,9999.999999999996,2,9873.603133000019,true
4372,239.21013207813675,0.0,false,15576.490917202065,96.05429600000014,0,1.4210854715202004e-13,false
4373,596.1182879894783,0.0,false,58661.985380564096,126.39686800000013,0,1.7053025658242404e-13,false
4374,1385.8696531696003,269.8930026942052,true,144784.58398405273,9969.473193278036,2,9903.945704000002,false
4375,648.808876580061,0.0,false,65894.32067045357,133.6638984700959,1,8.89947462813818,false
4376,1365.8274481582405,266.3093139865043,true,146551.7320586105,10000.0,3,9873.603133,true
4377,409.1844241979142,0.0,false,35034.13178270888,126.39686600000024,0,3.126388037344441e-13,false
4378,1315.0751915663598,200.86095645628473,true,137891.65798642952,9999.999999999998,4,9873.603132,false
4379,1226.8348190684983,119.20080968339968,true,137059.93811012103,10000.0,2,9873.603132000006,false
4380,692.3873618985633,0.0,false,71155.15589369663,137.08523823416633,1,27.989218676385207,false
4381,845.036759128839,0.0,false,92432.55964465992,133.66390206508936,1,8.899479030700263,false
4382,574.802406536848,0.0,false,55967.72487550355,126.3968680000001,0,2.7000623958883807e-13,false
4383,402.21760309845314,0.0,false,34153.54746458837,126.39686600000019,0,1.8474111129762605e-13,false
4384,788.2593350768941,0.0,false,84465.55275607201,133.66390026759265,1,8.8994768294192,false
4385,1568.860088756162,385.51171038463383,true,146629.9966826016,10000.000000000015,2,9873.603131000018,false
4386,724.4975398039138,0.0,false,75813.89673472926,133.66389936884445,1,8.899475728778654,false
4387,909.6684109754956,0.0,false,100803.19602218037,133.66390206508964,1,8.899479030700277,false
4388,478.68081527755237,0.0,false,50148.12318261934,-297.86693766272,1,1412.7138869931014,false
4389,822.4432308796477,0.0,false,89225.11777446407,133.6639011663412,1,8.899477930059419,false
4390,307.62897881100196,0.0,false,22197.842268346234,126.39686500000107,0,1.1510792319313623e-12,false
4391,507.69173308751306,0.0,false,47485.14641191152,126.3968670000005,0,7.958078640513122e-13,false
4392,929.0678307975932,0.0,false,103974.77547053188,145.21267138945728,1,23.04252962218527,false
4393,381.69636380380825,0.0,false,31559.72723391543,126.39686500000107,0,1.1510792319313623e-12,false
4394,719.4640392378575,0.0,false,75935.33554938721,137.08524416545885,1,27.98923944575192,false
4395,589.0684833307616,0.0,false,58216.113280694364,133.66389836884446,1,8.899475728778299,false
4396,383.5429841292775,0.0,false,31793.13424651359,126.39686500000107,0,1.1510792319313623e-12,false
4397,702.9033512451888,0.0,false,73029.57097316056,133.66389936884497,1,8.899475728778398,false
4398,716.5133331490557,0.0,false,75657.4023807963,137.08524416545873,1,27.989239445752006,false
4399,1352.80749446317,447.6019943920409,true,100944.2162486401,9999.999999999998,2,9873.603132999999,false
4400,992.6912857140309,0.0,false,121840.7098213448,253.22601815248538,1,332.12258749443873,false
4401,1348.1784016376705,273.1562425545203,true,129402.3526264053,9999.999999999998,2,9873.603131999998,false
4402,578.1987200330849,0.0,false,56397.008240399744,126.39686800000095,0,1.2079226507921703e-12,false
4403,340.2198655473813,0.0,false,26317.228049031022,126.3968650000005,0,8.526512829121202e-13,false
4404,883.8074771066946,0.0,false,97355.38377190744,133.66390206508981,1,8.899479030699979,false
4405,622.9008995068173,0.0,false,62348.24969019039,133.66389757134795,1,8.899473527497108,false
4406,637.5908862557029,0.0,false,64212.65505631336,137.08523855604858,1,27.98922213794556,false
4407,574.109769347076,0.0,false,55880.17770890464,126.39686800000055,0,7.673861546209082e-13,false
4408,1068.778499943571,83.64930062351777,true,118457.8672177864,10000.0,2,9873.603133,false
4409,645.410787686578,0.0,false,65780.63271840067,133.66389926759268,1,8.899476829419228,false
4410,295.61812239146707,0.0,false,20994.720546299835,96.05429599999997,0,4.263256414560601e-14,false
4411,551.5195009455217,0.0,false,53024.83869380047,126.39686799999998,0,4.263256414560601e-14,false
4412,1693.7601098859182,561.2754377204849,true,140200.9838793249,10000.0,2,9873.603132000004,false
4413,550.51838384885,0.0,false,52898.30063528775,126.39686799999996,0,5.684341886080802e-14,false
4414,774.5077801704421,0.0,false,83773.59280584636,137.08524580922256,1,27.989246368876223,false
4415,444.5619500380556,0.0,false,39505.739998849065,126.39686599999997,0,5.684341886080802e-14,false
4416,419.9306345121427,0.0,false,36392.4190340731,126.39686599999997,0,5.684341886080802e-14,false
4417,956.2521771911387,96.15861075982387,true,96007.99373313421,10000.000000000002,3,9903.945704000005,false
4418,434.0311953441483,0.0,false,38174.68566157819,126.39686600000002,0,1.1368683772161603e-13,false
4419,802.9995696435644,0.0,false,86300.30306560377,133.6639002675927,1,8.899476829419228,false
4420,684.158478262092,0.0,false,71569.85668779304,137.08524416545865,1,27.98923944575357,false
4421,658.2113497071903,0.0,false,74358.31508429354,282.116825746019,1,642.8181124780667,false
4422,210.71381078060372,0.0,false,12839.29692186667,96.05429600000014,0,1.5631940186722204e-13,false
4423,1039.4885538867254,8.786127573554593,true,139944.04826306872,3896.8742483090064,1,9873.603134,true
4424,986.873622175539,1.5905698998059716,true,134203.18195615167,3896.874247690881,1,9873.603135000005,true
4425,290.92200367968564,0.0,false,20543.638183595624,96.05429600000011,0,1.7053025658242404e-13,false
4426,700.5201172506206,0.0,false,72801.43932162682,133.66389936884437,1,8.899475728778683,false
4427,435.1184761242778,0.0,false,38312.114539212154,126.39686600000024,0,2.5579538487363607e-13,false
4428,442.9819188669214,0.0,false,39306.02901853553,126.39686600000024,0,2.5579538487363607e-13,false
4429,1673.9616725944745,564.3558786102165,true,137309.16549402304,9999.999999999998,2,9873.603132000007,false
4430,704.1963145450999,0.0,false,73395.37468533496,133.6638993688443,1,8.899475728778725,false
4431,1613.9208186531669,598.3110173664595,true,116026.27374507894,10000.0,4,9873.603132,false
4432,386.3476738173291,0.0,false,32147.63821916232,126.39686600000039,0,4.405364961712621e-13,false
4433,1201.1988612573327,49.061820552807816,true,154254.94670291565,9253.809953244103,2,9873.603133000002,true
4434,746.1656948450452,0.0,false,79882.81022034434,137.08524548734093,1,27.98924290731472,false
4435,330.4992831807359,0.0,false,25088.57695079517,126.39686500000037,0,9.379164112033322e-13,false
4436,1040.8260915397045,13.08456752569515,true,139569.79950672702,6748.418300940268,2,20953.989159516706,true
4437,393.7337000356244,0.0,false,33081.208748418634,126.39686600000023,0,2.7000623958883807e-13,false
4438,934.8180411249771,0.0,false,104166.09347907241,133.66390206508984,1,8.899479030700547,false
4439,1299.2946194724893,148.36837520615836,true,142531.9407047836,10000.00000000004,2,9873.60313100008,false
4440,855.5556729262778,153.4533423789636,true,73041.75357751982,-2464.1557537023446,2,12464.155753702344,false
4441,735.5107166370782,0.0,false,77450.04949372273,133.66389936884426,1,8.899475728778697,false
4442,743.7644578353469,0.0,false,78168.87224388446,133.66389947009586,1,8.899474628138151,false
4443,538.9654412965765,0.0,false,51438.044961367,126.39686700000001,0,4.263256414560601e-14,false
4444,467.17696085075,0.0,false,42364.206377054674,126.39686700000001,0,4.263256414560601e-14,false
4445,1246.847314572393,126.28528357270936,true,151717.41281809687,9080.98638237987,2,9989.999999000001,false
4446,412.7620393084998,0.0,false,35486.331102552984,126.39686599999996,0,7.105427357601002e-14,false
4447,309.69854218270723,0.0,false,22459.42858217027,126.39686499999999,0,5.684341886080802e-14,false
4448,942.9657243796903,0.0,false,104973.53202119267,137.08524484357662,1,27.989235984192646,false
4449,361.1087556563326,0.0,false,28957.518188576396,126.39686499999988,0,1.4210854715202004e-13,false
4450,1642.2822687719224,560.4563032410962,true,130698.3652595296,10000.000000000002,2,9873.603132000006,false
4451,276.10623573500334,0.0,false,19120.52006841706,96.05429599999997,0,8.526512829121202e-14,false
4452,770.1251523177652,0.0,false,82485.28030449919,133.66390106508945,1,8.89947903070032,false
4453,471.8223545135627,0.0,false,42951.36955414347,126.39686699999996,0,1.4210854715202004e-13,false
4454,1176.2091111402842,38.84611194829368,true,140817.58910241324,10000.0,2,9873.60313200003,false
4455,933.3974153873571,0.0,false,103787.94146704242,133.66390206508936,1,8.899479030700334,false
4456,368.3207883719646,0.0,false,29869.096485261663,126.39686500000016,0,1.5631940186722204e-13,false
4457,316.81377333635214,0.0,false,23358.77146528045,126.39686500000016,0,1.5631940186722204e-13,false
4458,303.9127552630019,0.0,false,21791.455642469704,96.05429600000012,0,1.4210854715202004e-13,false
4459,511.4986938202237,0.0,false,47966.33429847644,126.39686700000013,0,2.5579538487363607e-13,false
4460,1286.5091396831217,172.66521741746303,true,141753.4342832087,9969.473194284094,2,9903.945703999996,false
4461,558.2433597325576,0.0,false,53874.71333828913,126.39686800000015,0,1.9895196601282805e-13,false
4462,495.42241401175806,0.0,false,45934.34299412871,126.39686700000014,0,2.7000623958883807e-13,false
4463,256.35892077709326,0.0,false,17223.705691486728,96.05429600000016,0,1.5631940186722204e-13,false
4464,939.5149299952863,100.60209835374235,true,92013.78693012249,-2464.155748069061,2,12464.15574806906,false
4465,429.2573468155033,0.0,false,37571.28619266803,126.39686600000016,0,1.9895196601282805e-13,false
4466,599.2688940818234,0.0,false,59411.86306038015,133.66389757134746,1,8.89947352749752,false
4467,895.646876544374,0.0,false,98581.73053950386,133.6639012675926,1,8.899476829419172,false
4468,431.33108001030433,0.0,false,37833.39955904239,126.39686600000019,0,1.7053025658242404e-13,false
4469,492.4031264321264,0.0,false,45552.71452160698,126.3968670000002,0,2.984279490192421e-13,false
4470,301.70564131947464,0.0,false,21579.45287305376,96.05429600000019,0,1.7053025658242404e-13,false
4471,1264.0306456538685,347.57547805086017,true,107270.15361559269,10000.0,2,9873.603133,false
4472,826.1834721880838,0.0,false,89541.1975843532,137.0852438435765,1,27.989235984192405,false
4473,578.296856794224,0.0,false,56425.96759197792,133.66389757134746,1,8.899473527497591,false
4474,1023.193336613401,0.0,false,116552.69200974944,145.21267408570222,1,23.042532924107263,false
4475,566.7052371378421,0.0,false,55056.13885925633,133.66389757134746,1,8.899473527497591,false
4476,465.28558724317685,0.0,false,42125.14269007921,126.39686699999999,0,7.105427357601002e-14,false
4477,398.65693121121416,0.0,false,33703.48971499039,126.39686599999999,0,9.947598300641403e-14,false
4478,254.85250068632874,0.0,false,17079.00757470732,96.054296,0,8.526512829121202e-14,false
4479,508.1757010858094,0.0,false,47546.318447720594,126.39686699999999,0,7.105427357601002e-14,false
4480,538.656492666626,0.0,false,51398.994824331035,126.39686699999999,0,7.105427357601002e-14,false
4481,454.9305824347193,0.0,false,40816.30258665025,126.39686599999999,0,9.947598300641403e-14,false
4482,833.6639543104092,0.0,false,90763.10331884,133.663901166341,1,8.899477930059788,false
4483,1242.8639732474442,103.49288706958201,true,151905.50336987866,9080.986382379859,1,9989.999999,false
4484,354.000551318982,0.0,false,28059.06347298873,126.39686500000002,0,8.526512829121202e-14,false
4485,705.2753769382495,0.0,false,73166.91343527868,133.66389847009583,1,8.899474628138165,false
4486,468.4227651829752,0.0,false,42521.67213406814,126.39686700000001,0,7.105427357601002e-14,false
4487,447.6462024281298,0.0,false,39895.579819486185,126.39686600000003,0,8.526512829121202e-14,false
4488,474.3155105752752,0.0,false,43266.496654327086,126.39686700000001,0,7.105427357601002e-14,false
4489,547.9037079034835,0.0,false,52567.81380326121,126.39686800000001,0,1.1368683772161603e-13,false
4490,759.5141302944586,0.0,false,81307.7347020731,137.08524416545856,1,27.989239445753682,false
4491,502.01357742715055,0.0,false,46767.44536017232,126.39686700000004,0,7.105427357601002e-14,false
4492,2235.243893363899,1114.1207682087284,true,143105.7893495986,10000.0,4,9903.945704,false
4493,544.981757977333,0.0,false,52198.48850459672,126.39686800000017,0,4.831690603168681e-13,false
4494,587.5823746960476,0.0,false,57583.07273450631,126.39686800000017,0,4.831690603168681e-13,false
4495,161.9533110381344,0.0,false,8155.641592777118,96.05429600000011,0,5.400124791776761e-13,false
4496,741.6743207430127,0.0,false,78138.62673075838,133.66389936884443,1,8.899475728778953,false
4497,397.43391707984233,0.0,false,33548.90456782641,126.39686600000019,0,5.684341886080801e-13,false
4498,627.871162080308,0.0,false,62763.75968397984,137.08523855604867,1,27.989222137947763,false
4499,203.4325284101753,0.0,false,12139.898491641816,96.05429600000011,0,2.984279490192421e-13,false
4500,544.1472800895878,0.0,false,52213.167739456825,137.08523887793086,1,27.989225599509084,false
4501,1089.5641029888648,33.48240824486275,true,125435.0689443318,10000.0,2,9873.603132,false
4502,597.1262197586198,0.0,false,58868.42151700389,137.08523855604872,1,27.98922213794792,false
4503,835.8448120812953,0.0,false,90795.83671412608,133.66390116634122,2,8.89947793005976,false
4504,1238.546752968934,59.01056853348937,true,146148.14733555738,10000.000000000002,2,9873.603131000002,false
4505,310.1557512266651,0.0,false,22517.21837014732,126.39686499999988,0,1.4210854715202004e-13,false
4506,538.3883797437434,0.0,false,51365.10619248511,126.3968669999999,0,2.2737367544323206e-13,false
4507,379.9725624431333,0.0,false,31341.844152938498,126.39686499999993,0,2.8421709430404007e-13,false
4508,860.823479832156,0.0,false,95468.01792675523,154.07121269626174,1,72.46973756693835,false
4509,268.5283166256207,0.0,false,18392.628405954125,96.05429599999997,0,1.4210854715202004e-13,false
4510,954.4196847833324,0.0,false,107552.83253844881,154.07121501814387,1,72.46974102849956,false
4511,717.3475086529509,0.0,false,74597.22610695355,137.08523955604863,1,27.98922213794812,false
4512,562.7095381442563,0.0,false,54439.22427019372,126.3968679999999,0,2.7000623958883807e-13,false
4513,699.1766327427215,0.0,false,72013.35326703696,133.66389767259912,1,8.899472426857145,false
4514,318.0193459875045,0.0,false,23511.152064093487,126.3968649999999,0,1.5631940186722204e-13,false
4515,759.848073273966,0.0,false,80522.62337143983,133.66389936884434,1,8.899475728778825,false
4516,1257.3746538201399,251.61198532010985,true,136791.7411613877,10000.0,2,9873.603134,true
4517,981.2974549225107,130.89202196633678,true,92801.93407508187,10000.0,3,9874.32056340723,false
4518,741.81862901712,0.0,false,77953.74610231226,133.66389947009662,1,8.89947462813808,false
4519,1264.4855712034268,353.06119055467207,true,111520.78279024454,10000.0,2,9873.603134,false
4520,660.904416736422,0.0,false,67673.25737164421,137.08524119981325,1,27.989229061069466,false
4521,1132.7589338394023,19.071168940468112,true,142796.2104234789,10000.000000000002,2,9873.603132000002,true
4522,906.5790224114592,0.0,false,100184.80657585134,133.66390206509,1,8.899479030700249,false
4523,425.5238070976728,0.0,false,37099.37849191538,126.39686600000081,0,7.815970093361102e-13,false
4524,1122.414494566654,0.0,false,138448.47935888902,212.6280832722182,1,105.60193955791974,false
4525,644.7689198788099,0.0,false,65445.877084112646,137.08523987793058,1,27.98922559950846,false
4526,767.0647279887063,0.0,false,83097.72665078728,137.0852458092226,1,27.989246368876067,false
4527,756.5078789593244,0.0,false,80105.29385652454,133.6638993688443,1,8.899475728778668,false
4528,454.2528843744666,0.0,false,40730.64367912857,126.39686600000016,0,1.5631940186722204e-13,false
4529,523.0403018257939,0.0,false,49425.15732127297,126.39686700000013,0,1.4210854715202004e-13,false
4530,1244.0746926653308,192.49462044437797,true,142582.91717088188,6748.418300940279,2,12627.121239437722,true
4531,1324.6682948198695,151.1203116686115,true,152247.27233961262,9080.98638247186,1,9989.999998,false
4532,1070.065946478902,82.71194194145731,true,118254.21367769444,9999.999999999998,2,9873.603132999999,false
4533,457.6390423050214,0.0,false,41158.64341240094,126.39686600000019,0,1.9895196601282805e-13,false
4534,1438.0163677032424,347.65745575065506,true,147484.4407861826,10000.0,2,9873.603133,true
4535,705.4556286719834,0.0,false,73593.49528528693,133.66389936884434,1,8.899475728778697,false
4536,1306.526358340794,187.80061431707776,true,139728.21289639384,10000.0,3,9903.945704,false
4537,558.5854536426998,0.0,false,53917.9529346983,126.3968680000001,0,1.8474111129762605e-13,false
4538,582.320584180171,0.0,false,56917.99893005996,126.3968680000001,0,1.8474111129762605e-13,false
4539,456.2480402368302,0.0,false,40982.825117337045,126.39686600000012,0,1.5631940186722204e-13,false
4540,833.6730399280648,0.0,false,90978.64616902318,133.66390206508947,1,8.899479030700391,false
4541,804.5181228025964,0.0,false,86792.39949778533,133.66390116634108,1,8.899477930059845,false
4542,841.3334715458275,0.0,false,91833.6896625559,133.66390116634108,1,8.899477930059845,false
4543,685.0885752946693,0.0,false,83989.0051116817,282.11682721933255,1,642.8181175681439,false
4544,763.7557008046196,0.0,false,81267.13620172215,133.6639002675927,1,8.899476829419285,false
4545,726.7436827024612,0.0,false,76022.38263534161,133.6638993688443,1,8.89947572877874,false
4546,809.7401273825667,0.0,false,88255.18656139694,137.08524548734064,1,27.98924290731516,false
4547,222.3364643787439,0.0,false,13955.702696019966,96.05429600000014,0,1.5631940186722204e-13,false
4548,570.3760882675248,0.0,false,55408.2521404741,126.3968680000001,0,1.8474111129762605e-13,false
4549,499.48297201757157,0.0,false,46447.58477997191,126.3968670000001,0,1.7053025658242404e-13,false
4550,1051.8613085594898,106.14627030936481,true,106413.48547023896,10000.0,2,9873.603132,false
4551,335.165000818212,0.0,false,25678.30901448444,126.39686500000008,0,1.8474111129762605e-13,false
4552,829.6835135992486,0.0,false,90381.36997238126,133.66390116634105,1,8.899477930059788,false
4553,562.0725652790566,0.0,false,54358.71289949035,126.3968680000001,0,1.2789769243681803e-13,false
4554,556.4663849205476,0.0,false,53650.10929997495,126.3968680000001,0,1.2789769243681803e-13,false
4555,891.1188073294677,0.0,false,98494.9425922821,133.66390206508945,1,8.899479030700334,false
4556,344.9923765471145,0.0,false,26920.4584584853,126.39686500000008,0,1.8474111129762605e-13,false
4557,589.1737031593362,0.0,false,58028.94147812839,133.66389757134752,1,8.899473527497591,false
4558,317.0038155248508,0.0,false,23382.79220136422,126.39686500000008,0,1.8474111129762605e-13,false
4559,662.8402122671168,0.0,false,68575.77155128222,137.08524284357657,1,27.98923598419252,false
4560,596.9032468195277,0.0,false,59290.33508577709,133.66389836884426,1,8.899475728778697,false
4561,761.1604062020425,0.0,false,80977.53380983623,137.08524252169454,1,27.989232522631184,false
4562,823.5256991146038,0.0,false,89221.41456896462,133.66390116634105,1,8.899477930059788,false
4563,410.5638839475682,0.0,false,35208.49116494092,126.39686600000007,0,1.1368683772161603e-13,false
4564,747.7510642471689,0.0,false,78858.36977216451,133.66389936884426,1,8.899475728778668,false
4565,399.07371129672083,0.0,false,33756.16940952577,126.39686600000007,0,1.1368683772161603e-13,false
4566,1185.910071752215,121.31111425086908,true,127554.57454564208,10000.0,2,9873.603132,false
4567,661.571429964545,0.0,false,67781.52851459457,137.08524119981254,1,27.98922906106985,false
4568,540.4409418420335,0.0,false,51624.54359871661,126.3968670000001,0,1.1368683772161603e-13,false
4569,197.61778774194542,0.0,false,11581.36768777664,96.05429600000008,0,7.105427357601002e-14,false
4570,258.9909516329535,0.0,false,17476.52355450055,96.05429600000008,0,7.105427357601002e-14,false
4571,177.77677664222978,0.0,false,9675.5533941883,96.05429600000008,0,7.105427357601002e-14,false
4572,701.3177350599074,0.0,false,72791.8599228026,133.66389936884428,1,8.89947572877864,false
4573,443.83313915010024,0.0,false,39413.62059034891,126.3968660000001,0,9.947598300641403e-14,false
4574,1672.367292133885,485.67876466369074,true,147052.18104394496,9999.999999999998,2,9873.603131000013,false
4575,631.7687753863661,0.0,false,63728.97636050874,133.6638984700959,1,8.899474628138194,false
4576,545.6744284577812,0.0,false,52286.03987903264,126.39686800000013,0,2.7000623958883807e-13,false
4577,396.9870913568502,0.0,false,33492.427199026155,126.39686600000013,0,1.5631940186722204e-13,false
4578,493.1625395431039,0.0,false,45648.70195503677,126.39686700000013,0,2.1316282072803006e-13,false
4579,677.4087734745617,0.0,false,69605.82813560095,133.6638984700959,1,8.899474628138137,false
4580,496.65120933273914,0.0,false,46089.65886551216,126.39686700000013,0,2.1316282072803006e-13,false
4581,690.1615210283032,0.0,false,71298.70413731244,133.6638984700959,1,8.899474628138137,false
4582,489.6671114044196,0.0,false,45206.89081045599,126.39686700000013,0,2.1316282072803006e-13,false
4583,412.6093168971902,0.0,false,35467.02746915912,126.39686600000013,0,1.5631940186722204e-13,false
4584,1015.9167370188485,0.0,false,123484.1149620039,253.22601815248493,1,332.12258749444084,false
4585,411.76840687502937,0.0,false,35360.73908197459,126.39686600000014,0,1.9895196601282805e-13,false
4586,785.1487711510404,0.0,false,84263.14772606229,133.66390116634102,1,8.899477930059746,false
4587,569.5481686670812,0.0,false,55372.534135170456,133.66389757134743,1,8.899473527497491,false
4588,1755.7376880088468,706.6777236220167,true,142264.3834512672,10000.0,4,9873.603134,true
4589,1160.3563633367655,289.71913288611523,true,95656.2481012925,10000.0,3,9873.603132000002,false
4590,1038.1301721542768,0.0,false,122330.67637084698,212.6280823734698,1,105.60193845727922,false
4591,437.75826875669367,0.0,false,38645.77604164048,126.3968660000003,0,3.836930773104541e-13,false
4592,572.3524596129627,0.0,false,55658.05927470784,126.3968680000003,0,3.126388037344441e-13,false
4593,1208.9786286937851,333.74610355181716,true,96063.56967702237,9999.999999999998,3,9874.320563407227,false
4594,614.7036704519319,0.0,false,61610.621602399544,133.66389836884449,1,8.899475728778626,false
4595,1224.0250936484854,99.65810325398527,true,139174.93438488193,9999.999999999998,2,9873.603132000004,false
4596,313.2063063155716,0.0,false,22902.798957692765,126.39686500000052,0,5.826450433232822e-13,false
4597,344.21098175220806,0.0,false,26821.69260920748,126.39686500000052,0,5.826450433232822e-13,false
4598,739.737207067703,0.0,false,77816.6842312552,133.6638993688447,1,8.89947572877874,false
4599,655.1793508131234,0.0,false,66405.74279317418,133.66389757134797,1,8.899473527497605,false
4600,245.76723231252336,0.0,false,16206.328544346206,96.05429600000039,0,4.263256414560601e-13,false
4601,746.6112356381241,0.0,false,82935.34503849856,555.6146784988478,1,1358.1691783224246,false
4602,314.6486264417812,0.0,false,23085.103694202775,126.39686500000052,0,5.826450433232822e-13,false
4603,985.5268939524443,0.0,false,111146.30374418986,145.2126713894576,1,23.04252962218564,false
4604,542.363439403889,0.0,false,51867.54125581527,126.3968670000004,0,7.531752999057062e-13,false
4605,741.2192799171194,0.0,false,79302.02506425243,137.08524580922318,1,27.98924636887648,false
4606,1350.2721949385684,216.12870421807983,true,140794.59771224676,10000.0,3,9903.945704000005,false
4607,1208.7481794610037,186.52530317763288,true,117515.4829870291,10000.000000000002,3,9882.116232196326,false
4608,526.7079415349151,0.0,false,49888.73546778509,126.39686700000064,0,8.242295734817162e-13,false
4609,286.3664837108947,0.0,false,20106.06093374597,96.05429600000028,0,1.4779288903810084e-12,false
4610,355.51382099755523,0.0,false,28250.336010207036,126.39686500000067,0,1.8758328224066645e-12,false
4611,651.0374451496436,0.0,false,66372.22530596307,133.6638993688441,1,8.899475728778242,false
4612,1136.687231896816,20.57794697277791,true,150739.20709935308,3896.874248927128,1,9873.603133,true
4613,908.7045437932547,0.0,false,101658.31837190004,154.07121401814368,1,72.46974102849855,false
4614,571.4048579926367,0.0,false,55538.28540442008,126.39686800000004,0,1.1368683772161603e-13,false
4615,548.4918162762473,0.0,false,52642.148855506384,126.39686800000004,0,1.1368683772161603e-13,false
4616,397.37295717974916,0.0,false,33541.199427807725,126.3968660000001,0,1.7053025658242404e-13,false
4617,318.0255831332518,0.0,false,23511.940419737588,126.3968650000001,0,1.7053025658242404e-13,false
4618,1899.8418884632695,781.2433446010725,true,138158.88065676918,10000.0,4,9882.116232285047,false
4619,720.7903877569424,0.0,false,75337.82899734288,137.0852411998123,1,27.989229061069636,false
4620,874.4113269588829,0.0,false,96206.41329157843,133.66390206508925,1,8.899479030700334,false
4621,476.9103330990349,0.0,false,43594.4740761824,126.39686700000004,0,1.9895196601282805e-13,false
4622,1229.9154177803766,135.76206460536045,true,134611.2153874211,10000.000000000002,4,9873.603132000002,false
4623,551.5584357344355,0.0,false,53029.75992890294,126.39686800000004,0,1.1368683772161603e-13,false
4624,825.2361393293534,0.0,false,89179.62297466375,133.663900368844,1,8.899475728778711,false
4625,462.34659442967876,0.0,false,41753.663223951386,126.39686699999987,0,3.552713678800501e-13,false
4626,842.2457677158872,0.0,false,91958.70908022833,137.0852438435765,1,27.989235984192405,false
4627,1292.4501904020794,251.46704455220544,true,122651.23815596651,10000.0,3,9873.603132,false
4628,482.9986205591783,0.0,false,44364.01450001016,126.39686699999999,0,5.968558980384842e-13,false
4629,266.8376408381214,0.0,false,18230.231738493676,96.05429599999997,0,4.405364961712621e-13,false
4630,656.1850202227232,0.0,false,66468.27595688672,133.66389757134743,1,8.899473527497548,false
4631,534.1647477175379,0.0,false,50831.252362353625,126.39686699999999,0,5.968558980384842e-13,false
4632,474.0779474969308,0.0,false,43236.46942693484,126.39686699999999,0,5.968558980384842e-13,false
4633,1159.5290309787483,33.82204537604622,true,143409.26638223848,9253.809959931807,2,9873.603132000011,true
4634,1778.0458251362375,657.4602956739442,true,143643.28204813047,10000.000000000025,3,9903.945704000042,false
4635,722.0853245459368,0.0,false,75465.58705249813,133.6638993688441,1,8.899475728778697,false
4636,1006.2714898790657,0.0,false,117410.41203721974,212.6280823734695,1,105.60193845727933,false
4637,904.4759249136144,0.0,false,100042.659520025,133.66390206508933,1,8.899479030700448,false
4638,379.6809834476548,0.0,false,31304.989483176614,126.39686500000016,0,5.115907697472721e-13,false
4639,433.77737739791826,0.0,false,38142.60386990927,126.39686600000013,0,6.110667527536862e-13,false
4640,554.8606314703394,84.33609577956913,true,59472.824334795834,-4111.563683365137,1,14111.563683365135,false
4641,241.66348087260954,0.0,false,15812.145601137576,96.05429600000022,0,4.689582056016661e-13,false
4642,541.4006600261965,0.0,false,51745.84896463953,126.39686700000007,0,3.410605131648481e-13,false
4643,670.3237740730376,0.0,false,68652.37833864085,133.66389847009572,1,8.899474628138151,false
4644,789.972719032566,0.0,false,84906.36311642472,133.66390116634105,1,8.89947793005986,false
4645,415.59455745467017,0.0,false,35844.35250495457,126.39686600000013,0,6.110667527536862e-13,false
4646,466.528390564568,0.0,false,42282.22912874344,126.3968670000001,0,7.105427357601002e-13,false
4647,477.2489392454495,0.0,false,43637.27283020455,126.3968670000001,0,7.105427357601002e-13,false
4648,199.66997611455724,0.0,false,11778.489191010716,96.05429600000036,0,4.831690603168681e-13,false
4649,979.653454762512,0.0,false,110698.26741753421,145.21267228820565,1,23.042530722826143,false
4650,848.6233904027443,0.0,false,93470.1497978226,154.0712100524976,1,72.46973064381477,false
4651,429.6340285810252,0.0,false,37618.897585425904,126.39686600000022,0,2.8421709430404007e-13,false
4652,653.9791111231888,0.0,false,66661.27649039468,133.66389847009594,1,8.899474628138108,false
4653,137.27485076515995,0.0,false,5785.169538927957,96.05429600000014,0,1.4210854715202004e-13,false
4654,1125.2608543856313,0.0,false,140377.6226585336,397.36456345071633,1,331.8370731666179,false
4655,437.7047926683226,0.0,false,38639.01683193185,126.39686600000002,0,1.8474111129762605e-13,false
4656,387.3472604250417,0.0,false,32273.982828674834,126.39686600000002,0,1.8474111129762605e-13,false
4657,342.84571985583364,0.0,false,26649.127791062834,126.3968650000003,0,2.8421709430404007e-13,false
4658,591.7387458485747,0.0,false,58186.671918920816,133.6638975713473,1,8.899473527497207,false
4659,1608.1851524107833,486.348024206626,true,138911.19625894199,10000.0,3,9903.945704000002,false
4660,458.12652839754276,0.0,false,41220.26012427676,126.39686600000022,0,2.1316282072803006e-13,false
4661,315.5200992139276,0.0,false,23195.25511704905,126.39686500000028,0,2.2737367544323206e-13,false
4662,1080.2800852449113,51.3972548442041,true,139714.05705144507,7649.668174323215,3,15892.49009182368,true
4663,910.4058788328606,0.0,false,100669.9085905351,133.66390206508953,1,8.89947903070032,false
4664,1351.9271336304516,218.93140670504383,true,140265.57959678484,10000.00000000001,2,9873.60313200001,false
4665,549.6093770471646,0.0,false,52783.40502892718,126.39686800000024,0,3.126388037344441e-13,false
4666,362.1118098361712,0.0,false,29084.301088321004,126.39686500000028,0,3.126388037344441e-13,false
4667,1333.124004293567,208.98556743005318,true,139146.04593599492,10000.000000000005,4,9873.603132000015,false
4668,1280.8233551946364,231.2512956782643,true,126089.45005042017,10000.000000000002,4,9873.603132000002,false
4669,570.6861207203068,0.0,false,55447.43926931406,126.3968680000007,0,1.1652900866465643e-12,false
4670,460.9158165933767,0.0,false,41572.81739665466,126.39686600000047,0,7.105427357601002e-13,false
4671,539.2678149213102,0.0,false,51476.26403838284,126.39686700000047,0,6.536993168992922e-13,false
4672,534.5777785643224,0.0,false,50883.45816488355,126.39686700000047,0,6.536993168992922e-13,false
4673,681.6095857338047,0.0,false,70152.84652515955,133.66389847009614,1,8.899474628138279,false
4674,2206.581431156444,1084.0827772980879,true,140842.9581071402,10000.0,4,9903.945704000002,false
4675,283.78360709512174,0.0,false,19857.964546511696,96.054296,0,1.1368683772161603e-13,false
4676,957.3788191142706,0.0,false,107994.44644543072,145.2126731869538,1,23.04253182346673,false
4677,135.56003069232847,0.0,false,5620.453709209907,96.054296,0,9.947598300641403e-14,false
4678,1235.0305632192726,138.26141542525676,true,151479.4839860402,9080.986382379859,1,9989.999999000001,false
4679,1014.3451748166244,0.0,false,116772.46815946998,212.62808237346962,1,105.60193845727915,false
4680,429.81279075372436,0.0,false,37641.49256292058,126.396866,0,1.2789769243681803e-13,false
4681,425.7764229723841,0.0,false,37131.30834551765,126.396866,0,1.2789769243681803e-13,false
4682,373.4623265334165,0.0,false,30518.970769580843,126.39686500000002,0,7.105427357601002e-14,false
4683,1481.3443742356783,358.8350198798732,true,140908.9415574424,9969.473194284094,2,9903.945704000002,false
4684,466.6942053636113,0.0,false,42303.187598849814,126.39686699999999,0,1.4210854715202004e-13,false
4685,393.30976411434915,0.0,false,33027.62457870417,126.39686599999999,0,1.2789769243681803e-13,false
4686,537.4290543647936,0.0,false,51243.850475908235,126.39686699999999,0,1.4210854715202004e-13,false
4687,455.1567646655706,0.0,false,40844.89131064383,126.39686599999999,0,1.2789769243681803e-13,false
4688,73.6382581345714,0.0,false,736.3825813457134,10.000002,0,8.881784197001252e-15,false
4689,394.46940462794424,0.0,false,33174.19949951101,126.39686599999999,0,1.2789769243681803e-13,false
4690,110.59693443359808,0.0,false,3222.6411469866166,96.05429599999997,0,1.1368683772161603e-13,false
4691,1014.67119017732,0.0,false,117659.16174795727,212.62808237346962,1,105.60193845727929,false
4692,637.4870225844583,0.0,false,63890.86357691162,126.39686899999995,0,1.1368683772161603e-13,false
4693,491.2308995708181,0.0,false,45404.54872595765,126.39686699999996,0,9.947598300641403e-14,false
4694,853.2935753809746,0.0,false,93445.1384384291,133.66390206508936,1,8.899479030700377,false
4695,263.0533015314827,0.0,false,17866.72970192236,96.05429599999994,0,1.2789769243681803e-13,false
4696,690.5972001626836,0.0,false,71458.002104954,133.66389936884434,1,8.899475728778668,false
4697,492.01424441757285,0.0,false,45503.56105566803,126.39686700000019,0,2.1316282072803006e-13,false
4698,888.6833746239685,0.0,false,98112.31008807576,137.0852451654586,1,27.98923944575347,false
4699,929.7873674915382,0.0,false,105547.60171231919,253.22601683060293,1,332.12258403287956,false
4700,249.80622273832432,0.0,false,16594.29091413027,96.05429600000008,0,1.7053025658242404e-13,false
4701,135.52231794438006,0.0,false,5616.831237868637,96.05429600000008,0,1.7053025658242404e-13,false
4702,1007.7080871071536,0.0,false,115521.91760326114,212.6280823734698,1,105.60193845727925,false
4703,290.19280262347513,0.0,false,20473.595291686463,96.05429600000011,0,1.8474111129762605e-13,false
4704,913.715240948477,0.0,false,101132.83593637515,137.08524516545862,1,27.98923944575327,false
4705,437.46622525976943,0.0,false,38608.86266035381,126.39686600000019,0,3.126388037344441e-13,false
4706,1675.9994068122726,530.3201006000513,true,141868.7442048828,10000.000000000002,2,9873.603131000007,false
4707,1576.7664375575964,401.7884431354745,true,151663.37477725884,9969.473193278032,2,9903.945704,false
4708,744.1676281557326,0.0,false,78637.99325571388,137.0852425216946,1,27.989232522631127,false
4709,511.1496090501465,0.0,false,47922.2110793157,126.39686700000007,0,1.2789769243681803e-13,false
4710,1124.6390617037293,0.0,false,144234.14585109852,587.3889536049548,1,1207.1821256731382,true
4711,613.2515939666048,0.0,false,61408.861883202226,133.66389836884431,1,8.899475728778697,false
4712,456.1279021739389,0.0,false,40967.640043300955,126.39686600000005,0,4.263256414560601e-14,false
4713,345.70770289971136,0.0,false,27010.87346404412,126.39686499999999,0,1.4210854715202004e-13,false
4714,316.89246198443334,0.0,false,23368.717463394176,126.39686499999999,0,1.4210854715202004e-13,false
4715,462.1872108227011,0.0,false,41733.51763633463,126.39686700000007,0,1.2789769243681803e-13,false
4716,394.95479389436025,0.0,false,33235.55117914908,126.39686600000005,0,4.263256414560601e-14,false
4717,285.38021338005865,0.0,false,20011.325434410654,96.05429600000002,0,1.7053025658242404e-13,false
4718,464.3200164614545,0.0,false,42003.09757419615,126.39686700000007,0,1.2789769243681803e-13,false
4719,435.3905665694777,0.0,false,38346.5059173935,126.39686600000005,0,4.263256414560601e-14,false
4720,263.29055074605833,0.0,false,17889.518507493256,96.05429600000002,0,1.7053025658242404e-13,false
4721,191.44732243781667,0.0,false,10988.668005507514,96.05429600000002,0,1.7053025658242404e-13,false
4722,1035.1758103534846,25.002256980720883,true,137349.2631635334,3896.874248309008,1,9873.603134,true
4723,374.1660504938606,0.0,false,30607.919269191483,126.39686499999999,0,1.4210854715202004e-13,false
4724,572.5557193566294,0.0,false,55683.75066827482,126.39686799999998,0,2.4158453015843406e-13,false
4725,491.0649850680079,0.0,false,45383.577653608045,126.39686700000007,0,1.4210854715202004e-13,false
4726,495.6396344372815,0.0,false,45961.79897405985,126.39686700000007,0,1.4210854715202004e-13,false
4727,484.44281259799214,0.0,false,44546.55584039742,126.39686700000007,0,1.4210854715202004e-13,false
4728,847.959540760282,0.0,false,92744.51982171065,137.08524516545862,1,27.989239445753512,false
4729,280.33515126373686,0.0,false,19526.725559686296,96.05429600000002,0,1.1368683772161603e-13,false
4730,1523.335295895876,396.17953741835174,true,139527.42591663325,10000.000000000004,5,9873.603132000004,false
4731,753.5643234206203,0.0,false,81172.99499036888,162.56869969956526,1,114.4581331647963,false
4732,1280.3157211911548,145.76685757647203,true,147024.4200965958,9969.473193278032,2,9903.945704000002,false
4733,518.9167445807064,0.0,false,48903.952629340114,126.39686700000007,0,2.2737367544323206e-13,false
4734,640.3949484962042,0.0,false,64381.10892051087,137.0852385560482,1,27.989222137946626,false
4735,307.0158711486341,0.0,false,22120.34738436781,126.39686500000005,0,2.8421709430404007e-13,false
4736,632.3422714244474,0.0,false,63596.44249389737,133.6638975713474,1,8.89947352749735,false
4737,447.1653347616974,0.0,false,39834.79965589274,126.39686600000002,0,5.115907697472721e-13,false
4738,819.1532881440908,0.0,false,88948.03031346075,137.0852438435765,1,27.989235984192405,false
4739,729.0211715246071,0.0,false,76932.57063983215,137.0852425216946,1,27.989232522631127,false
4740,325.0717438282356,0.0,false,24402.5530136851,126.39686500000008,0,1.1368683772161603e-13,false
4741,607.8961180401784,0.0,false,60332.218556838656,133.66389757134752,1,8.899473527497591,false
4742,313.5058381990697,0.0,false,22940.6588475363,126.39686500000008,0,1.1368683772161603e-13,false
4743,1088.7529067852506,0.0,false,142206.67732386608,1165.8535753771073,1,1272.9571748210408,false
4744,1282.7528922249357,187.11960569673926,true,150699.85655027002,9000.281715590641,2,9989.999998999998,false
4745,817.4804445363433,0.0,false,88663.54164814182,133.66390116634105,1,8.899477930059831,false
4746,709.7712886438418,0.0,false,73740.74933379189,133.6638984700958,1,8.89947462813808,false
4747,1028.6299073591574,17.869379825218882,true,115391.71204437637,10000.0,3,9882.116232196318,false
4748,885.4201252999361,0.0,false,97319.05426947243,137.0852438435765,1,27.989235984192405,false
4749,280.5570521404975,0.0,false,19548.04009151961,96.05429600000008,0,1.4210854715202004e-13,false
4750,461.4364466340502,0.0,false,41638.623399537944,126.39686600000005,0,1.1368683772161603e-13,false
4751,369.6765569773983,0.0,false,30040.461381230787,126.3968650000001,0,1.5631940186722204e-13,false
4752,699.1456804789912,0.0,false,72394.87420810833,133.66389847009592,1,8.899474628138137,false
4753,721.2696390682736,0.0,false,76105.38872581736,137.08524416545862,1,27.98923944575374,false
4754,1298.0610460439577,188.10225151497914,true,145324.67834821495,9882.896398556077,2,9989.999998000005,false
4755,1325.6054920534657,205.83171703079066,true,151709.5302583268,9080.986382379868,1,9989.999999000003,false
4756,1395.7733797454002,264.8342272827464,true,147397.54584812597,9882.896398556077,2,9989.999998000005,false
4757,1191.4945705180492,2.79464004108326,true,153569.12421491416,9088.902805699949,1,9903.945704000003,false
4758,615.6771623355764,0.0,false,61499.01529509174,133.66389757134755,1,8.89947352749769,false
4759,941.0607152734212,12.540038972266075,true,127028.59581006311,10000.0,2,9873.603135,true
4760,741.0515367665853,0.0,false,79159.19486557464,137.08524416545853,1,27.98923944575357,false
4761,788.2780992873921,0.0,false,84514.42682245988,133.66390026759262,1,8.899476829419186,false
4762,602.1787320280399,0.0,false,59428.0064833044,126.39686800000003,0,5.684341886080802e-14,false
4763,872.2300647677333,0.0,false,95945.53336743967,133.6639020650894,1,8.899479030700377,false
4764,986.7303863176646,7.483393945136015,true,133440.2429315786,3896.874247690887,1,9873.603135,true
4765,672.3026204556654,0.0,false,68563.7085872275,133.66389767259906,1,8.899472426857102,false
4766,824.9691657665296,0.0,false,89822.53249119596,137.0852438435765,1,27.98923598419229,false
4767,288.23180729623374,0.0,false,20285.233271951973,96.05429600000002,0,5.684341886080802e-14,false
4768,763.6145617311178,0.0,false,82253.62747510262,137.08524548734053,1,27.98924290731479,false
4769,1191.042312139412,169.6391227812374,true,138768.6539022621,10000.0,4,9873.603134,true
4770,430.52991176144417,0.0,false,37732.13440725353,126.3968660000001,0,1.1368683772161603e-13,false
4771,443.71931681275186,0.0,false,39399.233804196374,126.3968660000001,0,1.1368683772161603e-13,false
4772,386.86831551613557,0.0,false,32213.445695597147,126.3968660000001,0,1.1368683772161603e-13,false
4773,858.958615679117,0.0,false,93882.33407307617,133.66390116634102,1,8.899477930059774,false
4774,691.961557127442,0.0,false,71586.7205127685,137.08524119981243,1,27.989229061069494,false
4775,418.31939718453486,0.0,false,36188.76369353746,126.39686600000014,0,1.4210854715202004e-13,false
4776,750.4052696541673,0.0,false,79235.34786036315,133.66389936884428,1,8.899475728778626,false
4777,262.46161958892753,0.0,false,17809.896111249393,96.05429600000005,0,7.105427357601002e-14,false
4778,259.85835930371377,0.0,false,17559.84178505821,96.05429600000005,0,7.105427357601002e-14,false
4779,526.1984362367967,0.0,false,49824.33559743979,126.39686700000013,0,1.4210854715202004e-13,false
4780,750.3790597779662,0.0,false,79346.13803578616,133.66389936884428,1,8.899475728778626,false
4781,336.8928285688573,0.0,false,25896.701018514694,126.39686500000012,0,1.2789769243681803e-13,false
4782,938.746410214045,0.0,false,104809.00408120602,133.66390206508936,1,8.899479030700348,false
4783,476.50819300354885,0.0,false,43543.64483043077,126.39686700000013,0,1.4210854715202004e-13,false
4784,845.0075718051042,0.0,false,92154.56260461756,133.66390116634096,1,8.899477930059788,false
4785,509.4308949595356,0.0,false,47704.971013306065,126.39686700000017,0,1.8474111129762605e-13,false
4786,1672.015907779543,652.3205123404521,true,138552.79411165504,10000.0,3,9873.603134,true
4787,1802.0595943044063,675.709532137293,true,139425.5884320782,10000.000000000013,2,9873.603132000037,false
4788,300.24739037256836,0.0,false,21439.38160933207,96.05429600000014,0,2.8421709430404007e-13,false
4789,426.59068912338535,0.0,false,37234.229031022805,126.39686600000026,0,2.5579538487363607e-13,false
4790,495.9953019914795,0.0,false,46006.754236470144,126.39686700000023,0,2.2737367544323206e-13,false
4791,187.64852373725637,0.0,false,10623.77708207589,96.05429600000014,0,2.8421709430404007e-13,false
4792,1232.7163114241584,380.4284624978445,true,93492.02113467573,10000.000000000002,3,9903.945704000002,false
4793,443.233176643933,0.0,false,39337.787212851756,126.39686600000019,0,9.379164112033322e-13,false
4794,444.0174163246647,0.0,false,39436.91264676787,126.39686600000019,0,9.379164112033322e-13,false
4795,947.2520275645724,0.0,false,105933.47555605593,145.21266959196052,1,23.04252742090422,false
4796,655.796673351624,0.0,false,66626.74634250677,137.08523987793058,1,27.98922559950816,false
4797,964.5086981606127,0.0,false,122093.4523475377,587.3889598682822,1,1207.1821473119885,true
4798,1106.0359019326897,27.3541553045278,true,146008.48374379706,3896.874248309021,1,9873.60313400001,true
4799,474.71367941095247,0.0,false,43316.82394530486,126.39686700000051,0,7.247535904753022e-13,false
4800,1013.0082022000171,74.10487128653199,true,113386.55718565897,10000.0,2,9873.603134,false
4801,389.49368834010164,0.0,false,32545.284579501156,126.3968660000001,0,2.2737367544323206e-13,false
4802,450.20620783448555,0.0,false,40219.15646699262,126.3968660000001,0,2.2737367544323206e-13,false
4803,711.5858104645507,0.0,false,74266.84366362434,133.66389936884417,1,8.899475728778654,false
4804,398.24826459965306,0.0,false,33651.83553809355,126.39686600000012,0,2.2737367544323206e-13,false
4805,633.8185738688168,0.0,false,63780.18014451896,133.66389757134743,1,8.899473527497463,false
4806,495.1083866993065,0.0,false,45894.65092756652,126.3968670000001,0,2.2737367544323206e-13,false
4807,670.5163981043279,0.0,false,68606.68706233954,137.08523987793035,2,27.98922559950789,false
4808,226.90629955771973,0.0,false,14394.654983262995,96.0542960000001,0,1.5631940186722204e-13,false
4809,547.2726994759277,0.0,false,52488.05631875364,126.39686800000014,0,2.8421709430404007e-13,false
4810,368.03343856178225,0.0,false,29832.77637124565,126.39686500000013,0,1.9895196601282805e-13,false
4811,723.8071141278382,0.0,false,76136.71471950233,133.6639002675926,1,8.899476829419143,false
4812,1251.9555415965922,255.1898370352274,true,135654.55316101003,10000.0,2,9873.603135,true
4813,883.4990281293798,51.27176863034377,true,104394.67869195579,6623.191192253156,2,21760.983330589333,true
4814,669.292184281967,0.0,false,69003.88530392738,137.08524152169454,1,27.989232522631156,false
4815,1453.5815346519676,337.7906027321302,true,138090.94751393216,10000.000000000004,2,9873.603132000004,false
4816,681.3569207633196,0.0,false,70121.00573141487,133.66389847009594,1,8.899474628138165,false
4817,551.9112185760611,0.0,false,53074.35057269901,126.39686799999996,0,1.2789769243681803e-13,false
4818,1503.4035993253358,363.49351323582437,true,141139.53289095408,10000.000000000005,2,9873.603131000009,false
4819,494.21855370322555,0.0,false,45782.17883004763,126.39686700000004,0,1.5631940186722204e-13,false
4820,822.9134873076547,0.0,false,89472.71706956363,133.66390116634105,1,8.899477930059774,false
4821,632.470337485607,0.0,false,65529.89173414726,137.0852461311047,1,27.98924983043753,false
4822,774.3089638127097,0.0,false,82895.25904573512,133.66390116634105,1,8.899477930059774,false
4823,436.4058866581635,0.0,false,38474.83918951363,126.39686599999999,0,8.526512829121202e-14,false
4824,746.7335940806248,0.0,false,78899.25043366945,133.66390026759277,1,8.899476829419228,false
4825,777.6874860739528,0.0,false,83097.63576161933,137.0852425216946,1,27.989232522631127,false
4826,867.2906449004604,0.0,false,94995.13254769628,133.66390116634105,1,8.899477930059774,false
4827,1871.519573865049,728.4560516300963,true,141538.11732110183,10000.0,2,9873.603131,false
4828,910.8304108376489,0.0,false,101999.0992289398,154.07121369626157,1,72.46973756693767,false
4829,422.47039195874373,0.0,false,36713.436403024876,126.39686600000002,0,8.526512829121202e-14,false
4830,383.3999749754099,0.0,false,31775.058338370356,126.39686500000002,0,8.526512829121202e-14,false
4831,511.72365024899017,0.0,false,47994.76808493426,126.39686700000007,0,9.947598300641403e-14,false
4832,774.3213719768249,0.0,false,82253.79024438426,137.08524087793057,1,27.9892255995088,false
4833,1016.242500386378,18.47449551055777,true,135781.2407745364,3896.874247690881,1,9873.603134999998,true
4834,857.0244796999424,0.0,false,93847.32868512259,137.08524384357662,1,27.989235984192575,false
4835,1465.7490415898094,348.60490988881895,true,144303.95667642623,9969.473193278027,2,9903.945703999998,false
4836,651.6192927546472,0.0,false,67677.64973027079,137.08524448734062,1,27.989242907315074,false
4837,534.4199408093752,0.0,false,50863.50796811082,126.3968670000001,0,1.9895196601282805e-13,false
4838,304.06877930807013,0.0,false,21806.442421809694,96.05429600000005,0,8.526512829121202e-14,false
4839,1927.2316355091975,893.8248325230056,true,125112.9764043179,10000.0,2,9873.603132,false
4840,550.9558551666677,0.0,false,52953.5956366374,126.39686799999996,0,1.1368683772161603e-13,false
4841,885.3939343355336,0.0,false,97988.54847317928,137.0852454873405,1,27.989242907314818,false
4842,875.9243556589743,0.0,false,96567.07917168929,133.6639020650893,1,8.899479030700363,false
4843,439.9793411049345,0.0,false,38926.51261451195,126.39686599999992,0,2.984279490192421e-13,false
4844,542.9464426898323,0.0,false,51941.231041111176,126.39686699999992,0,3.694822225952521e-13,false
4845,1032.739602359824,99.39779960006142,true,127637.97106091508,6748.418300610956,2,20953.98916163895,true
4846,399.252617284817,0.0,false,33778.7825648352,126.39686599999992,0,2.984279490192421e-13,false
4847,771.587917497778,0.0,false,82703.82602244658,133.66390106508933,1,8.899479030700377,false
4848,859.7930818280514,0.0,false,93938.49494554916,137.0852438435765,1,27.989235984192376,false
4849,522.6960153943666,0.0,false,49381.64059705555,126.39686699999987,0,2.7000623958883807e-13,false
4850,409.35678880689045,0.0,false,35055.91812823085,126.3968659999999,0,2.984279490192421e-13,false
4851,671.7833310499926,0.0,false,69144.1121129115,137.08524119981243,1,27.989229061069764,false
4852,402.0984732585613,0.0,false,34138.48982677456,126.3968659999999,0,2.984279490192421e-13,false
4853,1128.5094457312825,0.0,false,145813.44419096402,397.3645733809972,1,331.8370841029709,false
4854,1643.5882296073241,529.0352474372285,true,137934.4745514892,10000.0,5,9873.603132,false
4855,881.8019675366098,0.0,false,97502.23140865554,137.08524548734056,1,27.989242907314733,false
4856,631.7303484938961,0.0,false,63970.168649473475,133.6638992675927,1,8.899476829419257,false
4857,622.8737716986357,0.0,false,62218.0740159039,133.6638975713476,1,8.899473527497648,false
4858,1318.987519620462,173.4298730324233,true,154461.3875752755,10000.0,3,13982.740638586893,true
4859,671.7736239438091,0.0,false,68931.92705485268,133.663898470096,1,8.89947462813825,false
4860,339.5862813467496,0.0,false,26237.144994892024,126.39686500000016,0,2.1316282072803006e-13,false
4861,597.7038228202351,0.0,false,58862.392006177935,126.39686800000013,0,1.5631940186722204e-13,false
4862,523.1809462994837,0.0,false,49442.934341264314,126.39686700000011,0,1.7053025658242404e-13,false
4863,503.50776597019984,0.0,false,46956.306101755894,126.39686700000011,0,1.7053025658242404e-13,false
4864,340.25969296945436,0.0,false,26322.26211016281,126.39686500000016,0,2.1316282072803006e-13,false
4865,1150.627840623046,30.40250348108493,true,138651.44241441065,10000.000000000002,2,9873.603132000002,false
4866,1095.3680647739543,46.72749238519043,true,142211.37361918308,3896.874248309008,1,9873.603134,true
4867,527.2774785205353,0.0,false,49960.72315499063,126.39686700000016,0,1.5631940186722204e-13,false
4868,680.1711777580872,0.0,false,70208.32876102641,133.66389936884426,1,8.899475728778725,false
4869,784.5257280998519,0.0,false,83948.73428189177,133.6639002675927,1,8.8994768294192,false
4870,713.3958238912803,0.0,false,74422.40855471163,133.66389936884426,1,8.899475728778725,false
4871,574.6245848559857,0.0,false,55945.24877322484,126.39686800000004,0,1.2789769243681803e-13,false
4872,738.2863423097149,0.0,false,77575.99567901118,133.66389936884426,1,8.899475728778725,false
4873,1539.9804628453417,439.0999407100208,true,151520.59772945326,9080.986382379857,1,9989.999998999998,false
4874,851.109767857659,0.0,false,92963.55701616088,133.663901166341,1,8.899477930059774,false
4875,547.179163498921,0.0,false,52476.23366486939,126.39686800000004,0,1.2789769243681803e-13,false
4876,791.6643923848742,0.0,false,85071.39809630167,137.08524384357654,1,27.98923598419188,false
4877,1162.0777337426775,36.09179582187469,true,145977.25949372214,9253.809959931828,2,9873.603132000004,true
4878,545.314239004137,0.0,false,52240.513062726786,126.39686800000015,0,1.4210854715202004e-13,false
4879,457.55789842343984,0.0,false,41148.38708047976,126.39686600000022,0,2.1316282072803006e-13,false
4880,431.20464159439274,0.0,false,37817.41814016135,126.39686600000022,0,2.1316282072803006e-13,false
4881,1167.0184842419628,204.30833112643384,true,131350.03835863242,10000.0,3,9873.60313500001,true
4882,1220.8533965639042,102.55857307072492,true,148776.22972151748,9882.896397549994,2,9989.999999000001,false
4883,866.2827526460891,0.0,false,94976.05179739732,133.66390116634102,1,8.899477930059845,false
4884,1093.2124514912769,0.0,false,134899.30686698202,212.62808327221808,1,105.6019395579198,false
4885,417.13077495470003,0.0,false,36038.52557477154,126.39686600000029,0,3.979039320256561e-13,false
4886,358.1425281907308,0.0,false,28582.5963479124,126.39686500000025,0,3.410605131648481e-13,false
4887,335.7276185065838,0.0,false,25749.42212423765,126.39686500000025,0,3.410605131648481e-13,false
4888,774.6362393582272,0.0,false,82640.8679099116,133.66390026759262,1,8.899476829419285,false
4889,938.7100624545642,0.0,false,104969.72546588519,145.21266959196035,1,23.042527420904534,false
4890,966.0114163033994,0.0,false,108163.52010877064,133.66390206508945,1,8.899479030700462,false
4891,462.2404530909947,0.0,false,41740.24729191949,126.39686700000019,0,2.1316282072803006e-13,false
4892,283.4179389956055,0.0,false,19822.840555740066,96.05429600000014,0,1.7053025658242404e-13,false
4893,648.9905889771921,0.0,false,65928.65410071243,133.66389847009594,1,8.899474628138293,false
4894,721.7239898189961,0.0,false,75670.57096216176,133.66389936884434,1,8.899475728778853,false
4895,1508.6946877092332,374.07713718451726,true,147087.19850933854,9969.473193278029,2,9903.945704000003,false
4896,540.8914633697393,0.0,false,51681.48810563155,126.3968670000001,0,1.4210854715202004e-13,false
4897,790.3184222771132,0.0,false,84759.38954844327,133.66390026759262,1,8.899476829419157,false
4898,1260.9002487606815,132.6610673671965,true,139664.36717234616,9999.999999999996,2,9873.603132000007,false
4899,1108.1114688551374,0.0,false,143226.08285529504,587.3889536049551,1,1207.1821256731382,true
4900,606.8800325972284,0.0,false,60253.2712387461,133.66389757134755,1,8.89947352749752,false
4901,702.9163240964906,0.0,false,73111.41164404829,133.66389936884428,1,8.899475728778668,false
4902,676.782608193592,0.0,false,69725.66412615262,133.66389936884428,1,8.899475728778668,false
4903,902.1456186925723,0.0,false,99927.09414224657,133.66390206508942,1,8.89947903070032,false
4904,588.1223519334583,0.0,false,57651.324162326404,126.39686800000004,0,1.1368683772161603e-13,false
4905,296.75494489473294,0.0,false,21103.91722811751,96.05429600000008,0,1.4210854715202004e-13,false
4906,240.216380021284,0.0,false,15673.145351963763,96.05429600000008,0,1.4210854715202004e-13,false
4907,924.29441560136,0.0,false,102861.91534565882,133.66390206508942,1,8.89947903070032,false
4908,1089.6577716944334,2.927152189871682,true,147025.83600996202,3896.8742489271262,1,9873.603133000002,true
4909,415.840626793703,0.0,false,35875.454896996496,126.39686599999993,0,2.8421709430404007e-13,false
4910,662.800756404079,0.0,false,68660.79659444207,137.08524284357662,1,27.98923598419246,false
4911,423.35993399644445,0.0,false,36825.87172431775,126.39686600000005,0,1.4210854715202004e-13,false
4912,324.0659421839561,0.0,false,24275.42284305954,126.3968650000001,0,1.7053025658242404e-13,false
4913,1002.5545273194169,50.381224630314655,true,130018.21353990542,1302.6187850895803,2,9873.603135,true
4914,633.6778036535552,0.0,false,64387.4735653926,133.66389926759257,1,8.8994768294192,false
4915,562.8913373220099,0.0,false,54462.203115594246,126.39686799999998,0,7.105427357601002e-14,false
4916,628.9361323872945,0.0,false,63437.91501910353,133.66389847009583,1,8.899474628138009,false
4917,1689.6231419798296,742.9979555979419,true,106625.58086379239,10000.0,4,9873.603132000002,false
4918,1836.9387040330923,735.4087418640822,true,136283.35907768452,10000.0,2,9873.603132,false
4919,1161.0744922957765,174.87841880834867,true,127277.36883550884,10000.0,2,9873.603134,true
4920,1004.560012898931,32.5491649093149,true,132525.6169958358,3896.8742476908824,1,9873.603135000001,true
4921,721.4554657255096,0.0,false,75568.52872881418,133.66389936884434,1,8.899475728778683,false
4922,1580.7455262547262,455.17232557626556,true,139327.39557848056,10000.0,2,9873.603132000007,false
4923,507.5790194245916,0.0,false,47470.89975872646,126.3968670000001,0,4.263256414560601e-13,false
4924,226.74844076488435,0.0,false,14379.491968523354,96.05429600000008,0,1.5631940186722204e-13,false
4925,336.19944882206454,0.0,false,25809.059995039148,126.39686500000005,0,2.2737367544323206e-13,false
4926,2118.442364065209,983.8713426758163,true,140464.69187218303,10000.0,4,9873.603132,false
4927,356.49216124716946,0.0,false,28373.99514674806,126.396865,0,3.552713678800501e-13,false
4928,245.81888076302405,0.0,false,16211.289599743568,96.054296,0,5.684341886080802e-14,false
4929,1071.5804455733,0.0,false,126979.98190491335,253.22601650872085,1,332.1225805713185,false
4930,578.1980790488097,0.0,false,56402.18604321182,133.6638975713475,1,8.899473527497548,false
4931,681.5365322427796,0.0,false,70027.28188660106,133.6638984700959,1,8.899474628138137,false
4932,804.7056876840379,0.0,false,86234.69998225517,137.0852421998125,1,27.989229061069977,false
4933,770.4881363962895,0.0,false,82498.68833643757,133.663901166341,1,8.899477930059732,false
4934,577.3567432831452,0.0,false,56290.58502217235,126.39686799999998,0,2.7000623958883807e-13,false
4935,502.6767540947386,0.0,false,46851.26880924385,126.396867,0,1.7053025658242404e-13,false
4936,759.1298328001621,0.0,false,81130.46657315711,133.66390106508942,1,8.89947903070032,false
4937,589.89946176712,0.0,false,57941.349395867364,133.6638975713475,1,8.899473527497577,false
4938,902.9014722852506,0.0,false,99817.3143055151,133.6639020650894,1,8.899479030700348,false
4939,953.4447127098748,0.0,false,106524.50171602673,133.6639020650894,1,8.899479030700348,false
4940,670.7886111234969,0.0,false,68717.96612975713,137.08523987793052,1,27.98922559950853,false
4941,1072.5850987344156,55.33210680829778,true,138244.08197431965,9999.999999999995,3,9873.603134000103,true
4942,729.3491131723756,0.0,false,76555.97711906716,133.66389936884428,1,8.899475728778697,false
4943,726.5576931156487,0.0,false,76921.16700302441,137.0852441654586,1,27.989239445753626,false
4944,559.4010899158245,0.0,false,54021.046799339,126.3968680000001,0,1.8474111129762605e-13,false
4945,1510.2719485008804,503.29928646886975,true,114366.85593581668,10000.0,4,9875.460705775877,false
4946,637.6827059199007,0.0,false,64315.569346007396,133.66389847009592,1,8.899474628138165,false
4947,257.22284598842475,0.0,false,17306.689416866036,96.05429600000011,0,2.4158453015843406e-13,false
4948,2213.6673873960035,1090.1685313391165,true,139065.2049296812,9999.999999999982,2,9873.603131999997,false
4949,1336.1679302952714,220.91714550120042,true,138022.67461275717,9999.999999999995,2,9873.603132000006,false
4950,397.9141628160089,0.0,false,33609.606121386474,126.3968660000001,0,2.5579538487363607e-13,false
4951,1568.9998477383087,398.1363074666756,true,145051.95233668186,10000.0,2,9873.603131000013,false
4952,676.3780336570526,0.0,false,69563.76319544332,133.6638984700959,1,8.899474628137568,false
4953,571.6420614787933,0.0,false,55568.267180488634,126.39686800000045,1,5.258016244624741e-13,false
4954,522.6377964793487,0.0,false,49374.281908946556,126.39686700000047,0,4.831690603168681e-13,false
4955,600.2432233672846,0.0,false,59183.36426414678,126.39686800000045,0,5.258016244624741e-13,false
4956,361.54837960546956,0.0,false,29013.085275767837,126.39686500000047,0,4.831690603168681e-13,false
4957,885.4019993837004,0.0,false,97306.96536106018,133.663901166341,1,8.89947793005922,false
4958,602.8683074098683,0.0,false,59776.43227988876,133.66389757134746,1,8.899473527496895,false
4959,1279.440749943583,291.28462513687634,true,115767.55586387037,-2312.661362717976,2,12312.661362717976,false
4960,682.2045303221898,0.0,false,69815.10398504935,133.66389767259906,1,8.899472426856505,false
4961,187.94277355282898,0.0,false,10652.041040076125,96.05429600000045,0,4.405364961712621e-13,false
4962,709.1887827964651,0.0,false,73634.04121333676,137.08523987793046,1,27.989225599508657,false
4963,1172.9205786097884,62.604584062169124,true,138377.8651346017,9969.473194284103,2,9903.945703999998,false
4964,378.00796181013095,0.0,false,31093.524799808434,126.39686500000005,0,1.1368683772161603e-13,false
4965,452.6763744177076,0.0,false,40531.37776925894,126.39686600000005,0,4.263256414560601e-14,false
4966,1337.5572633155225,242.58848100918757,true,148067.1139285132,10000.0,3,9873.603133000004,true
4967,745.1090153856128,0.0,false,78214.46216931038,133.6638985713476,1,8.899473527497577,false
4968,779.870704945581,0.0,false,83057.44400263115,137.0852408779307,1,27.989225599508984,false
4969,474.3130964339444,0.0,false,43266.191514440885,126.39686700000024,0,3.552713678800501e-13,false
4970,379.0527450123929,0.0,false,31225.582116999885,126.3968650000001,0,1.4210854715202004e-13,false
4971,389.92517424545684,0.0,false,32599.82304350379,126.3968660000001,0,1.7053025658242404e-13,false
4972,377.36025423608396,0.0,false,31011.656595603003,126.3968650000001,0,1.4210854715202004e-13,false
4973,508.2828074287756,0.0,false,47559.85635326471,126.39686700000024,0,3.552713678800501e-13,false
4974,666.8280130472483,0.0,false,69373.89636438875,137.0852444873408,1,27.989242907315074,false
4975,451.7474660964392,0.0,false,40413.96667329389,126.39686600000013,0,1.2789769243681803e-13,false
4976,739.3666081469835,0.0,false,78277.36741246391,137.0852425216946,1,27.989232522631127,false
4977,275.8875216959079,0.0,false,19099.51164602259,96.05429600000008,0,1.4210854715202004e-13,false
4978,458.04133445379887,0.0,false,41209.4918772113,126.39686600000005,0,1.1368683772161603e-13,false
4979,487.8033026961217,0.0,false,44971.31124022263,126.39686700000007,0,1.4210854715202004e-13,false
4980,1517.3310443312666,450.16071641727126,true,141684.1315685672,10000.0,2,9873.603132999999,true
4981,817.843337924893,19.71825341106155,true,86685.52400148232,-2464.15574806906,2,12464.15574806906,false
4982,538.1407771785051,0.0,false,51333.81000546348,126.3968670000001,0,1.4210854715202004e-13,false
4983,404.2653899571608,0.0,false,34412.38129552605,126.39686600000007,0,1.1368683772161603e-13,false
4984,534.9253003776805,0.0,false,50927.38383122094,126.39686700000007,0,1.4210854715202004e-13,false
4985,569.6193746497925,0.0,false,55312.605914516775,126.39686799999998,0,1.2789769243681803e-13,false
4986,414.70020929142726,0.0,false,35731.30970447943,126.39686600000007,0,1.1368683772161603e-13,false
4987,594.4923075592615,0.0,false,58721.58651208096,133.6638975713476,1,8.899473527497705,false
4988,1230.247045578186,119.1466282781099,true,139827.79168092128,9969.473194284104,2,9903.945704000003,false
4989,1630.9887305035782,469.5062682581989,true,152126.61713055384,9080.98638247186,1,9989.999998000003,false
4990,1186.1552798937905,157.03791109842518,true,139743.70196831354,10000.0,2,9873.603134,true
4991,423.94312622125057,0.0,false,36899.58539089282,126.39686599999989,0,1.5631940186722204e-13,false
4992,601.0775319528284,0.0,false,59288.81825046463,126.39686799999987,0,2.8421709430404007e-13,false
4993,1314.0470956027973,184.4792421927489,true,139832.30714453827,10000.000000000005,2,9873.603132000007,false
4994,615.1842125608838,0.0,false,61469.36974248902,137.08523987793046,1,27.989225599509155,false
4995,787.2289927171779,0.0,false,84397.37326609493,133.66390026759257,1,8.899476829419143,false
4996,834.1966922509868,0.0,false,90919.84821037369,137.08524384357656,1,27.989235984193286,false
4997,1184.7253947834326,89.48381431694573,true,151464.2083127649,9080.986382379864,1,9989.999999,false
4998,652.035989659649,0.0,false,65898.01913140294,133.66389757134738,1,8.899473527497875,false
4999,922.5597163499359,0.0,false,102770.86928802491,137.0852451654585,1,27.989239445754208,false
5000,557.9785849005924,0.0,false,53841.2466306567,126.39686799999961,0,4.547473508864641e-13,false
5001,1564.208660011934,442.48317025813634,true,151729.047405638,9080.986382379864,1,9989.999999,false
5002,330.4968710141523,0.0,false,25088.272060510644,126.3968649999997,0,3.410605131648481e-13,false
5003,558.1054701504269,0.0,false,53880.69969633855,137.08523855604844,1,27.989222137947763,false
5004,526.4508417316382,0.0,false,49856.23885968681,126.39686699999967,0,4.689582056016661e-13,false
5005,805.3762226928164,0.0,false,86775.43711194038,133.66390116634085,1,8.899477930060186,false
5006,1201.0402407031106,93.49467615981678,true,142854.32712835228,-1876.7781812057574,2,11876.778181205758,true
5007,371.87089912438137,0.0,false,30317.819340569476,126.39686500000016,0,1.5631940186722204e-13,false
5008,712.0841916246766,0.0,false,74300.64005897299,133.66389936884428,1,8.899475728778654,false
5009,1061.5008517625586,0.0,false,126661.13634432296,212.62808327221808,1,105.60193955791975,false
5010,300.9986089807517,0.0,false,21511.539381629562,96.05429600000008,0,9.947598300641403e-14,false
5011,399.49709492456356,0.0,false,33809.68377108388,126.3968660000001,0,9.947598300641403e-14,false
5012,342.40997238573294,0.0,false,26594.05067865333,126.3968650000001,0,9.947598300641403e-14,false
5013,611.7011298183544,0.0,false,60784.287204473716,133.66389757134752,1,8.899473527497577,false
5014,836.496730006808,0.0,false,90954.16844482627,133.66390116634108,1,8.899477930059774,false
5015,701.2571878422557,0.0,false,73509.95382066174,137.08524284357665,1,27.989235984192234,false
5016,1121.5652291399233,21.26579249028956,true,136071.87816507166,10000.000000000004,3,9873.603132000004,false
5017,1005.4511761624275,18.07890685847586,true,134467.2524304663,3718.788040249838,1,11367.36364907395,true
5018,1186.5967809076471,175.72890899363392,true,137437.02284768148,10000.000000000002,2,9873.603134000003,true
5019,598.7726331603602,0.0,false,59193.54077666368,133.66389757134763,1,8.89947352749769,false
5020,628.4019672887988,0.0,false,63182.49170053162,133.66389847009606,1,8.899474628138236,false
5021,691.3927155630056,0.0,false,71037.68656393746,133.6638976725993,1,8.899472426857102,false
5022,268.33941277943933,0.0,false,18374.48338056423,96.05429600000008,0,1.7053025658242404e-13,false
5023,1205.289801763648,73.42004397130022,true,141127.94695224063,9969.473194284115,2,9903.945703999998,false
5024,585.6081422507301,0.0,false,57333.53595053378,126.39686800000004,0,3.410605131648481e-13,false
5025,304.08737289264366,0.0,false,21808.228415430258,96.05429600000008,0,2.2737367544323206e-13,false
5026,385.865627457771,0.0,false,32086.709072457685,126.39686600000002,0,2.8421709430404007e-13,false
5027,369.77598299219534,0.0,false,30053.028517402887,126.39686500000002,0,2.8421709430404007e-13,false
5028,585.9727897382561,0.0,false,57379.6262483286,126.39686800000004,0,3.410605131648481e-13,false
5029,415.764157165873,0.0,false,35865.789376076995,126.39686600000002,0,2.8421709430404007e-13,false
5030,1091.5041606295633,0.0,false,137336.54862616776,397.36456345071736,1,331.83707316661844,false
5031,398.800575995359,0.0,false,33721.64596480534,126.39686600000002,0,2.8421709430404007e-13,false
5032,1586.6377731216744,425.2390152262064,true,143855.6335542863,10000.0,2,9873.603131000005,false
5033,809.3040057228864,0.0,false,87315.71285958032,133.66390116634102,2,8.89947793005976,false
5034,432.8544446474487,0.0,false,38025.94806733578,126.39686600000007,0,7.105427357601002e-14,false
5035,632.1983711037378,0.0,false,63650.04045038686,133.6638984700959,1,8.899474628138151,false
5036,628.0314071595138,0.0,false,63192.02135335441,133.6638984700959,1,8.899474628138151,false
5037,870.7179031220217,0.0,false,95366.69424782426,133.66390116634102,1,8.89947793005976,false
5038,256.33897241827856,0.0,false,17221.789565984258,96.05429600000011,0,1.4210854715202004e-13,false
5039,681.3194501820673,0.0,false,70392.72731447485,133.66389936884428,1,8.899475728778697,false
5040,638.8555805306023,0.0,false,64104.97539230614,133.66389767259915,1,8.899472426857017,false
5041,1033.2567944400691,0.0,false,124221.71371881537,212.6280832722181,1,105.60193955791974,false
5042,382.5775060467672,0.0,false,31671.10084751991,126.39686500000008,0,9.947598300641403e-14,false
5043,464.42142240503335,0.0,false,42015.914967151286,126.39686700000006,0,2.1316282072803006e-13,false
5044,1537.3486231131528,421.2014117300823,true,138135.98011972362,10000.000000000005,2,9873.603132000007,false
5045,565.5438999935639,0.0,false,55143.89238784467,137.08523887793052,1,27.9892255995086,false
5046,589.960374626576,0.0,false,58109.87357966852,133.66389757134752,1,8.899473527497591,false
5047,1517.9377906051966,410.37316682589005,true,139071.71548866192,10000.000000000002,4,9903.945704000002,false
5048,866.1705677890468,0.0,false,96172.94203668374,154.07121269626174,1,72.46973756693767,false
5049,472.19254626904444,0.0,false,42998.16063000449,126.3968670000003,0,3.694822225952521e-13,false
5050,1582.2367546357104,646.8944648300301,true,106129.2252039831,10000.0,2,9873.603133,false
5051,408.6796987912458,0.0,false,34970.336075638894,126.39686600000002,0,6.536993168992922e-13,false
5052,1244.7020446280637,144.6381273185688,true,151512.431681195,9080.986382379868,1,9989.999999,false
5053,660.233844412449,0.0,false,67565.51650531472,137.08524119981274,1,27.98922906107026,false
5054,317.5762116342673,0.0,false,23455.14127284304,126.3968650000001,0,4.263256414560601e-13,false
5055,409.1241632525814,0.0,false,35026.51498837776,126.39686600000027,0,7.105427357601002e-13,false
5056,406.197814724323,0.0,false,34656.633720214006,126.39686600000027,0,7.105427357601002e-13,false
5057,869.4009657792767,0.0,false,95390.51944489236,133.6639011663414,1,8.89947793005993,false
5058,340.96614818995437,0.0,false,26411.55583247106,126.3968650000001,0,3.979039320256561e-13,false
5059,431.0012728239134,0.0,false,37791.71296594722,126.39686600000002,0,6.536993168992922e-13,false
5060,234.84547450919328,0.0,false,15157.24682023007,96.05429599999997,0,2.8421709430404007e-13,false
5061,695.4229671201541,0.0,false,72997.30131404514,137.08524416545905,1,27.98923944575401,false
5062,465.7632070204904,0.0,false,42185.512330683094,126.3968670000003,0,5.684341886080801e-13,false
5063,353.27963343629847,0.0,false,27967.94171557861,126.3968650000001,0,3.979039320256561e-13,false
5064,699.6149030536806,0.0,false,72826.92326372428,133.6638993688444,1,8.899475728778668,false
5065,463.97628597714225,0.0,false,41959.65111994914,126.3968670000003,0,3.694822225952521e-13,false
5066,366.9288822374566,0.0,false,29693.163919053215,126.39686500000022,0,2.2737367544323206e-13,false
5067,650.6839274242301,0.0,false,65874.35776317064,137.08523855604855,1,27.989222137947095,false
5068,1126.0734884500944,42.50053625384713,true,150566.43851601923,9000.281715590638,2,9989.999998999996,false
5069,1525.4045706398497,420.26462533192057,true,151563.19196117934,9080.986382379868,1,9989.999998999998,false
5070,530.377538740232,0.0,false,50352.561035671286,126.39686700000019,0,1.7053025658242404e-13,false
5071,330.41835956509095,0.0,false,25078.348459796864,126.39686500000028,0,2.8421709430404007e-13,false
5072,136.47200880751717,0.0,false,5708.053122295838,96.05429600000022,0,3.694822225952521e-13,false
5073,648.7859849374483,0.0,false,65859.53486214639,133.6638984700959,1,8.899474628138108,false
5074,1576.155979939406,447.91443259449517,true,151794.20798154915,9080.986382379866,2,9989.999999,false
5075,913.6743302976735,4.794815053326759,true,122635.78968567881,3351.3296115749145,1,10756.18223430811,true
5076,1085.86313993788,85.16303661345258,true,136151.8488145835,7649.668174085167,3,15892.490093433289,true
5077,738.9009215041494,126.56838355098571,true,73877.93816763163,-3852.6830592207943,1,13852.683059220795,false
5078,709.445257360447,91.60963183567726,true,81072.74817099454,3254.6728521061905,1,10912.553005948892,false
5079,133.18086449815107,0.0,false,5391.924582498714,96.05429600000011,0,1.9895196601282805e-13,false
5080,926.4113548307021,0.0,false,103047.48009426388,133.66390206508953,1,8.89947903070032,false
5081,565.4358861168263,0.0,false,54783.82609592044,126.39686800000035,0,3.694822225952521e-13,false
5082,143.48063315639163,0.0,false,6381.261579029553,96.05429600000014,0,3.126388037344441e-13,false
5083,606.9549052673511,0.0,false,60460.497574544424,133.66389847009606,1,8.89947462813808,false
5084,734.8803669948318,0.0,false,76585.64308398322,133.66389857134763,1,8.899473527497506,false
5085,313.6666644711993,0.0,false,22960.986783499837,126.39686500000036,0,4.263256414560601e-13,false
5086,928.3176457874184,0.0,false,103527.77053551137,154.07120973061538,1,72.46972718225372,false
5087,845.9981052775274,0.0,false,92971.09788224827,137.08524548734064,1,27.98924290731493,false
5088,342.88256071891675,0.0,false,26653.784360512964,126.39686500000008,0,1.1368683772161603e-13,false
5089,198.23394131534158,0.0,false,11640.551883648626,96.05429600000005,0,9.947598300641403e-14,false
5090,1321.5843230741473,201.25613134615762,true,138664.44291122406,10000.000000000005,2,9873.603132000006,false
5091,957.876259855847,0.0,false,107934.88391657398,154.07121369626168,1,72.46973756693767,false
5092,316.72337017791193,0.0,false,23347.344789829087,126.39686500000008,0,1.1368683772161603e-13,false
5093,426.5503813246584,0.0,false,37229.13425178986,126.39686600000005,0,4.263256414560601e-14,false
5094,450.64320399222714,0.0,false,40274.39140960018,126.39686600000005,0,4.263256414560601e-14,false
5095,485.5285617712029,0.0,false,44683.79112772465,126.39686700000007,0,8.526512829121202e-14,false
5096,316.1988396667462,0.0,false,23281.045779719014,126.39686500000008,0,1.1368683772161603e-13,false
5097,214.8504940935765,0.0,false,13236.64311285917,96.05429600000005,0,9.947598300641403e-14,false
5098,751.760315416593,0.0,false,79480.00236418178,133.6638993688442,1,8.899475728778697,false
5099,582.9373155930929,0.0,false,56995.95184473332,126.39686800000001,0,8.526512829121202e-14,false
5100,1119.5032556778522,0.0,false,140518.76393558833,397.36456345071656,1,331.83707316661815,false
5101,1637.6689031295032,526.9695316246895,true,137447.39025988127,10000.000000000004,2,9873.603132000007,false
5102,789.8722509427357,0.0,false,84509.18417286049,133.66390026759245,1,8.899476829419086,false
5103,704.4130136124388,0.0,false,73068.61468988616,133.66389847009577,1,8.899474628137995,false
5104,735.9535221317944,0.0,false,77576.86478550873,133.66390026759245,1,8.899476829419086,false
5105,477.3522150782786,0.0,false,43650.3265712912,126.39686699999993,0,1.7053025658242404e-13,false
5106,335.2646828430214,0.0,false,25690.908509518442,126.3968649999999,0,1.1368683772161603e-13,false
5107,593.0023678136075,0.0,false,58268.14285120741,126.39686799999998,0,1.1368683772161603e-13,false
5108,927.3523949811635,0.0,false,103311.06957934918,133.66390206508922,1,8.899479030700107,false
5109,600.2231625801505,0.0,false,59572.951121424536,133.66389847009577,1,8.899474628137995,false
5110,277.0398464167064,0.0,false,19210.197382385322,96.054296,0,2.842170943040401e-14,false
5111,485.97985851492865,0.0,false,44740.83361951105,126.39686699999993,0,1.7053025658242404e-13,false
5112,972.8738706627654,24.436167263496493,true,129546.04551571679,6748.418300610956,2,20953.98916163895,true
5113,996.992806314423,0.0,false,116482.62368569299,212.62808237347,1,105.60193845727937,false
5114,526.6996889367016,0.0,false,49887.69236527553,126.39686700000007,0,3.979039320256561e-13,false
5115,1079.7908267796004,44.173164966544604,true,140565.31860132993,3896.874248309006,1,9873.603134000003,true
5116,986.3985705661639,10.374245323049212,true,133032.90792237292,3896.8742476908806,1,9873.603135000003,true
5117,666.3882095966104,0.0,false,68105.93748768278,137.08523987793063,1,27.98922559950948,false
5118,900.2495118543623,0.0,false,99662.21379690585,137.08524516545873,1,27.989239445754407,false
5119,602.8028630279134,0.0,false,59506.89468254122,126.39686799999991,0,1.2789769243681803e-13,false
5120,457.6192983481268,0.0,false,41156.14783822571,126.39686599999993,0,3.979039320256561e-13,false
5121,1316.4774697361615,207.01763678652745,true,137290.71647741823,10000.0,2,9873.603132000018,false
5122,448.612018999068,0.0,false,40017.656002354626,126.39686599999993,0,2.8421709430404007e-13,false
5123,418.4992012444219,0.0,false,36211.49036230229,126.39686599999993,0,2.8421709430404007e-13,false
5124,866.7297736200262,0.0,false,94821.19005575412,133.66390116634108,1,8.899477930059888,false
5125,731.1527618819923,0.0,false,76875.84590050155,133.6638993688443,1,8.899475728778754,false
5126,1448.4146294551897,321.7128961235524,true,139470.03856337807,10000.0,2,9873.603132000018,false
5127,501.10879999911174,0.0,false,46653.08433336452,126.39686699999989,0,2.2737367544323206e-13,false
5128,335.92542482774957,0.0,false,25774.424222319,126.39686499999986,0,3.410605131648481e-13,false
5129,703.0767574995989,0.0,false,72817.31129169352,133.66389847009592,1,8.899474628138307,false
5130,315.90490779762706,0.0,false,23243.893714114467,126.3968649999999,0,1.7053025658242404e-13,false
5131,367.95361718264775,0.0,false,29822.687199482338,126.3968649999999,0,1.7053025658242404e-13,false
5132,522.9683720504972,0.0,false,49416.06562346295,126.39686699999989,0,1.7053025658242404e-13,false
5133,960.4552516030345,0.0,false,107253.69825086652,133.6639021663411,1,8.89947793005976,false
5134,598.4765143097713,0.0,false,59083.93327968589,133.66389757134758,1,8.899473527497577,false
5135,337.55510769097344,0.0,false,25980.41102065602,126.39686500000013,0,1.4210854715202004e-13,false
5136,849.3534592503555,0.0,false,93242.72218246615,133.66390196383782,1,8.899480131340852,false
5137,675.092432534874,0.0,false,69477.86216063918,133.66389936884428,1,8.89947572877864,false
5138,608.9038071430782,0.0,false,60422.04501003698,133.66389757134758,1,8.899473527497548,false
5139,574.9784448869412,0.0,false,56113.20348552573,133.66389757134758,1,8.899473527497548,false
5140,871.7216238368613,48.400931369300224,true,89322.07864905766,-2464.15575025381,2,12464.155750253813,false
5141,764.065993854879,0.0,false,81245.40175107564,133.6639002675927,1,8.8994768294192,false
5142,693.197498878997,0.0,false,72046.33123951769,133.66389936884426,1,8.899475728778654,false
5143,506.089006451696,0.0,false,47282.566796103194,126.39686700000024,0,2.2737367544323206e-13,false
5144,556.0854078681724,0.0,false,53658.80409967503,133.66389757134758,1,8.899473527497491,false
5145,1103.5835066360696,0.0,false,136119.0378876024,212.6280832722182,2,105.60193955791966,false
5146,1299.2136603366484,147.7804553724425,true,152782.58544947588,9253.80995993183,2,9873.603132000006,true
5147,515.2079906522351,0.0,false,48435.177774559845,126.39686699999993,0,2.1316282072803006e-13,false
5148,985.8295113791041,0.0,false,120136.49605003759,253.22601815248476,1,332.1225874944411,false
5149,772.9254644425332,108.66189085841029,true,67677.84250375725,-2511.5506544819236,3,12511.550654481924,false
5150,262.1370915894579,0.0,false,17778.72380370163,96.05429600000008,0,1.7053025658242404e-13,false
5151,351.92698248432293,0.0,false,27796.970881220423,126.3968650000001,0,1.7053025658242404e-13,false
5152,790.4327818779523,0.0,false,84799.03137519398,133.6639002675927,1,8.899476829419243,false
5153,540.0323616997739,0.0,false,51572.90035126805,126.39686700000019,0,1.9895196601282805e-13,false
5154,733.4809469610465,0.0,false,77103.55034881609,133.66389936884428,1,8.899475728778697,false
5155,455.4533009166658,0.0,false,40882.37256195501,126.39686600000007,0,1.1368683772161603e-13,false
5156,267.0300065182826,0.0,false,18248.709287899026,96.05429600000005,0,7.105427357601002e-14,false
5157,238.23014011301288,0.0,false,15482.358481846406,96.05429600000005,0,7.105427357601002e-14,false
5158,1094.0365734627287,124.4650762771146,true,132217.29071133205,3896.874247690883,1,9873.603135,true
5159,774.4340546231317,0.0,false,83590.16571082614,137.08524548734061,1,27.989242907314818,false
5160,722.854402244924,0.0,false,75758.84005381477,133.66389936884428,1,8.899475728778668,false
5161,1190.2974965186463,74.04502415265439,true,143379.49789657383,9969.473193278036,2,9903.945704000003,false
5162,338.5886973565894,0.0,false,26111.053509951882,126.39686500000059,0,6.536993168992922e-13,false
5163,746.6379488200232,0.0,false,78585.77940936595,137.08524087793097,1,27.989225599508572,false
5164,1383.198385637317,201.54849831863774,true,146415.31274508496,10000.0,2,9873.603131000007,false
5165,287.2840260731743,0.0,false,20194.194816652427,96.05429600000045,0,4.973799150320701e-13,false
5166,437.2540113742746,0.0,false,38582.039491366755,126.39686600000063,0,6.252776074688882e-13,false
5167,1709.666172385221,600.9882134648748,true,149799.91081941914,10000.000000000002,3,9873.603133,true
5168,1575.5573685478776,435.3067941559838,true,146148.6703394905,9969.47319327803,2,9903.945704,false
5169,613.1092265011094,0.0,false,61785.223823886736,137.0852415216941,1,27.98923252262935,false
5170,412.8562079636763,0.0,false,35498.23372497191,126.39686600000039,0,6.252776074688882e-13,false
5171,408.14720159221196,0.0,false,34903.03010118983,126.39686600000039,0,6.252776074688882e-13,false
5172,375.8606686180721,0.0,false,30822.113680685572,126.39686500000042,0,9.094947017729282e-13,false
5173,1382.0155578633476,287.47284071900435,true,148013.26062945608,9999.999999999996,4,9873.603132999993,true
5174,918.1826390185362,0.0,false,105284.18103691713,253.22601683060304,1,332.12258403287973,false
5175,883.1196307904294,0.0,false,97155.15931622585,133.66390116634102,1,8.899477930059788,false
5176,597.8416924670959,0.0,false,59061.48493860028,137.08523855604844,1,27.989222137947323,false
5177,961.4115084738186,0.0,false,107323.23499610546,133.66390216634105,1,8.899477930059803,false
5178,1132.9291647230732,37.50698379167267,true,149169.0659915508,9000.28171559064,2,9989.999999,false
5179,914.4826230250851,0.0,false,102232.59948090589,154.07121269626163,1,72.46973756693734,false
5180,578.855041778586,0.0,false,56479.9652488372,126.3968680000001,0,1.4210854715202004e-13,false
5181,699.9429608161031,0.0,false,72305.01979555357,137.0852395560484,1,27.989222137947067,false
5182,892.8466589538634,0.0,false,98783.27097080283,137.0852451654586,1,27.989239445753398,false
5183,677.9170342585,0.0,false,69555.56159327192,133.66389847009586,1,8.89947462813808,false
5184,833.3653821959556,0.0,false,90726.6449059989,137.0852438435766,1,27.989235984192376,false
5185,987.3238595385985,0.0,false,113267.04452091607,212.62808237346974,1,105.60193845727918,false
5186,733.9888140755573,0.0,false,77192.85085590772,133.6638993688442,1,8.899475728778626,false
5187,709.229082009501,0.0,false,73968.2811958496,133.6638993688442,1,8.899475728778626,false
5188,791.4875507434117,0.0,false,84775.32980048578,133.6639002675927,1,8.8994768294192,false
5189,236.52346633129866,0.0,false,15318.4251383622,96.05429600000011,0,1.1368683772161603e-13,false
5190,833.7843302875185,0.0,false,90376.45659507261,133.66390116634108,1,8.899477930059774,false
5191,857.305897433769,0.0,false,94436.00392800478,137.08524548734064,1,27.98924290731476,false
5192,429.2219857608057,0.0,false,37566.81666635253,126.39686600000022,0,2.8421709430404007e-13,false
5193,606.505968166682,0.0,false,60174.18660226363,133.66389757134758,1,8.899473527497548,false
5194,904.3353483851278,25.57349830949356,true,115468.62065885104,3351.329611574911,1,10756.182234308111,true
5195,705.5145943080888,0.0,false,73390.96898926713,133.66389936884434,1,8.89947572877864,false
5196,477.85486909895593,0.0,false,43713.86046167398,126.39686700000019,0,2.1316282072803006e-13,false
5197,1315.1901517562344,202.85159455383243,true,137654.57818665274,9999.999999999996,5,9873.603132000022,false
5198,479.0064651299807,0.0,false,43859.4185851356,126.39686700000021,0,2.2737367544323206e-13,false
5199,178.72313975197085,0.0,false,9766.45563361576,96.05429600000016,0,1.7053025658242404e-13,false
5200,534.8589727958151,0.0,false,50919.00023307545,126.39686700000021,0,2.2737367544323206e-13,false
5201,901.6332691585536,0.0,false,99704.40315043999,133.66390206508945,1,8.899479030700277,false
5202,924.6693491624017,0.0,false,102934.72222408904,133.66390206508945,1,8.899479030700277,false
5203,868.4332072963542,0.0,false,95260.3007005519,133.6639011663412,1,8.89947793005976,false
5204,517.575248298912,0.0,false,48734.39171027811,126.39686700000021,0,2.2737367544323206e-13,false
5205,623.5838869219593,0.0,false,62281.41491761806,137.08523855604852,1,27.989222137947024,false
5206,547.854171280833,0.0,false,52561.55252965372,126.39686800000015,0,1.9895196601282805e-13,false
5207,1838.7928998552218,705.1315281935374,true,143888.72182240605,10000.0,3,9903.945704000007,false
5208,1525.7048014167128,408.2408246091155,true,138302.4151360572,10000.0,2,9873.603132,false
5209,394.79128389091835,0.0,false,33214.88402797193,126.39686600000007,0,3.979039320256561e-13,false
5210,279.26630810591485,0.0,false,19424.058585833805,96.05429600000004,0,1.8474111129762605e-13,false
5211,565.5180179608647,0.0,false,54794.20730319495,126.39686800000005,0,2.8421709430404007e-13,false
5212,447.3769453706529,0.0,false,39861.546572619016,126.39686600000007,0,3.979039320256561e-13,false
5213,695.0029202972142,0.0,false,71368.82841080977,133.6638976725992,1,8.899472426857074,false
5214,1944.9748384105237,951.9002714031407,true,114773.91833009484,9999.999999999993,2,9873.603131999993,false
5215,328.93297140010395,0.0,false,24890.600058375938,126.3968650000001,0,2.984279490192421e-13,false
5216,757.3168019074482,0.0,false,80380.91632014883,133.6639002675927,1,8.899476829419228,false
5217,300.78998356722144,0.0,false,21491.50001503111,96.05429600000014,0,2.7000623958883807e-13,false
5218,411.76423546244496,0.0,false,35360.21182851796,126.3968660000001,0,3.410605131648481e-13,false
5219,1123.366152805526,3.8664236927254945,true,149650.16688188197,9000.281715590638,2,9989.999998999996,false
5220,457.83256939226686,0.0,false,41183.104628747235,126.39686600000033,0,4.547473508864641e-13,false
5221,678.998466014978,0.0,false,69716.76586640914,133.6638984700959,1,8.899474628137966,false
5222,1736.6046621293544,641.5602407357887,true,148076.67447170807,10000.0,4,9873.603133000002,true
5223,499.6282120525534,0.0,false,46465.942664485156,126.39686699999996,0,2.2737367544323206e-13,false
5224,916.542996563454,25.12784083253174,true,118479.75647803058,3623.854257012455,1,11539.169161060621,true
5225,541.1486783414907,0.0,false,51713.9992706631,126.39686699999984,0,3.410605131648481e-13,false
5226,213.36723393339363,0.0,false,13094.169606837722,96.054296,0,1.9895196601282805e-13,false
5227,498.1560269589822,0.0,false,46279.863089846745,126.39686699999984,0,3.410605131648481e-13,false
5228,511.54256631363523,0.0,false,47971.879643927794,126.39686699999984,0,3.410605131648481e-13,false
5229,1520.810706968167,404.31362859611545,true,138180.20220889847,9999.999999999995,3,9873.603132000033,false
5230,860.6854876373998,0.0,false,94362.50483340932,133.66390206508913,1,8.899479030700505,false
5231,894.7413597176745,69.35594947642674,true,102766.50832044952,3623.854257012454,1,11539.169161060621,true
5232,502.63292634260114,0.0,false,46845.72911894907,126.39686699999976,0,5.400124791776761e-13,false
5233,308.268294972206,0.0,false,22278.64982430897,126.39686499999986,0,2.8421709430404007e-13,false
5234,344.3988168446192,0.0,false,26845.434375273835,126.39686499999986,0,2.8421709430404007e-13,false
5235,483.1265422114871,0.0,false,44380.18339531599,126.39686699999976,0,5.400124791776761e-13,false
5236,1641.769975588764,486.09432432739885,true,143132.25084056729,9999.999999999996,2,9873.603131,false
5237,361.52902167293473,0.0,false,29010.638493859915,126.39686500000002,0,5.684341886080802e-14,false
5238,578.2695974608179,0.0,false,56405.96692478095,126.39686799999998,0,7.105427357601002e-14,false
5239,399.67458394438654,0.0,false,33832.11782605145,126.39686600000002,0,5.684341886080802e-14,false
5240,1208.4868454942232,89.54466162826743,true,151701.2143467596,9080.98638237986,1,9989.999999,false
5241,1570.232311621991,530.1150360370962,true,141134.05565780262,10000.000000000007,4,9873.603134000008,true
5242,777.4694790526725,0.0,false,83355.85629477058,133.66390116634108,1,8.89947793005976,false
5243,275.42171460866336,0.0,false,19054.76887558293,96.05429599999994,0,1.4210854715202004e-13,false
5244,429.17626836734144,0.0,false,37561.03813132556,126.3968659999999,0,2.5579538487363607e-13,false
5245,951.4637277614652,0.0,false,106421.06666743533,133.6639020650894,1,8.899479030700363,false
5246,983.8055101737613,0.0,false,110692.9718712055,145.21266959196026,1,23.042527420904477,false
5247,555.2769175718314,0.0,false,54570.16646190766,137.08524184357663,1,27.98923598419259,false
5248,485.02782466159266,0.0,false,44620.49952888367,126.39686700000004,0,1.4210854715202004e-13,false
5249,444.2959606222813,0.0,false,39472.11977163596,126.39686599999996,0,2.2737367544323206e-13,false
5250,354.40854420195944,0.0,false,28110.632492707435,126.39686500000002,0,7.105427357601002e-14,false
5251,371.33043094254305,0.0,false,30249.505858914687,126.39686500000002,0,7.105427357601002e-14,false
5252,631.1124119967941,0.0,false,63692.533656025735,133.66389847009586,1,8.899474628138094,false
5253,369.9448832053593,0.0,false,30074.376974169143,126.39686500000046,0,5.258016244624741e-13,false
5254,444.5382924046367,0.0,false,39502.74974824628,126.39686600000059,0,7.673861546209082e-13,false
5255,780.6051476870908,0.0,false,83895.25160819858,133.66390106508993,1,8.89947903070042,false
5256,597.7124209508329,0.0,false,60047.27780717591,137.085241843577,1,27.98923598419212,false
5257,818.0207102063371,0.0,false,88608.37343479585,137.08524384357696,1,27.989235984192064,false
5258,338.71960850634815,0.0,false,26127.600268351354,126.39686500000059,0,6.536993168992922e-13,false
5259,1960.717355669557,867.3916861086936,true,151100.49530384172,9000.28171559064,2,9989.999998999996,false
5260,657.5665330157905,0.0,false,66614.09773005552,133.6638976725996,1,8.89947242685703,false
5261,1009.2800019250163,0.0,false,122121.37774031585,253.22601815248524,1,332.1225874944411,false
5262,461.97909330801497,0.0,false,41707.21223575932,126.39686600000059,0,7.673861546209082e-13,false
5263,318.9002380710745,0.0,false,23622.494058336604,126.39686500000062,0,6.394884621840902e-13,false
5264,269.5804939986228,0.0,false,18493.694559628453,96.05429600000042,0,4.973799150320701e-13,false
5265,309.4224745330828,0.0,false,22424.53449783424,126.39686500000062,0,6.394884621840902e-13,false
5266,1231.4870058660479,98.72734068633024,true,144490.89329510203,9969.473193278027,2,9903.945703999994,false
5267,264.0256286107895,0.0,false,17960.125892090018,96.05429600000045,0,5.115907697472721e-13,false
5268,165.194190864007,0.0,false,8466.942013149279,96.05429600000045,0,5.115907697472721e-13,false
5269,1501.140054656782,391.3737982494518,true,151609.45507217335,9080.98638237987,1,9989.999998999996,false
5270,770.060856526786,0.0,false,82463.48167209164,133.6639011663415,1,8.899477930059675,false
5271,598.2260680358139,0.0,false,58978.55623442615,137.0852385560489,1,27.989222137946896,false
5272,792.6749445020108,0.0,false,85045.6319397492,133.66390026759314,1,8.8994768294192,false
5273,325.3540422197279,0.0,false,24438.23464423513,126.39686500000066,0,6.536993168992922e-13,false
5274,171.09263216646815,0.0,false,9033.512622259179,96.05429600000052,0,5.542233338928781e-13,false
5275,320.26036711618127,0.0,false,23794.41010019305,126.39686500000066,0,6.536993168992922e-13,false
5276,594.161516030393,0.0,false,58414.65554724306,126.39686800000071,0,6.679101716144942e-13,false
5277,389.3326994974985,0.0,false,32524.936095140198,126.3968660000007,0,7.673861546209082e-13,false
5278,768.7160531359959,0.0,false,81939.66633706578,137.0852425216946,1,27.989232522631127,false
5279,719.3134193238898,0.0,false,75565.86221988346,137.0852425216946,1,27.989232522631127,false
5280,276.109077770789,0.0,false,19120.793058155148,96.05429600000005,0,9.947598300641403e-14,false
5281,424.75783222321877,0.0,false,37002.56167217951,126.39686600000002,0,9.947598300641403e-14,false
5282,761.0514712991977,0.0,false,81120.4741111852,137.0852438435765,1,27.989235984192405,false
5283,559.4726610912184,0.0,false,54059.35028395273,133.6638975713475,1,8.899473527497591,false
5284,835.396242373896,0.0,false,90832.8121843991,137.0852438435765,1,27.989235984192405,false
5285,436.719768468188,0.0,false,38514.51286502574,126.39686599999999,0,8.526512829121202e-14,false
5286,206.3421646636673,0.0,false,12419.381544858154,96.05429600000005,0,9.947598300641403e-14,false
5287,617.3819178718364,0.0,false,61964.513754470034,133.66389836884431,1,8.899475728778697,false
5288,404.16812388100044,0.0,false,34400.0871688176,126.39686599999999,0,8.526512829121202e-14,false
5289,1407.835056339623,227.20062406518971,true,146286.96241500552,10000.0,2,9873.603131,false
5290,1948.748471649366,836.3095631686292,true,137667.26227323152,9999.999999999998,2,9873.603132000004,false
5291,503.5205446927155,0.0,false,46957.92129216947,126.39686700000004,0,9.947598300641403e-14,false
5292,335.4973363776106,0.0,false,25720.31518599109,126.3968650000001,0,9.947598300641403e-14,false
5293,731.1564742980385,0.0,false,76555.31410379616,133.6638993688442,1,8.899475728778683,false
5294,532.7019668788711,0.0,false,50646.36145601531,126.3968670000001,0,1.1368683772161603e-13,false
5295,1204.4301338060495,34.59167064780968,true,151541.3980182798,9000.281715590638,2,9903.945704,false
5296,690.190920419887,0.0,false,71493.73674436026,133.66389936884434,1,8.899475728778654,false
5297,801.0833957333399,0.0,false,86212.05193765087,133.66390116634113,1,8.89947793005976,false
5298,1256.477701823508,138.56927809080065,true,138358.59183227216,10000.000000000002,2,9873.603132,false
5299,302.0496486891133,0.0,false,21612.496257731153,96.05429600000008,0,1.4210854715202004e-13,false
5300,1566.6790505299905,450.73722930469336,true,138110.01944850088,9999.999999999995,3,9873.603132000031,false
5301,479.45817097059825,0.0,false,43916.51278548495,126.3968670000001,0,2.2737367544323206e-13,false
5302,543.2426841142991,0.0,false,51978.675027261976,126.3968670000001,0,2.2737367544323206e-13,false
5303,1060.1627032170657,0.0,false,128001.72552550162,253.22601783060304,1,332.1225840328805,false
5304,467.81353917211146,0.0,false,42444.66787865544,126.3968670000001,0,2.2737367544323206e-13,false
5305,489.9077097429788,0.0,false,45237.30168521162,126.3968670000001,0,2.2737367544323206e-13,false
5306,1158.369567116105,47.431112639988896,true,150085.63036197243,7649.66817456126,4,9873.603133,true
5307,1367.8590459971156,222.5931998197738,true,141816.48415432495,10000.000000000007,2,9873.603131000013,false
5308,866.3222626505113,0.0,false,94906.95313305246,133.6639011663411,1,8.899477930059646,false
5309,798.5766423543407,0.0,false,86237.27660551772,137.08524384357662,1,27.989235984192092,false
5310,866.4330951500122,0.0,false,94743.4062529733,133.6639011663411,1,8.899477930059646,false
5311,541.4030087478485,0.0,false,51746.14583568364,126.39686700000017,0,1.8474111129762605e-13,false
5312,754.9023417810818,0.0,false,80123.70578549695,133.66390026759277,1,8.899476829419498,false
5313,2901.4278955443715,2021.4643763907075,true,96816.27851843607,9999.999999999996,3,9873.603132,false
5314,928.0394033767562,49.98936681140237,true,115299.22878484127,6623.191192253159,2,13113.42545388011,true
5315,876.2677451701536,0.0,false,96130.90303937843,133.66390116634156,1,8.899477930060172,false
5316,1344.2634936380714,201.2433805650503,true,141532.6305392951,9999.999999999996,2,9873.603131,false
5317,825.2650290137086,0.0,false,90738.5963704278,154.07121169626146,1,72.46973756693762,false
5318,362.61519289327686,0.0,false,29147.927126619663,126.39686499999996,0,2.5579538487363607e-13,false
5319,1201.2905967517675,76.58435959839335,true,139217.81411030813,10000.0,2,9873.603133,false
5320,545.2280266739439,0.0,false,52229.61609481074,126.39686800000004,0,2.2737367544323206e-13,false
5321,418.8317280930786,0.0,false,36253.52071217063,126.39686599999993,0,3.410605131648481e-13,false
5322,400.21070582652334,0.0,false,33899.88194906695,126.39686599999993,0,3.410605131648481e-13,false
5323,675.7565564845456,0.0,false,69422.02663523651,133.66389847009577,1,8.89947462813818,false
5324,775.6669441095225,0.0,false,83012.71191659913,133.66390116634085,1,8.899477930059874,false
5325,610.2854599246942,0.0,false,60686.92694909003,133.66389757134752,1,8.89947352749762,false
5326,741.5644323703817,0.0,false,78420.44973720824,137.0852425216944,1,27.9892325226309,false
5327,501.2121897742584,0.0,false,46666.152476402516,126.3968669999999,0,2.4158453015843406e-13,false
5328,1242.6042155031662,128.88327562360791,true,139734.08425523646,9969.473194284103,2,9903.945704000002,false
5329,944.2387568716942,0.0,false,105104.13890878031,133.66390216634085,1,8.899477930059746,false
5330,722.7671077813799,0.0,false,75777.81237334714,133.66389936884423,1,8.899475728778796,false
5331,1523.8507283838646,307.7023025928588,true,150775.81971707457,10000.000000000007,2,9873.60313100001,false
5332,1063.0408277154186,57.03439581975938,true,136822.55208942172,9999.999999999993,2,9873.603134,true
5333,1031.0473277498534,0.0,false,126546.16549857722,253.22601815248504,1,332.1225874944405,false
5334,676.0881670624262,0.0,false,69492.25594250852,133.66389847009617,1,8.899474628138165,false
5335,564.8939172463741,0.0,false,54715.32293193555,126.39686800000032,0,3.410605131648481e-13,false
5336,995.4558021385618,0.0,false,112831.8729578737,145.2126731869542,1,23.04253182346673,false
5337,1557.8537630699427,434.8699644057082,true,139000.10329201556,10000.0,4,9873.603132000004,false
5338,453.6217330580463,0.0,false,40650.868133917014,126.39686600000039,0,4.547473508864641e-13,false
5339,969.4483094742527,44.0161665408002,true,126574.85600511008,6623.19119225316,2,13113.425453880118,true
5340,727.7075046939727,0.0,false,76881.65006947088,137.08524284357668,1,27.989235984192504,false
5341,565.2974907328309,0.0,false,54766.33335380657,126.39686800000055,0,5.826450433232822e-13,false
5342,1434.8964006775213,324.5641460548637,true,151615.11505432663,9080.986382379866,1,9989.999998999998,false
5343,1028.7782659664233,8.940603833140813,true,138570.77617522556,3896.8742483090064,1,9873.603134,true
5344,887.3745680733485,0.0,false,97636.77264353642,133.66390116634102,1,8.899477930059817,false
5345,888.4302652457418,0.0,false,106014.6078869481,253.2260184743668,1,332.12259095600234,false
5346,1034.9800385940632,0.0,false,126534.27842366612,253.22601815248504,1,332.12258749444106,false
5347,1777.1105451597823,786.7329755983559,true,111216.82800379812,9999.999999999996,3,9873.603131,false
5348,2211.402285000281,1085.8931880736943,true,139319.29306546543,10000.000000000007,2,9873.60313200001,false
5349,643.104867942985,0.0,false,65219.931471041076,137.08523987793018,1,27.989225599507435,false
5350,1122.6228219995248,206.31084059736517,true,101979.67908966655,9999.999999999996,3,9873.603131999998,false
5351,450.09201952702716,0.0,false,40204.72342336694,126.3968660000001,0,1.7053025658242404e-13,false
5352,679.0793352371267,0.0,false,69703.37978759517,133.6638984700959,1,8.899474628138137,false
5353,621.2964617826929,0.0,false,62349.78049828748,133.6638984700959,1,8.899474628138137,false
5354,693.3604671821915,0.0,false,71738.81366805857,133.66389936884428,1,8.899475728778668,false
5355,613.5658729831422,0.0,false,61237.46781556786,133.6638975713476,1,8.899473527497577,false
5356,253.12939517018083,0.0,false,16913.49589258933,96.05429600000008,0,1.4210854715202004e-13,false
5357,708.985250358314,0.0,false,74543.6449302137,137.08524416545856,1,27.98923944575357,false
5358,387.3734796998712,0.0,false,32277.296862710926,126.3968660000001,0,1.2789769243681803e-13,false
5359,1022.4069119741348,0.0,false,130699.76602694913,587.3889567366182,1,1207.182136492565,true
5360,452.9636356694672,0.0,false,40567.68668976829,126.39686600000016,0,1.7053025658242404e-13,false
5361,1053.7306447897213,0.0,false,120012.44163225163,154.07121337437968,1,72.46973410537666,false
5362,769.8776866664148,0.0,false,82018.60795477233,133.66390026759274,1,8.899476829419228,false
5363,1279.1477723719172,156.17918618706548,true,144568.98492330065,9969.473193278023,2,9903.945703999998,false
5364,482.5426220342277,0.0,false,44306.377717835785,126.39686700000004,0,1.9895196601282805e-13,false
5365,330.4831644514007,0.0,false,25086.539594003912,126.3968650000001,0,2.7000623958883807e-13,false
5366,401.947318036109,0.0,false,34119.38428113289,126.39686600000005,0,8.526512829121202e-14,false
5367,723.356989714681,0.0,false,75966.76885757747,133.66390026759274,1,8.899476829419257,false
5368,580.1336419021027,0.0,false,56641.57629092383,126.3968680000001,0,1.7053025658242404e-13,false
5369,448.2285420961134,0.0,false,39969.18572555516,126.39686600000005,0,8.526512829121202e-14,false
5370,456.3582749176575,0.0,false,40996.75843496695,126.39686600000005,0,8.526512829121202e-14,false
5371,832.3680664911741,0.0,false,90869.10353292903,137.08524548734064,1,27.98924290731493,false
5372,1326.2016826792094,207.6562965933729,true,138439.1018742829,10000.0,2,9873.603132,false
5373,344.5899388581063,0.0,false,26869.59159784655,126.39686500000002,0,8.526512829121202e-14,false
5374,1150.9791094465818,36.13377457638741,true,141265.79107103194,9969.4731942841,2,9903.945704,false
5375,1352.0877310116025,207.36952289450298,true,141747.2644225462,10000.000000000004,2,9873.603131000005,false
5376,974.2074614580181,14.445545807329758,true,130977.39039759389,3718.7880402498404,1,11367.363649073946,true
5377,441.3211809215668,0.0,false,39096.1169552992,126.39686600000005,0,2.2737367544323206e-13,false
5378,416.48857076784844,0.0,false,35957.35298143241,126.39686600000005,0,2.2737367544323206e-13,false
5379,1979.1767452848835,863.0723152441369,true,138130.57269234458,10000.0,2,9873.603132000007,false
5380,840.8762597855657,0.0,false,91999.5460438681,137.08524548734047,1,27.98924290731398,false
5381,248.0488875132086,0.0,false,16425.49132151778,96.05429600000016,0,1.4210854715202004e-13,false
5382,433.6371681649723,0.0,false,38124.881862981594,126.39686600000022,0,2.7000623958883807e-13,false
5383,687.8983931786221,0.0,false,71646.87731929631,137.08524284357662,1,27.98923598419192,false
5384,2117.342695173343,986.9996239031638,true,139930.29224865016,10000.0,3,9873.603132000004,false
5385,922.710904223972,81.76962644318446,true,106091.10932478886,1686.4957577507962,3,12484.059494813322,true
5386,357.3625086236989,0.0,false,28484.004323120982,126.39686500000009,0,3.552713678800501e-13,false
5387,587.235909856539,0.0,false,58049.09914822352,137.08524019981266,1,27.989229061069466,false
5388,299.9852024352358,0.0,false,21414.197332378455,96.05429599999997,0,8.242295734817162e-13,false
5389,466.44263978880196,0.0,false,42271.390499858266,126.39686699999994,0,1.3642420526593924e-12,false
5390,1075.9017764630657,23.762609493626464,true,142653.5849920918,3896.874248309018,1,9873.603134000012,true
5391,771.9842663591913,0.0,false,82353.69174295614,133.66390026759248,1,8.899476829419214,false
5392,359.98635445550406,0.0,false,28815.650200009055,126.39686499999993,0,1.3216094885137863e-12,false
5393,144.63890899866033,0.0,false,6492.5189461576365,96.05429600000002,0,7.958078640513122e-13,false
5394,881.3145675616566,0.0,false,96861.28375608525,133.66390116634088,1,8.899477930059774,false
5395,388.04668102788435,0.0,false,32362.38739739285,126.39686599999993,0,1.3358203432289883e-12,false
5396,746.8075669660524,0.0,false,78849.11219192861,133.66389936884426,1,8.899475728778683,false
5397,675.7722654157425,0.0,false,69989.70485430425,137.08524284357648,1,27.989235984192234,false
5398,547.3936575057438,0.0,false,52503.34503403515,126.39686800000001,0,2.7000623958883807e-13,false
5399,1057.1641223144543,0.0,false,134286.56433154712,587.3889567366189,1,1207.1821364925663,true
5400,578.4357470064105,0.0,false,56426.96770580051,126.39686800000001,0,2.7000623958883807e-13,false
5401,938.9955670398874,0.0,false,105255.36086188591,145.21267138945726,1,23.04252962218564,false
5402,484.72162777104575,0.0,false,44581.79720307068,126.39686700000016,0,1.7053025658242404e-13,false
5403,1004.5430242701199,0.0,false,116594.02012610191,253.2260165087207,1,332.1225805713181,false
5404,522.0789113331518,0.0,false,49303.64058080775,126.39686700000021,0,2.1316282072803006e-13,false
5405,1000.1253369272869,0.0,false,113678.58936471636,212.62808237346974,1,105.60193845727923,false
5406,687.5747546962618,0.0,false,71554.63740757355,133.663900166341,1,8.899477930059817,false
5407,446.60881670359043,0.0,false,39764.45752025825,126.39686600000024,0,2.4158453015843406e-13,false
5408,803.1037448043013,0.0,false,86422.72030108544,133.6639002675926,1,8.899476829419271,false
5409,733.0935381688914,0.0,false,76510.47435808157,133.6638985713475,1,8.89947352749762,false
5410,740.2108006520707,0.0,false,82157.91119422848,253.2260174743667,1,332.1225909560023,false
5411,909.0995575633481,72.89062990445734,true,105342.20528641637,6623.191192253157,2,21760.98333058932,true
5412,177.16602897024697,0.0,false,9616.888458354597,96.05429600000005,0,1.1368683772161603e-13,false
5413,1041.6543624314772,0.0,false,126825.12418933779,212.6280832722179,1,105.60193955791989,false
5414,240.82083485693843,0.0,false,15731.205833853004,96.05429600000019,0,2.1316282072803006e-13,false
5415,754.5989549632876,0.0,false,79983.82079302405,137.0852425216946,1,27.989232522631127,false
5416,555.9256037660609,0.0,false,53581.75625955989,126.39686800000001,0,8.526512829121202e-14,false
5417,273.6380004539308,0.0,false,18883.435473536,96.05429600000005,0,9.947598300641403e-14,false
5418,721.9544857473722,0.0,false,75661.81050777878,133.66389936884426,1,8.899475728778697,false
5419,1187.6246628295498,270.9354528358556,true,124494.2804419494,6623.191192253154,2,13113.425453880118,true
5420,595.3259116298408,0.0,false,59301.48541481515,137.08524019981252,1,27.989229061069963,false
5421,378.84700653114766,0.0,false,31199.577418783556,126.39686499999999,0,9.947598300641403e-14,false
5422,905.723687492467,0.0,false,100633.81009433168,133.6639020650894,1,8.899479030700377,false
5423,1524.1077888089499,359.0009190474404,true,151468.37497341947,9000.281715590641,2,9989.999998000003,false
5424,224.03552542698122,0.0,false,14118.904803772193,96.054296,0,5.684341886080802e-14,false
5425,1357.0312241733207,348.74477028862214,true,119275.39433311975,10000.0,2,9873.603132,false
5426,1014.0120613125254,0.0,false,115076.7453067481,154.07121501814356,1,72.4697410284988,false
5427,715.5720977460717,0.0,false,74946.37159970962,133.6638993688442,1,8.899475728778697,false
5428,717.5054044447144,0.0,false,74605.99624865907,137.0852395560484,1,27.98922213794738,false
5429,582.0411191145109,0.0,false,56988.64955685354,133.66389757134743,1,8.899473527497591,false
5430,1809.345423959919,647.6727892887338,true,143890.25071903763,10000.0,2,9873.603131000003,false
5431,815.1859093796509,0.0,false,87944.78489263894,133.66390026759262,1,8.899476829419314,false
5432,558.6331239067702,0.0,false,53923.978306439785,126.39686799999997,0,9.947598300641403e-14,false
5433,2619.792279412504,1511.58613955205,true,137132.2536062885,9999.999999999998,2,9873.603131999998,false
5434,299.1939494214703,0.0,false,21338.194083557075,96.05429600000002,0,3.126388037344441e-13,false
5435,607.0449405015346,0.0,false,60256.18591314956,137.08523855604852,1,27.98922213794735,false
5436,885.6328529928011,0.0,false,97549.43019160464,133.66390206508942,1,8.89947903070042,false
5437,465.51921912069355,0.0,false,42154.67302602682,126.39686700000004,0,2.2737367544323206e-13,false
5438,627.7738991406959,0.0,false,63119.34439655287,133.6638984700959,1,8.899474628138222,false
5439,517.3439699560904,0.0,false,48828.057721252655,137.08523887793052,1,27.98922559950853,false
5440,285.3853591061785,0.0,false,20011.819703495064,96.05429600000001,0,3.126388037344441e-13,false
5441,894.0626435982616,0.0,false,99608.6444312311,154.07121269626165,1,72.46973756693755,false
5442,486.27395366813835,0.0,false,44778.006323712136,126.39686700000007,0,1.2789769243681803e-13,false
5443,833.8849445783228,0.0,false,91099.14405700746,133.66390196383784,1,8.899480131340894,false
5444,1110.4728914601471,248.96697424105625,true,97588.7301174089,9999.999999999998,3,9903.945703999998,false
5445,704.9971200544783,0.0,false,73596.68923164984,133.6638993688444,1,8.899475728778668,false
5446,831.3603463481743,0.0,false,90426.66792432682,137.0852438435767,1,27.989235984191893,false
5447,920.9421827022564,0.0,false,102638.66014671348,145.21266959196046,1,23.042527420904477,false
5448,391.994461724734,0.0,false,32861.374485391025,126.39686600000013,0,8.100187187665142e-13,false
5449,920.2821195219818,0.0,false,102266.11870540305,133.66390206508973,1,8.899479030700306,false
5450,846.9332905999956,0.0,false,92637.26117949342,137.08524516545876,1,27.989239445753356,false
5451,1129.7597046485876,22.669475191832362,true,143461.73948202413,9969.473193278027,2,9903.945704,false
5452,239.97229706646783,0.0,false,15649.700136305542,96.05429600000002,0,2.4158453015843406e-13,false
5453,627.2278481744642,0.0,false,63789.13170572822,137.08524284357662,1,27.98923598419242,false
5454,515.5399494580602,0.0,false,48477.13632559749,126.39686700000004,0,2.2737367544323206e-13,false
5455,1300.7326263517427,153.27871227331272,true,142093.04906867727,9999.999999999995,3,9873.603130999998,false
5456,779.0747365321218,0.0,false,83899.18054084787,133.66390106508933,1,8.899479030700348,false
5457,285.0381577187973,0.0,false,19978.46951970157,96.05429599999994,0,3.694822225952521e-13,false
5458,978.8078412135175,0.0,false,109550.39451343239,137.08524484357662,1,27.989235984192703,false
5459,444.53324744749534,0.0,false,40092.94544525459,137.0852408435766,1,27.989235984192632,false
5460,1170.5922761259947,69.50322936231937,true,151522.6829757368,9080.986382379862,1,9989.999999000001,false
5461,517.711072505349,0.0,false,48751.55946361955,126.3968670000003,0,3.694822225952521e-13,false
5462,1060.1402744558989,177.69920310583208,true,98404.59080115095,9954.012466385493,3,10030.314442132254,false
5463,490.35287441598535,0.0,false,45293.56910250786,126.39686700000038,0,7.958078640513122e-13,false
5464,713.2739434871904,0.0,false,75111.49432742836,137.085244165459,1,27.98923944575364,false
5465,523.8047923032832,0.0,false,49521.786517892084,126.39686700000044,0,1.0231815394945443e-12,false
5466,772.2899192948101,0.0,false,82257.73274412545,137.08524252169502,1,27.989232522631212,false
5467,1468.5029694730615,362.16776275731706,true,151575.1445752575,9080.986382379862,1,9989.999999000001,false
5468,1008.2051311518077,0.0,false,114650.57874823755,145.2126740857028,1,23.042532924107377,false
5469,577.7136204914297,0.0,false,56335.6931810621,126.39686800000044,0,5.258016244624741e-13,false
5470,186.84714058333472,0.0,false,10546.80078980383,96.05429600000022,0,8.810729923425242e-13,false
5471,536.4263608062547,0.0,false,51117.113157564105,126.39686700000041,0,9.379164112033322e-13,false
5472,783.7203558945364,0.0,false,83589.24958139275,137.0852421998125,1,27.989229061069906,false
5473,363.931530892529,0.0,false,29314.30811774017,126.39686500000008,0,1.1368683772161603e-13,false
5474,921.3698293932362,0.0,false,102347.70520546872,133.66390206508947,1,8.899479030700334,false
5475,804.1842894531054,0.0,false,86518.57190648401,137.08524252169454,1,27.989232522631113,false
5476,448.19174199979415,0.0,false,39964.53430889586,126.39686600000007,0,1.2789769243681803e-13,false
5477,680.0369790812612,0.0,false,69815.04747059678,137.08523987793046,1,27.989225599508657,false
5478,636.7751088462528,0.0,false,66341.49610714838,137.08524613110467,1,27.98924983043746,false
5479,638.5048150739202,0.0,false,64468.97490638752,137.08523987793046,1,27.989225599508657,false
5480,1045.131747894997,0.0,false,126706.01272264362,253.2260178306028,1,332.12258403287996,false
5481,511.5256445528885,0.0,false,47969.740786486866,126.39686700000007,0,1.2789769243681803e-13,false
5482,1312.1767541242389,188.05111639220502,true,151753.04888542037,9080.986382379864,1,9989.999999,false
5483,857.7552919654893,0.0,false,94589.55205361829,137.08524548734064,1,27.98924290731493,false
5484,908.6256137095044,0.0,false,100736.11490717535,133.66390206508947,1,8.899479030700334,false
5485,587.3506833343039,0.0,false,57553.78767366097,126.39686800000001,0,7.105427357601002e-14,false
5486,1194.8643798334376,66.02879540338316,true,151800.14835240057,9080.986382379864,1,9989.999999,false
5487,1012.0758365170376,0.0,false,114857.59762331456,145.2126731869538,1,23.042531823466717,false
5488,1247.1792839310676,138.57890421290426,true,151597.79630528166,9080.986382379864,1,9989.999999,false
5489,417.87476897245574,0.0,false,36132.56408321859,126.39686600000005,0,1.1368683772161603e-13,false
5490,359.54243006457295,0.0,false,28759.539550474008,126.39686500000008,0,1.1368683772161603e-13,false
5491,327.2544857002776,0.0,false,24678.444734684457,126.39686500000008,0,1.1368683772161603e-13,false
5492,480.1382019680046,0.0,false,44002.46656893978,126.39686700000007,0,1.2789769243681803e-13,false
5493,1125.1476992442765,0.0,false,140826.5036003921,397.3645634507159,1,331.83707316661753,false
5494,534.2165346792028,0.0,false,50837.798071748926,126.39686700000007,0,1.2789769243681803e-13,false
5495,342.33184224304745,0.0,false,26584.175273868394,126.39686500000028,0,2.7000623958883807e-13,false
5496,1005.8153362786884,4.821364626862503,true,136188.99284871394,3718.7880402498367,1,11367.363649073952,true
5497,966.8676652364958,8.628066975695067,true,121673.76043533711,7272.2035943006595,2,10522.31147044477,true
5498,425.9961178780702,0.0,false,37159.07709197413,126.39686600000016,0,1.9895196601282805e-13,false
5499,411.2608279544707,0.0,false,35296.58269970625,126.39686600000016,0,1.9895196601282805e-13,false
5500,591.2274345495915,0.0,false,59426.390636913806,137.08524316545896,1,27.989239445753114,false
5501,621.272156199081,0.0,false,61975.73531094632,133.66389757134772,1,8.899473527497463,false
5502,573.8132676317061,0.0,false,55842.70082280054,126.3968680000003,0,4.121147867408581e-13,false
5503,1627.289450827672,723.5175997657766,true,101481.0912670718,10000.0,3,9873.603133,false
5504,758.7438063393171,0.0,false,80451.79876922454,133.66390026759274,1,8.899476829419172,false
5505,513.8807869660552,0.0,false,48267.423394719146,126.3968669999993,0,9.379164112033322e-13,false
5506,489.1317665418882,0.0,false,45139.22490027931,126.3968669999993,0,9.379164112033322e-13,false
5507,591.750236413674,0.0,false,58109.877372696326,126.39686800000035,0,3.979039320256561e-13,false
5508,215.25149455781337,0.0,false,13275.160928944111,96.05429599999985,0,2.8421709430404007e-13,false
5509,209.54077952544884,0.0,false,12726.622233985874,96.05429599999985,0,2.8421709430404007e-13,false
5510,716.2811713793086,0.0,false,75213.75491109873,133.66390026759274,1,8.899476829419172,false
5511,530.8773516125791,0.0,false,50415.73581382348,126.3968669999993,0,9.379164112033322e-13,false
5512,958.78260642658,0.0,false,108085.9960973505,145.21267318695337,1,23.042531823466675,false
5513,511.87103785743295,0.0,false,48013.397415991494,126.3968669999993,0,9.379164112033322e-13,false
5514,148.88563931450585,0.0,false,6900.435624207868,96.05429599999985,0,2.8421709430404007e-13,false
5515,611.5831247721992,0.0,false,60895.44441956533,133.66389757134692,1,8.899473527497577,false
5516,606.3544914600185,0.0,false,60331.645165353475,133.66389757134692,1,8.899473527497577,false
5517,899.3877007404959,0.0,false,99432.04408810913,133.66390206508888,1,8.899479030700306,false
5518,1356.3607960715585,244.59569981003864,true,140389.77173428575,9969.473194284104,2,9903.945704,false
5519,1900.8668257070296,776.9883346363079,true,139113.1896037559,10000.0,2,9873.603132000007,false
5520,265.8103646872119,0.0,false,18131.557454102338,96.05429600000016,0,1.4210854715202004e-13,false
5521,533.8913030867949,0.0,false,50796.689819370564,126.39686700000013,0,1.8474111129762605e-13,false
5522,1367.2505949066908,234.15884359082762,true,151842.71002125868,9080.986382379862,1,9989.999999000001,false
5523,432.01134007526224,0.0,false,37919.382295916635,126.39686600000007,0,1.1368683772161603e-13,false
5524,859.7856124926412,0.0,false,94199.98978704782,137.08524384357656,1,27.989235984192263,false
5525,545.362157692681,0.0,false,52386.33209984379,137.08523887793044,1,27.989225599508657,false
5526,364.4307463599913,0.0,false,29377.407385790124,126.39686500000002,0,1.8474111129762605e-13,false
5527,469.7702751376943,0.0,false,42691.99316251095,126.39686700000019,0,1.8474111129762605e-13,false
5528,1237.1677102647711,217.68950846083882,true,138525.34151794162,9999.999999999996,2,9873.603133999997,true
5529,1171.1722385377273,0.0,false,142863.57500492613,253.22601750872116,1,332.12258057131845,false
5530,2208.3499329199744,1085.542524406259,true,138977.80813067834,10000.0,3,9873.603132000004,false
5531,250.74892093518096,0.0,false,16684.841122941714,96.05429600000005,0,5.684341886080802e-14,false
5532,978.4600359337319,6.7310989389791285,true,132489.98433100356,3896.8742476908837,1,9873.603135000005,true
5533,1267.3313062469615,156.54447351303205,true,137458.44508470086,10000.0,2,9873.603132000007,false
5534,434.6922264391528,0.0,false,38258.23791701014,126.39686600000012,0,2.1316282072803006e-13,false
5535,579.4511192451232,0.0,false,57643.7245661462,137.08524184357677,1,27.98923598419283,false
5536,376.67991495818626,0.0,false,30925.663846461703,126.39686500000009,0,1.1368683772161603e-13,false
5537,821.5385330657471,0.0,false,88212.26514453521,133.66389947009606,1,8.899474628138393,false
5538,1091.1272308209961,92.74367654820274,true,124320.3742036235,9999.999999999998,3,9873.603133000008,true
5539,930.4515416469363,0.0,false,103479.6997848633,133.66390206508945,1,8.899479030700306,false
5540,1009.2697963570544,0.0,false,117474.88317495109,212.62808237346974,1,105.60193845727918,false
5541,525.7279883378555,0.0,false,49764.872459749546,126.39686700000007,0,1.2789769243681803e-13,false
5542,286.65680745626935,0.0,false,20133.94777584908,96.05429600000005,0,9.947598300641403e-14,false
5543,572.0362257670173,0.0,false,55618.08830923833,126.39686800000004,0,1.1368683772161603e-13,false
5544,117.185965445126,0.0,false,3855.5458623540085,96.05429600000005,0,9.947598300641403e-14,false
5545,1197.3584766361296,80.63812023463647,true,143632.7969064075,9969.473193278034,2,9903.945704000002,false
5546,706.8691307061353,0.0,false,75750.93567273775,154.07121201814354,1,72.46974102849866,false
5547,331.1692456030433,0.0,false,25173.258097962753,126.39686500000013,0,1.4210854715202004e-13,false
5548,654.0132843261622,0.0,false,66767.99792667247,133.66389936884423,1,8.899475728778597,false
5549,524.4889531426887,0.0,false,49608.26230041198,126.39686700000019,0,2.4158453015843406e-13,false
5550,1131.3657202331003,101.22148087378943,true,139873.4951842496,3896.87424830901,1,9873.603134,true
5551,1283.115829353361,350.5588046128578,true,127538.7775826991,10000.0,2,9873.603135000001,true
5552,241.02178181655404,0.0,false,15750.507651989374,96.05429600000011,0,1.7053025658242404e-13,false
5553,643.8221692654342,0.0,false,65412.15328446941,137.08523987793035,1,27.989225599508146,false
5554,420.6949780083086,0.0,false,36489.029652714285,126.3968660000001,0,1.2789769243681803e-13,false
5555,405.46555125551083,0.0,false,34564.07791633122,126.3968660000001,0,1.2789769243681803e-13,false
5556,692.6401079023373,0.0,false,71524.08608677883,137.08523987793035,1,27.989225599508146,false
5557,984.7892982194627,0.0,false,110630.64561805819,133.66390216634105,1,8.899477930059788,false
5558,468.0128898270663,0.0,false,42469.86517568001,126.39686700000007,0,1.4210854715202004e-13,false
5559,192.42993014151057,0.0,false,11083.051693782185,96.05429600000008,0,1.4210854715202004e-13,false
5560,866.2966004066526,0.0,false,95631.6900676053,137.08524548734067,1,27.989242907314875,false
5561,1545.433000661369,421.38478464010177,true,139134.64230473817,10000.000000000005,3,9873.603132000006,false
5562,240.36640608447732,0.0,false,15687.555999395376,96.05429600000008,0,1.5631940186722204e-13,false
5563,1337.6829575720662,222.28285983108373,true,151665.79348550987,9080.986382379864,1,9989.999998999996,false
5564,541.5178562109643,0.0,false,51760.662194515244,126.39686699999996,0,7.105427357601002e-14,false
5565,796.3704531703784,0.0,false,86710.31770484823,137.0852458092226,1,27.989246368876394,false
5566,566.0020086300701,0.0,false,54855.38220453574,126.39686799999996,0,9.947598300641403e-14,false
5567,916.3979789832146,0.0,false,102753.23941743666,154.0712153400256,1,72.46974449006044,false
5568,723.6344767358893,0.0,false,75789.92810553739,133.66389936884426,1,8.899475728778711,false
5569,558.7706810396495,0.0,false,53941.36509624393,126.39686799999993,0,2.1316282072803006e-13,false
5570,346.0982092398261,0.0,false,27060.232239635225,126.39686500000005,0,1.2789769243681803e-13,false
5571,1061.783494066934,0.0,false,123124.42844132562,212.62808247472134,1,105.60193735663877,false
5572,864.8105570264094,0.0,false,95167.98173979824,133.66390206508942,1,8.899479030700405,false
5573,1299.263165741127,108.3272921497206,true,147589.0322612467,10000.0,3,9873.603131,false
5574,351.6140375814383,0.0,false,27757.415627829818,126.396865,0,2.4158453015843406e-13,false
5575,755.9060700896948,0.0,false,81459.04757914269,162.5686996995666,1,114.45813316480088,false
5576,850.0386542022898,0.0,false,93067.70581777328,133.66390206508947,1,8.899479030700377,false
5577,230.0864500013465,0.0,false,14700.122085759182,96.05429600000004,0,2.2737367544323206e-13,false
5578,335.9305197746453,0.0,false,25775.06820761358,126.39686500000009,0,4.547473508864641e-13,false
5579,877.6626941396248,0.0,false,96336.98194093633,133.66390116634108,1,8.899477930059831,false
5580,343.94105841732875,0.0,false,26787.575146967967,126.39686500000009,0,4.547473508864641e-13,false
5581,787.7402694357154,0.0,false,84406.12200291578,133.66390026759288,1,8.899476829419186,false
5582,736.1167918161489,0.0,false,78698.41583340027,137.0852458092227,1,27.98924636887604,false
5583,368.09531002084543,0.0,false,29840.596729456713,126.39686500000019,0,1.8474111129762605e-13,false
5584,649.9556539981907,0.0,false,66229.66796619294,133.663898470096,1,8.899474628138108,false
5585,485.2144707432495,0.0,false,44644.09100772308,126.39686700000019,0,2.1316282072803006e-13,false
5586,329.54111682703456,0.0,false,24967.467731371475,126.39686500000019,0,1.8474111129762605e-13,false
5587,684.8410064520095,0.0,false,70370.59357122607,133.663898470096,1,8.899474628138108,false
5588,1337.613179125647,221.10711720284738,true,139106.8133493976,9969.473194284103,2,9903.945704000002,false
5589,844.4462627557899,0.0,false,92077.57337610704,133.66390116634182,1,8.899477930060527,false
5590,327.1761052928882,0.0,false,24668.537697226464,126.39686500000036,0,4.689582056016661e-13,false
5591,1330.4620290876526,232.62241941541106,true,148316.78789038537,9000.281715590634,2,9989.999998999998,false
5592,590.6317662359778,0.0,false,57968.50625311335,126.39686800000032,0,3.552713678800501e-13,false
5593,502.43816748295956,0.0,false,46821.11221043837,126.39686700000016,0,2.7000623958883807e-13,false
5594,753.138861601881,0.0,false,80223.23953317328,137.08524416545865,1,27.989239445753483,false
5595,309.74059977544636,0.0,false,22464.74452987373,126.39686500000008,0,1.1368683772161603e-13,false
5596,1081.9997264867752,0.0,false,132523.9177218832,253.2260178306028,1,332.12258403287996,false
5597,792.4099135164925,0.0,false,84907.35172859718,133.6639002675927,1,8.899476829419228,false
5598,1301.714504606811,203.62919212633162,true,136327.89969890998,10000.0,2,9873.603132,true
5599,582.6686516308883,0.0,false,56961.993563246884,126.39686800000024,0,2.984279490192421e-13,false
5600,683.7292998602513,0.0,false,70374.44856906467,133.66389847009583,1,8.899474628138094,false
5601,586.7977254813709,0.0,false,57483.89553678503,126.39686800000024,0,2.984279490192421e-13,false
5602,749.884573845812,0.0,false,79606.80561135962,137.08524252169457,1,27.989232522630672,false
5603,1434.243378321436,443.2974055378894,true,134918.9573324318,9999.999999999996,2,9873.603135000003,true
5604,988.3985508555694,0.0,false,111677.04979530575,145.21267228820565,1,23.042530722826143,false
5605,478.37966060968955,0.0,false,43780.19246131014,126.39686700000019,0,2.1316282072803006e-13,false
5606,522.7160360860403,0.0,false,49384.17114963827,126.39686700000019,0,2.1316282072803006e-13,false
5607,895.5890676483474,0.0,false,99102.35380595767,137.08524516545864,1,27.98923944575347,false
5608,550.5389224780281,0.0,false,52900.89665354512,126.39686800000013,0,1.4210854715202004e-13,false
5609,313.1621577906873,0.0,false,22897.218722729594,126.39686500000022,0,2.4158453015843406e-13,false
5610,468.64687098170907,0.0,false,42549.99840356004,126.39686700000021,0,2.2737367544323206e-13,false
5611,871.3190258354363,0.0,false,95750.4150020933,137.08524516545856,1,27.989239445753384,false
5612,710.553510091338,0.0,false,74334.7373249873,137.08524252169468,1,27.989232522631,false
5613,801.0878894685783,0.0,false,86873.19450105318,137.08524548734061,1,27.989242907314605,false
5614,1115.001549226912,185.31909856984868,true,107060.15949631957,10000.0,4,9873.603133000015,false
5615,185.03740116541633,0.0,false,10372.967549501433,96.05429600000002,0,2.5579538487363607e-13,false
5616,466.9829328472586,0.0,false,42339.681846467334,126.39686700000016,0,3.126388037344441e-13,false
5617,977.7197777087707,5.354831049878615,true,132570.3739561165,3718.7880402498367,1,11367.36364907395,true
5618,782.1833038216871,0.0,false,84302.1773745801,137.08524416545862,1,27.989239445753867,false
5619,629.5524634258787,0.0,false,63265.64626499723,133.6638975713476,1,8.89947352749762,false
5620,432.82916333661035,0.0,false,38022.75258900385,126.39686600000005,0,3.126388037344441e-13,false
5621,841.9217690483357,0.0,false,91906.52394460204,133.66390116634102,1,8.899477930059803,false
5622,1246.1732326069284,127.61114597950265,true,138441.21277031675,10000.0,2,9873.603132000007,false
5623,815.0836532500579,0.0,false,88169.78293872744,137.0852438435765,1,27.98923598419242,false
5624,642.61140869432,0.0,false,64867.83105526345,133.66389757134755,1,8.899473527497562,false
5625,358.604419323497,0.0,false,28640.977937217795,126.39686500000005,0,6.110667527536862e-13,false
5626,1629.9911629878904,487.93849561645237,true,151932.3191818144,9080.986382379866,1,9989.999998999998,false
5627,531.0649158708239,0.0,false,50439.44334730126,126.39686700000004,0,3.694822225952521e-13,false
5628,898.6465554629333,0.0,false,99366.74734802582,133.66390206508936,1,8.899479030700334,false
5629,236.94923569412745,0.0,false,15359.322113489785,96.05429600000002,0,2.4158453015843406e-13,false
5630,1173.2357956498875,112.24412603843632,true,143348.9616673526,10000.000000000004,3,9873.603134000008,true
5631,475.9779858041841,0.0,false,43476.62830475149,126.39686700000061,0,6.252776074688882e-13,false
5632,1142.8832973747276,125.22631942888133,true,116759.03616549322,9999.999999999996,4,9873.603132000004,false
5633,1054.76783342583,0.0,false,128793.70247388119,212.6280832722186,1,105.6019395579197,false
5634,836.729164531684,98.323449409208,true,77815.94231299794,134.48259199999302,3,9874.320563229769,false
5635,347.06273816734273,0.0,false,27182.145668417255,126.39686500000147,0,1.5916157281026244e-12,false
5636,872.9036220670496,0.0,false,95786.59794388384,133.6639011663422,1,8.899477930059632,false
5637,731.4119235487365,0.0,false,76910.48354974754,133.66389936884553,1,8.899475728778555,false
5638,662.2085537294878,0.0,false,67369.4206446504,133.66389757134834,1,8.899473527497477,false
5639,469.8150379131995,0.0,false,42697.65103682455,126.39686700000073,0,8.526512829121202e-13,false
5640,465.95391716943146,0.0,false,42209.617494870414,126.39686700000073,0,8.526512829121202e-13,false
5641,249.62733317858394,0.0,false,16577.107803944462,96.05429600000048,0,4.973799150320701e-13,false
5642,298.6751462768935,0.0,false,21288.36081429871,96.05429600000048,0,4.973799150320701e-13,false
5643,514.193250024521,0.0,false,48306.91774448788,126.39686700000073,0,8.526512829121202e-13,false
5644,521.4155017628208,0.0,false,49219.78769356064,126.39686700000073,0,8.526512829121202e-13,false
5645,806.1027035154228,0.0,false,86920.027680104,133.6639011663422,1,8.899477930059632,false
5646,941.2883753576245,26.689603550464824,true,104955.07921384486,-2511.550648163004,3,12511.550648163004,false
5647,887.6748866211915,0.0,false,97877.16629933837,133.66390206508964,1,8.899479030700348,false
5648,524.4131054031103,0.0,false,49598.675384215356,126.39686700000021,0,4.121147867408581e-13,false
5649,1529.3064698938304,493.5859509303326,true,123575.29304540255,10000.0,2,9873.603132,false
5650,469.7793982310737,0.0,false,42693.1462928767,126.39686700000033,0,4.263256414560601e-13,false
5651,907.4266646998357,0.0,false,101286.7216596898,154.07121269626182,1,72.46973756693741,false
5652,526.5703495133511,0.0,false,49871.34426816047,126.39686700000009,0,3.410605131648481e-13,false
5653,991.1419735773147,0.0,false,113127.27085309128,253.2260165087211,1,332.12258057131845,false
5654,429.5661913747071,0.0,false,37610.32317548826,126.39686600000022,0,6.394884621840902e-13,false
5655,1631.16489228591,640.5434245562827,true,134877.9409122378,10000.000000000004,3,9873.603135000005,true
5656,1097.5528654268337,147.45227527321458,true,129756.22918166501,6748.41830061096,2,20953.98916163896,true
5657,732.490308520951,0.0,false,78092.06121628417,137.0852444873406,1,27.98924290731493,false
5658,603.725770155641,0.0,false,59623.54724648052,126.39686800000004,0,1.1368683772161603e-13,false
5659,601.5373241501817,0.0,false,59383.1905856906,137.08523855604844,1,27.98922213794738,false
5660,404.42980917667035,0.0,false,34433.163368760135,126.39686600000002,0,9.947598300641403e-14,false
5661,878.4556339232712,0.0,false,96739.54933595487,133.66390206508945,1,8.899479030700334,false
5662,296.1108884413024,0.0,false,21042.052840831173,96.05429600000005,0,9.947598300641403e-14,false
5663,1187.727131944002,49.346036435759885,true,140946.27328098303,10000.000000000005,2,9873.603131000005,false
5664,395.6615611410071,0.0,false,33324.88434058288,126.39686600000005,0,4.263256414560601e-14,false
5665,980.0985790109885,0.0,false,110689.13799387976,145.21267228820543,1,23.04253072282613,false
5666,622.7116704456986,0.0,false,62478.30270532789,133.6638984700959,1,8.899474628138108,false
5667,393.4882410528142,0.0,false,33050.18350348705,126.39686600000005,0,4.263256414560601e-14,false
5668,609.3381342309682,0.0,false,60485.73587169739,133.66389757134758,1,8.899473527497548,false
5669,1498.6169392550958,480.5974887509674,true,115733.32932872344,10000.0,2,9873.603132,false
5670,401.4502953002222,0.0,false,34056.56216747114,126.39686599999999,0,9.947598300641403e-14,false
5671,449.9795065386893,0.0,false,40190.502134819304,126.39686599999999,0,9.947598300641403e-14,false
5672,1199.9643601644946,130.18892269815984,true,144882.75422264653,3896.874248309007,1,9873.603134000003,true
5673,1813.201444447178,839.6788933253592,true,115415.86182539271,10000.0,2,9873.603133,false
5674,323.0230674692089,0.0,false,24143.60675269922,126.39686499999999,0,4.263256414560601e-14,false
5675,480.26447602071937,0.0,false,44018.427212828705,126.39686700000001,0,8.526512829121202e-14,false
5676,745.7203962473606,0.0,false,78593.88603165493,133.6638993688442,1,8.899475728778725,false
5677,1471.1300774900897,346.1986078271095,true,139733.3534745587,9999.999999999998,3,9903.945704000007,false
5678,598.8589826735673,0.0,false,59095.503732587786,133.6638975713475,1,8.899473527497662,false
5679,737.410297094975,0.0,false,77544.62495894724,133.66389936884423,1,8.899475728778697,false
5680,447.25466793227474,0.0,false,39846.09108823692,126.39686600000005,0,1.7053025658242404e-13,false
5681,646.8836352835693,0.0,false,65422.94266537417,133.6638975713475,1,8.899473527497662,false
5682,1444.992948679761,303.4399343263349,true,141347.19386636108,10000.0,2,9873.603131,false
5683,784.124183565186,0.0,false,84100.56685026157,137.08524384357645,1,27.989235984191637,false
5684,2220.448810140767,1110.6602448251192,true,137332.26721659137,10000.0,3,9873.603132000004,false
5685,585.66496295411,0.0,false,57340.717909080886,126.3968680000002,0,2.1316282072803006e-13,false
5686,937.0052731872669,0.0,false,104665.74701777895,145.21266959196032,1,23.042527420904463,false
5687,628.6032758152539,0.0,false,63243.319559047304,137.0852398779304,1,27.989225599508202,false
5688,435.2407000728283,0.0,false,38327.563262648066,126.39686600000023,0,2.1316282072803006e-13,false
5689,228.14118058787918,0.0,false,14513.270607554072,96.05429600000015,0,2.984279490192421e-13,false
5690,680.0369223868308,0.0,false,70011.72119466556,133.66389847009586,1,8.899474628138051,false
5691,442.2435930763739,0.0,false,39212.70695621508,126.39686600000026,0,2.4158453015843406e-13,false
5692,255.51076589734984,0.0,false,17142.236774158475,96.05429600000015,0,2.984279490192421e-13,false
5693,721.6209581698345,0.0,false,75645.68643022208,133.66389936884423,1,8.89947572877864,false
5694,985.8416739317399,30.366707016378786,true,130435.53353418065,6748.41830061096,2,20953.989161638936,true
5695,385.88270239675046,0.0,false,32088.867291146482,126.39686600000023,0,2.1316282072803006e-13,false
5696,501.85445953175326,0.0,false,46747.33335766524,126.39686700000024,0,2.4158453015843406e-13,false
5697,816.0936678319861,0.0,false,88024.37372092085,137.08524252169457,1,27.989232522630758,false
5698,915.7968492940981,0.0,false,111988.96424230273,253.2260184743668,1,332.12259095600183,false
5699,711.4169034183058,0.0,false,74117.51074442496,133.6638993688443,1,8.899475728778668,false
5700,638.7465238707048,0.0,false,64396.32881744274,133.66389757134758,1,8.899473527497577,false
5701,512.7174647281498,0.0,false,48120.38311551639,126.39686700000013,0,1.4210854715202004e-13,false
5702,397.28306306985485,0.0,false,33529.83709449472,126.39686600000013,0,1.2789769243681803e-13,false
5703,403.026130452133,0.0,false,34255.742784126145,126.39686600000013,0,1.2789769243681803e-13,false
5704,278.57232625540905,0.0,false,19357.39864982866,96.05429600000014,0,1.4210854715202004e-13,false
5705,351.8611787231053,0.0,false,27788.65349236051,126.39686500000013,0,1.4210854715202004e-13,false
5706,694.1210420404003,0.0,false,72073.28273966772,133.6638993688443,1,8.899475728778668,false
5707,453.34103704896796,0.0,false,40615.3890394743,126.39686600000013,0,1.2789769243681803e-13,false
5708,444.21943098167293,0.0,false,39462.44666528964,126.39686600000013,0,1.2789769243681803e-13,false
5709,614.5529296840223,0.0,false,60992.06622441417,126.39686900000015,0,1.7053025658242404e-13,false
5710,583.9149558689797,36.48150506959278,true,69193.8697874405,-4111.563683365136,1,14111.563683365133,false
5711,437.42570205403445,0.0,false,38603.74065435123,126.39686600000013,0,1.5631940186722204e-13,false
5712,378.8088664695195,0.0,false,31194.756634715435,126.39686500000013,0,1.7053025658242404e-13,false
5713,450.4901923982903,0.0,false,40255.05122442999,126.39686600000013,0,1.5631940186722204e-13,false
5714,858.8223069337718,0.0,false,93430.59294045938,133.66390036884428,1,8.899475728778654,false
5715,215.917797498375,0.0,false,13339.162186823587,96.05429600000014,0,1.4210854715202004e-13,false
5716,340.48762221279634,0.0,false,26351.071651051338,126.39686500000013,0,1.7053025658242404e-13,false
5717,1028.6163230204343,1.1651969923204888,true,139533.09411286912,3896.87424830901,1,9873.603134,true
5718,900.77853395199,0.0,false,99869.31513971653,133.6639020650897,1,8.899479030700462,false
5719,806.0089417018803,0.0,false,87541.26283168253,137.0852454873409,1,27.989242907315017,false
5720,399.8934803473119,0.0,false,33859.78564426543,126.39686600000016,0,2.2737367544323206e-13,false
5721,681.0847056283221,0.0,false,70478.9891931903,133.66389936884445,1,8.899475728778825,false
5722,1193.6958851271886,82.81706585742728,true,151620.58070079767,9080.986382379877,1,9989.999999000007,false
5723,270.0850753994994,0.0,false,18542.1617693506,96.05429600000014,0,1.9895196601282805e-13,false
5724,565.3918914050914,0.0,false,54778.26530245648,126.39686800000021,0,2.8421709430404007e-13,false
5725,1482.0884811293695,374.3627198661859,true,137185.5807769829,10000.000000000015,3,9903.945704000014,false
5726,789.5763210460806,0.0,false,85162.56847235268,133.66390106508965,1,8.89947903070049,false
5727,512.6442295648186,0.0,false,48111.12642075645,126.39686700000021,0,3.410605131648481e-13,false
5728,540.1645009127992,0.0,false,51589.6023330093,126.39686700000021,0,3.410605131648481e-13,false
5729,578.5814515720307,0.0,false,56514.66658695518,133.6638975713476,1,8.899473527497662,false
5730,618.3786520698633,0.0,false,61820.89653103605,133.6638975713476,1,8.899473527497662,false
5731,1028.1561501290319,0.0,false,125929.03296199221,253.2260181524855,1,332.1225874944413,false
5732,599.2211717839599,0.0,false,60056.093481361575,137.0852415216948,1,27.989232522631127,false
5733,1008.1500730874968,0.0,false,114131.30375442766,154.0712123743799,1,72.46973410537623,false
5734,625.4969488065975,0.0,false,62827.161486766956,133.66389847009634,1,8.899474628138506,false
5735,436.3906888191462,0.0,false,38472.91823036791,126.3968660000001,0,4.547473508864641e-13,false
5736,316.0828231020803,0.0,false,23266.381650121213,126.39686500000033,0,3.979039320256561e-13,false
5737,522.2454321688517,0.0,false,49324.688291731465,126.39686700000021,0,3.410605131648481e-13,false
5738,606.2553450094667,0.0,false,60468.962054912256,133.6638983688445,1,8.899475728778867,false
5739,1181.9015000882687,164.2812344606362,true,121971.41387891254,10000.0,3,9873.603132,false
5740,475.67463331961227,0.0,false,43438.28550292499,126.39686699999996,0,4.547473508864641e-13,false
5741,806.6954813294594,0.0,false,86786.83683137139,137.08524252169445,1,27.989232522631028,false
5742,1443.8546411580796,284.20533565243244,true,143634.5082637438,10000.000000000002,2,9873.603131000013,false
5743,356.98596222468217,0.0,false,28436.4100402644,126.39686499999996,0,2.2737367544323206e-13,false
5744,607.513989324909,0.0,false,60563.62896917455,133.66389847009583,1,8.899474628138165,false
5745,202.0748908443174,0.0,false,12009.491575103075,96.05429599999994,0,3.126388037344441e-13,false
5746,660.538327153266,0.0,false,67506.68117631527,133.66389847009583,1,8.899474628138165,false
5747,380.37214073652433,0.0,false,31392.34959494693,126.3968649999999,0,3.410605131648481e-13,false
5748,647.5325956371826,0.0,false,65698.17680143853,133.66389847009583,1,8.899474628138165,false
5749,719.4185764657807,0.0,false,81462.21194389531,282.116825746019,1,642.8181124780664,false
5750,524.9816135216771,0.0,false,49670.53302585514,126.39686700000001,0,1.1368683772161603e-13,false
5751,532.0891154206633,0.0,false,50839.37021826893,137.0852388779304,1,27.989225599508643,false
5752,1671.7000601360826,519.6741894123081,true,142670.93003727717,10000.000000000007,4,9873.603131000007,false
5753,709.1773593256011,0.0,false,73979.56199765886,133.66389936884426,1,8.899475728778711,false
5754,1090.0247840747138,5.400837837698132,true,146759.5591217915,10000.0,2,9873.603133000004,true
5755,1839.643770059493,721.8750284608127,true,138340.9364489933,10000.0,2,9873.603132000007,false
5756,984.9619719199122,0.0,false,111275.26831919015,145.21267228820554,1,23.04253072282617,false
5757,1061.8712806867363,0.0,false,128451.63668531162,212.62808327221796,1,105.60193955791982,false
5758,331.55403217707374,0.0,false,25221.89391307474,126.39686499999883,0,1.3926637620897964e-12,false
5759,318.08935587553543,0.0,false,23520.00109417921,126.39686499999883,0,1.3926637620897964e-12,false
5760,1009.3720414014612,0.0,false,121389.42487585238,253.22601815248544,1,332.1225874944447,false
5761,327.4319123671107,0.0,false,24700.870908429533,126.39686499999885,0,1.3784529073745944e-12,false
5762,291.85286238200956,0.0,false,20633.05115812999,96.05429599999908,0,1.0942358130705543e-12,false
5763,321.82139886798774,0.0,false,23991.719613542195,126.39686499999885,0,1.3784529073745944e-12,false
5764,181.67805403760389,0.0,false,10050.287836197702,96.05429599999908,0,1.0942358130705543e-12,false
5765,359.4927505706123,0.0,false,28753.260218380943,126.39686499999885,0,1.3784529073745944e-12,false
5766,532.5461400256689,0.0,false,50626.66543091047,126.39686699999893,0,1.4068746168049984e-12,false
5767,1045.4800499636988,50.753872274443324,true,112986.75195695081,10000.0,4,9903.945704,false
5768,453.45139024016277,0.0,false,40629.337336442666,126.39686600000019,0,3.979039320256561e-13,false
5769,324.2175819621628,0.0,false,24294.589635027645,126.39686500000018,0,3.836930773104541e-13,false
5770,1223.5706237686265,277.70109735122753,true,106055.91193298674,9999.999999999998,3,9873.603131999998,false
5771,1237.0211444212835,90.96684512344184,true,141916.14215380224,10000.000000000087,2,9873.603131000087,false
5772,597.7330661355713,0.0,false,59077.782313961485,133.66389757134857,1,8.899473527497648,false
5773,503.46315502665465,0.0,false,46950.66741852578,126.39686700000111,0,1.1652900866465643e-12,false
5774,505.0661489753599,0.0,false,47153.2808218442,126.39686700000111,0,1.1652900866465643e-12,false
5775,462.291057132656,0.0,false,41746.64348393961,126.39686700000111,0,1.1652900866465643e-12,false
5776,497.1001127578586,0.0,false,46146.39884933963,126.39686700000111,0,1.1652900866465643e-12,false
5777,1197.3086931911787,51.64669416379972,true,141866.5566310466,10000.000000000025,2,9873.603131000025,false
5778,1292.4972943619782,149.6844357032295,true,141506.43423190337,10000.000000000025,2,9873.603131000025,false
5779,541.9628703625488,0.0,false,51816.91058637649,126.39686700000108,0,1.2647660696529783e-12,false
5780,1125.4914896987768,126.71531643767358,true,113368.31479685783,10000.0,4,9875.460705775877,false
5781,358.599558013603,0.0,false,28640.36348290681,126.39686500000028,0,3.268496584496461e-13,false
5782,478.5888631049247,0.0,false,43806.63500002125,126.39686700000023,0,2.8421709430404007e-13,false
5783,769.1706789282781,0.0,false,81763.76331415512,133.66390026759277,1,8.899476829419257,false
5784,783.1874160209671,0.0,false,83794.43455578871,133.66390026759277,1,8.899476829419257,false
5785,988.332061391835,0.0,false,111281.03748413983,145.21267049070906,1,23.042528521545066,false
5786,1038.289828149728,162.91916232099118,true,96576.64920398279,10000.0,4,9873.603132000004,false
5787,488.59120373286834,0.0,false,45070.89945804629,126.39686700000075,0,1.1368683772161603e-12,false
5788,357.4666818661628,0.0,false,28497.171493968697,126.39686500000086,0,1.4637180356658064e-12,false
5789,1931.1799658597304,773.5419537562352,true,152088.17262913502,9080.986382471887,1,9989.999997999998,false
5790,250.8543692440092,0.0,false,16694.969885694394,96.05429600000065,0,1.0800249583553523e-12,false
5791,833.5493155769849,0.0,false,90822.72114594509,137.0852438435765,1,27.989235984192405,false
5792,391.7833959282556,0.0,false,32834.696431251694,126.39686600000002,0,9.947598300641403e-14,false
5793,702.237491391056,0.0,false,72697.51048763514,137.08523987793052,1,27.989225599508686,false
5794,965.0264057095291,0.0,false,108561.51090504209,145.21267138945714,1,23.04252962218561,false
5795,630.6667184490624,0.0,false,63621.97491023232,133.66389847009586,1,8.899474628138108,false
5796,797.1829840135746,0.0,false,85676.07852802539,137.0852425216946,1,27.989232522631127,false
5797,347.1290897973331,0.0,false,27190.532306170036,126.39686500000008,0,1.1368683772161603e-13,false
5798,890.1900650338914,0.0,false,116028.61519234793,587.3889629999451,1,1207.1821581314189,true
5799,542.4650603973956,0.0,false,51880.385830406216,126.39686800000004,0,1.1368683772161603e-13,false
5800,1309.3833466608917,160.24499610510833,true,146192.93204136458,9969.473193278034,2,9903.945704,false
5801,931.5678637517785,0.0,false,103661.19479352247,133.66390206508956,1,8.899479030700519,false
5802,1665.6039735080988,601.0203299446855,true,131293.17177082298,10000.0,2,9873.603132,false
5803,658.7534888703732,0.0,false,67744.05902802545,137.0852415216945,1,27.9892325226311,false
5804,547.1652305044715,0.0,false,52474.47257810669,126.39686800000004,0,9.947598300641403e-14,false
5805,694.8633564949297,0.0,false,72053.2311304743,133.66389936884423,1,8.899475728778697,false
5806,1025.6753806760396,0.0,false,120878.37282257996,253.22601650872082,1,332.12258057131834,false
5807,503.83851682440564,0.0,false,46998.11197150057,126.39686700000003,0,4.263256414560601e-14,false
5808,578.103671803551,0.0,false,56384.99444254304,126.39686800000004,0,9.947598300641403e-14,false
5809,797.7612125815263,0.0,false,86542.75359745434,137.08524548734056,1,27.98924290731479,false
5810,1074.9104318334346,0.0,false,129935.33934793808,212.62808327221802,1,105.60193955791976,false
5811,431.15604250641894,0.0,false,37811.2753679939,126.39686600000005,0,5.684341886080802e-14,false
5812,393.2047273774311,0.0,false,33014.34826486806,126.39686600000005,0,5.684341886080802e-14,false
5813,610.4370502239897,0.0,false,60658.16556332081,133.66389757134752,1,8.89947352749762,false
5814,591.2454865926488,0.0,false,58046.0785797284,126.39686800000004,0,9.947598300641403e-14,false
5815,320.9100333318002,0.0,false,23876.52587054491,126.39686500000003,0,1.8474111129762605e-13,false
5816,586.5781439484881,0.0,false,57456.141120295055,126.39686800000001,0,7.105427357601002e-14,false
5817,882.9240077703317,0.0,false,100066.10830998307,253.22601683060287,1,332.1225840328798,false
5818,738.5897574265219,0.0,false,78255.67974076333,133.66390016634102,1,8.899477930059845,false
5819,262.9920411775778,0.0,false,17860.84538193912,96.05429600000002,0,4.263256414560601e-14,false
5820,562.9586521071202,0.0,false,54470.711493131006,126.39686800000001,0,7.105427357601002e-14,false
5821,637.6041404585039,0.0,false,64219.2638268535,133.66389757134746,1,8.899473527497591,false
5822,358.91280950488294,0.0,false,28679.957488108175,126.39686500000003,0,1.8474111129762605e-13,false
5823,353.7816555701491,0.0,false,28031.395737450017,126.39686500000003,0,1.8474111129762605e-13,false
5824,893.5177494108036,0.0,false,98843.47612770215,133.66390206508953,1,8.89947903070032,false
5825,533.7127240000377,0.0,false,50774.11798336418,126.3968670000003,0,3.694822225952521e-13,false
5826,335.47519445317977,0.0,false,25717.516516246556,126.39686500000022,0,2.2737367544323206e-13,false
5827,493.2366156632742,0.0,false,45658.06494410137,126.3968670000003,0,3.694822225952521e-13,false
5828,1010.2286455618589,0.0,false,113570.27105412165,137.08524484357665,1,27.989235984192064,false
5829,697.3702447807472,0.0,false,72115.57305534105,133.66389847009603,1,8.899474628138108,false
5830,132.84294840147766,0.0,false,5359.466290739425,96.05429600000011,0,1.9895196601282805e-13,false
5831,1027.6485853359864,0.0,false,125803.08847654055,253.22601815248487,1,332.12258749444055,false
5832,637.8058418407811,0.0,false,64473.2374630698,133.66389847009603,1,8.89947462813808,false
5833,397.7166055480599,0.0,false,33584.63550284998,126.39686600000007,0,1.1368683772161603e-13,false
5834,442.3782596391509,0.0,false,39229.728387031675,126.39686600000007,0,1.1368683772161603e-13,false
5835,560.3011825205598,0.0,false,54134.81567918684,126.39686800000013,0,1.4210854715202004e-13,false
5836,604.0479757965751,0.0,false,59664.273028091106,126.39686800000013,0,1.4210854715202004e-13,false
5837,1124.7899652724936,113.8491785200149,true,137446.23905438394,10000.0,2,9873.603134,true
5838,1449.5601337237501,333.20539140659037,true,138162.21137835298,10000.000000000011,2,9873.603132000011,false
5839,1130.6459824325618,108.92397668099647,true,124088.06168698559,9999.999999999998,2,9873.603132999999,false
5840,897.0508356965448,0.0,false,99503.34949732837,133.66390206508956,1,8.899479030700377,false
5841,553.2789461898057,0.0,false,53247.227049779394,126.39686800000021,0,2.1316282072803006e-13,false
5842,1252.5977995983462,154.0101255586581,true,148524.53048390796,3896.8742489271417,1,9873.603133,true
5843,859.018629694343,0.0,false,93957.9219854533,133.66390116634113,1,8.899477930059774,false
5844,997.9572925751282,0.0,false,115158.1651100383,212.62808237346985,1,105.60193845727922,false
5845,1023.4325801268935,0.0,false,116393.25669195552,145.21267318695396,1,23.042531823466717,false
5846,694.9163050421308,0.0,false,71634.1956491256,133.66389857134763,1,8.899473527497662,false
5847,449.6454036584506,0.0,false,40148.272579506156,126.39686600000022,0,2.1316282072803006e-13,false
5848,233.62012605273716,0.0,false,15039.546840566543,96.05429600000014,0,1.8474111129762605e-13,false
5849,449.053737003954,0.0,false,40073.48777161938,126.39686600000022,0,2.1316282072803006e-13,false
5850,1155.380830158333,251.8998106526741,true,100209.74909102902,10000.0,2,9873.603132,false
5851,734.3629267734519,0.0,false,77058.8584697596,133.6638993688443,1,8.899475728778697,false
5852,761.2178345105391,0.0,false,80960.59736874973,133.66390026759268,1,8.899476829419243,false
5853,426.2276481148412,0.0,false,37188.34178712851,126.39686600000007,0,1.5631940186722204e-13,false
5854,982.6847355226998,0.0,false,115002.24046032295,253.22601683060296,1,332.12258403288024,false
5855,620.6328449074824,0.0,false,62036.295067767845,133.66389757134758,1,8.899473527497634,false
5856,757.3040672535271,0.0,false,80043.76185486927,133.6638994700959,1,8.899474628138165,false
5857,1001.5754198727684,0.0,false,113069.31667503474,154.0712107306156,1,72.469727182254,false
5858,1439.8532070112162,302.641810658812,true,140798.42697937085,10000.000000000007,2,9873.60313200001,false
5859,675.8352165330261,0.0,false,69444.18934280326,133.66389847009594,1,8.899474628138194,false
5860,684.3430913098929,0.0,false,70591.46604640987,133.6638993688443,1,8.89947572877874,false
5861,983.4432907182774,0.0,false,111725.82422365638,212.62808237346985,1,105.60193845727926,false
5862,256.8445487351977,0.0,false,17270.35234166348,96.05429600000006,0,9.947598300641403e-14,false
5863,764.2498537863145,0.0,false,81331.30473816514,133.66390026759268,1,8.899476829419257,false
5864,465.57533489101894,0.0,false,42161.7658832486,126.39686700000007,0,1.4210854715202004e-13,false
5865,778.1814921186602,0.0,false,83189.10498065477,137.08524252169454,1,27.9892325226309,false
5866,1105.1770213744846,0.0,false,131271.16499682236,212.62808247472128,1,105.60193735663867,false
5867,477.05894437969965,0.0,false,43613.25807556766,126.39686700000016,0,1.7053025658242404e-13,false
5868,237.2113773617824,0.0,false,15384.501946042223,96.05429600000005,0,1.1368683772161603e-13,false
5869,1076.7897004410427,106.94087693061746,true,132252.34388826083,3896.874247690881,1,9873.603134999994,true
5870,472.0253351522981,0.0,false,42977.02566972347,126.39686700000021,0,2.2737367544323206e-13,false
5871,489.3305853112923,0.0,false,54943.80388727594,171.6030806176649,1,261.0097110591306,false
5872,332.5107324786702,0.0,false,25342.81782811468,126.3968650000001,0,1.7053025658242404e-13,false
5873,560.4445464323779,0.0,false,54152.936427621346,126.3968680000001,0,1.9895196601282805e-13,false
5874,396.3328128421043,0.0,false,33409.72844854251,126.3968659999999,0,3.126388037344441e-13,false
5875,510.43071008638793,0.0,false,47831.344506920505,126.39686700000013,0,2.2737367544323206e-13,false
5876,1917.2311144213122,809.3396666749103,true,137092.47751089078,10000.000000000002,2,9873.603132000002,false
5877,453.524007069924,0.0,false,40638.51587578019,126.39686600000007,0,3.836930773104541e-13,false
5878,489.2670747373068,0.0,false,45156.32743144797,126.3968670000001,0,4.689582056016661e-13,false
5879,496.1001624053717,0.0,false,46020.00826362918,126.3968670000001,0,4.689582056016661e-13,false
5880,1181.4132128989509,172.56815714451193,true,137181.3452347311,10000.0,2,9873.603134,true
5881,926.2289089012407,0.0,false,102875.93925921147,133.66390206508973,1,8.899479030700377,false
5882,621.886928479396,63.41550880343235,true,66102.46038545982,-3105.401706446485,2,13105.401706446486,false
5883,1180.6265877926503,227.703010196677,true,130113.04593302139,6748.41830061094,2,20953.98916163898,true
5884,920.8921070687566,0.0,false,102526.63412080423,133.66390206509004,1,8.899479030700235,false
5885,753.5935463419198,0.0,false,79625.94386898156,133.66389847009629,1,8.899474628138023,false
5886,337.52561687116,0.0,false,25976.683473603567,126.39686500000083,0,1.1937117960769683e-12,false
5887,724.070476393383,0.0,false,76099.15843025513,133.6639002675932,1,8.899476829419143,false
5888,737.360649121901,0.0,false,78201.93344200669,137.08524416545902,1,27.989239445753512,false
5889,235.9566521478892,0.0,false,15263.980202712535,96.05429600000059,0,8.668621376273222e-13,false
5890,913.2174822728217,0.0,false,101542.63978212648,133.66390206508999,1,8.89947903070015,false
5891,492.9122627593921,0.0,false,45617.067755194585,126.39686700000095,0,1.1937117960769683e-12,false
5892,410.4025670727284,0.0,false,35188.10121833507,126.39686600000107,0,1.7763568394002505e-12,false
5893,645.2822467332419,0.0,false,65305.15395062741,133.6638984700961,1,8.899474628138108,false
5894,951.7770519537299,53.88844548480403,true,99455.04794517244,10000.0,3,9873.603132000004,false
5895,844.7370363792776,0.0,false,92472.28619660223,137.0852451654586,1,27.989239445753682,false
5896,556.0671830262414,0.0,false,53599.65143362933,126.39686800000015,0,1.9895196601282805e-13,false
5897,309.12856066118223,0.0,false,22387.38470702147,126.39686499999982,0,6.963318810448982e-13,false
5898,777.5212945090357,0.0,false,83259.18402298768,137.0852438435765,1,27.989235984192064,false
5899,542.1522956843768,0.0,false,51840.85335244904,126.39686699999987,0,2.5579538487363607e-13,false
5900,286.7674040433373,0.0,false,20144.571052828054,96.05429599999988,0,2.4158453015843406e-13,false
5901,650.4616334590891,0.0,false,66481.27062705437,137.08524152169446,1,27.98923252263127,false
5902,245.3889080356704,0.0,false,16169.988873408336,96.05429599999988,0,2.4158453015843406e-13,false
5903,986.0636994031138,0.0,false,124523.77100454054,587.3889598682813,1,1207.182147311992,true
5904,926.9050359897225,0.0,false,102867.51825509786,137.08524516545847,1,27.98923944575435,false
5905,1491.9046739239845,381.2913849600438,true,137436.50969692814,10000.00000000003,3,9873.603132000162,false
5906,357.4966214298681,0.0,false,28500.955760840723,126.39686500000059,0,6.536993168992922e-13,false
5907,458.68066335050975,0.0,false,41290.301042902305,126.39686600000059,0,7.673861546209082e-13,false
5908,1435.6522849730707,326.2984685831358,true,137277.31631705846,9999.999999999998,2,9873.603132000002,false
5909,1142.9909808939578,39.80557901320724,true,151543.64652690757,9080.986382379868,1,9989.999999,false
5910,550.0140212283412,0.0,false,53362.38521334,137.085240199813,1,27.989229061069636,false
5911,703.7498542999831,0.0,false,73300.88056852017,133.66389936884482,1,8.899475728778555,false
5912,1334.5109940560951,351.0787530872829,true,110550.2311972524,10000.000000000002,4,9875.460705332243,false
5913,1675.5014893277735,555.2431370592282,true,138655.615422777,10000.000000000002,3,9873.60313200001,false
5914,924.8934488403804,0.0,false,103046.08478547777,133.66390206508956,1,8.899479030700292,false
5915,625.020513875402,0.0,false,62457.098198593376,133.66389757134758,1,8.899473527497562,false
5916,687.253205015232,0.0,false,71581.76390231258,137.08524284357648,1,27.989235984192234,false
5917,1144.657337568093,31.648928979665406,true,151641.8765939843,9080.986382379859,1,9989.999999,false
5918,410.6789293407111,0.0,false,35223.03254150671,126.39686600000013,0,1.1368683772161603e-13,false
5919,1106.6199208578314,4.205207293558801,true,149008.2562667383,3896.8742489271317,1,9873.603132999995,true
5920,663.4769155815258,0.0,false,68814.34242072607,162.56869522602577,1,114.45811900922428,false
5921,747.8756318303609,0.0,false,79474.39755666924,137.08524384357662,1,27.989235984191808,false
5922,818.6295975355957,0.0,false,88619.51829426325,137.08524384357662,1,27.989235984191808,false
5923,176.64596653882475,0.0,false,9566.934229188486,96.05429600000016,0,4.121147867408581e-13,false
5924,1102.3116497394567,0.0,false,136288.0421362087,212.62808327221802,1,105.60193955791962,false
5925,747.3106693211337,0.0,false,79208.12206540167,133.66390026759265,1,8.899476829419172,false
5926,400.7544430230329,0.0,false,33968.60862391476,126.39686600000027,0,5.968558980384842e-13,false
5927,730.343584067822,0.0,false,77001.9551327776,133.66390026759268,1,8.8994768294192,false
5928,367.22495945340245,0.0,false,29730.587149762414,126.39686500000036,0,5.968558980384842e-13,false
5929,454.79515445045496,0.0,false,40799.18491454774,126.39686600000027,0,5.968558980384842e-13,false
5930,969.2218453727265,0.0,false,109241.25095705474,145.2126722882056,1,23.042530722826086,false
5931,226.94152786237692,0.0,false,14398.038813160438,96.05429600000022,0,2.4158453015843406e-13,false
5932,892.5902824209354,0.0,false,98936.15023115545,133.6639020650896,1,8.899479030700263,false
5933,728.2783514446577,0.0,false,76662.4667786465,133.66390026759268,1,8.899476829419172,false
5934,488.8612041284895,0.0,false,45105.026660521384,126.3968670000003,0,2.984279490192421e-13,false
5935,762.6963613886958,0.0,false,81147.08858038475,133.66390026759277,1,8.899476829419143,false
5936,391.69353506793004,0.0,false,32823.33830057983,126.39686600000041,0,4.547473508864641e-13,false
5937,759.0115953398716,0.0,false,80681.87984051538,133.6639001663411,1,8.899477930059788,false
5938,447.81074471086026,0.0,false,39916.37744752511,126.39686500000022,0,2.2737367544323206e-13,false
5939,403.14356730673995,0.0,false,34270.58643391418,126.39686500000022,0,2.2737367544323206e-13,false
5940,736.8457907208731,0.0,false,77685.56972307678,133.6639002675927,1,8.899476829419228,false
5941,278.2988571131417,0.0,false,19331.130764710855,96.05429600000022,0,3.694822225952521e-13,false
5942,485.22945025227614,0.0,false,44645.98437064346,126.3968670000003,0,3.694822225952521e-13,false
5943,389.0755844722072,0.0,false,32492.43756302735,126.39686600000019,0,1.9895196601282805e-13,false
5944,382.1492655375572,0.0,false,31616.972591402766,126.39686500000022,0,2.2737367544323206e-13,false
5945,767.6185170946292,0.0,false,81313.40987667796,133.663899470096,1,8.899474628138123,false
5946,651.0051260456611,0.0,false,66239.97124709998,137.08523987793058,1,27.989225599508316,false
5947,751.6445364786783,0.0,false,79476.87054197003,133.6638993688444,1,8.899475728778668,false
5948,1383.7653985337413,517.1951028554777,true,95359.78895518578,9999.999999999998,3,9873.603131999998,false
5949,482.52385284481727,0.0,false,44304.00535121084,126.39686700000024,0,3.410605131648481e-13,false
5950,845.8471397297553,0.0,false,92200.661920538,133.66390116634122,1,8.89947793005976,false
5951,782.1016926024555,0.0,false,84103.45488601198,137.08524416545865,1,27.989239445753256,false
5952,694.088014394695,0.0,false,72137.43933111972,133.6638993688444,1,8.899475728778668,false
5953,533.0769719203697,0.0,false,50693.760916119936,126.3968670000003,0,3.694822225952521e-13,false
5954,1320.3564385150908,221.21441047921522,true,150464.74706895015,9000.28171559063,2,9989.999999000001,false
5955,542.7995725760791,0.0,false,51922.66711975813,126.39686700000024,0,3.126388037344441e-13,false
5956,231.65303714655985,0.0,false,14850.599506415552,96.05429600000014,0,1.7053025658242404e-13,false
5957,240.5827752026443,0.0,false,15708.339182067943,96.05429600000014,0,1.7053025658242404e-13,false
5958,677.2066174329283,0.0,false,69824.49006687605,133.66389936884434,1,8.899475728778654,false
5959,1079.0567683322931,7.778875418296647,true,145072.65987502347,3896.8742483090064,1,9873.603134000003,true
5960,1047.766385362424,61.39853620832112,true,111415.91893038248,9999.999999999985,2,9873.603131999986,false
5961,957.8532512095245,0.0,false,106917.36526702286,133.6639021663411,1,8.899477930059732,false
5962,932.2067782421035,0.0,false,104660.45471356492,145.21267228820574,1,23.042530722826115,false
5963,571.950149591817,0.0,false,55607.20855088614,126.39686800000015,0,2.2737367544323206e-13,false
5964,854.6866573323873,0.0,false,92961.01002549363,133.66390126759285,1,8.899476829419228,false
5965,800.0768429443684,0.0,false,86339.66305501862,133.6639011663412,1,8.89947793005976,false
5966,537.6912254722134,0.0,false,51276.98808093107,126.39686700000016,0,1.7053025658242404e-13,false
5967,388.1651770756304,0.0,false,32377.364925868907,126.39686600000027,0,3.979039320256561e-13,false
5968,390.7002718736291,0.0,false,32697.79295067336,126.39686600000027,0,3.979039320256561e-13,false
5969,527.0850213339185,0.0,false,49936.39717072537,126.39686700000016,0,1.7053025658242404e-13,false
5970,1057.0027095882333,0.0,false,124679.05714758893,212.62808237346968,1,105.60193845727913,false
5971,1070.1610714132994,0.0,false,129217.43918301248,212.62808327221802,1,105.60193955791965,false
5972,600.3053584463963,0.0,false,59244.0233358074,133.66389757134752,1,8.899473527497477,false
5973,323.9235476806078,0.0,false,24257.424624812687,126.39686500000022,0,2.5579538487363607e-13,false
5974,613.2587893745508,0.0,false,61410.3418376372,133.66389836884417,1,8.899475728778569,false
5975,817.8335762498452,0.0,false,88339.1185072108,133.66390116634108,1,8.899477930059675,false
5976,901.7025114491958,0.0,false,99477.86892146224,133.66390116634108,1,8.899477930059675,false
5977,318.01079980635393,0.0,false,23510.07185362259,126.39686500000059,0,6.536993168992922e-13,false
5978,1328.488047114977,200.11483321142805,true,144912.0531812346,9969.473193278027,2,9903.945703999994,false
5979,699.8030263763991,0.0,false,73314.50290095573,133.66390016634156,1,8.899477930059746,false
5980,700.960992290428,0.0,false,72190.93820175811,137.08523823416692,1,27.989218676385846,false
5981,511.0644837754481,0.0,false,47911.45151180217,126.39686700000063,0,8.100187187665142e-13,false
5982,484.481489149368,0.0,false,44551.444435085854,126.39686700000063,0,8.100187187665142e-13,false
5983,1039.9039460603706,0.0,false,127857.72382628513,253.22601815248527,1,332.1225874944412,false
5984,802.5340358488592,0.0,false,86874.38202905384,133.66390106508993,1,8.899479030700348,false
5985,891.049298552394,0.0,false,98501.00735138578,133.66390206508993,1,8.899479030700277,false
5986,1190.9077073502078,187.62348528056862,true,112869.21269619867,10000.0,3,9874.320562407234,false
5987,557.9040102652548,0.0,false,53831.82063083981,126.39686799999957,0,3.979039320256561e-13,false
5988,1007.7599850312512,0.0,false,115286.85493266708,212.62808237346934,1,105.60193845727929,false
5989,470.9270378839027,0.0,false,42838.204342553225,126.39686699999959,0,4.547473508864641e-13,false
5990,922.5383739296856,0.0,false,102381.04176306378,133.66390206508905,1,8.899479030700377,false
5991,521.1897801458407,0.0,false,49191.25718971429,126.39686699999959,0,4.547473508864641e-13,false
5992,532.7788696678589,0.0,false,50656.081727145356,126.39686699999959,0,4.547473508864641e-13,false
5993,1365.9360793071617,363.74480188658976,true,135763.4080683876,10000.0,2,9873.603134,true
5994,463.64369713112035,0.0,false,41917.612933808276,126.3968670000001,0,3.979039320256561e-13,false
5995,847.824860831987,0.0,false,92645.05882709844,133.66390116634102,1,8.899477930059788,false
5996,572.882108497895,0.0,false,55761.94353250273,133.66389757134755,1,8.899473527497577,false
5997,358.96909664084194,0.0,false,28687.072005408078,126.39686500000016,0,2.2737367544323206e-13,false
5998,424.2728671530583,0.0,false,36941.263609616566,126.3968660000001,0,2.8421709430404007e-13,false
5999,630.9235257573444,0.0,false,63783.72158319145,133.66389836884423,1,8.899475728778668,false
6000,818.0672440404192,0.0,false,91264.95797785226,253.22601715248504,1,332.12258749444055,false
6001,153.60963529260368,0.0,false,7354.1957180189,96.05429600000008,0,2.8421709430404007e-13,false
6002,481.8310139576964,0.0,false,44216.432690700014,126.3968670000001,0,3.979039320256561e-13,false
6003,1408.5580061494582,314.43015387872504,true,150339.74343547723,9000.281715590643,2,9989.999999000003,false
6004,523.6253343139306,0.0,false,49499.103591356434,126.39686700000016,0,4.547473508864641e-13,false
6005,1835.1755791778146,705.8434186430472,true,139802.51630494266,10000.0,4,9873.603132000002,false
6006,1237.7340408535083,195.44822564051572,true,141285.35539264802,10000.0,2,9873.603134,true
6007,466.0435171001424,0.0,false,42220.94264485789,126.39686700000027,0,2.7000623958883807e-13,false
6008,1326.097551217226,209.1569362243606,true,139130.67189617627,10000.0,3,9903.945704000009,false
6009,306.7380227848564,0.0,false,22085.22822335241,126.39686500000028,0,2.8421709430404007e-13,false
6010,679.4376560276917,0.0,false,70174.24676894864,133.6638993688445,1,8.899475728778754,false
6011,313.8388421720063,0.0,false,22982.749504416082,126.39686500000028,0,2.8421709430404007e-13,false
6012,376.400332159153,0.0,false,30890.325458274398,126.39686500000028,0,2.8421709430404007e-13,false
6013,314.85164963468344,0.0,false,23110.76518849583,126.39686500000028,0,2.8421709430404007e-13,false
6014,185.98663274758752,0.0,false,10464.145318020193,96.05429600000014,0,2.2737367544323206e-13,false
6015,475.6258162482364,0.0,false,43432.11517833995,126.39686700000033,0,3.410605131648481e-13,false
6016,730.994616654411,0.0,false,77150.57405664501,133.66390026759285,1,8.899476829419214,false
6017,873.573859363754,0.0,false,96324.57901807081,137.08524516545873,1,27.989239445753327,false
6018,826.0157020696631,0.0,false,89593.41955002064,137.08524384357668,1,27.989235984191936,false
6019,760.1830332563414,0.0,false,80403.2982926341,137.08524087793052,1,27.98922559950846,false
6020,1534.412646288511,424.47786073380826,true,137350.74899582262,10000.000000000002,2,9873.603132000004,false
6021,814.5848935666695,0.0,false,88193.94244816487,133.663901166341,1,8.899477930059732,false
6022,434.0086943924792,0.0,false,38171.84161191758,126.39686599999979,0,2.7000623958883807e-13,false
6023,565.8350054594537,0.0,false,54834.273527992715,126.39686799999976,0,2.8421709430404007e-13,false
6024,285.5122433369654,0.0,false,20024.00747857614,96.05429599999982,0,1.9895196601282805e-13,false
6025,302.1065094152315,0.0,false,21617.95797457787,96.05429599999982,0,1.9895196601282805e-13,false
6026,606.4211367641279,0.0,false,60334.05313726212,133.6638975713475,1,8.899473527497577,false
6027,451.4540952175076,0.0,false,40376.88551508797,126.39686599999979,0,2.7000623958883807e-13,false
6028,702.042284292342,5.0563659875459965,true,88675.47358472299,3254.672852106187,1,10912.553005948888,false
6029,1049.665609123099,0.0,false,119091.22717318636,145.21267059196026,1,23.04252742090435,false
6030,769.6199417723055,0.0,false,82126.33726968065,133.6639002675925,1,8.899476829419086,false
6031,1087.2151465680788,21.893458473519825,true,144319.8142823733,3718.7880408859996,1,11367.363647922662,true
6032,720.1785817165103,0.0,false,75268.98618333583,133.66389936884414,1,8.899475728778555,false
6033,1346.518726635873,227.44220970069128,true,138506.23514642045,10000.0,2,9873.603132000002,false
6034,406.4407571201371,0.0,false,34687.340876448725,126.39686599999999,0,8.526512829121202e-14,false
6035,1369.3718401094247,247.20963155932827,true,138896.25688055958,10000.000000000004,2,9873.603132000004,false
6036,464.81811035366576,0.0,false,42066.05507865497,126.39686700000004,0,1.1368683772161603e-13,false
6037,429.7976268953581,0.0,false,37639.57589882245,126.39686600000002,0,9.947598300641403e-14,false
6038,557.2963213805286,0.0,false,54560.72029591644,137.08524184357663,1,27.989235984192504,false
6039,872.6514808077216,0.0,false,96167.97475145092,137.08524516545856,1,27.989239445753768,false
6040,1409.1238270637089,297.30879741952515,true,140814.95158675328,9969.473194284099,2,9903.945704000003,false
6041,667.8159574014605,0.0,false,68246.60435785902,137.08523987793058,1,27.98922559950867,false
6042,645.8156775600563,0.0,false,66896.81042127153,137.08524448734062,1,27.98924290731506,false
6043,605.4490755645229,0.0,false,60043.150234599154,133.6638975713475,1,8.899473527497648,false
6044,645.6710069067353,0.0,false,65423.03163403167,133.66389847009592,1,8.899474628138165,false
6045,742.103302683836,0.0,false,78341.11426383,133.6639002675926,1,8.899476829419228,false
6046,434.2208232611335,0.0,false,38198.65403504309,126.39686600000005,0,1.4210854715202004e-13,false
6047,879.3176348616237,0.0,false,97098.75847793784,133.66390206508936,1,8.899479030700348,false
6048,404.71512482259203,0.0,false,34469.22637079884,126.39686600000005,0,1.5631940186722204e-13,false
6049,655.9007413063767,0.0,false,66818.54347020369,133.6638984700959,1,8.899474628138123,false
6050,391.1484896745061,0.0,false,32754.4462737485,126.39686600000005,0,1.5631940186722204e-13,false
6051,681.464219743782,0.0,false,69825.33655287602,137.08523823416633,1,27.98921867638596,false
6052,560.7946039309378,0.0,false,54197.18259660887,126.39686800000001,0,2.7000623958883807e-13,false
6053,548.2270740232057,0.0,false,52608.68626574786,126.39686800000001,0,2.7000623958883807e-13,false
6054,846.9381695653374,0.0,false,92894.70913427322,137.08524548734042,1,27.989242907314733,false
6055,386.6384426121718,0.0,false,32184.390482107185,126.3968660000001,0,1.5631940186722204e-13,false
6056,372.2530335613568,0.0,false,30366.119933883172,126.39686500000013,0,1.5631940186722204e-13,false
6057,1728.1664722380797,604.7016048650959,true,139060.90886672656,9999.999999999998,2,9873.603132000011,false
6058,635.9503969658966,0.0,false,64177.65982045602,137.08523987793052,1,27.989225599508245,false
6059,1867.2224001674556,710.5462343359864,true,143258.71274161324,9999.999999999996,3,9873.603131000014,false
6060,613.2771960279115,0.0,false,60900.795633299225,133.66389757134803,1,8.899473527497548,false
6061,345.0395820810188,0.0,false,26926.42508979271,126.39686500000059,0,6.536993168992922e-13,false
6062,573.4932950357024,0.0,false,56047.4431347332,133.6638974700964,1,8.899474628138137,false
6063,247.8223183850868,0.0,false,16403.728384100454,96.05429600000043,0,5.258016244624741e-13,false
6064,483.9112314415181,0.0,false,44479.36565085251,126.39686700000058,0,7.673861546209082e-13,false
6065,536.8716160609217,0.0,false,51173.39202409775,126.39686700000058,0,7.673861546209082e-13,false
6066,826.2775644778832,0.0,false,89362.66627685097,137.08524384357702,1,27.98923598419229,false
6067,784.104666097365,0.0,false,84284.96836742983,137.08524384357702,1,27.98923598419229,false
6068,627.9608460733889,0.0,false,63686.188009063895,137.08524152169502,1,27.98923252263107,false
6069,447.44595555974996,0.0,false,39870.269243898016,126.39686600000059,0,7.673861546209082e-13,false
6070,1177.761007434533,122.63330962593342,true,127027.61064101105,10000.0,3,9873.603132000004,false
6071,741.9293856181501,0.0,false,78261.59659671744,137.08524119981246,1,27.989229061069423,false
6072,736.9675857618821,0.0,false,77454.32099704619,133.66389936884423,1,8.899475728778583,false
6073,191.57827134269147,0.0,false,11001.246209984389,96.05429600000005,0,8.526512829121202e-14,false
6074,557.6442831859765,0.0,false,53798.99194330255,126.39686800000015,0,1.9895196601282805e-13,false
6075,1092.6468658739886,18.9073995672756,true,145383.79502498388,3718.7880408859983,1,11367.363647922662,true
6076,1380.895846018106,429.93995054836205,true,129864.33708881984,10000.000000000004,2,9873.603135000003,true
6077,1205.4878955781357,162.16321287299536,true,140217.31569741148,10000.000000000002,3,9873.603134000012,true
6078,518.7586221193759,0.0,false,48883.96644657424,126.39686700000016,0,3.979039320256561e-13,false
6079,523.6152949034232,0.0,false,49497.834641382055,126.39686700000016,0,3.979039320256561e-13,false
6080,221.49123038490885,0.0,false,13874.514342322533,96.05429600000025,0,4.547473508864641e-13,false
6081,807.5648794687058,0.0,false,87101.71202946194,133.66390116634125,1,8.899477930059788,false
6082,353.7458919653102,0.0,false,28026.875330060342,126.39686499999976,0,2.984279490192421e-13,false
6083,750.8453531414638,0.0,false,79758.32948647974,133.66390026759262,1,8.8994768294192,false
6084,1307.0664423838216,178.6003835560738,true,139693.04376786872,9999.999999999996,2,9873.603132000007,false
6085,261.7817351825547,0.0,false,17744.590295273523,96.054296,0,2.842170943040401e-14,false
6086,723.2603391200875,0.0,false,75739.63642755867,133.66389936884423,1,8.899475728778697,false
6087,1061.3138106992926,0.0,false,129566.15067792077,212.62808327221796,1,105.60193955791975,false
6088,995.2137477943513,0.0,false,112595.09924307595,145.2126722882055,1,23.042530722826143,false
6089,586.0780542497506,0.0,false,57392.931352156185,126.39686799999998,0,5.684341886080802e-14,false
6090,642.2416418394148,0.0,false,65209.677365584,133.66389847009586,1,8.899474628138151,false
6091,948.9480871633829,0.0,false,105466.42481473307,133.66390216634096,1,8.899477930059788,false
6092,229.09397187141542,0.0,false,14604.790300670704,96.05429600000005,0,5.684341886080802e-14,false
6093,825.2314339817059,0.0,false,89414.02783831712,133.66390116634102,1,8.899477930059803,false
6094,844.933466041784,0.0,false,92036.11387881181,133.66390116634102,1,8.899477930059803,false
6095,785.0575536320538,0.0,false,83996.76780868159,133.6639002675926,1,8.899476829419214,false
6096,1146.370758965592,73.10991222299161,true,145323.29901446676,3896.8742483090027,1,9873.603133999995,true
6097,878.1623701987118,0.0,false,96772.83299847382,133.6639020650894,1,8.89947903070032,false
6098,763.8389189290968,0.0,false,81206.66566872652,133.66390026759265,1,8.899476829419228,false
6099,844.1009130862033,0.0,false,91875.69078161269,137.08524384357634,1,27.989235984192135,false
6100,792.8629174056092,0.0,false,86097.30710261856,137.08524548734061,1,27.989242907314605,false
6101,1169.0437704322298,35.20374333822116,true,140372.29648783777,10000.000000000004,2,9873.60313200001,false
6102,442.20502461628445,0.0,false,39207.83202392613,126.3968660000001,0,1.2789769243681803e-13,false
6103,540.2131444894511,0.0,false,51595.7507284061,126.3968670000001,0,1.2789769243681803e-13,false
6104,814.6871517453532,0.0,false,88431.94095628127,133.66390116634102,1,8.899477930059817,false
6105,1131.7769293663894,0.0,false,149862.74126820973,587.3889567366184,1,1207.1821364925654,true
6106,571.9541479104832,0.0,false,55628.02401693938,133.66389757134758,1,8.899473527497662,false
6107,448.76688026636646,0.0,false,40037.2299804316,126.39686600000005,0,5.684341886080802e-14,false
6108,495.24059191124746,0.0,false,45911.36125136386,126.39686700000016,0,2.2737367544323206e-13,false
6109,651.330647649495,0.0,false,68364.67742812843,137.08524613110484,1,27.989249830437373,false
6110,733.0046414757354,0.0,false,77104.38433514452,133.6638993688442,1,8.899475728778754,false
6111,326.32537478265516,0.0,false,24561.00803117619,126.39686500000039,0,3.836930773104541e-13,false
6112,971.7948494840361,132.63742433465475,true,95029.92570532042,10000.0,3,9903.945704,false
6113,568.5170997038282,0.0,false,55697.13263745971,137.08524019981257,1,27.989229061069636,false
6114,228.7351554399503,0.0,false,14570.324442029538,96.05429600000022,0,2.2737367544323206e-13,false
6115,153.6865198045081,0.0,false,7361.580805452539,96.05429600000022,0,2.2737367544323206e-13,false
6116,434.61223619449584,0.0,false,38248.127401174934,126.3968660000001,0,2.8421709430404007e-13,false
6117,754.6235430230895,0.0,false,80522.12336424559,133.66390106508953,1,8.89947903070032,false
6118,405.40003411021934,0.0,false,34555.79675482474,126.3968660000001,0,2.8421709430404007e-13,false
6119,124.75213883964398,0.0,false,4582.30929847986,96.05429600000022,0,2.2737367544323206e-13,false
6120,1237.4841517894633,115.83724638545868,true,151728.2615621401,9080.986382379859,1,9989.999999,false
6121,627.1225222935914,0.0,false,62789.99735876139,137.0852385560485,1,27.989222137947294,false
6122,1441.9466711214507,420.8222216046618,true,116509.86517847798,10000.000000000002,3,9882.11623219632,false
6123,344.8545061408361,0.0,false,26903.032071906906,126.39686500000005,0,2.2737367544323206e-13,false
6124,640.8593821696226,0.0,false,64951.84492228899,133.6638984700959,1,8.899474628138137,false
6125,369.97904887731494,0.0,false,30078.695407858162,126.39686500000008,0,2.5579538487363607e-13,false
6126,803.65285866135,0.0,false,86365.76807388643,137.0852425216945,1,27.989232522630985,false
6127,763.9651375079796,0.0,false,80968.80734644081,137.08524119981251,1,27.989229061069693,false
6128,1745.3657378626863,813.8137317502355,true,103602.15391535166,10000.000000000002,3,9874.32056349596,false
6129,443.2788040500199,0.0,false,39343.5543737566,126.39686600000013,0,2.5579538487363607e-13,false
6130,479.6676496521503,0.0,false,43942.990233279554,126.39686700000004,0,1.7053025658242404e-13,false
6131,290.18490265793133,0.0,false,20472.8364660814,96.05429600000005,0,1.4210854715202004e-13,false
6132,657.9139692094767,0.0,false,66472.7655101285,126.39686900000012,0,3.126388037344441e-13,false
6133,1587.8784299270937,733.5210390929859,true,93446.5829481661,10000.0,3,9874.320563407236,false
6134,319.6952452922189,0.0,false,23722.980475561493,126.39686500000002,0,8.526512829121202e-14,false
6135,288.9318381715305,0.0,false,20352.474242756776,96.05429599999997,0,1.1368683772161603e-13,false
6136,832.5632699244593,0.0,false,90675.986941202,133.66390116634093,1,8.899477930059788,false
6137,1681.0780158881619,456.3505307439958,true,151860.18588964685,9999.999999999996,2,9873.603131000003,false
6138,1058.113598035693,46.75681433478923,true,137498.81976285024,3896.8742483090027,1,9873.603133999999,true
6139,321.57167953520656,0.0,false,23960.155873748037,126.39686499999999,0,8.526512829121202e-14,false
6140,624.8420178421591,0.0,false,62292.574670154936,126.39686799999998,0,5.684341886080802e-14,false
6141,397.13158563267115,0.0,false,33510.690821922326,126.39686600000002,0,8.526512829121202e-14,false
6142,810.0459648021183,0.0,false,87378.64594573273,133.66390116634093,1,8.89947793005976,false
6143,277.84734632418025,0.0,false,19287.761215095274,96.054296,0,1.2789769243681803e-13,false
6144,410.45692702605714,0.0,false,35194.9721457997,126.39686600000002,0,8.526512829121202e-14,false
6145,266.4730615764811,0.0,false,18195.21233527436,96.054296,0,1.2789769243681803e-13,false
6146,359.8052193359298,0.0,false,28792.75528947802,126.39686499999999,0,8.526512829121202e-14,false
6147,799.8142471714815,0.0,false,86050.47021155381,133.6639011663409,1,8.899477930059732,false
6148,478.7340557076815,0.0,false,43824.98688925009,126.39686700000001,0,1.7053025658242404e-13,false
6149,1033.7304712421187,15.724571959549966,true,138339.24710079894,3718.788040886001,1,11367.363647922666,true
6150,1558.9875648273583,416.45842712710413,true,144214.06284618127,9969.47319428411,2,9903.945704000009,false
6151,682.1795521943843,0.0,false,70064.51936273206,133.66389847009577,1,8.899474628138051,false
6152,1326.901012524547,343.7648431673874,true,133931.82269430923,9999.999999999996,2,9873.603135,true
6153,709.647787371197,0.0,false,73881.99135373172,133.66389936884423,1,8.899475728778597,false
6154,782.5465175531076,0.0,false,84279.71592065349,162.56869175248568,1,114.45810485365155,false
6155,905.3378585527402,0.0,false,100287.55208253126,133.6639020650893,1,8.899479030700263,false
6156,911.2223633747772,0.0,false,122579.26831725628,587.3889629999446,1,1207.1821581314168,true
6157,426.6682865218722,0.0,false,37244.03709861335,126.3968660000001,0,2.1316282072803006e-13,false
6158,502.1337426317698,0.0,false,46782.633864837604,126.39686699999999,0,4.121147867408581e-13,false
6159,670.6943867618787,0.0,false,68501.49305786315,133.66389847009594,1,8.89947462813808,false
6160,678.4280409820365,0.0,false,69226.1243410362,133.6638976725992,1,8.899472426856988,false
6161,1188.7635223643092,79.15602552542494,true,137317.6438959459,9999.999999999998,4,9903.945704,false
6162,899.9689197400577,38.03168733037948,true,94127.37128917138,10000.000000000002,3,9874.320563407231,false
6163,955.323796017348,0.0,false,106909.28917629948,133.66390206508942,1,8.899479030700277,false
6164,745.2966395200426,0.0,false,78784.86689871032,133.66390026759257,1,8.899476829418944,false
6165,496.9152340397207,0.0,false,46123.030759701,126.39686699999993,0,1.8474111129762605e-13,false
6166,525.2694392985808,0.0,false,49706.913300570595,126.39686699999993,0,1.8474111129762605e-13,false
6167,1468.3850618606089,357.7485292353814,true,151618.1578343523,9080.986382379862,1,9989.999998999998,false
6168,884.9506802247035,0.0,false,97872.32511666765,137.08524516545845,1,27.989239445753796,false
6169,445.66539439106805,0.0,false,39645.21190135792,126.39686599999982,0,4.547473508864641e-13,false
6170,500.09488539157877,0.0,false,46524.92870965031,126.3968669999999,0,6.536993168992922e-13,false
6171,1879.234257268441,853.0730940352745,true,120156.53865765691,9999.999999999998,3,9903.945703999998,false
6172,495.4880936936619,0.0,false,45942.64469975294,126.39686700000058,0,7.673861546209082e-13,false
6173,829.1104662330621,0.0,false,92022.23497936394,154.0712169837901,1,72.46975141318244,false
6174,1099.1232008553297,67.16334313520633,true,140102.9836458306,3896.874248309001,1,9873.603133999999,true
6175,1228.5435419498176,91.94180668251875,true,140721.36773194,10000.0,2,9873.603132000007,false
6176,769.4155522232079,0.0,false,82323.54057771794,137.0852438435762,1,27.98923598419003,false
6177,812.1479447881095,0.0,false,87855.05454653248,133.66390116634096,1,8.899477930059078,false
6178,553.3615036634114,0.0,false,53257.6620552955,126.3968680000006,0,6.536993168992922e-13,false
6179,293.0100874599032,0.0,false,20744.207594829255,96.05429600000048,0,4.973799150320701e-13,false
6180,261.5042281439225,0.0,false,17717.93455287524,96.05429600000048,0,4.973799150320701e-13,false
6181,596.0774857259499,0.0,false,58656.82810253265,126.39686800000057,0,6.963318810448982e-13,false
6182,527.5090371249598,0.0,false,49989.99143572763,126.3968670000006,0,6.679101716144942e-13,false
6183,608.1858232796366,0.0,false,60759.222691197385,133.66389836884417,1,8.899475728777944,false
6184,1041.5076897136953,0.0,false,133422.64840485048,587.3889567366186,1,1207.1821364925668,true
6185,457.35663456023195,0.0,false,41122.94795993753,126.39686600000057,0,7.531752999057062e-13,false
6186,693.1759976842243,0.0,false,71899.54007445522,133.66389936884414,1,8.899475728777944,false
6187,1315.9350148585565,194.0997710577868,true,144978.34351669787,9969.473193278027,2,9903.945703999998,false
6188,942.4181902768585,0.0,false,105257.58988687152,133.6639020650894,1,8.89947903069968,false
6189,1053.0518086616546,152.7206357038039,true,100853.74155779512,-2441.9991958050778,2,12441.999195805078,false
6190,181.1121203171155,0.0,false,9995.927472791462,96.05429599999997,0,9.947598300641403e-14,false
6191,524.776817689667,0.0,false,50307.43563321012,137.08524052169454,1,27.989232522631298,false
6192,475.9191759101584,0.0,false,43469.19491875082,126.39686699999993,0,8.526512829121202e-14,false
6193,568.0149102963003,0.0,false,55109.80665664887,126.39686799999993,0,9.947598300641403e-14,false
6194,887.4157946671526,0.0,false,98141.40089856405,137.0852451654585,1,27.98923944575388,false
6195,243.40294011267542,0.0,false,15979.22812864437,96.05429599999997,0,9.947598300641403e-14,false
6196,1074.6469277339295,0.0,false,129199.76896202723,253.22601783060276,1,332.1225840328803,false
6197,1057.5868727967477,9.27868618090311,true,125835.66230806605,10000.000000000002,3,9903.945704000002,false
6198,378.9516704850865,0.0,false,31212.806614021247,126.39686499999974,0,2.4158453015843406e-13,false
6199,736.4555280163819,0.0,false,77719.15754010198,133.66390026759262,1,8.899476829419243,false
6200,283.7675115351956,0.0,false,19856.41849888258,96.05429600000011,0,9.947598300641403e-14,false
6201,514.0580288127743,0.0,false,48289.82620778226,126.39686700000013,0,1.4210854715202004e-13,false
6202,1010.8726666756589,0.0,false,114102.75145257812,145.2126696932119,1,23.042526320263903,false
6203,506.00333456852957,0.0,false,47271.738138994966,126.39686700000007,0,1.4210854715202004e-13,false
6204,394.66850052839635,0.0,false,33199.36459636615,126.3968660000001,0,1.4210854715202004e-13,false
6205,465.02946770101494,0.0,false,42092.769983909224,126.39686700000007,0,1.4210854715202004e-13,false
6206,231.8240538876296,0.0,false,14867.026398570173,96.05429600000011,0,1.1368683772161603e-13,false
6207,431.74289297132145,0.0,false,37885.451424634026,126.3968660000001,0,1.4210854715202004e-13,false
6208,959.2505998088205,0.0,false,108058.1144382367,145.21267228820557,1,23.042530722826143,false
6209,959.5910319066019,0.0,false,107415.76498573915,133.66390206508936,1,8.89947903070032,false
6210,176.9316960360161,0.0,false,9594.37977403044,96.05429600000014,0,1.4210854715202004e-13,false
6211,857.4183000018768,0.0,false,94260.51556161986,133.6639019638377,1,8.899480131340852,false
6212,1288.0092529277842,186.8797304217167,true,151523.0877331607,9080.986382379857,1,9989.999999,false
6213,621.7002608967987,0.0,false,62422.118292746665,133.66389847009594,1,8.899474628138108,false
6214,773.3078111071809,0.0,false,82451.70244935971,133.66390026759268,1,8.899476829419214,false
6215,857.3724822716281,0.0,false,93682.0075807888,133.6639011663411,1,8.89947793005976,false
6216,1279.4008447393844,285.93358056599084,true,116046.00996121681,10000.0,2,9873.603132,false
6217,927.8751321233881,4.794026236452605,true,126015.37439170005,3351.32961157491,1,10756.182234308108,true
6218,577.7939151153735,0.0,false,56460.02716039415,133.66389757134743,1,8.899473527497577,false
6219,563.0539577780855,0.0,false,54482.75783077655,126.39686800000004,0,7.105427357601002e-14,false
6220,163.38053970182656,0.0,false,8292.733033017379,96.05429600000002,0,7.105427357601002e-14,false
6221,521.6132475139126,0.0,false,49244.78213577463,126.39686700000004,0,1.4210854715202004e-13,false
6222,418.5301893985682,0.0,false,36215.4071677145,126.39686600000005,0,5.684341886080802e-14,false
6223,1290.1804286833128,195.0279919861796,true,150163.92542561292,9000.281715590636,2,9989.999998999998,false
6224,317.09784006271184,0.0,false,23394.676607806825,126.39686500000008,0,8.526512829121202e-14,false
6225,872.954025244816,0.0,false,95378.75695761699,133.66390126759256,1,8.899476829419186,false
6226,2395.6360665616535,1264.576552914969,true,144950.57024431645,9969.473193278027,2,9903.945704,false
6227,1047.2064432817601,153.94337470083212,true,99897.51693188753,-2441.9991958050764,2,12441.999195805076,false
6228,346.06563769762556,0.0,false,27056.115298943143,126.39686500000006,0,1.2789769243681803e-13,false
6229,463.20428290376276,0.0,false,41862.0723547916,126.39686700000006,0,9.947598300641403e-14,false
6230,934.2014179582299,0.0,false,104017.0022354488,133.66390206508936,1,8.899479030700292,false
6231,618.7060504726255,0.0,false,61601.177500796286,133.6638975713475,1,8.899473527497562,false
6232,551.5251076804908,0.0,false,53025.547367501036,126.39686800000007,0,7.105427357601002e-14,false
6233,773.838468696389,0.0,false,82321.17389365283,137.0852425216945,1,27.989232522631028,false
6234,669.2743803934669,0.0,false,68476.08050208072,133.66389847009617,1,8.899474628138094,false
6235,465.6676319676586,0.0,false,42173.43194401532,126.39686700000019,0,2.1316282072803006e-13,false
6236,989.3995040480366,18.050829635500072,true,132441.92033425573,3896.874247690883,1,9873.603135000001,true
6237,704.5225482109431,0.0,false,73340.91571789733,137.08524119981257,1,27.989229061069693,false
6238,1011.9685045148158,62.452134374082696,true,106220.19478065317,10000.0,2,9873.603132,false
6239,688.018716254169,0.0,false,71094.92000149257,133.66389936884434,1,8.89947572877864,false
6240,1307.9808353788753,190.88010042107337,true,151682.79985767807,9080.986382379866,1,9989.999999,false
6241,573.3165248173797,0.0,false,56199.00579198943,137.08524019981263,1,27.98922906106972,false
6242,698.1288075439388,0.0,false,72530.25400191193,133.66389936884434,1,8.899475728778668,false
6243,689.2109782506957,0.0,false,71243.5964680424,133.66389936884434,1,8.899475728778668,false
6244,1231.2504002901278,182.91221051446212,true,142173.1534060666,10000.000000000013,2,9873.603134000012,true
6245,611.0923688257633,0.0,false,60832.170452561135,133.66389757134763,1,8.899473527497577,false
6246,665.8213157162126,0.0,false,68112.66595563237,133.66389847009597,1,8.899474628138123,false
6247,497.2500481318127,0.0,false,46165.35020996009,126.3968670000003,0,3.694822225952521e-13,false
6248,217.5152132389019,0.0,false,13492.600826406979,96.05429600000022,0,3.694822225952521e-13,false
6249,495.0091089273874,0.0,false,45882.10252882888,126.3968670000003,0,3.694822225952521e-13,false
6250,401.4079968134286,0.0,false,34051.2157715154,126.39686600000019,0,1.9895196601282805e-13,false
6251,522.95676886842,0.0,false,49414.59901767086,126.3968670000003,0,3.694822225952521e-13,false
6252,765.4602325252511,0.0,false,81498.17298167049,133.6639002675927,1,8.899476829419228,false
6253,573.4091007653368,0.0,false,55791.61539957136,126.39686800000024,0,2.5579538487363607e-13,false
6254,1289.387979586187,162.56819420908386,true,139484.9599713596,10000.000000000004,3,9873.603132000011,false
6255,373.4324810938571,0.0,false,30515.19839970544,126.39686500000025,0,2.7000623958883807e-13,false
6256,438.2897119433924,0.0,false,38712.94879223906,126.3968660000001,0,1.1368683772161603e-13,false
6257,661.3626486964245,0.0,false,67375.78502958537,133.663898470096,1,8.899474628138108,false
6258,501.2745639413618,0.0,false,46674.03637533196,126.39686700000024,0,3.694822225952521e-13,false
6259,366.3056519977086,0.0,false,29614.389573068787,126.39686500000013,0,1.4210854715202004e-13,false
6260,638.436537518762,0.0,false,64532.359928264406,133.66389847009611,1,8.899474628138165,false
6261,262.94305122161467,0.0,false,17856.13968635499,96.05429600000011,0,2.8421709430404007e-13,false
6262,1036.8908868939313,16.56379213561138,true,138632.6389227013,7649.6681743232175,3,15892.490091823682,true
6263,369.37990697918417,0.0,false,30002.96575264093,126.39686500000025,0,2.7000623958883807e-13,false
6264,567.3896993203379,0.0,false,55030.78195182461,126.39686800000024,0,2.7000623958883807e-13,false
6265,541.0611451796215,0.0,false,51702.935353769484,126.39686700000023,0,2.5579538487363607e-13,false
6266,2630.341575409588,1486.2404700394527,true,151645.635172741,9000.281715590641,2,9989.999999,false
6267,591.0675581252364,0.0,false,58023.588979964996,126.39686800000024,0,2.7000623958883807e-13,false
6268,588.051481606034,0.0,false,57642.36637540205,126.39686800000024,0,2.7000623958883807e-13,false
6269,444.0674336735643,0.0,false,39443.234682664275,126.39686600000027,0,2.984279490192421e-13,false
6270,870.702146536809,0.0,false,95793.60649449148,133.66390206508964,1,8.899479030700462,false
6271,1030.3340262034671,0.0,false,128581.49382309441,587.3889567366191,1,1207.1821364925654,true
6272,1347.7778561919881,219.1564219479333,true,151798.0068505406,9080.986382379868,1,9989.999999000001,false
6273,661.5320874655382,0.0,false,67199.54731335197,137.08523855604886,1,27.989222137947962,false
6274,436.2092402847476,0.0,false,38449.98370518685,126.39686600000022,0,3.268496584496461e-13,false
6275,557.0296698815554,0.0,false,54039.71317044783,137.08523887793075,1,27.98922559950921,false
6276,409.97552850904674,0.0,false,35134.124884359546,126.39686600000013,0,3.268496584496461e-13,false
6277,625.8755391511203,0.0,false,62632.012623296265,133.6638975713478,1,8.899473527497776,false
6278,390.048148665877,0.0,false,32615.366624228176,126.39686600000013,0,3.268496584496461e-13,false
6279,416.66211159801173,0.0,false,35979.2879976204,126.39686600000013,0,3.268496584496461e-13,false
6280,936.2771324333647,0.0,false,105834.67563920241,253.22601683060293,1,332.12258403287984,false
6281,510.23864070057465,0.0,false,47807.06753945947,126.39686700000007,0,1.2789769243681803e-13,false
6282,385.5225037807917,0.0,false,32043.339316752717,126.39686600000002,0,9.947598300641403e-14,false
6283,390.89919520393306,0.0,false,32722.936235203397,126.39686600000002,0,9.947598300641403e-14,false
6284,376.21392918723257,0.0,false,30866.76470774247,126.39686500000008,0,1.1368683772161603e-13,false
6285,639.3901825376302,0.0,false,64426.760654297665,133.66389757134746,1,8.899473527497591,false
6286,607.7519978704547,0.0,false,60132.44979130417,126.39686800000004,0,1.1368683772161603e-13,false
6287,2236.93757800669,1135.5938273374968,true,144837.90112384086,10000.0,2,9873.603133,true
6288,1228.5103007170221,115.32147285767013,true,137762.04972869146,10000.000000000005,2,9873.603132000013,false
6289,1129.5252107120787,112.66619629001924,true,138194.28445450205,1302.6187859704532,2,9873.603133999999,true
6290,760.4292590430124,0.0,false,82312.40496968759,154.07121037437958,1,72.46973410537649,false
6291,1776.9166431390734,634.8869589707382,true,141407.4434346992,9999.999999999998,3,9873.603130000005,false
6292,1258.281784047845,90.97144780780711,true,152184.89587050042,9080.986382471856,1,9989.999998,false
6293,678.2461670410149,0.0,false,69962.45930231117,133.6638993688443,1,8.899475728778697,false
6294,1065.5151056075856,0.0,false,126479.67364769072,253.22601650872087,1,332.1225805713196,false
6295,1248.6556093419345,197.41473553413744,true,142540.04355620279,6748.418300940277,2,20953.98915951673,true
6296,585.2749602859255,0.0,false,58039.69350823272,137.08524019981266,1,27.98922906107036,false
6297,291.3383333907537,0.0,false,20583.628439647146,96.05429600000008,0,1.1368683772161603e-13,false
6298,433.55773458401353,0.0,false,38114.84170769047,126.39686600000005,0,2.2737367544323206e-13,false
6299,482.79525325997207,0.0,false,44338.309511760504,126.39686700000006,0,2.2737367544323206e-13,false
6300,874.1471714098742,0.0,false,96004.33783168037,133.66390116634113,1,8.899477930059845,false
6301,1257.1243949017733,131.90050649291663,true,139283.2436040939,10000.000000000016,3,9873.603132000017,false
6302,1085.6042751608388,9.935451782244613,true,130679.18733798247,9789.243092626184,3,10052.077183710791,false
6303,785.0437538021214,0.0,false,84067.85349887545,133.66390026759268,1,8.899476829419314,false
6304,679.2673544614282,0.0,false,69902.77140189579,137.08523987793063,1,27.989225599509197,false
6305,930.2568576596689,0.0,false,103548.58372374863,133.66390206508947,1,8.89947903070042,false
6306,1288.8578568991506,173.69775706491413,true,151663.3935064424,9080.986382379875,1,9989.999998999994,false
6307,1342.6783188990544,431.7382540839362,true,116337.85805804469,10000.0,2,9873.603135,true
6308,585.644200167772,0.0,false,57338.093558062115,126.39686900000021,0,2.5579538487363607e-13,false
6309,470.1080745108226,0.0,false,42734.68994292216,126.39686700000016,0,1.8474111129762605e-13,false
6310,457.825975058656,0.0,false,41182.27112567848,126.39686600000022,0,2.984279490192421e-13,false
6311,1333.9119928678547,222.83685005969863,true,137494.88657307776,10000.000000000004,3,9873.603132000004,false
6312,270.99905043611506,0.0,false,18629.95299531242,96.05429600000019,0,3.410605131648481e-13,false
6313,635.3793550032684,0.0,false,64222.74371357184,137.08523987793052,1,27.9892255995086,false
6314,955.7195212766013,0.0,false,107030.47641926873,145.21266959196038,1,23.042527420904463,false
6315,645.7359733124865,0.0,false,65599.4967470884,133.663898470096,1,8.899474628138194,false
6316,770.1737756239451,0.0,false,82200.04804040452,137.0852425216945,1,27.989232522631184,false
6317,529.907962550127,0.0,false,50293.20807924167,126.39686699999999,0,1.2789769243681803e-13,false
6318,681.1454634660578,0.0,false,70488.50039610761,133.66389936884434,1,8.899475728778654,false
6319,985.5892001109045,0.0,false,112140.6936654904,212.62808237346968,1,105.60193845727918,false
6320,1014.2679792533371,69.33645912734039,true,105874.00004762142,10000.0,2,9873.603132,false
6321,774.3019308657778,0.0,false,82814.00612187498,137.0852438435766,1,27.989235984192433,false
6322,435.3472036970672,0.0,false,38341.02498643687,126.39686600000005,0,3.126388037344441e-13,false
6323,310.71648082681344,0.0,false,22588.092831475886,126.39686500000005,0,2.7000623958883807e-13,false
6324,592.390720008082,0.0,false,58190.832488551496,126.39686800000001,0,2.8421709430404007e-13,false
6325,372.06512309239844,0.0,false,30342.368640457753,126.39686500000005,0,2.7000623958883807e-13,false
6326,673.5056899839714,0.0,false,69187.02167909751,133.6638984700959,1,8.899474628138165,false
6327,1311.8849915154076,257.86113994394555,true,142891.80320976285,7649.668174323218,3,9873.603134,true
6328,1034.731431995941,0.0,false,122153.4771907893,212.62808237346982,1,105.60193845727933,false
6329,499.91864206796413,0.0,false,46502.65210677319,126.39686699999999,0,2.1316282072803006e-13,false
6330,286.46689631206453,0.0,false,20115.70599515965,96.05429600000001,0,2.5579538487363607e-13,false
6331,593.16588602746,0.0,false,58674.67753999791,133.6638984700959,1,8.899474628138194,false
6332,610.3245748037509,0.0,false,60735.26388174222,133.66389757134758,1,8.899473527497662,false
6333,765.0439775385659,0.0,false,84434.63555068994,253.2260174743671,1,332.12259095600285,false
6334,244.39946099376914,0.0,false,16074.94823733756,96.05429599999995,0,4.121147867408581e-13,false
6335,671.3184765346075,0.0,false,69422.78789561192,133.6639001663411,1,8.899477930059874,false
6336,341.5221003824861,0.0,false,26481.826444473092,126.39686499999995,0,2.7000623958883807e-13,false
6337,579.0568298543275,0.0,false,56505.470628198025,126.39686799999996,0,2.4158453015843406e-13,false
6338,824.2615179412727,0.0,false,90157.14723905516,137.08524548734067,1,27.989242907314903,false
6339,1150.036871571147,230.74630570698534,true,102104.49656169025,10000.000000000002,2,9873.603132000002,false
6340,232.44389896885158,0.0,false,14926.565179616466,96.05429600000008,0,1.4210854715202004e-13,false
6341,670.5281830404655,0.0,false,68628.44743117565,133.66389847009592,1,8.899474628138137,false
6342,374.05181514552805,0.0,false,30593.48027974699,126.3968650000001,0,1.5631940186722204e-13,false
6343,1492.3075485088032,363.9812407889022,true,139675.37966651563,10000.000000000005,2,9873.603132000007,false
6344,381.7528294431602,0.0,false,31566.864313483813,126.39686500000013,0,2.1316282072803006e-13,false
6345,920.200116963695,0.0,false,102064.47449214445,137.08524516545867,1,27.989239445753782,false
6346,410.7079460272498,0.0,false,35226.700159601794,126.39686600000005,0,9.947598300641403e-14,false
6347,674.4913851254319,128.59336533062805,true,54460.187065786246,-2641.624578707479,2,12641.624578707479,false
6348,450.8588255223599,0.0,false,40301.64529417304,126.39686600000022,0,5.115907697472721e-13,false
6349,587.2198060054186,1.2737240597824715,true,73614.07360755635,-3852.683059220793,1,13852.683059220793,false
6350,368.70032720756615,0.0,false,29917.06900270921,126.39686499999999,0,4.263256414560601e-13,false
6351,687.0022640447035,0.0,false,70696.8351933773,133.6638984700959,1,8.89947462813808,false
6352,738.0874477892322,0.0,false,77839.13999318621,133.66390026759262,1,8.899476829419186,false
6353,306.53171610903587,0.0,false,22059.15170712526,126.39686499999999,0,4.263256414560601e-13,false
6354,541.5301364811447,0.0,false,51762.21438211824,126.39686700000024,0,6.536993168992922e-13,false
6355,349.16985880572116,0.0,false,27448.47910285632,126.39686499999999,0,4.263256414560601e-13,false
6356,764.9380612711277,0.0,false,81359.01818662122,133.66390026759262,1,8.899476829419186,false
6357,310.6887000482971,0.0,false,22584.581428275273,126.39686499999999,0,4.263256414560601e-13,false
6358,961.5314251501042,0.0,false,108631.25413517332,154.0712163400255,1,72.46974449005984,false
6359,847.0085082942713,0.0,false,94821.10451345435,253.22601715248481,1,332.12258749444095,false
6360,1451.9733977015128,358.3140819950034,true,140507.9774343819,9999.999999999996,2,9873.603132999997,true
6361,257.43221121239003,0.0,false,17326.799845432794,96.0542960000003,0,5.684341886080801e-13,false
6362,501.19409471676266,0.0,false,46663.86531793545,126.39686699999982,0,4.263256414560601e-13,false
6363,766.1217801889636,0.0,false,81597.05606252354,133.66390026759242,1,8.899476829419115,false
6364,941.2607265732396,0.0,false,105799.7741256921,145.21267228820528,1,23.04253072282603,false
6365,603.0006602646112,0.0,false,60006.31283311888,133.66389847009566,1,8.899474628138023,false
6366,558.3621580411592,0.0,false,53889.72907158839,126.39686800000004,0,5.115907697472721e-13,false
6367,1027.5631029027174,0.0,false,121412.08631082306,253.22601650872093,1,332.12258057131857,false
6368,316.73263400137864,0.0,false,23348.515708036113,126.3968650000001,0,1.5631940186722204e-13,false
6369,620.8711117944987,0.0,false,61966.09183960416,133.66389757134752,1,8.899473527497591,false
6370,1145.0522417833504,38.265611099820404,true,150609.83513587085,9000.281715590641,2,9989.999999,false
6371,189.31493524017716,0.0,false,10783.843060836007,96.05429600000005,0,1.1368683772161603e-13,false
6372,584.6594132313019,0.0,false,57463.560688888676,133.6638975713475,1,8.899473527497577,false
6373,320.0846128076157,0.0,false,23772.19530728304,126.39686500000002,0,9.947598300641403e-14,false
6374,765.1135393575828,0.0,false,81616.90661689229,133.66390026759268,1,8.899476829419214,false
6375,411.88762200961656,0.0,false,35375.80750077004,126.39686600000005,0,1.4210854715202004e-13,false
6376,917.2016321399,0.0,false,102014.54649927023,133.6639020650894,1,8.899479030700292,false
6377,689.1059667211899,0.0,false,71042.8514614752,133.66389757134752,1,8.899473527497548,false
6378,274.668263442841,0.0,false,18982.39665653983,96.05429600000002,0,9.947598300641403e-14,false
6379,1551.0888941031994,484.9948781792834,true,126570.24679001156,10000.000000000002,3,9882.11623219632,false
6380,429.1642291923323,0.0,false,37559.51641739555,126.39686600000059,0,7.673861546209082e-13,false
6381,1358.0209271899612,124.3834495319164,true,165594.40173993492,3896.8742495452516,1,9873.603131999998,true
6382,623.6903115773655,0.0,false,62646.7389093326,133.6638984700964,1,8.89947462813818,false
6383,631.4734067250135,0.0,false,65372.84331282919,137.08524613110512,1,27.9892498304376,false
6384,495.82541985974365,0.0,false,45985.28166827885,126.39686700000057,0,6.394884621840902e-13,false
6385,989.3786627168665,0.0,false,118859.28932654942,253.22601815248527,1,332.1225874944413,false
6386,816.6688795156341,0.0,false,88177.37292324532,133.6639011663416,1,8.899477930059874,false
6387,416.6074040847566,0.0,false,35972.37313967197,126.39686600000067,0,7.389644451905042e-13,false
6388,1206.1016296427617,51.18038179430512,true,152061.00498658462,9080.986382471863,1,9989.999998,false
6389,735.6914604589895,0.0,false,77768.33398049841,137.08524252169502,1,27.989232522631013,false
6390,892.9981847324134,0.0,false,103651.96728972987,253.2260171524852,1,332.1225874944413,false
6391,514.0240605953248,0.0,false,48285.5327317231,126.39686700000068,0,6.679101716144942e-13,false
6392,484.8392367253711,0.0,false,44596.662605723024,126.39686700000068,0,6.679101716144942e-13,false
6393,1669.545726837076,579.2968451003757,true,150511.55254819666,9000.281715590641,2,9989.999999,false
6394,348.58298355557156,0.0,false,27374.299913438925,126.39686500000077,0,7.247535904753022e-13,false
6395,318.55223156638414,0.0,false,23578.507128536123,126.39686500000077,0,7.247535904753022e-13,false
6396,1013.3726037242864,0.0,false,118603.16333880258,253.22601650872093,1,332.12258057131817,false
6397,623.6776600837251,0.0,false,62229.71020600912,133.66389757134743,1,8.899473527497605,false
6398,706.7330747781566,0.0,false,73552.56752947228,133.66389936884426,1,8.899475728778683,false
6399,597.585715522582,0.0,false,59334.07356610042,133.6638983688443,1,8.899475728778683,false
6400,674.307768782782,0.0,false,69674.26930924298,137.0852415216945,1,27.989232522631013,false
6401,658.4230677493099,14.091469251399356,true,83617.8001222767,3254.672852106183,1,10912.55300594889,false
6402,506.48785335748886,0.0,false,47332.97979301493,126.39686700000013,0,1.4210854715202004e-13,false
6403,385.0277140825942,0.0,false,31980.79945204542,126.39686600000013,0,1.2789769243681803e-13,false
6404,1943.1867983967063,836.7829793216827,true,151575.83069885027,9080.986382379864,1,9989.999999000001,false
6405,343.93118044432,0.0,false,26786.32660218666,126.39686500000005,0,1.2789769243681803e-13,false
6406,591.9222270983161,0.0,false,58131.6164553563,126.39686800000013,0,1.7053025658242404e-13,false
6407,856.3699828501886,0.0,false,93629.67326680804,137.08524384357656,1,27.989235984192476,false
6408,994.3012625439017,142.55983827399868,true,94902.27063494666,9999.999999999998,3,9903.945703999998,false
6409,822.9309514641343,0.0,false,89029.13257366575,133.663901166341,1,8.899477930059817,false
6410,561.7379676459155,0.0,false,54316.42080896326,126.39686800000007,0,2.984279490192421e-13,false
6411,923.7359665959237,0.0,false,102773.34293392235,133.6639020650895,1,8.899479030700462,false
6412,462.85115487682214,0.0,false,41817.438080655134,126.39686700000001,0,3.126388037344441e-13,false
6413,1152.2930847774664,196.2014268188268,true,127002.86661382603,10000.0,4,9873.603135,true
6414,441.5040990875009,0.0,false,39119.23723729309,126.39686600000044,0,7.958078640513122e-13,false
6415,342.74295962456193,0.0,false,26636.139220394543,126.39686500000053,0,6.252776074688882e-13,false
6416,1275.6406172037896,163.10434238455653,true,137679.56907278462,10000.000000000018,2,9873.603132000018,false
6417,594.3169709007739,0.0,false,58434.30455488648,126.3968680000008,0,8.668621376273222e-13,false
6418,784.2932391016102,0.0,false,83971.5115216235,133.66390026759322,1,8.899476829419257,false
6419,702.5120759085108,0.0,false,73023.49622249803,137.0852411998135,1,27.989229061070304,false
6420,579.2034250301783,0.0,false,56523.99979826333,126.3968680000008,0,8.668621376273222e-13,false
6421,720.5826414919992,0.0,false,75485.4793714322,133.66389936884477,1,8.899475728778654,false
6422,533.4917558979167,0.0,false,50858.56234511191,137.08523887793143,1,27.98922559950927,false
6423,591.7034399386388,0.0,false,58385.18657359833,133.6638975713484,1,8.899473527497577,false
6424,346.32199676312257,0.0,false,27088.518280110864,126.39686500000043,0,7.815970093361102e-13,false
6425,278.46005985210974,0.0,false,19346.614979832048,96.05429599999985,0,5.115907697472721e-13,false
6426,318.48278725662624,0.0,false,23569.72958576832,126.39686500000043,0,7.815970093361102e-13,false
6427,1253.0290340054073,258.429200515327,true,135380.79385626904,10000.0,2,9873.603135,true
6428,255.42028504661587,0.0,false,17133.545700011207,96.05429600000028,0,2.7000623958883807e-13,false
6429,2234.704531348077,1336.2632454270395,true,99704.90218700445,9999.999999999998,2,9873.603131999998,false
6430,341.380378635909,0.0,false,26463.913260570378,126.39686500000036,0,4.263256414560601e-13,false
6431,497.65562141958173,0.0,false,46216.61340043959,126.39686700000034,0,2.984279490192421e-13,false
6432,927.2293708524825,44.8703231313227,true,101726.71557426722,-2312.6613617970024,2,12312.661361796996,false
6433,476.8192511052171,0.0,false,43582.96159807031,126.39686700000034,0,2.984279490192421e-13,false
6434,386.4504397344992,0.0,false,32160.627508510388,126.3968660000003,0,2.5579538487363607e-13,false
6435,405.50083818232577,0.0,false,34568.538073114985,126.3968660000003,0,2.5579538487363607e-13,false
6436,578.6165992851791,0.0,false,56449.82686614159,126.39686800000035,0,4.121147867408581e-13,false
6437,660.0685506852031,0.0,false,66988.3174437783,137.08523855604864,1,27.989222137947067,false
6438,905.9070019091647,0.0,false,105430.54368783222,253.2260168306034,1,332.12258403287933,false
6439,652.3203325145979,0.0,false,66272.41746155522,137.08523987793063,1,27.989225599508146,false
6440,1388.909695713095,277.83802303761615,true,137494.44795920028,9999.999999999996,2,9873.603132000007,false
6441,1082.7086198108009,0.0,false,130809.15723037053,253.22601783060327,1,332.1225840328793,false
6442,585.3890588186456,0.0,false,57322.08771639353,133.66389757134777,1,8.899473527497662,false
6443,808.1430428611624,0.0,false,87089.59028537676,133.6639011663413,1,8.899477930059817,false
6444,318.3478059501454,0.0,false,23552.66837233556,126.39686500000045,0,5.115907697472721e-13,false
6445,835.1183554708188,0.0,false,91059.77313253812,133.6639011663413,1,8.899477930059874,false
6446,816.394866925264,0.0,false,88778.97452673211,137.08524548734079,1,27.989242907314733,false
6447,493.2833565126757,0.0,false,45663.97284074619,126.39686700000044,0,5.115907697472721e-13,false
6448,740.3338698112993,0.0,false,78099.22245538227,133.66390026759302,1,8.899476829419285,false
6449,505.0947350556121,0.0,false,47156.894012656165,126.39686700000021,0,3.410605131648481e-13,false
6450,661.0960684913023,0.0,false,67449.02438616056,133.66389847009617,1,8.899474628138222,false
6451,346.3941575329497,0.0,false,27097.639174904416,126.39686500000039,0,3.979039320256561e-13,false
6452,526.526893348571,0.0,false,49865.85154534131,126.39686700000021,0,3.410605131648481e-13,false
6453,317.46904205700906,0.0,false,23441.595374683,126.39686500000039,0,3.979039320256561e-13,false
6454,462.0450637395227,0.0,false,41715.550691220684,126.39686700000021,0,3.410605131648481e-13,false
6455,1225.1672941036247,149.53371261049372,true,145623.2052389196,7649.668174323215,3,9873.603134,true
6456,791.4907677606352,0.0,false,83356.45354942436,126.3968700000002,0,1.9895196601282805e-13,false
6457,694.6004233757393,54.50478435852059,true,65413.57395927247,-2464.1557515175937,2,12464.155751517597,false
6458,642.3659912354577,0.0,false,65122.003025408136,137.08523987793058,1,27.9892255995084,false
6459,517.7180205425905,0.0,false,48752.437673716995,126.3968670000001,0,9.947598300641403e-14,false
6460,905.8824323224574,0.0,false,100458.12813028542,133.66390206508953,1,8.899479030700348,false
6461,782.148863898001,0.0,false,83945.25920475741,137.08524384357668,1,27.989235984192234,false
6462,516.2891248505185,0.0,false,48571.82974354268,126.39686700000016,0,1.5631940186722204e-13,false
6463,1845.0151207618835,733.6211475913669,true,137535.18573007156,10000.000000000007,2,9873.603132000007,false
6464,399.9440743211559,0.0,false,33866.18056374482,126.39686600000016,0,1.4210854715202004e-13,false
6465,767.957617750272,0.0,false,82135.341614891,137.0852438435765,1,27.989235984192405,false
6466,617.4209436316563,0.0,false,61575.99316368822,133.66389757134758,1,8.899473527497591,false
6467,887.430975052014,0.0,false,97863.89172000816,133.66390206508945,1,8.899479030700334,false
6468,1098.736267160994,0.0,false,135068.1118664198,212.62808327221802,1,105.60193955791976,false
6469,878.0331579436619,0.0,false,96671.99706563163,133.66390206508945,1,8.899479030700334,false
6470,146.00385900677466,0.0,false,6623.628254167426,96.05429600000008,0,1.4210854715202004e-13,false
6471,667.6196517889015,0.0,false,68199.6462014643,133.6638984700959,1,8.899474628138137,false
6472,779.9392946501525,0.0,false,83229.2254092886,133.6639002675927,1,8.899476829419228,false
6473,581.6676617470468,0.0,false,56988.463125554845,133.66389757134752,1,8.899473527497591,false
6474,384.1715667380137,0.0,false,31872.585115136924,126.39686600000005,0,1.1368683772161603e-13,false
6475,788.334417590973,0.0,false,84525.86730409962,133.6639002675927,1,8.899476829419228,false
6476,414.478693529328,0.0,false,35703.31080748807,126.39686600000005,0,1.1368683772161603e-13,false
6477,216.468913004735,0.0,false,13392.099197148325,96.05429600000008,0,1.4210854715202004e-13,false
6478,1660.2300884124236,541.0435884417559,true,138520.13665686906,10000.000000000002,2,9873.603132000004,false
6479,128.50695426397186,0.0,false,4942.97543940914,96.054296,0,2.984279490192421e-13,false
6480,413.2304989629204,0.0,false,35545.54293237689,126.39686599999996,0,2.984279490192421e-13,false
6481,574.8535718313091,0.0,false,56323.86989352034,137.08523887793066,1,27.98922559950887,false
6482,1545.6429346063733,413.99489140528544,true,146139.83300960538,9969.47319327803,2,9903.945704,false
6483,596.9496255013424,0.0,false,58829.219250991155,133.66389757134752,1,8.899473527497591,false
6484,610.5530319889797,0.0,false,60699.88740301611,133.66389757134752,1,8.899473527497591,false
6485,1212.9318041610625,13.96566194058592,true,156330.29044881597,9253.80995993182,2,9873.603131999998,true
6486,420.7933359622815,0.0,false,36501.461789350884,126.39686600000039,0,3.979039320256561e-13,false
6487,1063.8098244574903,61.64425633463492,true,131904.00206609917,10000.0,2,9873.603134,true
6488,807.9615725233725,0.0,false,87384.90761104952,137.08524384357668,1,27.989235984192476,false
6489,154.4799013249234,0.0,false,7437.788506475297,96.05429600000002,0,9.947598300641403e-14,false
6490,360.7247961164944,0.0,false,28908.986907989987,126.39686500000025,0,2.7000623958883807e-13,false
6491,563.5022437592784,0.0,false,54539.41977162963,126.3968680000003,0,3.268496584496461e-13,false
6492,724.6068797914036,0.0,false,76772.94233661899,137.08524416545868,1,27.989239445753498,false
6493,215.25032166551026,0.0,false,13275.048267603219,96.05429600000025,0,2.5579538487363607e-13,false
6494,1036.788806430582,21.60122183629153,true,119180.94303344726,10000.0,3,9903.945704,false
6495,1217.6142424513025,205.3809115957731,true,115539.77502509623,10000.0,3,9903.945704,false
6496,1614.2702278777294,711.1310038166002,true,99896.17407183358,10000.0,3,9873.603132000002,false
6497,1396.4112982829836,260.0493129862254,true,140691.06408823846,10000.0,2,9873.603132000004,false
6498,635.9327902898059,0.0,false,64120.2288432041,133.66389847009577,1,8.899474628138123,false
6499,2950.9869011358187,2008.8094583322109,true,105631.99846833768,10000.0,2,9873.603132,false
6500,541.6317423217337,0.0,false,51775.057041428045,126.396867,0,3.410605131648481e-13,false
6501,1825.5029182550827,847.1954274702297,true,133321.492879992,9999.999999999998,2,9873.603134999998,true
6502,1323.15509580464,184.21703599821183,true,141016.6718199628,9999.999999999989,2,9873.603131000016,false
6503,2324.962624449673,1192.4543069530812,true,140203.97257496073,10000.0,4,9873.603132,false
6504,949.565082217744,26.960771659306364,true,106937.47426345457,9249.522706251282,2,10052.077184710794,false
6505,641.8523614654443,0.0,false,64811.73408485292,133.66389757134743,1,8.899473527497449,false
6506,626.1163165243565,0.0,false,63222.325000062476,137.0852415216944,1,27.989232522630815,false
6507,1202.7332891446001,78.55315390043918,true,139151.31648041747,10000.000000000002,3,9873.603132000015,false
6508,697.3345062462714,0.0,false,72497.84838967663,133.66389936884437,1,8.899475728778867,false
6509,464.8228851379754,0.0,false,42066.658596403606,126.3968669999999,0,2.2737367544323206e-13,false
6510,1097.449968834318,0.0,false,132870.05502382424,212.62808327221796,1,105.60193955791975,false
6511,427.6282120209238,0.0,false,37365.36866848716,126.3968659999999,0,2.4158453015843406e-13,false
6512,394.1291172106322,0.0,false,33131.188238124945,126.3968659999999,0,2.4158453015843406e-13,false
6513,1642.1438371687832,667.1983141506695,true,109766.67201717412,10000.0,4,9875.460705509693,false
6514,1219.9608780469987,97.94965093531722,true,138877.1733006747,9999.999999999996,2,9873.603132000002,false
6515,1275.1366322273643,290.3350382461319,true,118845.07479952576,10000.0,2,9873.603133000002,false
6516,1350.295680070363,301.44320907859395,true,124760.66688259652,9999.999999999998,3,9873.603132000004,false
6517,664.8095984378261,0.0,false,68013.73655146135,133.66389847009563,1,8.89947462813825,false
6518,761.7030497180878,0.0,false,80947.4508539141,133.6639002675926,1,8.899476829419285,false
6519,1132.2074330881487,10.96196285433773,true,144969.5848733583,9969.47319327802,2,9903.945704,false
6520,526.8952463649058,0.0,false,49912.410210345806,126.39686700000051,0,6.963318810448982e-13,false
6521,1211.66624101896,45.53544659908473,true,156630.70989651306,9253.809959931818,2,9873.603131999997,true
6522,752.2039788960252,0.0,false,85303.55937722065,555.614678498848,1,1358.1691783224258,false
6523,408.98679045119815,0.0,false,35009.15149749624,126.39686600000059,0,5.684341886080801e-13,false
6524,972.7360402276091,108.40540234083677,true,112034.39239314114,3351.3296115749044,1,10756.182234308102,true
6525,417.69743830312467,0.0,false,36110.15004325623,126.39686600000067,0,7.389644451905042e-13,false
6526,1498.2233989075391,447.7447777555759,true,123769.29305342279,10000.0,3,9882.11623219632,false
6527,429.68111756426293,0.0,false,37624.84948509473,126.39686600000003,0,2.2737367544323206e-13,false
6528,1066.9322625426043,37.654752317402064,true,139763.94334236102,3896.8742483090027,1,9873.603133999997,true
6529,305.47342370995347,0.0,false,21941.364546748977,96.05429599999995,0,2.7000623958883807e-13,false
6530,778.6510788468466,0.0,false,83431.76244034104,133.66390116634065,1,8.899477930059405,false
6531,1440.8271987887592,328.7412937906099,true,137622.64374111043,10000.0,2,9873.603132,false
6532,765.0872337191666,0.0,false,81465.92896474633,133.66390026759262,1,8.899476829419285,false
6533,625.7711927993827,0.0,false,62410.01946806777,126.39686800000007,0,1.1368683772161603e-13,false
6534,556.48647750611,0.0,false,53652.648939719424,126.39686800000007,0,1.1368683772161603e-13,false
6535,371.46663862973173,0.0,false,30266.722083019446,126.39686500000008,0,2.4158453015843406e-13,false
6536,846.8290446985064,0.0,false,92230.08503700182,133.663901166341,1,8.89947793005976,false
6537,613.2175148586387,0.0,false,60837.86459191797,133.66389757134746,1,8.899473527497577,false
6538,267.1344945400158,0.0,false,18258.745810953587,96.05429600000006,0,8.526512829121202e-14,false
6539,676.652056420722,0.0,false,69431.7025441196,137.08523987793043,1,27.9892255995084,false
6540,624.2002221425104,65.54443285781774,true,70612.33814506257,-4111.563683365139,1,14111.563683365137,false
6541,1061.177865040949,26.8200516690748,true,140406.07771302876,5403.157021185552,2,9873.603134000015,true
6542,341.11287115808153,0.0,false,26430.101155078955,126.39686500000009,0,2.4158453015843406e-13,false
6543,370.5575076751157,0.0,false,30151.810784118046,126.39686500000009,0,2.4158453015843406e-13,false
6544,1289.2902786377692,178.05774524345725,true,139006.48348776603,9969.473194284097,2,9903.945704,false
6545,1531.3798848596712,411.33731065722895,true,142878.1195084518,9969.473194284097,2,9903.945704,false
6546,484.94085493972216,0.0,false,44609.50682903725,126.39686700000016,0,2.1316282072803006e-13,false
6547,990.6634001721039,0.0,false,112396.84818541049,145.21267408570225,1,23.042532924107235,false
6548,718.4808146326018,0.0,false,75163.68698228175,133.66389936884428,1,8.899475728778697,false
6549,1265.8049055942718,157.29033159416875,true,137789.54183380728,9969.47319529017,2,9903.945703999998,false
6550,451.333786031619,0.0,false,40361.67881164235,126.39686600000007,0,1.9895196601282805e-13,false
6551,1161.272637435374,40.92136560755195,true,138667.36016339448,10000.00000000001,2,9873.603132000022,false
6552,610.2523293596995,0.0,false,60858.216960501086,133.66389847009594,1,8.899474628138194,false
6553,495.18993796404135,0.0,false,45904.9587514396,126.39686700000013,0,1.5631940186722204e-13,false
6554,1086.3084361335445,106.16987749476814,true,115980.33517439968,-2312.6613622574914,2,12312.661362257493,false
6555,429.4669865275379,0.0,false,37597.78399421011,126.3968660000001,0,1.2789769243681803e-13,false
6556,1280.015009493422,189.10887025026494,true,147553.60859796434,10000.0,3,9873.603133,true
6557,554.4751514523149,0.0,false,53398.42364007224,126.39686800000003,0,1.4210854715202004e-13,false
6558,608.1181669714053,0.0,false,61024.60569636479,137.08524152169457,1,27.98923252263127,false
6559,1152.3352717727728,48.647752777855914,true,151548.66769804922,9080.986382379862,1,9989.999999000001,false
6560,727.5748664587501,22.204773389034347,true,73630.20508203775,162.5686793318646,3,9934.128099600448,false
6561,1093.31875232914,254.85244654775573,true,92341.24063866281,10000.0,3,9903.945704,false
6562,923.1393749725103,0.0,false,102599.9514903795,133.6639020650889,2,8.899479030700462,false
6563,877.7711678980351,0.0,false,96209.47459946312,133.6639012675924,1,8.899476829419314,false
6564,512.6899081984836,0.0,false,48116.90005666626,126.39686699999956,0,5.400124791776761e-13,false
6565,539.916922434323,0.0,false,51558.30919047878,126.39686699999956,0,5.400124791776761e-13,false
6566,869.8067917385201,0.0,false,95142.11241242476,137.0852435216943,1,27.989232522631255,false
6567,487.14046280681345,0.0,false,44887.530358868404,126.39686699999956,0,5.400124791776761e-13,false
6568,1719.0742393748685,731.9911073708377,true,115699.72443349642,10000.0,2,9873.603133,false
6569,502.719466493124,0.0,false,46856.66752232552,126.39686700000001,0,2.7000623958883807e-13,false
6570,843.0709241367211,0.0,false,92238.20624925305,133.66390206508947,1,8.899479030700348,false
6571,245.01634583679618,0.0,false,16134.202674796961,96.0542960000001,0,1.2789769243681803e-13,false
6572,453.6173098991141,0.0,false,40650.30906051224,126.39686600000009,0,1.4210854715202004e-13,false
6573,823.743493977323,0.0,false,89277.60495821772,133.66390116634105,1,8.899477930059788,false
6574,628.4054996988526,0.0,false,62980.45144218107,137.08523855604852,1,27.989222137947394,false
6575,918.4743312854214,0.0,false,102429.18003556128,145.21266959196032,1,23.042527420904463,false
6576,909.2362962082809,0.0,false,100692.06576501677,133.66390206508942,1,8.899479030700292,false
6577,796.6632208158134,0.0,false,85858.96409497879,133.66390116634102,1,8.899477930059774,false
6578,570.6517636830151,0.0,false,55985.63439064804,137.08524019981243,1,27.98922906106958,false
6579,1331.6130148614025,212.9058698277216,true,141450.17565544072,9999.999999999996,5,9903.945703999996,false
6580,905.0496342562602,0.0,false,100020.36501542071,137.08524516545904,1,27.989239445753952,false
6581,738.3980118322277,0.0,false,77393.48264680635,133.66389857134823,1,8.899473527498031,false
6582,504.734620906823,0.0,false,47111.37671464759,126.39686700000058,0,7.958078640513122e-13,false
6583,710.3367100583057,0.0,false,73098.83539843722,126.3968690000006,0,8.242295734817162e-13,false
6584,680.1896866006889,0.0,false,70133.45370275114,133.66389936884488,1,8.899475728779095,false
6585,234.1232412572233,0.0,false,15087.873215831078,96.05429600000042,0,6.679101716144942e-13,false
6586,872.8460226439363,0.0,false,96927.74469491336,154.07121269626165,1,72.46973756693727,false
6587,960.8077662031467,0.0,false,107718.94437380118,145.2126695919605,1,23.042527420904463,false
6588,130.61395896353045,0.0,false,5145.362286172933,96.05429600000022,0,3.694822225952521e-13,false
6589,848.0060595235561,0.0,false,93374.47912341285,154.0712100524975,1,72.46973064381471,false
6590,713.146324186245,0.0,false,75026.32794357462,137.08524284357657,1,27.989235984192206,false
6591,1347.8041169564967,463.30754670951353,true,97426.81946449398,10000.000000000004,2,9873.603132000004,false
6592,592.7446379774581,0.0,false,58235.56660893222,126.39686800000024,0,4.263256414560601e-13,false
6593,957.9887146940215,27.798622615633825,true,104498.85883509631,10000.000000000004,3,9873.603133000004,false
6594,326.6416659715317,0.0,false,24600.98624461216,126.39686500000046,0,5.258016244624741e-13,false
6595,1036.987578920516,42.66587401282628,true,135345.6392765008,6748.4183006109515,2,20953.989161638932,true
6596,383.52482572752353,0.0,false,31790.839081531056,126.39686500000064,0,6.536993168992922e-13,false
6597,325.4170705961174,0.0,false,24446.201233164757,126.39686500000064,0,6.536993168992922e-13,false
6598,696.0465012890797,0.0,false,71753.34906685905,133.66389857134783,1,8.899473527497562,false
6599,375.09451730801226,0.0,false,30725.274560042915,126.39686500000059,0,7.673861546209082e-13,false
6600,557.2107218027509,0.0,false,53744.19114541225,126.39686800000065,0,6.963318810448982e-13,false
6601,508.8415302339027,0.0,false,49237.819876600544,137.08524480922296,1,27.98924636887645,false
6602,523.2150891365897,0.0,false,49447.24988870048,126.39686700000007,0,1.3216094885137863e-12,false
6603,688.805933477667,0.0,false,71085.03085262227,133.66389847009643,2,8.899474628138123,false
6604,200.48165390910182,0.0,false,11856.454327709522,96.05429600000042,0,5.115907697472721e-13,false
6605,572.7963320398288,0.0,false,55714.16335614813,126.39686800000058,0,6.536993168992922e-13,false
6606,339.7604872917612,0.0,false,26259.164079509108,126.39686500000076,0,1.1937117960769683e-12,false
6607,1032.7424896147645,146.88602656152358,true,98769.00627394918,10000.0,3,9873.603133,false
6608,175.91551743775528,0.0,false,9496.771457212772,96.0542960000003,0,3.126388037344441e-13,false
6609,858.820514942297,0.0,false,94167.50016273187,133.6639020650897,1,8.89947903070032,false
6610,273.4595705699574,0.0,false,18866.296517180897,96.0542960000003,0,3.126388037344441e-13,false
6611,441.08038673653147,0.0,false,39065.681326163634,126.3968660000004,0,4.121147867408581e-13,false
6612,375.6122006907445,0.0,false,30790.7081146122,126.39686500000039,0,3.836930773104541e-13,false
6613,824.5578437584413,23.24128143453306,true,98696.87983421361,3254.672852106189,1,10912.553005948897,false
6614,609.3762911304353,0.0,false,60626.05097747364,133.66389757134786,1,8.899473527497562,false
6615,152.8379230271203,0.0,false,7280.06944195847,96.05429600000028,0,2.984279490192421e-13,false
6616,397.47805388365555,0.0,false,33554.483321283005,126.3968660000004,0,4.121147867408581e-13,false
6617,682.8167702392049,0.0,false,70696.80751703156,133.66389936884462,1,8.899475728778668,false
6618,755.9796110361406,0.0,false,80259.0755857843,137.08524252169485,1,27.98923252263107,false
6619,590.9212431043685,0.0,false,58024.68981238686,133.66389757134786,1,8.899473527497562,false
6620,537.7149505451047,0.0,false,51279.98685567157,126.39686700000043,0,4.973799150320701e-13,false
6621,1241.174462051912,62.31034260388803,true,152624.3523404477,9088.902805699943,1,9903.945704000002,false
6622,957.9636207396484,0.0,false,106781.06494524545,137.08524484357687,1,27.98923598419229,false
6623,754.5174175285098,0.0,false,79982.32350152242,133.6639002675928,1,8.899476829419214,false
6624,465.5969610625539,0.0,false,42164.49936344608,126.39686700000013,0,1.4210854715202004e-13,false
6625,391.2357454482041,0.0,false,32765.47512964806,126.39686600000005,0,1.5631940186722204e-13,false
6626,316.08658823384883,0.0,false,23266.857550958026,126.39686500000002,0,1.5631940186722204e-13,false
6627,1114.548157186923,0.0,false,141026.59194608574,397.36456345071645,1,331.8370731666181,false
6628,1017.2999542713035,0.0,false,115725.26885493759,145.2126740857022,1,23.042532924107192,false
6629,505.01262427415463,0.0,false,47146.51546762561,126.39686699999999,0,5.684341886080802e-14,false
6630,756.1953623286511,0.0,false,80356.84681225264,133.6639002675924,1,8.899476829418958,false
6631,804.2628429472315,0.0,false,86843.38219694793,133.66390116634096,1,8.899477930059646,false
6632,1112.8601341385445,4.373705248055366,true,142910.42617288124,9969.473193278029,2,9903.945704000002,false
6633,786.2950443434235,0.0,false,84203.5885655624,133.66390026759277,1,8.899476829419484,false
6634,932.7194718124999,41.17048250081694,true,118511.60515851117,4922.821051834064,2,10905.321370672276,true
6635,1473.969526169948,576.600910729903,true,99140.81650327393,10000.0,4,9873.603132,false
6636,667.5092005252313,0.0,false,68391.25147965155,133.6638984700959,1,8.899474628138123,false
6637,1260.0095681888579,286.10829560712443,true,110982.44818233003,10000.0,3,9873.603132000007,false
6638,1045.574379870529,154.79989796180612,true,98240.33174513934,10000.0,3,9873.603132,false
6639,869.0617621306907,0.0,false,95924.44614944937,137.08524548733993,1,27.98924290731503,false
6640,440.2119746318334,0.0,false,38955.916762075205,126.39686599999973,0,4.547473508864641e-13,false
6641,1047.7899283872687,18.64631015596616,true,139747.0198146188,3896.8742483089995,1,9873.603133999995,true
6642,933.3298921344601,0.0,false,104322.20864975838,145.21266959196006,1,23.04252742090449,false
6643,427.364318412466,0.0,false,37332.013344740124,126.39686599999973,0,4.547473508864641e-13,false
6644,513.4716461848094,0.0,false,48215.70928426254,126.39686699999956,0,5.115907697472721e-13,false
6645,299.96013008469873,0.0,false,21411.789025473703,96.05429599999965,0,4.689582056016661e-13,false
6646,885.5153119684501,0.0,false,97666.83508598631,133.66390206508953,1,8.89947903070032,false
6647,737.901578070907,0.0,false,77665.67918466614,133.66389936884434,1,8.899475728778668,false
6648,183.54899423394647,0.0,false,10229.999674002802,96.05429600000008,0,1.2789769243681803e-13,false
6649,948.2221849196013,65.56855153480626,true,97152.56719667972,10000.0,3,9874.320563495961,false
6650,894.356503861658,0.0,false,98924.7593936738,133.66390206508942,1,8.899479030700292,false
6651,306.0947988269358,0.0,false,22003.926734151162,126.3968650000001,0,1.4210854715202004e-13,false
6652,899.5613020972166,0.0,false,99717.69406310243,133.6639020650894,1,8.899479030700263,false
6653,613.4935481152205,0.0,false,61221.53287258577,133.6638975713475,1,8.89947352749752,false
6654,607.627152346251,0.0,false,60116.66970893493,126.39686800000015,0,1.7053025658242404e-13,false
6655,526.8558506418689,0.0,false,49907.43071461709,126.39686700000016,0,1.7053025658242404e-13,false
6656,355.1409677050328,0.0,false,28203.208524418504,126.39686500000016,0,2.2737367544323206e-13,false
6657,354.05374953277527,0.0,false,28065.787560223027,126.39686500000016,0,2.2737367544323206e-13,false
6658,813.2966648392979,0.0,false,88112.6930507434,133.66390116634102,1,8.899477930059675,false
6659,255.29310934511366,0.0,false,17121.329927916584,96.05429600000005,0,8.526512829121202e-14,false
6660,302.2999724543759,0.0,false,21636.540930024563,96.05429600000005,0,8.526512829121202e-14,false
6661,436.5591822955176,0.0,false,38494.215276880226,126.39686600000013,0,1.4210854715202004e-13,false
6662,1069.8014409501236,154.5232659139973,true,102580.84972086191,10000.0,4,9873.603133,false
6663,910.3906287014343,0.0,false,101177.2512455316,133.6639020650898,1,8.899479030700334,false
6664,437.87288427659877,0.0,false,38660.26308357845,126.3968650000004,0,3.979039320256561e-13,false
6665,651.015777422752,0.0,false,65970.29824799314,137.08523855604878,1,27.98922213794731,false
6666,909.0271595158003,109.69844377324787,true,87050.37170760587,162.56869622602585,3,9888.643825280931,false
6667,449.61707111258187,0.0,false,40144.69143464419,126.39686600000034,0,6.536993168992922e-13,false
6668,244.05341172356063,0.0,false,16041.708719344593,96.05429600000028,0,6.394884621840902e-13,false
6669,884.0368502593991,0.0,false,97832.58172382062,137.08524548734076,1,27.989242907315145,false
6670,734.6397000292953,0.0,false,77266.4196636912,133.66389936884454,1,8.899475728778583,false
6671,319.7821149115277,0.0,false,23733.960522758534,126.3968650000004,0,6.536993168992922e-13,false
6672,773.132611524171,0.0,false,83853.03922800277,137.08524580922267,1,27.98924636887618,false
6673,588.3967414174156,0.0,false,57925.52809260975,133.66389757134752,1,8.899473527497591,false
6674,511.9567509552864,0.0,false,48492.77126527965,137.08524052169454,1,27.989232522631184,false
6675,1319.6091471411696,208.16353931461046,true,144085.94297532973,9969.473193278034,2,9903.945704,false
6676,549.4456474042959,0.0,false,53058.66050574044,137.08523887793052,1,27.989225599508643,false
6677,1232.881110145408,108.10862467447927,true,139226.1876896936,10000.000000000002,2,9873.603132000004,false
6678,462.0710223254557,0.0,false,41718.83177499853,126.39686700000007,0,2.1316282072803006e-13,false
6679,541.3402725289859,0.0,false,51738.21617454836,126.39686700000007,0,2.1316282072803006e-13,false
6680,1617.6440153041458,507.8947639103569,true,137327.29806027483,10000.0,2,9873.603132000004,false
6681,352.04590572750936,0.0,false,27812.002405859195,126.39686500000016,0,2.7000623958883807e-13,false
6682,228.16733374701232,0.0,false,14515.78273076433,96.05429600000008,0,1.4210854715202004e-13,false
6683,642.2444884280561,0.0,false,65065.582046921896,133.66389847009586,1,8.899474628138023,false
6684,925.0401486407424,0.0,false,102879.3428668964,133.6639020650894,1,8.899479030700192,false
6685,830.5832102237131,0.0,false,89856.04194690645,133.6639003688443,1,8.89947572877864,false
6686,355.3190726743996,0.0,false,28225.720433475006,126.39686500000022,0,2.984279490192421e-13,false
6687,995.0292658454543,0.0,false,114124.18169156332,212.62808237346985,1,105.60193845727916,false
6688,1750.6734262088416,865.609958389085,true,101486.28561076199,10000.0,2,9873.603134,false
6689,601.4680906467041,0.0,false,59338.18364340684,126.39686799999998,0,1.4210854715202004e-13,false
6690,981.1296874999,0.0,false,132806.0996416582,1686.495757750803,1,4936.603665156998,true
6691,272.3869431049195,0.0,false,18763.26604437426,96.05429600000002,0,8.526512829121202e-14,false
6692,776.6973068311391,0.0,false,83295.37344922716,137.0852438435765,1,27.98923598419232,false
6693,2414.675347783081,1305.8840830026252,true,137206.2115594697,9999.999999999998,4,9873.603132000007,false
6694,1560.0372360123904,650.2228458353295,true,100990.25963169085,10000.0,3,9903.945704,false
6695,293.5247527704941,0.0,false,20793.643407369604,96.05429599999995,0,1.1368683772161603e-13,false
6696,537.4935473583344,0.0,false,51252.002187848324,126.39686699999993,0,2.5579538487363607e-13,false
6697,458.85413282923383,0.0,false,41312.22704049222,126.39686599999976,0,4.689582056016661e-13,false
6698,252.1033446609896,0.0,false,16814.939336346666,96.05429599999991,0,2.7000623958883807e-13,false
6699,1296.105307384455,172.1204784311519,true,139126.6303783196,10000.0,3,9873.603132,false
6700,590.5260674565584,0.0,false,57955.14625918325,126.3968680000001,0,1.4210854715202004e-13,false
6701,414.2694442973581,0.0,false,35676.86236140042,126.39686600000002,0,5.684341886080802e-14,false
6702,497.03465401989615,0.0,false,46138.125070335904,126.39686700000007,0,1.1368683772161603e-13,false
6703,456.956497499725,0.0,false,41072.37189151959,126.39686600000002,0,5.684341886080802e-14,false
6704,361.609012493474,0.0,false,29020.74908248488,126.39686500000002,0,7.105427357601002e-14,false
6705,955.910689764215,0.0,false,110460.83208070954,212.62808227221808,1,105.6019395579197,false
6706,305.6858698929719,0.0,false,21961.770914659406,96.05429600000002,0,7.105427357601002e-14,false
6707,239.86419852609666,0.0,false,15639.31680743586,96.05429600000002,0,7.105427357601002e-14,false
6708,804.7351596675271,0.0,false,86928.46678532545,133.66390116634102,1,8.89947793005976,false
6709,316.69091004844296,0.0,false,23343.241931356573,126.3968650000001,0,9.947598300641403e-14,false
6710,390.11582925764867,0.0,false,32623.921238578754,126.39686600000013,0,1.4210854715202004e-13,false
6711,501.05721221437756,0.0,false,46646.56379930818,126.39686700000007,0,1.1368683772161603e-13,false
6712,332.7434092337357,0.0,false,25372.227439582628,126.3968650000001,0,9.947598300641403e-14,false
6713,602.7436456120489,0.0,false,59499.40978705944,126.3968680000001,0,1.1368683772161603e-13,false
6714,534.0539425252788,0.0,false,50817.24693386967,126.39686700000007,0,1.1368683772161603e-13,false
6715,486.0851743971586,0.0,false,44754.14521643845,126.39686700000007,0,1.1368683772161603e-13,false
6716,274.84025908024176,0.0,false,18998.91757588945,96.05429600000002,0,7.105427357601002e-14,false
6717,790.8714314673391,0.0,false,84721.79895553841,133.66390026759265,1,8.899476829419115,false
6718,1066.3010312830459,0.0,false,128485.24833304685,212.62808327221802,1,105.60193955791968,false
6719,1243.97078765037,146.58420700688177,true,148879.97263497644,9000.281715590638,2,9989.999999000001,false
6720,154.19085473091738,0.0,false,7410.0243402439755,96.05429600000005,0,8.526512829121202e-14,false
6721,986.7810290775312,0.0,false,111719.01282564357,145.2126731869539,1,23.042531823466618,false
6722,1425.1554966388603,309.9577713971199,true,139369.37479370605,10000.0,4,9903.945704,false
6723,172.06441514411318,0.0,false,9126.85654912629,96.05429600000016,0,1.8474111129762605e-13,false
6724,406.95019405829385,0.0,false,34751.732106309166,126.39686600000006,0,2.2737367544323206e-13,false
6725,1141.0395257971156,20.5138373230219,true,141141.17695600438,9969.473194284097,2,9903.945703999985,false
6726,716.9583768819783,0.0,false,75060.14976930618,133.66389936884448,1,8.899475728778853,false
6727,515.3931833057951,0.0,false,48458.58554465012,126.39686700000006,0,2.1316282072803006e-13,false
6728,418.7545169379538,0.0,false,36243.76146452875,126.39686600000007,0,2.2737367544323206e-13,false
6729,619.5814877063873,0.0,false,61946.88710431663,133.6638975713475,1,8.899473527497463,false
6730,260.8169395949576,0.0,false,17651.917537217352,96.05429600000004,0,8.526512829121202e-14,false
6731,956.342371570776,44.87000652561786,true,123252.81602817567,6623.19119225316,2,13113.425453880116,true
6732,2257.8538517910897,1069.8824761047663,true,147214.32903160297,10000.0,4,9873.603131000007,false
6733,604.5985947988567,0.0,false,59997.56531449474,133.6638975713474,1,8.899473527497108,false
6734,331.1496263343632,0.0,false,25170.778283986536,126.3968650000003,0,2.984279490192421e-13,false
6735,792.1467802607272,0.0,false,85374.31521820229,137.08524384357622,1,27.98923598419104,false
6736,431.3441763847425,0.0,false,37835.054899661896,126.39686600000032,0,3.126388037344441e-13,false
6737,352.93654828338884,0.0,false,27924.57682919537,126.39686500000033,0,3.268496584496461e-13,false
6738,634.7555526806779,0.0,false,64138.189680863936,133.6638984700958,1,8.89947462813791,false
6739,415.76269580148863,0.0,false,35865.604664206134,126.39686600000032,0,3.126388037344441e-13,false
6740,553.4718630017038,0.0,false,53271.6111292376,126.39686800000031,0,3.410605131648481e-13,false
6741,1194.8112082457424,67.0504039287323,true,140614.99889399027,9969.473194284104,2,9903.945704,false
6742,982.1875946095076,0.0,false,109998.56869401089,137.0852448435762,1,27.98923598419144,false
6743,728.9475519894643,0.0,false,77011.27411818286,133.6639001663407,1,8.899477930059518,false
6744,448.16188286995805,0.0,false,39960.76020861233,126.39686599999987,0,2.7000623958883807e-13,false
6745,1374.7993993499983,260.9360354610337,true,151650.4261469897,9080.986382379859,2,9989.999998999998,false
6746,834.5452826245557,0.0,false,90893.0735200365,133.66390116634068,1,8.89947793005939,false
6747,217.25963555570752,0.0,false,13468.051492741097,96.05429599999994,0,2.4158453015843406e-13,false
6748,763.5831004414069,0.0,false,81098.27837309621,133.66390026759228,1,8.899476829418958,false
6749,633.5291355153516,0.0,false,63836.24364202163,137.08523987793012,1,27.989225599507805,false
6750,494.27330808958584,0.0,false,45789.0996126095,126.39686699999984,0,2.1316282072803006e-13,false
6751,591.9511453427917,0.0,false,58135.271630683565,126.39686799999984,0,2.7000623958883807e-13,false
6752,1252.7826373154878,144.10102262121802,true,144805.54947137213,9882.896398556068,2,9989.999997999998,false
6753,436.9784145182923,0.0,false,38547.20491386897,126.39686599999987,0,2.7000623958883807e-13,false
6754,1017.4252598628619,23.48172466298918,true,135297.83981250692,3718.7880402498354,1,11367.36364907395,true
6755,1255.986324315983,139.60050320165473,true,138166.1396407586,10000.0,2,9873.603132000006,false
6756,975.3398685063818,0.0,false,108800.14247031457,137.0852435216945,2,27.989232522631426,false
6757,286.3510562311342,0.0,false,20104.579058084826,96.05429599999995,0,1.8474111129762605e-13,false
6758,933.8968353042865,0.0,false,104316.20266118496,145.2126695919603,1,23.04252742090449,false
6759,705.635783012851,0.0,false,73624.4937880949,133.66389936884417,1,8.899475728778768,false
6760,676.0563553404883,0.0,false,69608.95567615292,137.08524119981251,1,27.989229061069935,false
6761,1143.457049554419,23.491816972380054,true,144353.9642268911,9969.473193278032,2,9903.945704000005,false
6762,1044.165151968524,0.0,false,124835.18257278,253.2260178306031,1,332.12258403287973,false
6763,936.7125363354666,0.0,false,104525.59456691387,133.66390206508953,1,8.89947903070032,false
6764,995.4474599861871,0.0,false,120457.85438852188,253.22601815248498,1,332.122587494441,false
6765,725.8248703358312,0.0,false,75889.85505968529,133.6638993688444,1,8.899475728778668,false
6766,327.90242777064685,0.0,false,24760.34257848898,126.39686500000019,0,1.8474111129762605e-13,false
6767,503.09737383297505,0.0,false,46904.433823831605,126.39686700000024,0,2.7000623958883807e-13,false
6768,825.6991510435191,0.0,false,89284.91877481752,133.66390026759277,1,8.899476829419228,false
6769,625.0297584134115,0.0,false,62715.06390836894,133.66389847009603,1,8.899474628138137,false
6770,1324.3339096855923,213.63660782784302,true,137447.1286629891,10000.0,2,9873.603132000007,false
6771,856.0704484102689,0.0,false,93196.45475499856,133.66390126759282,1,8.899476829419172,false
6772,513.9571792213858,0.0,false,48277.079135997614,126.39686700000027,0,2.5579538487363607e-13,false
6773,925.7179753871646,0.0,false,103404.41734839202,145.21267049070886,1,23.04252852154508,false
6774,346.64900370160285,0.0,false,27129.850930660024,126.3968650000003,0,2.7000623958883807e-13,false
6775,672.9554454836912,0.0,false,68941.30278584051,133.66389847009603,1,8.899474628138165,false
6776,329.84288212885565,0.0,false,25005.609918280374,126.3968650000003,0,2.7000623958883807e-13,false
6777,415.4646010051723,0.0,false,35827.92641767123,126.39686600000027,0,2.5579538487363607e-13,false
6778,314.88976149917727,0.0,false,23115.582408534698,126.3968650000003,0,2.7000623958883807e-13,false
6779,2055.942131276734,843.423195759281,true,150317.06353946755,10000.0,3,9873.603131,false
6780,1667.887941701269,724.9352697192155,true,105446.03843840733,10000.0,2,9873.603132,false
6781,939.268339985579,40.09259797203787,true,120326.56078119397,3351.3296115749094,1,10756.182234308108,true
6782,514.3329572719894,0.0,false,48324.57630202655,126.39686699999999,0,2.4158453015843406e-13,false
6783,559.2702475724478,0.0,false,54004.50873785023,126.39686799999998,0,2.8421709430404007e-13,false
6784,818.1856422543068,0.0,false,89219.66188635185,137.08524548734061,1,27.989242907315017,false
6785,406.8945134037418,0.0,false,34744.69424635535,126.39686599999999,0,2.7000623958883807e-13,false
6786,417.45918415870244,0.0,false,36080.03546728089,126.39686599999999,0,2.7000623958883807e-13,false
6787,570.5095417157364,0.0,false,59310.53511494242,-297.86693766271617,1,1412.713886993086,false
6788,424.54632250647927,0.0,false,36975.82750791262,126.39686599999976,0,7.673861546209082e-13,false
6789,377.7146330430888,0.0,false,31056.448964413285,126.39686499999976,0,7.673861546209082e-13,false
6790,910.6529588719269,0.0,false,101128.6747401437,137.08524516545856,1,27.989239445753668,false
6791,430.67869755536213,0.0,false,37750.940464566156,126.39686599999976,0,7.673861546209082e-13,false
6792,353.5632923433836,0.0,false,28003.795311029,126.39686499999976,0,7.958078640513122e-13,false
6793,1236.578266567447,100.85289944232711,true,140610.59754968778,10000.0,3,9873.603132000011,false
6794,1017.3819950320578,0.0,false,118023.80770018639,212.62808237347,1,105.6019384572797,false
6795,739.913056089482,0.0,false,78356.50289144483,133.6639002675928,1,8.899476829419612,false
6796,900.7340293825138,0.0,false,104247.9938752995,253.2260168306031,1,332.12258403288047,false
6797,595.6823432875487,0.0,false,58606.88333867062,126.39686800000004,0,5.684341886080802e-14,false
6798,1064.6051142255737,0.0,false,129396.94959941211,253.22601783060304,1,332.12258403288047,false
6799,322.10541644666347,0.0,false,24027.618543956065,126.39686500000005,0,1.7053025658242404e-13,false
6800,1244.2186217136023,126.27560133710229,true,150970.9855044487,9999.999999999996,3,9873.603133000013,true
6801,1115.4042524814993,0.0,false,137157.6538235858,212.62808327221836,1,105.60193955792025,false
6802,433.4747609505191,0.0,false,38104.354100871,126.39686600000007,0,2.2737367544323206e-13,false
6803,706.0003465759733,0.0,false,73188.1495519961,133.66389847009603,1,8.899474628138563,false
6804,325.03568262832084,0.0,false,24397.994991212014,126.3968650000001,0,1.4210854715202004e-13,false
6805,439.48872633423974,0.0,false,38864.50044753597,126.39686600000007,0,2.2737367544323206e-13,false
6806,876.1417214573238,0.0,false,96148.06292302681,133.66390116634116,1,8.899477930060172,false
6807,580.8422061057597,0.0,false,56755.21772516871,133.6638975713475,1,8.899473527497548,false
6808,1693.5435885177035,556.1972634511267,true,140815.4815453009,9999.999999999995,3,9873.603132,false
6809,600.394275907059,0.0,false,59683.11231873,133.6638983688442,1,8.899475728778697,false
6810,743.7031015821092,0.0,false,78739.34072365737,133.66390026759262,1,8.899476829419243,false
6811,645.4833392491377,0.0,false,65236.711383777816,133.6638975713475,1,8.899473527497548,false
6812,693.2281285938104,0.0,false,71780.64781448815,133.6638993688443,1,8.899475728778668,false
6813,515.1916873391731,0.0,false,48433.117086964936,126.39686699999999,0,1.7053025658242404e-13,false
6814,413.8594762781214,0.0,false,35625.043690658524,126.3968660000001,0,1.2789769243681803e-13,false
6815,1003.3695150066968,0.0,false,116527.94483992935,212.62808237346968,1,105.6019384572792,false
6816,927.7133095607109,0.0,false,102968.14132402462,133.66390216634107,1,8.899477930059788,false
6817,1539.2380742161101,428.80087505785275,true,137414.25249823564,9999.999999999998,2,9873.603132000007,false
6818,566.7325967207572,0.0,false,54947.72624588264,126.39686799999998,0,1.7053025658242404e-13,false
6819,999.5841590233316,0.0,false,121653.40748111113,253.22601815248464,1,332.12258749444106,false
6820,533.3224160876463,0.0,false,50724.78428841437,126.3968670000001,0,1.1368683772161603e-13,false
6821,768.9335738624297,0.0,false,82303.06662594213,133.66390116634093,1,8.899477930059874,false
6822,808.8610044113527,0.0,false,87479.26396683406,133.66390116634093,1,8.899477930059874,false
6823,1320.5574203213991,208.92917497682862,true,137564.79699749168,10000.0,2,9873.60313200003,false
6824,500.710142675614,0.0,false,46602.6952990598,126.39686700000014,0,1.5631940186722204e-13,false
6825,773.5871790290195,0.0,false,82373.43617637914,133.66390026759262,1,8.8994768294192,false
6826,127.70946753208776,0.0,false,4866.373415201153,96.05429600000014,0,1.1368683772161603e-13,false
6827,443.55507398333015,0.0,false,39378.47402611574,126.39686600000016,0,1.7053025658242404e-13,false
6828,1162.5906175280813,74.901010985133,true,150947.2250179462,9000.28171559063,2,9989.999998999996,false
6829,971.430116412478,0.0,false,109594.55927643951,145.21267228820548,1,23.042530722826115,false
6830,560.2228242903494,0.0,false,54124.91144485479,126.39686800000017,0,1.7053025658242404e-13,false
6831,1268.159278279151,208.91107185120833,true,143552.1452643721,10000.000000000002,2,9873.60313400007,true
6832,680.8490575473222,0.0,false,69916.54577637078,133.6638984700959,1,8.899474628138165,false
6833,1219.40976620335,109.84671319853628,true,150424.49746670004,9000.281715590632,2,9989.999998999996,false
6834,439.65644664457426,0.0,false,38885.69976828824,126.39686600000019,0,2.2737367544323206e-13,false
6835,703.0404978824345,0.0,false,72868.20763591843,133.66389847009592,1,8.899474628138165,false
6836,250.68687560863788,0.0,false,16678.881402966676,96.05429600000014,0,1.1368683772161603e-13,false
6837,449.55296282289976,0.0,false,40630.02890724375,137.08524052169452,1,27.989232522630957,false
6838,1397.156690180508,250.22320818420232,true,142027.26808713318,10000.0,2,9873.603131,false
6839,250.55892757897425,0.0,false,16666.5914454366,96.05429600000016,0,1.8474111129762605e-13,false
6840,374.2231093023593,0.0,false,30615.13132347818,126.39686500000025,0,2.2737367544323206e-13,false
6841,454.98405361934545,0.0,false,40823.061176541014,126.39686600000024,0,2.2737367544323206e-13,false
6842,1342.7258954620452,225.53489888928303,true,138267.9112912591,10000.00000000001,2,9873.60313200001,false
6843,656.8506180311371,0.0,false,66797.91362562493,137.08523987793052,1,27.98922559950799,false
6844,1224.3188916040383,106.62375015056205,true,142624.75722964466,9969.473194284106,2,9903.945704000003,false
6845,1325.3057872891093,370.98526834158923,true,112570.79975794019,9999.999999999998,2,9873.603132999999,false
6846,524.262637717717,0.0,false,49579.65674109968,126.39686700000013,0,6.110667527536862e-13,false
6847,1811.6913698238227,682.3615353856703,true,139802.2222936326,10000.00000000001,4,9873.603132000027,false
6848,1600.377351457541,435.4569705337004,true,152160.99631733846,9080.986382471856,1,9989.999998,false
6849,569.7528059070488,0.0,false,55329.471206593385,126.39686800000023,0,6.821210263296962e-13,false
6850,1412.1120898990541,265.7915574918784,true,143372.53546411433,10000.0,3,9903.945704,false
6851,1080.1849164330736,0.0,false,133304.807555989,253.22601783060298,1,332.1225840328802,false
6852,451.55126947545455,0.0,false,40389.16803626245,126.39686599999982,0,5.115907697472721e-13,false
6853,917.3785487098955,0.0,false,101767.33657494801,137.0852451654588,1,27.989239445753938,false
6854,860.9060135310518,0.0,false,94609.06821050694,133.66390206508913,1,8.89947903070005,false
6855,1419.4660723239758,303.48426777638826,true,138115.07321493063,9999.999999999996,3,9873.603131999998,false
6856,365.1349067838972,0.0,false,29466.411053012198,126.39686500000009,0,8.668621376273222e-13,false
6857,346.06619241653806,0.0,false,27056.185413672403,126.39686500000009,0,8.668621376273222e-13,false
6858,457.3011854172129,0.0,false,41115.939362314704,126.39686599999996,0,7.673861546209082e-13,false
6859,610.3146781095866,0.0,false,60799.490726475284,133.66389757134726,1,8.899473527497037,false
6860,674.5648544137733,0.0,false,69424.71153305713,133.66389936884423,1,8.899475728778398,false
6861,708.2730549223224,0.0,false,73825.26762283972,133.66389936884423,1,8.899475728778398,false
6862,570.2729719715385,0.0,false,55395.411790389844,133.66389757134726,1,8.899473527497037,false
6863,919.5303643666194,0.0,false,102005.58357944517,137.08524516545822,1,27.98923944575415,false
6864,918.244536192246,0.0,false,101739.28269708464,133.6639020650893,1,8.899479030699894,false
6865,411.85674661205906,0.0,false,35371.90494743662,126.39686599999987,0,1.9895196601282805e-13,false
6866,1549.780347287017,467.83548612520036,true,146420.93117793452,10000.0,4,9873.603134,true
6867,341.549938301047,0.0,false,26485.345069996023,126.3968650000001,0,1.5631940186722204e-13,false
6868,634.0553997184263,0.0,false,63958.417473512476,133.66389847009592,1,8.899474628138137,false
6869,404.47830759708063,0.0,false,34439.293416863446,126.3968660000001,0,9.947598300641403e-14,false
6870,560.9443501046233,0.0,false,54216.11004290944,126.39686800000008,0,1.1368683772161603e-13,false
6871,625.8240348036707,0.0,false,63072.91291395889,137.0852398779305,1,27.9892255995085,false
6872,1705.9329370316436,512.502801460145,true,147904.29914604194,10000.0,2,9873.603131000002,false
6873,1070.1431316943842,0.0,false,132486.41961616278,397.3645535204357,1,331.83706223026564,false
6874,831.9393319437155,0.0,false,90658.2643931404,137.0852438435765,1,27.989235984192064,false
6875,176.22660234014862,0.0,false,9526.652497575145,96.05429600000006,0,2.5579538487363607e-13,false
6876,1125.464305994696,18.62756309359409,true,151580.15993711108,9080.98638237986,1,9989.999998999992,false
6877,460.0936913872442,0.0,false,41468.90335125047,126.39686600000012,0,1.1368683772161603e-13,false
6878,1285.5026004584145,222.18969624749025,true,127354.498077024,10000.0,2,9873.603132,false
6879,655.7136603940803,0.0,false,66685.2763911795,133.66389847009586,1,8.899474628138137,false
6880,402.2880265266066,0.0,false,34162.44876484781,126.39686600000002,0,9.947598300641403e-14,false
6881,311.3594094200623,0.0,false,22669.35698750969,126.39686500000002,0,8.526512829121202e-14,false
6882,806.3428398480233,0.0,false,87475.81775037694,137.08524548734056,1,27.989242907314903,false
6883,587.8714530844468,0.0,false,58513.866458979435,137.0852415216945,1,27.989232522631127,false
6884,306.6128888527911,0.0,false,22069.411687134674,126.39686500000002,0,8.526512829121202e-14,false
6885,375.27072381909426,0.0,false,30747.54650993144,126.39686500000002,0,8.526512829121202e-14,false
6886,399.02717414797627,0.0,false,33750.28726000453,126.39686600000002,0,9.947598300641403e-14,false
6887,393.4042462660867,0.0,false,33039.56682610433,126.39686600000002,0,9.947598300641403e-14,false
6888,513.0590557719638,0.0,false,48163.55915120014,126.39686700000001,0,8.526512829121202e-14,false
6889,316.4768934419269,0.0,false,23316.190904091047,126.39686500000002,0,8.526512829121202e-14,false
6890,1053.4748565176283,4.9104438531992285,true,142201.74726909254,3718.7880408859983,1,11367.363647922659,true
6891,1807.3962920786742,674.8054590672684,true,150852.04220832448,9000.281715590627,2,9989.999999,false
6892,335.03359474048455,0.0,false,25661.69969874338,126.39686500000016,0,1.7053025658242404e-13,false
6893,493.32463847935276,0.0,false,45669.190751750015,126.39686700000021,0,2.2737367544323206e-13,false
6894,505.87563302627467,0.0,false,47255.59706490907,126.39686700000021,0,2.2737367544323206e-13,false
6895,604.9185065240436,0.0,false,59939.408344148775,133.66389757134766,1,8.899473527497534,false
6896,284.05443695056516,0.0,false,19883.978916799628,96.05429600000022,0,3.694822225952521e-13,false
6897,597.0357450888195,0.0,false,58836.6567026641,133.66389757134763,1,8.899473527497562,false
6898,2585.0847889314355,1574.6166195386297,true,115113.91747264228,10000.0,3,9882.11623219632,false
6899,625.5080155117588,0.0,false,63067.00702600196,133.66389836884431,1,8.899475728778711,false
6900,548.1748166261448,0.0,false,53488.20161577186,137.08524184357654,1,27.98923598419229,false
6901,931.0095031898474,0.0,false,103463.28520053672,137.08524516545856,2,27.989239445753427,false
6902,782.6138534095716,0.0,false,92250.28378176136,253.22601879624852,1,332.1225944175634,false
6903,308.9046996006307,0.0,false,22359.089371667684,126.39686499999999,0,1.4210854715202004e-13,false
6904,491.7031683296839,0.0,false,45464.24201462666,126.39686700000013,0,2.5579538487363607e-13,false
6905,556.5153079040183,0.0,false,54540.88302034782,137.0852418435764,1,27.989235984192177,false
6906,1140.25339578249,32.95093743731485,true,140597.30667628912,10000.0,3,9903.945704,false
6907,449.46768974951624,0.0,false,40125.81009926072,126.39686600000007,0,3.126388037344441e-13,false
6908,344.93092030940375,0.0,false,26912.69058294978,126.39686500000002,0,2.5579538487363607e-13,false
6909,359.0963631281892,0.0,false,28703.15808991927,126.39686500000002,0,2.5579538487363607e-13,false
6910,384.74814598258763,0.0,false,31945.462921768856,126.39686600000007,0,3.126388037344441e-13,false
6911,786.2764103216863,0.0,false,84008.0887125135,133.66390026759262,1,8.899476829419285,false
6912,692.1420399046691,0.0,false,71510.36046710599,133.6638984700959,1,8.899474628138194,false
6913,565.2281124918843,0.0,false,54757.564161929084,126.3968680000001,0,3.268496584496461e-13,false
6914,1574.1508794752929,465.3727435008865,true,137204.5521195964,10000.000000000007,3,9873.603132000007,false
6915,593.667651866076,0.0,false,58954.4802326871,137.08524019981257,1,27.989229061069594,false
6916,369.72554520569867,0.0,false,30046.653339513916,126.39686500000016,0,3.694822225952521e-13,false
6917,139.18494036618395,0.0,false,5968.641845120963,96.05429600000011,0,1.7053025658242404e-13,false
6918,191.35347381923896,0.0,false,10979.653442801005,96.05429600000011,0,1.7053025658242404e-13,false
6919,452.9004076829107,0.0,false,40559.69487074016,126.39686600000007,0,2.8421709430404007e-13,false
6920,712.2483357876091,0.0,false,74222.32852570798,133.66389936884426,1,8.899475728778711,false
6921,1103.5105616184735,0.38677437551548827,true,149097.88095394184,3896.874248927137,1,9873.603132999997,true
6922,473.9581228076806,0.0,false,43221.32396234336,126.39686700000007,0,2.8421709430404007e-13,false
6923,399.8805431905317,0.0,false,33858.15042825813,126.39686600000005,0,4.121147867408581e-13,false
6924,701.3292052676991,0.0,false,72666.47903431393,133.66389847009597,1,8.899474628138137,false
6925,965.2245469475038,0.0,false,112301.27859966841,253.22601683060304,1,332.1225840328797,false
6926,628.6261772820983,0.0,false,64496.858420507175,137.0852444873406,1,27.98924290731493,false
6927,593.771334841943,0.0,false,58822.61107195285,137.08524019981252,1,27.989229061069878,false
6928,1353.2506588615308,333.8006676523738,true,116268.05833279347,10000.000000000002,2,9873.603132000002,false
6929,362.4902989770412,0.0,false,29132.140927649492,126.39686500000002,0,5.684341886080802e-14,false
6930,612.5560635331552,0.0,false,61278.90658935796,137.08523987793052,1,27.989225599508657,false
6931,712.577544936457,0.0,false,75574.54377308351,137.08524448734065,1,27.98924290731493,false
6932,469.571190603408,0.0,false,42666.829502303466,126.39686700000007,0,1.2789769243681803e-13,false
6933,407.0156763238034,0.0,false,34760.00885912077,126.39686600000007,0,1.2789769243681803e-13,false
6934,1020.2967003170899,0.0,false,116671.38587780265,212.62808237346974,1,105.60193845727922,false
6935,629.4676305780772,0.0,false,63101.21602764912,137.08523855604844,1,27.989222137947365,false
6936,642.2685981087559,0.0,false,64917.856181660354,133.6638984700959,1,8.899474628138137,false
6937,541.141215199956,0.0,false,51814.53262856641,133.6638974700959,1,8.899474628138151,false
6938,1184.0902208893524,62.15973116047791,true,151731.09740538878,9080.986382379864,1,9989.999999,false
6939,282.7668822711827,0.0,false,19760.30376237268,96.05429600000005,0,9.947598300641403e-14,false
6940,507.86037399735403,0.0,false,47506.46209355159,126.39686700000007,0,1.2789769243681803e-13,false
6941,1086.220243674492,116.92199835574843,true,114653.47919741122,10000.0,2,9873.603133,false
6942,531.5952994270738,0.0,false,50612.439278924314,133.6638974700959,1,8.899474628138279,false
6943,442.83312075628066,0.0,false,39287.2214044278,126.39686599999999,0,9.947598300641403e-14,false
6944,165.63633545561757,0.0,false,8509.411899300172,96.05429599999998,0,5.684341886080802e-14,false
6945,778.769574777169,0.0,false,83689.08490521678,137.08524416545865,1,27.989239445753967,false
6946,440.2824828626144,0.0,false,38964.828781120756,126.39686600000002,0,8.526512829121202e-14,false
6947,282.2232174534509,0.0,false,19708.08242267649,96.054296,0,8.526512829121202e-14,false
6948,606.013377919022,0.0,false,59912.69368697107,126.39686800000001,0,9.947598300641403e-14,false
6949,940.7833036552773,0.0,false,104982.2452203331,133.66390206508942,1,8.899479030700448,false
6950,500.5978168348815,0.0,false,46588.497665381954,126.39686699999999,0,1.4210854715202004e-13,false
6951,1512.7279074149808,361.15846824378775,true,142613.23852176924,10000.000000000015,2,9873.603131000014,false
6952,886.4958716309866,0.0,false,97634.07581008157,137.0852451654587,1,27.98923944575408,false
6953,1525.4404858281066,608.9807588668257,true,102495.0801725883,10000.0,2,9873.603133,false
6954,422.66248759038393,0.0,false,36737.71668787598,126.39686599999999,0,8.526512829121202e-14,false
6955,787.8632646080462,0.0,false,84275.28168339658,133.6639002675927,1,8.899476829419413,false
6956,189.7225488996903,0.0,false,10822.996102717685,96.054296,0,5.684341886080802e-14,false
6957,622.3599417033062,0.0,false,62270.951186296574,133.66389757134758,1,8.899473527497719,false
6958,975.4220093272304,0.0,false,110063.06277440228,145.21267228820557,1,23.042530722826342,false
6959,279.44615837782925,0.0,false,19441.33397654842,96.054296,0,5.684341886080802e-14,false
6960,1074.0857423980308,129.5535755837978,true,110065.43808477292,10000.0,3,9873.603133,false
6961,384.41016250264636,0.0,false,31902.74287083444,126.39686600000067,0,6.679101716144942e-13,false
6962,656.6095281294514,0.0,false,66911.36025741923,133.66389847009637,1,8.899474628138108,false
6963,1014.1134650514439,0.0,false,114492.4183061792,145.21266969321266,1,23.042526320263917,false
6964,719.543550764518,0.0,false,75199.67497728847,133.6638993688447,1,8.899475728778611,false
6965,964.3565505040639,55.062990150395365,true,100642.73139634191,10000.0,2,9873.603132,false
6966,1532.9501595866566,424.12862358753245,true,137210.03774648817,9999.999999999996,3,9873.603132000004,false
6967,620.104042665632,0.0,false,61936.00024210268,133.6638975713482,1,8.899473527497577,false
6968,422.2880046990124,0.0,false,36690.383225908576,126.3968660000008,0,7.958078640513122e-13,false
6969,1425.8138149692336,429.6902643120634,true,116039.93597767546,10000.0,3,9873.603132,false
6970,674.8479012827561,0.0,false,69625.84808240851,137.08524119981269,1,27.989229061069977,false
6971,643.5105407150521,0.0,false,64688.07895231253,137.08523823416664,1,27.9892186763862,false
6972,785.7587746801398,0.0,false,84306.34977738964,133.66390116634125,1,8.89947793005976,false
6973,885.4258355178416,0.0,false,97611.42179187523,133.66390206508964,1,8.899479030700334,false
6974,646.2387179221458,0.0,false,65524.97123308343,133.66389847009611,1,8.899474628138123,false
6975,893.8543822476677,0.0,false,99863.1600772536,154.07121534002582,1,72.46974449006004,false
6976,1306.9313522364057,187.0609490317502,true,149164.8758346772,9882.896397549996,2,9989.999999000001,false
6977,485.4171352742294,0.0,false,44669.7071682751,126.39686700000051,0,6.963318810448982e-13,false
6978,874.6573547374221,0.0,false,96080.68665812821,133.6639011663415,1,8.899477930059803,false
6979,525.2680164853303,0.0,false,49706.73346144214,126.39686700000051,0,6.963318810448982e-13,false
6980,254.80698990363908,0.0,false,17074.636068652195,96.05429600000039,0,4.263256414560601e-13,false
6981,795.6489251384072,0.0,false,85552.33482183868,133.6639011663415,1,8.899477930059803,false
6982,682.9063040203763,0.0,false,70536.64239952652,133.6638993688447,1,8.89947572877874,false
6983,1543.7793719361405,428.0485000198158,true,138083.35611801682,9999.999999999998,2,9873.603132000007,false
6984,965.8967758663887,0.0,false,111371.74620909014,253.22601683060333,1,332.1225840328794,false
6985,567.2348663200164,0.0,false,55135.98353159059,133.663897571348,1,8.899473527497605,false
6986,636.9024182228817,0.0,false,64390.78063830531,133.66389847009637,1,8.899474628138094,false
6987,1690.324069418054,478.8215150644049,true,150188.59615078368,9999.999999999998,4,9873.603131000002,false
6988,471.75354446774855,0.0,false,42942.67218034734,126.3968670000001,0,1.4210854715202004e-13,false
6989,368.1956079555852,0.0,false,29853.27407357259,126.3968650000001,0,1.4210854715202004e-13,false
6990,1370.4148426314428,262.02822187820044,true,137155.06582460733,10000.000000000007,2,9873.603132000007,false
6991,1149.387501583643,32.022980395836164,true,147783.4206760095,9882.89639855607,2,9989.999998,false
6992,653.6131545857654,0.0,false,66388.50116453685,133.66389847009594,1,8.899474628138208,false
6993,462.7051124824422,0.0,false,41798.97878043263,126.3968670000001,0,1.4210854715202004e-13,false
6994,762.606404208216,0.0,false,81159.1148752163,133.66390026759268,1,8.899476829419257,false
6995,1548.657827996829,528.3018900804567,true,135695.7662178166,10000.0,2,9873.603133999999,true
6996,889.0882050981429,0.0,false,98371.50837776117,133.66390206508947,1,8.89947903070032,false
6997,1362.6671361576985,251.89210933834838,true,137456.95285415687,10000.0,2,9873.603132000002,false
6998,602.2155561439148,0.0,false,59835.52669953574,133.663898470096,1,8.899474628138108,false
6999,663.2226716678717,0.0,false,67579.73288621505,137.08523987793055,1,27.989225599508288,false
7000,498.89086768329844,0.0,false,46372.7446507353,126.39686700000007,0,3.126388037344441e-13,false
7001,466.2530746906408,0.0,false,42247.430066495566,126.39686700000007,0,3.126388037344441e-13,false
7002,356.21764943282136,0.0,false,28339.297715107055,126.39686500000008,0,2.984279490192421e-13,false
7003,983.7954090916943,0.0,false,118933.16258041936,253.2260181524849,1,332.12258749444095,false
7004,696.8546494782096,0.0,false,72240.20244370367,137.0852411998125,1,27.98922906106958,false
7005,469.0792107759194,0.0,false,42604.644796433604,126.39686700000004,0,2.5579538487363607e-13,false
7006,1070.8618663571103,39.001649866403056,true,140090.38930720586,3896.8742483090073,1,9873.603133999999,true
7007,544.0371367763435,0.0,false,52079.09134995749,126.39686700000001,0,1.1368683772161603e-13,false
7008,168.08242396590606,0.0,false,8744.369201771366,96.05429600000002,0,1.2789769243681803e-13,false
7009,876.7072275276654,0.0,false,96059.97130483144,133.66390126759262,1,8.899476829419285,false
7010,440.68528453768164,0.0,false,39015.74164845479,126.39686499999999,0,2.7000623958883807e-13,false
7011,745.3460132101719,0.0,false,78911.50264338258,133.66390026759265,1,8.899476829419314,false
7012,734.9772351792736,0.0,false,77424.24947712953,133.66390026759265,1,8.899476829419314,false
7013,995.8576951628238,0.0,false,115554.55408838543,253.22601650872087,1,332.12258057131857,false
7014,653.7420418698142,0.0,false,66570.5660954637,133.6638984700959,1,8.89947462813825,false
7015,1098.6149873101667,48.83380234499998,true,142355.5434684577,10000.0,2,9873.603134,true
7016,602.5793357511454,0.0,false,59569.407262217144,133.6638975713475,1,8.899473527497591,false
7017,418.3101647859789,0.0,false,36187.59674734049,126.39686600000013,0,1.2789769243681803e-13,false
7018,385.2437579042921,0.0,false,32008.106712946486,126.39686600000013,0,1.2789769243681803e-13,false
7019,295.171510622558,0.0,false,20951.82156859181,96.05429600000008,0,1.5631940186722204e-13,false
7020,585.7286611163934,0.0,false,57348.76915684493,126.39686800000013,0,1.5631940186722204e-13,false
7021,546.8063280744614,0.0,false,52429.108437548115,126.39686800000013,0,1.5631940186722204e-13,false
7022,1202.532614480553,7.180819248484294,true,154208.06438109727,9088.90280569995,1,9903.945704000002,false
7023,1275.609873720942,341.6205457071616,true,113431.57593256295,10000.000000000004,2,9873.603134000005,false
7024,632.5208704110504,0.0,false,63595.46590659935,133.66389757134792,1,8.899473527497946,false
7025,752.0293505179787,0.0,false,79922.78634105115,133.66390026759288,1,8.899476829419399,false
7026,649.9554912033149,0.0,false,66154.07583456239,133.66389847009617,1,8.899474628138279,false
7027,832.8968425515102,26.166220316984877,true,99216.9235311875,3254.672852106188,1,10912.553005948897,false
7028,663.405325967781,0.0,false,67592.27716673088,133.6638984700959,1,8.899474628138123,false
7029,1183.3427090832422,117.91180321549923,true,127434.107598301,10000.0,2,9873.603132,false
7030,1351.4610352722918,172.08425139793172,true,147277.71791729823,9969.473194284097,2,9903.945703999998,false
7031,527.9714168843836,0.0,false,50048.434785908496,126.39686700000004,0,1.8474111129762605e-13,false
7032,382.97325270213366,0.0,false,31721.121982509456,126.39686500000013,0,1.9895196601282805e-13,false
7033,377.5436497043899,0.0,false,31034.837207118475,126.39686500000013,0,1.9895196601282805e-13,false
7034,470.72392050424867,0.0,false,42812.53094335055,126.39686700000004,0,1.8474111129762605e-13,false
7035,849.3821513433869,0.0,false,92761.24384962014,133.66390116634102,1,8.899477930059817,false
7036,1193.5790430857578,302.64853413662394,true,98438.70700161398,10000.00000000001,2,9873.60313200001,false
7037,827.2948980699134,0.0,false,89999.12398847094,133.6639011663411,1,8.899477930059874,false
7038,1228.3083588799468,110.160073975082,true,138388.90953150863,9999.999999999996,4,9873.603132,false
7039,1521.6197905562258,502.6377562595647,true,138462.6275024924,9999.999999999993,2,9873.603134,true
7040,494.2761383510885,0.0,false,45789.457348779346,126.39686700000021,0,2.4158453015843406e-13,false
7041,770.7456171619899,0.0,false,82330.98780559917,137.08524252169468,1,27.98923252263124,false
7042,580.7319153696787,0.0,false,56717.19617924516,126.39686800000018,0,2.1316282072803006e-13,false
7043,1024.2605568757153,25.614319863115995,true,135892.2465598547,3896.874247690894,1,9873.603135000003,true
7044,1481.9998712745312,374.55333411272045,true,140565.10697146857,10000.0,3,9903.945704000005,false
7045,399.24428654622676,0.0,false,33777.72958562758,126.3968660000001,0,1.5631940186722204e-13,false
7046,636.7887469977131,0.0,false,64260.624532342925,133.663898470096,1,8.899474628138094,false
7047,534.1935305334707,0.0,false,50834.89041993839,126.39686700000007,0,1.5631940186722204e-13,false
7048,1031.1941738236505,133.1116806161444,true,103777.68187408637,9789.243090429563,3,10591.797579571108,false
7049,1027.1979883498902,0.0,false,116884.78627914622,145.2126732882051,1,23.04253072282617,false
7050,1248.7801190577732,125.64152484435327,true,139097.18621946138,9969.473195290171,2,9903.945704,false
7051,916.2341924566394,0.0,false,106185.82303310173,253.22601683060287,1,332.12258403288047,false
7052,802.7297764433204,0.0,false,86581.22912831159,133.6639011663407,1,8.89947793005976,false
7053,1111.1802145758882,0.0,false,139181.8078424533,397.3645634507164,1,331.8370731666179,false
7054,1797.0623823857798,658.7208480276195,true,143650.44002698205,9999.999999999998,3,9903.945704000002,false
7055,716.3115537648665,0.0,false,74877.26120399781,133.66389936884423,1,8.89947572877881,false
7056,305.33688660416846,0.0,false,21928.249571584543,96.05429599999954,0,4.831690603168681e-13,false
7057,1475.4492595312965,336.8525890389234,true,140973.52128228737,10000.000000000007,2,9873.603130000009,false
7058,442.52915803638916,0.0,false,39248.80147077252,126.39686600000007,0,3.126388037344441e-13,false
7059,459.5497728619307,0.0,false,41400.15375701103,126.39686600000007,0,3.126388037344441e-13,false
7060,153.28383384257177,0.0,false,7322.9010900776975,96.05429600000008,0,1.9895196601282805e-13,false
7061,452.9874495414102,0.0,false,40570.6966884301,126.39686600000007,0,3.126388037344441e-13,false
7062,248.9778684928081,0.0,false,16514.723932723657,96.05429600000008,0,1.9895196601282805e-13,false
7063,1716.1573377637928,588.321452302975,true,144993.28936828685,9969.473193278034,2,9903.945704,false
7064,1571.9844275839528,451.7954804063593,true,138646.84283714273,10000.0,2,9873.603131000007,false
7065,1006.6339584235718,78.07276192003174,true,127033.71743645171,3896.8742476908865,1,9873.603135000003,true
7066,679.5959047966855,0.0,false,70806.53470263495,137.08524284357676,1,27.98923598419273,false
7067,1687.0926855511934,549.2706268623017,true,140875.61278183377,10000.0,2,9873.603132000013,false
7068,472.9499204400406,0.0,false,43535.93372196901,137.0852405216947,1,27.989232522631212,false
7069,939.5841184275044,0.0,false,104560.89316515862,133.663902166341,1,8.899477930059803,false
7070,233.08980303041858,0.0,false,14988.607037596079,96.054296,0,2.8421709430404007e-13,false
7071,606.2740935099456,0.0,false,60393.21135217024,133.663898470096,1,8.899474628138208,false
7072,362.0925487964755,0.0,false,29081.866553363798,126.3968649999999,0,4.263256414560601e-13,false
7073,591.8369530109468,0.0,false,58701.28676838939,133.6638983688444,1,8.899475728778782,false
7074,598.9752259360007,0.0,false,59071.76339832099,133.66389757134755,1,8.899473527497733,false
7075,1016.2051458979053,76.30491957517904,true,105158.36753190107,10000.0,2,9873.603132,false
7076,569.4962077667908,0.0,false,55723.85623180799,137.08524019981246,1,27.989229061069764,false
7077,751.945915263672,0.0,false,79533.96754425182,133.66389936884423,1,8.899475728778697,false
7078,462.18825147231365,0.0,false,41733.64917117906,126.39686700000001,0,2.2737367544323206e-13,false
7079,366.5504374606586,0.0,false,29645.329687204056,126.396865,0,5.684341886080802e-14,false
7080,412.5821499992855,0.0,false,35463.59365854084,126.39686600000002,0,4.263256414560601e-14,false
7081,773.9971853128794,0.0,false,82753.54501087834,133.663901166341,1,8.899477930059788,false
7082,1081.597674824662,147.8502738051097,true,104885.97166395759,10000.0,4,9873.603132,false
7083,464.23636230827674,0.0,false,41992.523951824805,126.39686699999982,0,6.252776074688882e-13,false
7084,553.5093106749395,0.0,false,53276.3443975861,126.39686799999981,0,8.526512829121202e-13,false
7085,773.3725553130081,0.0,false,82733.32085976462,133.66390116634082,1,8.899477930059817,false
7086,875.9203174521698,0.0,false,96195.94597197401,137.0852438435764,1,27.989235984192575,false
7087,347.7191794280618,0.0,false,27265.117783202757,126.3968649999997,0,5.258016244624741e-13,false
7088,538.6954068376987,0.0,false,51403.91345340294,126.39686699999982,0,6.252776074688882e-13,false
7089,704.9518164753355,0.0,false,74865.57897039945,137.08524580922227,1,27.98924636887635,false
7090,500.4234981111776,0.0,false,46566.46432589226,126.39686699999982,0,6.252776074688882e-13,false
7091,803.5122428327613,0.0,false,86820.45870531484,137.08524516545862,1,27.989239445753512,false
7092,583.2336561347674,0.0,false,57242.41774321611,133.66389757134758,1,8.899473527497577,false
7093,264.87596494230337,0.0,false,18041.804347225723,96.05429600000002,0,1.1368683772161603e-13,false
7094,643.6144159475929,0.0,false,64885.56094861581,133.66389757134752,1,8.899473527497591,false
7095,662.3780358363824,0.0,false,67471.29651543466,133.6638984700959,1,8.899474628138137,false
7096,745.2338675802142,0.0,false,78723.50680770622,133.6639002675927,1,8.899476829419228,false
7097,891.1072023225635,0.0,false,98490.45081722888,133.66390206508947,1,8.899479030700334,false
7098,466.96828308617046,0.0,false,42337.83016265131,126.39686700000007,0,1.4210854715202004e-13,false
7099,869.389807497214,0.0,false,95149.00828863755,137.08524384357654,1,27.989235984192348,false
7100,722.3569061307379,0.0,false,75962.62750512888,133.6639002675927,1,8.899476829419228,false
7101,214.13280672807483,0.0,false,13167.706160370877,96.05429600000008,0,1.4210854715202004e-13,false
7102,599.9331943434714,0.0,false,59144.17756871781,126.3968680000001,0,1.8474111129762605e-13,false
7103,1056.3149971198945,96.40469056379231,true,130996.14654223913,3896.874247690881,1,9873.603135,true
7104,459.9336158557959,0.0,false,41448.67030655242,126.39686600000005,0,1.1368683772161603e-13,false
7105,453.7095062591826,0.0,false,40661.96239102054,126.39686600000005,0,1.1368683772161603e-13,false
7106,215.75592495566204,0.0,false,13323.613634177182,96.05429600000008,0,1.4210854715202004e-13,false
7107,423.68307616693767,0.0,false,36866.71588032483,126.39686600000005,0,1.1368683772161603e-13,false
7108,394.9333774959389,0.0,false,33232.844213614706,126.39686600000005,0,1.1368683772161603e-13,false
7109,317.10428973012665,0.0,false,23395.491825522553,126.3968650000001,0,1.5631940186722204e-13,false
7110,922.2307336216732,0.0,false,102557.10672591698,137.08524516545862,1,27.989239445753654,false
7111,1108.0816885631139,133.4207025854859,true,132860.58611873724,10000.0,2,9873.603135,true
7112,480.9582442411524,0.0,false,44106.11733815301,126.39686700000007,0,1.2789769243681803e-13,false
7113,1838.1133691640543,729.2650972862496,true,139259.0983203457,9999.999999999998,2,9873.603131999998,true
7114,433.66936462772645,0.0,false,38128.95139480908,126.39686599999996,0,3.836930773104541e-13,false
7115,736.6781767431544,0.0,false,77499.58002166834,137.08524119981266,1,27.98922906106995,false
7116,818.0221518091291,0.0,false,88387.40514648688,133.663901166341,1,8.89947793005986,false
7117,457.73558340448636,0.0,false,41170.84590433084,126.39686600000007,0,3.268496584496461e-13,false
7118,819.4225916780078,0.0,false,88844.2759440174,137.0852438435766,1,27.989235984192277,false
7119,332.04054421392266,0.0,false,25283.38750737154,126.3968650000001,0,1.5631940186722204e-13,false
7120,264.37398666557306,0.0,false,17993.587178753052,96.05429600000019,0,1.9895196601282805e-13,false
7121,592.1619485068269,0.0,false,58161.91648890656,126.39686800000024,0,3.126388037344441e-13,false
7122,379.57074241188764,0.0,false,31291.05536230222,126.3968650000001,0,1.5631940186722204e-13,false
7123,906.2356618065336,0.0,false,106045.38464173286,253.2260171524851,1,332.12258749444123,false
7124,641.077290915713,0.0,false,64344.66222413,126.39686900000021,0,2.5579538487363607e-13,false
7125,778.5709763155958,0.0,false,83419.46447210597,137.08524384357656,1,27.989235984192206,false
7126,560.1558426039368,0.0,false,54116.44516994773,126.39686800000018,0,2.4158453015843406e-13,false
7127,456.2570600282395,0.0,false,40983.96519065806,126.39686600000005,0,1.1368683772161603e-13,false
7128,307.80995812403694,0.0,false,22220.717485419704,126.3968650000001,0,1.5631940186722204e-13,false
7129,676.882473524889,0.0,false,69544.88249448786,137.08523987793052,1,27.98922559950863,false
7130,445.39529848906193,0.0,false,39611.072627175476,126.3968660000001,0,1.7053025658242404e-13,false
7131,466.0848184345452,0.0,false,42226.16300388147,126.39686700000007,0,1.4210854715202004e-13,false
7132,608.8644637749275,0.0,false,60273.06198959905,126.3968680000001,0,1.8474111129762605e-13,false
7133,408.2430470429622,0.0,false,34915.14466530574,126.3968660000001,0,1.7053025658242404e-13,false
7134,491.91302324520643,0.0,false,45490.76701721413,126.39686700000007,0,1.4210854715202004e-13,false
7135,932.1002252803378,0.0,false,103585.71068676398,133.6639020650894,1,8.899479030700348,false
7136,768.064608873052,0.0,false,81388.22918886783,133.66389947009588,1,8.899474628138137,false
7137,919.3546296958698,30.876012977031447,true,98068.27029168307,-2464.1557485295434,2,12464.155748529543,false
7138,266.95385819526496,0.0,false,18241.394914568427,96.05429600000008,0,1.4210854715202004e-13,false
7139,304.04252624347,0.0,false,21803.920702250452,96.05429600000008,0,1.4210854715202004e-13,false
7140,955.1683842660717,41.54400739156174,true,101957.61289960677,9999.999999999987,3,9873.603132,false
7141,1507.6408237572568,346.2446514416362,true,143855.30674510926,10000.000000000024,2,9873.60313100006,false
7142,430.0959803379238,0.0,false,37677.286837431195,126.39686599999868,0,1.4068746168049984e-12,false
7143,983.1810446897194,0.0,false,110892.09492362979,145.21267138945632,1,23.042529622185597,false
7144,1131.377827173493,219.96210583431895,true,101740.72649223627,10000.0,3,9873.603133,false
7145,1164.5271022277595,57.472968208515724,true,151582.33384829247,9080.986382379882,1,9989.999999000007,false
7146,746.4271054881466,0.0,false,78816.84600101814,133.66389936884437,1,8.899475728778654,false
7147,526.2084682607524,0.0,false,49825.60361377727,126.39686700000013,0,1.4210854715202004e-13,false
7148,1075.2590756319141,0.0,false,125981.66194893568,253.22601618683882,1,332.1225771097573,false
7149,391.17767186612787,0.0,false,32758.1348111666,126.39686600000005,0,1.7053025658242404e-13,false
7150,521.7491662430735,0.0,false,49261.96183649169,126.39686700000007,0,1.7053025658242404e-13,false
7151,1019.9725982598446,0.0,false,116878.34674961037,212.62808237346985,1,105.60193845727925,false
7152,1326.7479872845151,205.10530401700595,true,138830.5905156304,9999.999999999993,3,9873.603132000015,false
7153,559.9397414889216,0.0,false,54089.130667351186,126.39686800000018,0,1.9895196601282805e-13,false
7154,791.8616551514268,0.0,false,85750.74127339742,137.08524548734047,1,27.98924290731486,false
7155,1237.9229993817842,107.73739599878148,true,139138.72460533012,10000.000000000007,3,9882.116232285054,false
7156,739.0781321902439,0.0,false,78341.9411599402,137.0852441654589,1,27.989239445754947,false
7157,1156.3062359809169,44.92577534756797,true,150141.49855278933,7872.482433530306,2,20284.37435662033,true
7158,792.9803113343772,0.0,false,85120.4615667513,133.6639002675928,1,8.899476829419513,false
7159,1545.993183110733,407.01745222708405,true,141021.4333258741,10000.0,2,9873.603131,false
7160,1498.269531441164,347.50328735439933,true,142511.717184327,10000.0,2,9873.603131,false
7161,660.1472186658551,0.0,false,67458.68364678521,133.66389847009586,1,8.899474628138165,false
7162,500.90852095299067,0.0,false,46627.76969061078,126.39686700000007,0,1.9895196601282805e-13,false
7163,1219.9474303397703,278.5294503926774,true,113323.35288127224,10000.000000000007,3,9873.603133000008,false
7164,1632.2573256448602,520.4254333015386,true,137590.53733888583,10000.0,2,9873.603132000011,false
7165,427.86164163508704,0.0,false,37394.87343898192,126.3968660000001,0,1.2789769243681803e-13,false
7166,771.511023069604,0.0,false,82368.11126626855,137.0852425216943,1,27.98923252263016,false
7167,230.21664505352268,0.0,false,14712.62787944806,96.05429600000002,0,1.7053025658242404e-13,false
7168,938.5318116478087,0.14003388225666508,true,128276.27204977545,3896.8742476908783,1,9873.60313499999,true
7169,299.86135919232436,0.0,false,21402.301657237764,96.05429599999998,0,1.2789769243681803e-13,false
7170,412.5941236642017,0.0,false,35465.10709220091,126.39686600000002,0,4.689582056016661e-13,false
7171,782.3667133496028,0.0,false,83362.1577152999,137.0852408779302,1,27.989225599507364,false
7172,305.4750848187145,0.0,false,21941.524103376647,96.05429599999998,0,1.2789769243681803e-13,false
7173,529.8795715084995,0.0,false,50289.61954069939,126.39686700000003,0,3.552713678800501e-13,false
7174,711.7600149128295,0.0,false,74254.95016326662,133.66389936884408,1,8.89947572877847,false
7175,387.76108499437083,0.0,false,32326.28895524264,126.39686600000002,0,4.689582056016661e-13,false
7176,423.8052926128414,0.0,false,36882.16365544964,126.39686600000002,0,4.689582056016661e-13,false
7177,572.8040744210333,0.0,false,55931.251745448215,133.66389757134735,1,8.899473527497406,false
7178,568.9554870393415,0.0,false,55228.69260449896,126.39686800000003,0,1.9895196601282805e-13,false
7179,967.765973757103,0.0,false,108857.85101127226,145.21267138945691,1,23.042529622185498,false
7180,429.3768706663309,0.0,false,37586.39363222718,126.39686600000002,0,2.8421709430404007e-13,false
7181,578.3958485634341,0.0,false,56421.92466784939,126.39686800000003,0,1.9895196601282805e-13,false
7182,430.6031833470698,0.0,false,37741.395705677074,126.39686600000002,0,2.8421709430404007e-13,false
7183,1049.1494374658969,0.0,false,122780.19044546488,253.226016508721,1,332.1225805713185,false
7184,2302.8230894087355,1193.4628411300023,true,137278.12928761265,10000.000000000002,3,9873.603132000015,false
7185,827.2521436924478,0.0,false,89758.79372129081,133.66390206508947,1,8.899479030700292,false
7186,986.804886675115,0.0,false,110939.99634598171,154.07120973061552,1,72.46972718225395,false
7187,1128.7776940772856,35.63960778804927,true,151403.6139842444,9000.28171559064,2,9989.999999000003,false
7188,1124.3501033399143,8.914650392112314,true,137384.8115471697,10000.000000000002,2,9873.603132000002,false
7189,1440.550859281511,315.9317978777595,true,139206.7953692006,9999.999999999996,2,9873.603132000027,false
7190,405.83320163771,0.0,false,34610.547770586534,126.39686599999999,0,2.1316282072803006e-13,false
7191,1454.6551800429106,311.440031553476,true,141557.28240371344,10000.0,3,9873.603131,false
7192,308.7947986964953,0.0,false,22345.1982423639,126.39686499999999,0,3.979039320256561e-13,false
7193,466.4085354755284,0.0,false,42948.35251233457,137.08524084357643,1,27.98923598419212,false
7194,848.1370717151079,0.0,false,92769.62409774947,133.66390206508927,1,8.899479030700263,false
7195,942.2111112045369,140.76083982131846,true,98709.72316337322,608.6383051408147,2,10661.436584303556,false
7196,436.11794286716884,0.0,false,38851.18804176616,137.08524052169437,1,27.989232522630957,false
7197,357.8475792266563,0.0,false,28545.315724698135,126.39686499999993,0,1.1368683772161603e-13,false
7198,791.4341069257569,3.2354524351623892,true,97436.84847164532,3254.6728521061787,1,10912.553005948881,false
7199,1184.8688934386596,62.50577668021716,true,141790.84192819957,9969.473194284092,2,9903.945704,false
7200,1367.5949664834395,238.3077735111758,true,140439.86213890082,9969.473194284092,2,9903.945704,false
7201,356.47726970206213,0.0,false,28372.11290219106,126.39686500000002,0,7.247535904753022e-13,false
7202,469.70751799264156,0.0,false,42684.060856370874,126.39686699999992,0,6.536993168992922e-13,false
7203,287.3237022630876,0.0,false,20198.005885023373,96.05429599999994,0,2.8421709430404007e-13,false
7204,589.559584608125,0.0,false,57883.717228050475,133.66389757134738,1,8.899473527497662,false
7205,294.35208942365347,0.0,false,20873.1126446618,96.05429599999994,0,2.8421709430404007e-13,false
7206,846.7181231881309,0.0,false,92506.87622825943,133.66390116634108,1,8.899477930059774,false
7207,428.29329017759346,0.0,false,37449.432459809956,126.39686600000013,0,1.2789769243681803e-13,false
7208,1319.6780382755812,199.34822290085805,true,141203.54987892878,10000.0,4,9903.945704000002,false
7209,1243.2914008107496,98.7019110464763,true,151957.6874057428,9080.986382379866,1,9989.999999000001,false
7210,538.5400334843355,0.0,false,51384.27474925504,126.39686700000041,0,7.389644451905042e-13,false
7211,1346.9563563838199,296.3259959422387,true,131526.13430876876,10000.000000000002,4,9873.603133000002,true
7212,200.6452469611634,0.0,false,11872.168142665001,96.05429600000056,0,1.3642420526593924e-12,false
7213,459.56933700973497,0.0,false,41402.626603881625,126.39686600000039,0,1.5063505998114124e-12,false
7214,664.5630952665502,0.0,false,68183.74311089788,133.6638993688446,1,8.89947572877864,false
7215,434.09263308664447,0.0,false,38182.451199376635,126.39686600000039,0,1.5063505998114124e-12,false
7216,526.2093502654359,0.0,false,50333.96177381772,137.0852401998128,1,27.989229061068997,false
7217,960.2364194514686,30.28980792997429,true,105837.99753151878,10000.0,3,9903.945704,false
7218,1029.8679882359509,0.0,false,120996.20879424652,212.62808237346968,1,105.60193845727912,false
7219,1656.4405721273768,538.8832873905337,true,140513.00372311182,9999.999999999996,3,9903.945703999998,false
7220,1000.7394257472426,10.33587431523012,true,112436.12186266002,10000.0,2,9873.603132,false
7221,620.8130490169294,0.0,false,63649.29937289175,137.08524448734096,1,27.989242907315173,false
7222,277.2481199995658,0.0,false,19230.202954137534,96.05429600000011,0,3.268496584496461e-13,false
7223,382.02294329853606,0.0,false,31601.00585691593,126.39686500000005,0,5.400124791776761e-13,false
7224,1038.2272187293877,0.0,false,127938.73442128029,253.22601815248498,1,332.122587494441,false
7225,603.9783520408027,0.0,false,60010.892777258894,133.66389757134746,1,8.899473527497591,false
7226,342.63174078015834,0.0,false,26622.08150757769,126.3968650000001,0,1.5631940186722204e-13,false
7227,708.0251148540164,0.0,false,73695.05401250058,133.66389936884428,1,8.899475728778697,false
7228,389.2293868380695,0.0,false,32511.87769928671,126.39686600000005,0,1.1368683772161603e-13,false
7229,369.05524385665996,0.0,false,29961.929353071373,126.3968650000001,0,1.5631940186722204e-13,false
7230,485.60594411203857,0.0,false,44693.5720127031,126.39686700000007,0,1.4210854715202004e-13,false
7231,472.7658554683011,0.0,false,43070.62511317296,126.39686700000007,0,1.4210854715202004e-13,false
7232,700.4458787369327,0.0,false,72454.68439463658,133.66389847009583,1,8.899474628138137,false
7233,1062.7469983868937,0.0,false,126014.46613310256,212.62808237346974,2,105.60193845727922,false
7234,501.88659720347385,0.0,false,46751.395458490464,126.39686700000007,0,1.4210854715202004e-13,false
7235,793.1022324472109,0.0,false,85164.65558251787,133.66390026759265,1,8.899476829419243,false
7236,1097.0765589114044,0.0,false,132822.86905203946,212.62808327221808,1,105.60193955791978,false
7237,1006.2032844533259,0.0,false,113891.99638358036,154.07121369626162,1,72.46973756693758,false
7238,450.7728224568881,0.0,false,40290.77477666096,126.39686600000005,0,1.4210854715202004e-13,false
7239,511.64780874479806,0.0,false,47985.18195687082,126.39686700000007,0,1.4210854715202004e-13,false
7240,870.7242666867742,0.0,false,96101.78666475393,137.08524548734067,1,27.989242907314903,false
7241,1280.4673873344675,171.4235088508637,true,137238.14113859306,10000.000000000004,2,9873.603132000004,false
7242,531.6292694948467,0.0,false,50510.775873871855,126.39686700000058,0,7.673861546209082e-13,false
7243,238.17075705821003,0.0,false,15476.65448450113,96.05429600000043,0,5.258016244624741e-13,false
7244,289.58732926528575,0.0,false,20415.43697633529,96.05429600000043,0,5.258016244624741e-13,false
7245,845.6748614507844,0.0,false,92659.78778800435,133.6639019638383,1,8.89948013134098,false
7246,744.8512617606715,0.0,false,80761.3019302182,154.0712133400261,1,72.46974449006,false
7247,293.4575247845492,0.0,false,20787.185870709927,96.05429600000043,0,5.258016244624741e-13,false
7248,509.0911464913357,0.0,false,47662.027873396044,126.39686700000058,0,7.673861546209082e-13,false
7249,1468.7557394567216,326.17893603203566,true,151553.78565382722,10000.0,4,9873.603132000007,true
7250,775.3805553412385,0.0,false,83150.87131227886,133.6639011663399,1,8.899477930059831,false
7251,616.4578179442897,0.0,false,61595.09185430606,137.0852385560479,1,27.989222137948204,false
7252,292.08833308362296,0.0,false,20655.669129895905,96.05429599999938,0,1.4637180356658064e-12,false
7253,563.3626424992451,0.0,false,54521.774610569424,126.39686799999912,0,2.7569058147491887e-12,false
7254,1065.1548526162728,0.0,false,129890.81802630512,212.62808327221745,1,105.6019395579199,false
7255,479.5614783665995,0.0,false,43929.570516057574,126.39686699999947,0,2.7569058147491887e-12,false
7256,571.5861102109261,0.0,false,55561.1951158607,126.39686799999912,0,2.7569058147491887e-12,false
7257,352.6570670311741,0.0,false,27889.251276206793,126.39686499999954,0,1.8758328224066645e-12,false
7258,680.501777860764,0.0,false,69613.96277513538,133.66389767259915,1,8.89947242685703,false
7259,604.8282900219243,0.0,false,59905.5606084866,133.66389757134755,1,8.899473527497577,false
7260,380.6370366282096,0.0,false,31425.831604147745,126.39686500000002,0,1.5631940186722204e-13,false
7261,762.0502428944113,0.0,false,80893.24254563251,137.0852425216945,1,27.989232522630928,false
7262,685.711690994816,0.0,false,70631.96357393247,133.6638984700959,1,8.899474628138123,false
7263,1683.8718455643725,822.6326956561796,true,94954.36843792998,9999.999999999985,2,9873.603132999986,false
7264,715.2331981227792,0.0,false,74750.69395717501,133.66389936884426,1,8.89947572877874,false
7265,761.2935603316845,0.0,false,82163.47336566058,137.08524580922247,1,27.98924636887628,false
7266,296.136027508755,0.0,false,21044.46755618199,96.054296,0,1.4210854715202004e-13,false
7267,584.5938038084106,0.0,false,58157.168953234715,137.08524152169448,1,27.989232522631184,false
7268,304.43073594127173,0.0,false,21841.20991030855,96.05429600000002,0,1.7053025658242404e-13,false
7269,759.6830989946824,0.0,false,80056.27868648698,133.66389857134743,1,8.89947352749762,false
7270,1448.1780449433645,385.19444016821564,true,129885.83202441427,10000.0,2,9873.603132,false
7271,589.468868456277,0.0,false,57992.90878373682,133.66389757134772,1,8.899473527497662,false
7272,1192.3230928105556,78.86727403198196,true,137795.7965427968,10000.0,3,9873.603132000004,false
7273,137.10818206273476,0.0,false,5769.160294551281,96.05429600000022,0,3.410605131648481e-13,false
7274,697.8961232031227,0.0,false,72275.9494471172,133.66389847009606,1,8.899474628138236,false
7275,671.6731442750632,0.0,false,68638.518439421,133.66389847009606,1,8.899474628138236,false
7276,1274.4595245836779,301.9158833410711,true,112398.09857595817,10000.000000000002,3,9873.60313200001,false
7277,496.1118116087571,0.0,false,46021.48068637028,126.39686700000034,0,4.689582056016661e-13,false
7278,326.7250204339281,0.0,false,24611.52198700936,126.3968650000001,0,6.679101716144942e-13,false
7279,1249.0689062779045,130.23463147869515,true,138475.61650083162,9999.999999999996,2,9873.603132000004,false
7280,704.3715878001907,0.0,false,73634.22947281192,137.08524252169434,1,27.98923252263006,false
7281,1040.8511692639981,0.0,false,120404.16781885354,253.22601650872116,2,332.1225805713169,false
7282,493.78425992003736,0.0,false,45727.28545910091,126.39686700000027,0,3.126388037344441e-13,false
7283,805.7443130450382,0.0,false,87164.811512633,133.66390116634108,1,8.899477930059447,false
7284,540.3478589222058,0.0,false,51612.778209837765,126.39686700000027,0,3.126388037344441e-13,false
7285,1228.130642000827,108.21230885955148,true,147911.51868792984,9882.89639855608,2,9989.999997999996,false
7286,507.9990517038657,0.0,false,47523.99052034539,126.39686700000033,0,3.126388037344441e-13,false
7287,537.2366273564643,0.0,false,51219.528306083914,126.39686700000033,0,3.126388037344441e-13,false
7288,1965.4257465997018,855.2162075291396,true,137385.47697777618,10000.000000000004,3,9873.603132000006,false
7289,509.9678659671493,0.0,false,47772.842463116416,126.39686700000033,0,2.8421709430404007e-13,false
7290,420.04296336841173,0.0,false,36406.61704890525,126.39686600000033,0,3.552713678800501e-13,false
7291,256.6441636945825,0.0,false,17251.104498259432,96.05429600000022,0,3.126388037344441e-13,false
7292,940.3685564736061,0.0,false,104541.93235287162,133.66390216634107,1,8.89947793005959,false
7293,1114.6955251726813,0.0,false,136224.59272670286,555.6146725517661,1,1358.1691500112659,false
7294,466.2905312320561,0.0,false,42252.16445575443,126.39686700000044,0,4.547473508864641e-13,false
7295,1532.8052380956601,420.6610189631922,true,137630.01446464026,10000.0,2,9873.603132000002,false
7296,591.5161644339786,0.0,false,58080.29140921481,126.3968680000003,0,2.984279490192421e-13,false
7297,561.7271349690848,0.0,false,54387.324161955,133.6638975713476,1,8.899473527497577,false
7298,467.5083108044541,0.0,false,42406.087971095425,126.3968670000001,0,3.268496584496461e-13,false
7299,684.1932192264071,0.0,false,70245.50313296689,133.6638984700959,1,8.899474628138137,false
7300,686.8179311262169,0.0,false,70723.50321812829,133.6638984700959,1,8.899474628138137,false
7301,304.2436671952793,0.0,false,21823.241154169864,96.05429600000011,0,1.1368683772161603e-13,false
7302,163.54233689504096,0.0,false,8308.274348020983,96.05429600000011,0,1.1368683772161603e-13,false
7303,769.6860214504829,0.0,false,81920.89124278665,133.66390026759262,1,8.8994768294192,false
7304,1165.4878609816978,47.58814881082219,true,141226.30977519928,9969.473194284099,2,9903.945703999998,false
7305,456.69369240510827,0.0,false,41039.154152505274,126.39686600000014,0,1.2789769243681803e-13,false
7306,665.1384515392385,0.0,false,67882.3698883899,137.08523987793038,1,27.98922559950786,false
7307,807.6547419942531,0.0,false,87266.36360029822,133.663901166341,1,8.899477930059774,false
7308,795.8782401084462,0.0,false,85505.60200695839,133.6639002675926,1,8.899476829419285,false
7309,485.7581564534315,0.0,false,44712.81117486065,126.39686700000019,0,1.8474111129762605e-13,false
7310,2251.369970771685,1159.0543797107646,true,147731.75888346008,10000.0,2,9873.603133000002,true
7311,775.7651583835452,0.0,false,83239.32814835873,133.66390116634096,1,8.899477930059788,false
7312,999.73289410961,0.0,false,114519.72548864484,253.22601650872082,1,332.1225805713187,false
7313,476.4016990639148,0.0,false,43530.18433074543,126.39686699999996,0,1.4210854715202004e-13,false
7314,1017.1802122497975,0.0,false,115149.93560102586,154.07121205249751,1,72.46973064381505,false
7315,707.6900669258675,7.755142159651786,true,72514.84406132455,-2464.1557554266114,2,12464.155755426611,false
7316,216.7259948649419,0.0,false,13416.793013473616,96.05429599999994,0,1.7053025658242404e-13,false
7317,1041.682787171942,0.0,false,123725.4726104602,253.22601650872076,1,332.1225805713183,false
7318,362.4965568612462,0.0,false,29132.93190456948,126.39686499999996,0,2.7000623958883807e-13,false
7319,890.1990841310445,0.0,false,98274.42898616553,137.0852451654586,1,27.989239445753626,false
7320,699.9105477732563,0.0,false,73085.78665407308,137.08524284357662,1,27.989235984192405,false
7321,1093.0240946603749,0.0,false,135856.33696689212,587.3889536049548,1,1207.1821256731384,true
7322,1525.2876710391913,407.92344486586785,true,138289.8069690022,10000.000000000011,2,9873.603132000033,false
7323,469.5175526655959,0.0,false,43954.4467468807,137.08524348734065,1,27.98924290731493,false
7324,268.68960704607497,0.0,false,18408.121043258554,96.05429600000005,0,1.5631940186722204e-13,false
7325,1212.628436367846,28.02678296344899,true,159396.42747772578,5403.157022116689,2,9873.603132,true
7326,669.6194800705634,0.0,false,68184.88446887964,133.66389767259923,1,8.899472426857102,false
7327,893.0513143619331,17.446576687171316,true,97981.98711223148,9249.522706251282,2,10052.077184710792,false
7328,1029.9651263843664,3.708827265283844,true,139382.07174212916,3896.87424830901,1,9873.603134,true
7329,750.8946680895627,0.0,false,79568.08188085516,133.66390026759285,1,8.8994768294193,false
7330,872.9979358037925,0.0,false,96149.05073047725,137.08524516545873,1,27.989239445753626,false
7331,444.56162328099,0.0,false,39505.69869778172,126.39686600000033,0,3.410605131648481e-13,false
7332,1903.1599273807979,785.5580021129795,true,138319.85138840912,10000.000000000007,4,9873.603132000007,false
7333,539.2859013498559,0.0,false,51478.550106177456,126.39686700000038,0,3.979039320256561e-13,false
7334,1115.4863186476734,4.269798866134584,true,150120.776943731,3896.874248927139,1,9873.603133000002,true
7335,338.81591594342655,0.0,false,26139.773226089004,126.39686500000028,0,3.126388037344441e-13,false
7336,1092.877812417686,20.1234095281694,true,145259.2861011644,3896.8742483090136,1,9873.603134000003,true
7337,662.3502246145722,0.0,false,67599.78245834443,137.08523987793063,1,27.989225599508572,false
7338,1272.878106290293,177.34814461249857,true,151150.95282860266,9000.281715590641,2,9989.999999,false
7339,142.6124584476762,0.0,false,6297.869671183416,96.05429600000002,0,7.105427357601002e-14,false
7340,1386.7027933988063,279.8620941923708,true,150524.13039750484,9000.281715590634,2,9989.999999000001,false
7341,679.3479580657869,0.0,false,70180.01062695152,133.6638993688443,1,8.89947572877864,false
7342,514.998969818614,0.0,false,48408.75819730656,126.39686700000016,0,1.7053025658242404e-13,false
7343,1071.5125822979612,0.0,false,131789.61057095355,212.6280832722179,1,105.60193955791968,false
7344,1851.0647870951295,687.5264758419896,true,142328.86258098728,9999.999999999995,3,9882.116231196334,false
7345,700.5673727875491,0.0,false,73493.0685899892,162.5686917524857,1,114.45810485365229,false
7346,546.3231990283649,0.0,false,52368.04244266359,126.39686800000021,0,2.5579538487363607e-13,false
7347,366.3251576305394,0.0,false,29616.85502383036,126.39686500000025,0,8.810729923425242e-13,false
7348,297.76555343975815,0.0,false,21200.990517409675,96.05429600000002,0,3.836930773104541e-13,false
7349,650.5379301106851,0.0,false,65893.16219300283,133.66389757134758,1,8.89947352749752,false
7350,613.2478504681208,0.0,false,60827.10830816785,126.39686800000021,0,2.5579538487363607e-13,false
7351,976.9914558639582,0.0,false,109917.6541372892,154.07121105249746,1,72.46973064381456,false
7352,438.1927628635045,0.0,false,38700.69473286435,126.39686600000033,0,3.694822225952521e-13,false
7353,740.2723533153264,0.0,false,78960.79804077926,162.56869175248602,1,114.45810485365297,false
7354,820.4780451496501,0.0,false,89019.17500509004,133.6639011663409,1,8.899477930059803,false
7355,687.4083882139349,0.0,false,70953.66081302038,133.66389847009577,1,8.899474628138151,false
7356,851.6236660330416,0.0,false,93036.20988119193,137.08524384357645,1,27.98923598419269,false
7357,661.3401295648832,0.0,false,67626.52817791249,133.66389847009577,1,8.899474628138151,false
7358,1247.423690910022,133.6448630897854,true,137836.62387173742,10000.0,4,9873.603132000011,false
7359,950.9680403757834,0.0,false,113564.64711331416,253.2260181524851,1,332.1225874944417,false
7360,1102.2365459824769,250.05544486188845,true,93054.35801072359,10000.000000000002,3,9874.320563407231,false
7361,510.9373079276388,0.0,false,47895.37688384403,126.39686700000027,0,4.547473508864641e-13,false
7362,905.8983781832517,0.0,false,100541.18788784884,133.6639020650897,1,8.899479030700434,false
7363,600.2905710866253,0.0,false,59189.34886724679,126.39686800000021,0,3.126388037344441e-13,false
7364,1022.4469285402771,5.160064465173946,true,138248.36330762698,3896.87424830901,1,9873.603134,true
7365,777.2855073656575,0.0,false,83016.2137381603,133.6639003688445,1,8.899475728778668,false
7366,872.3750811761624,0.0,false,96005.55262932795,133.66390216634124,1,8.899477930059817,false
7367,1102.3098613732336,204.36386124705422,true,98666.87904676839,10000.000000000002,4,9874.320562318502,false
7368,1169.6040807102745,79.18897785710875,true,151305.2480529096,9000.281715590645,2,9989.999999000001,false
7369,589.6115421783647,0.0,false,57839.55313471446,126.39686800000044,0,4.547473508864641e-13,false
7370,1948.3141001680272,835.8906953033767,true,137665.30266482447,10000.0,4,9873.603132000002,false
7371,379.593763947683,0.0,false,31293.965212162177,126.3968650000005,0,5.542233338928781e-13,false
7372,1196.9428283901398,89.63507943949166,true,137018.699815338,9999.999999999996,2,9873.603132000007,false
7373,737.508292068973,0.0,false,77596.60362615802,133.66389936884423,1,8.899475728778668,false
7374,719.9146620022666,0.0,false,77439.72428725158,154.07121201814346,1,72.46974102849832,false
7375,437.96019490807316,0.0,false,38671.298873328706,126.39686600000016,0,1.8474111129762605e-13,false
7376,709.6544270117828,0.0,false,74034.29816252974,133.66389936884428,1,8.899475728778711,false
7377,413.06308902164704,0.0,false,35524.382841299805,126.39686600000016,0,1.8474111129762605e-13,false
7378,630.8351008585934,0.0,false,63351.74322940303,133.66389757134743,1,8.899473527497591,false
7379,516.4174681976032,0.0,false,48588.05193974445,126.39686700000016,0,1.8474111129762605e-13,false
7380,419.73356828851433,0.0,false,36367.51048199743,126.39686600000027,0,2.8421709430404007e-13,false
7381,483.0191247672666,0.0,false,44366.606167549915,126.39686700000016,0,1.8474111129762605e-13,false
7382,835.1205520950012,24.723214723657613,true,87405.57508663686,-2464.1557502538135,2,12464.155750253813,false
7383,421.2745007468381,0.0,false,36562.27950774256,126.39686600000022,0,2.2737367544323206e-13,false
7384,711.728291488478,0.0,false,74603.12778752511,137.08524252169445,1,27.989232522630473,false
7385,904.0366907841105,0.0,false,100311.2808326704,133.66390206508933,1,8.899479030700277,false
7386,580.5776054441708,0.0,false,56914.09373622755,133.66389757134758,1,8.899473527497562,false
7387,679.1275373190648,0.0,false,70042.23902638054,133.66389936884434,1,8.899475728778668,false
7388,711.9605831154722,0.0,false,74063.16649950731,133.66389847009606,1,8.899474628138094,false
7389,683.2679453042932,0.0,false,70400.56690669256,133.66389847009606,1,8.899474628138094,false
7390,750.5921424248234,0.0,false,79643.35479604267,133.6639002675928,1,8.899476829419214,false
7391,525.8714880456531,0.0,false,49783.01037236964,126.39686700000013,0,1.4210854715202004e-13,false
7392,748.0170407350172,0.0,false,80974.52709981074,154.0712120181437,1,72.46974102849917,false
7393,1670.6896893526607,687.2965103610787,true,133964.30790534726,10000.0,4,9873.603135000007,true
7394,386.21159039807264,0.0,false,32130.43770213414,126.3968660000001,0,1.5631940186722204e-13,false
7395,1093.2647492668168,28.093545636304714,true,144300.79351848853,3896.8742483090027,1,9873.603134,true
7396,770.6273568875259,0.0,false,81755.53954029383,133.663899470096,1,8.899474628138279,false
7397,800.1479928256,0.0,false,86235.72122252005,133.66390116634105,1,8.89947793005993,false
7398,629.3177032690608,0.0,false,63442.46299450797,133.6638984700959,1,8.899474628138279,false
7399,514.4902783847481,0.0,false,48344.461196848366,126.39686699999996,0,3.126388037344441e-13,false
7400,532.9481842815895,0.0,false,50677.48256284249,126.39686699999996,0,3.126388037344441e-13,false
7401,720.8246173302417,0.0,false,75713.31656839454,133.66390026759268,1,8.89947682941937,false
7402,995.9462138458433,0.0,false,124529.38870379528,1686.4957317858846,1,4936.603576667915,true
7403,727.4936662803142,0.0,false,76414.56310293294,133.6638993688439,1,8.899475728778668,false
7404,1227.2864554372911,72.16133475979127,true,143062.6655028822,9999.999999999993,2,9873.603131000002,false
7405,682.6350882390929,0.0,false,70563.8201343257,133.6638993688439,1,8.89947572877881,false
7406,522.1215153704705,0.0,false,49309.025597390595,126.39686699999965,0,4.263256414560601e-13,false
7407,816.4344922717005,0.0,false,88177.47067859408,133.66390116634085,1,8.899477930059945,false
7408,484.62650198861115,0.0,false,44569.77360277059,126.39686699999965,0,4.263256414560601e-13,false
7409,1317.5149139319833,195.53222454905526,true,142347.80765001773,9969.47319428411,2,9903.945703999996,false
7410,236.23378145107773,0.0,false,15290.599661999804,96.05429599999985,0,2.5579538487363607e-13,false
7411,418.2039285502001,0.0,false,36174.168820613486,126.39686599999953,0,9.521272659185342e-13,false
7412,739.9682115743965,0.0,false,78373.12637703153,137.0852425216946,1,27.989232522631127,false
7413,1021.8057229062587,92.67999691110526,true,107831.82020786099,10000.0,3,9873.603133000002,false
7414,672.6378642007228,0.0,false,69165.70879031737,133.66389936884443,1,8.899475728778683,false
7415,2158.6059844549363,1040.0404845209125,true,139726.6296487795,10000.000000000005,4,9903.945704000002,false
7416,1143.5186466198543,37.7692764973916,true,149429.74638820655,3896.87424892713,1,9873.603132999984,true
7417,1214.8240444552118,77.7108219890017,true,153394.0388733237,3896.87424892713,1,9873.603132999984,true
7418,1139.43310864045,20.027786735547185,true,138547.7950624744,9999.999999999995,2,9873.603132,false
7419,2039.8135372946458,914.91592421109,true,141939.12271186538,9999.999999999998,3,9903.945703999998,false
7420,602.6154544672522,0.0,false,59490.66960039269,133.66389757134766,1,8.899473527497548,false
7421,236.92317728056796,0.0,false,15356.819090998622,96.05429600000008,0,1.2789769243681803e-13,false
7422,1066.022923820837,160.95922945225746,true,100299.64260796299,10000.0,2,9873.603132,false
7423,1470.645180864771,343.204917073145,true,139563.38649527362,9999.999999999998,2,9873.603132000007,false
7424,632.0184981248328,0.0,false,63540.908066995304,133.6638975713476,1,8.89947352749752,false
7425,609.1112175324047,0.0,false,60304.2508899842,126.39686800000024,0,3.836930773104541e-13,false
7426,251.3332094325539,0.0,false,16740.96454146489,96.05429600000014,0,2.8421709430404007e-13,false
7427,714.7893107866721,0.0,false,74817.89176061327,133.6638993688444,1,8.899475728778697,false
7428,755.8512847544096,0.0,false,80285.73238443064,133.6639002675928,1,8.899476829419186,false
7429,420.4990600917765,0.0,false,36464.26624305094,126.39686600000022,0,4.263256414560601e-13,false
7430,659.3993149045289,0.0,false,67382.77774601137,133.663898470096,1,8.899474628138123,false
7431,1784.8312569387272,850.0828129051812,true,104294.40253668482,10000.0,2,9873.603132,false
7432,482.379002332268,0.0,false,44285.69670111037,126.39686700000027,0,5.542233338928781e-13,false
7433,594.6288525354605,0.0,false,58557.27513867519,133.66389757134755,1,8.899473527497463,false
7434,1192.585290061968,0.0,false,151108.18196608464,397.36457338099814,1,331.83708410297186,false
7435,1343.743060530612,235.06611299877994,true,137191.76221808544,10000.000000000005,2,9873.603132000013,false
7436,360.34628970276884,0.0,false,28861.144885426565,126.39686500000016,0,1.8474111129762605e-13,false
7437,582.7783445475416,0.0,false,56975.85840358574,126.39686800000015,0,6.394884621840902e-13,false
7438,608.3768308689739,0.0,false,60230.595347588176,133.6638975713475,1,8.899473527497378,false
7439,892.5742814420155,0.0,false,98628.2196393725,133.66390206508942,1,8.899479030700249,false
7440,335.11075271376853,0.0,false,25671.452224367593,126.39686500000016,0,1.8474111129762605e-13,false
7441,974.5165461431395,0.0,false,110386.83266251272,145.21267408570225,1,23.042532924107093,false
7442,416.66357470499753,0.0,false,35979.47292975067,126.39686600000019,0,5.115907697472721e-13,false
7443,889.3623010029207,0.0,false,98237.74359667236,137.08524516545862,1,27.989239445753654,false
7444,545.204767702459,0.0,false,52226.676233824975,126.39686800000001,0,8.526512829121202e-14,false
7445,828.7889761591114,0.0,false,90035.64885545455,133.66390116634108,1,8.899477930059788,false
7446,643.3870246657286,0.0,false,64665.30026830008,133.6638976725991,1,8.899472426857045,false
7447,1288.082299441474,157.44938193482253,true,146763.0119237804,9913.856406433864,5,10477.903300393291,true
7448,1002.7559137385439,0.0,false,113380.77263683618,145.2126713894571,1,23.042529622185583,false
7449,694.7520312357439,0.0,false,72083.78591542532,133.6638993688442,1,8.89947572877864,false
7450,956.4484334360127,0.0,false,107224.239042584,145.21266959196035,1,23.042527420904435,false
7451,631.2027529762672,0.0,false,63494.173643829294,133.66389847009583,1,8.899474628138137,false
7452,286.1356274379891,0.0,false,20083.886197667423,96.05429599999997,0,5.684341886080802e-14,false
7453,229.576794893967,0.0,false,14651.167524745999,96.05429599999997,0,5.684341886080802e-14,false
7454,546.9536823549822,0.0,false,52447.733556060804,126.39686799999998,0,7.105427357601002e-14,false
7455,1204.665377538667,84.27243381380319,true,141428.0002685914,9969.473194284095,2,9903.945703999996,false
7456,828.0275980656356,0.0,false,90126.00707277519,133.66390116634116,1,8.899477930059874,false
7457,656.6466808649535,4.717438256110711,true,70390.580998897,-2511.550654481923,3,12511.550654481924,false
7458,1016.9892961772234,0.0,false,117182.15902535665,212.62808237346934,1,105.60193845727878,false
7459,484.7122090563765,0.0,false,44580.60670710188,126.39686699999987,0,2.4158453015843406e-13,false
7460,831.572300442383,0.0,false,90686.06795714967,133.6639020650892,1,8.899479030700093,false
7461,523.5388455073976,0.0,false,49488.17167769906,126.39686699999987,0,2.4158453015843406e-13,false
7462,766.4288316364828,0.0,false,81875.83208770808,133.6639011663408,1,8.899477930059362,false
7463,1348.7167425126029,288.5948310958201,true,121072.63027141901,10000.0,2,9873.603131,false
7464,515.3130017627916,0.0,false,48448.450849304296,126.39686700000016,0,1.7053025658242404e-13,false
7465,201.02739103047458,0.0,false,11908.874721066797,96.05429599999988,0,2.5579538487363607e-13,false
7466,1863.171712545152,748.9524012451797,true,137892.2996008984,9999.999999999996,4,9873.603132000011,false
7467,1491.5373625885209,410.8077169010363,true,146267.33175654028,10000.0,3,9873.603133999999,true
7468,561.9555613179944,0.0,false,54343.9239660877,126.39686800000058,0,6.536993168992922e-13,false
7469,1527.5316013529207,404.0697120874396,true,139060.53244328656,9999.999999999998,2,9873.603132000004,false
7470,516.093207977056,0.0,false,48547.066465720185,126.39686700000058,0,7.673861546209082e-13,false
7471,416.5369649104036,0.0,false,35963.469849142275,126.39686600000057,0,7.531752999057062e-13,false
7472,1206.0236954173513,84.9049935973313,true,138764.36090544585,10000.0,2,9873.603132000007,false
7473,506.5705479130524,0.0,false,47343.43212525999,126.39686700000063,0,6.963318810448982e-13,false
7474,777.6148285155507,0.0,false,83072.51101164203,133.66390026759262,1,8.89947682941856,false
7475,205.72386315149083,0.0,false,12359.991030245232,96.05429600000046,0,5.542233338928781e-13,false
7476,1660.4156466076274,543.2056725988059,true,141199.3991887005,10000.000000000002,3,9903.945704,false
7477,486.3627358330696,0.0,false,44789.22811067239,126.39686700000073,0,6.679101716144942e-13,false
7478,724.5334139120545,93.8041491316728,true,63467.13011423236,-2464.1557554266124,2,12464.15575542661,false
7479,324.8022103542665,0.0,false,24368.4848286411,126.39686500000066,0,6.110667527536862e-13,false
7480,1062.280503615748,39.848779342623374,true,138898.6574869409,3896.874248309011,1,9873.603133999994,true
7481,1336.0888425103499,198.79696813239622,true,140808.59914917988,10000.0,2,9873.603132,false
7482,361.98693311346227,0.0,false,29068.517062558596,126.39686500000033,0,3.268496584496461e-13,false
7483,690.2139495022255,0.0,false,71405.87452630376,133.66389936884423,1,8.899475728778583,false
7484,603.632976930482,0.0,false,59997.29361740561,137.0852398779304,1,27.989225599508373,false
7485,615.7314463846026,0.0,false,61716.01764434378,137.0852398779304,1,27.989225599508373,false
7486,1540.3341496426947,424.09245703680574,true,138147.92224971132,10000.0,2,9873.603132000004,false
7487,757.7904172636677,0.0,false,80638.62138472023,137.0852425216945,1,27.989232522631028,false
7488,719.584433061982,0.0,false,75403.35112833667,137.08524119981246,1,27.98922906106975,false
7489,1373.8735454362654,263.4247459717333,true,140739.42942707267,9969.473194284095,2,9903.945703999998,false
7490,509.9319026159527,0.0,false,48172.93586241719,137.0852405216944,1,27.989232522630957,false
7491,468.2039456616705,0.0,false,42494.01403344971,126.39686700000004,0,7.105427357601002e-14,false
7492,511.9022965080237,0.0,false,48017.348411305466,126.39686700000004,0,7.105427357601002e-14,false
7493,148.8814921449655,0.0,false,6900.037270769709,96.05429600000008,0,1.4210854715202004e-13,false
7494,1073.7724893251511,190.43699582958683,true,96924.94761541467,9999.999999999996,5,9874.320562318508,false
7495,1140.0550684294828,117.57403982695843,true,138904.8893994104,10000.000000000004,3,9873.603134000005,true
7496,497.22456462177905,0.0,false,46162.12917428478,126.39686700000058,0,7.673861546209082e-13,false
7497,386.8124691324744,0.0,false,32206.386888004206,126.39686600000059,0,7.673861546209082e-13,false
7498,870.1141983497414,0.0,false,95379.17788476276,133.66390116634153,1,8.899477930059788,false
7499,603.287349888617,0.0,false,59817.536633096155,133.66389757134803,1,8.899473527497548,false
7500,1580.6340979219199,461.0939426318705,true,138564.83757911497,9999.999999999998,2,9873.603132000007,false
7501,367.7692866428363,0.0,false,29799.38839786383,126.39686500000063,0,6.252776074688882e-13,false
7502,207.39343311686045,0.0,false,12520.36039288284,96.05429600000043,0,5.258016244624741e-13,false
7503,1561.60226956475,445.5656468870642,true,138922.48484667085,10000.000000000004,3,9903.945704000002,false
7504,832.2875986511965,0.0,false,90329.57840675938,133.66390116634182,1,8.899477930059831,false
7505,441.40287517428186,0.0,false,39106.442852404056,126.39686600000039,0,5.684341886080801e-13,false
7506,596.7024723668084,0.0,false,58861.800641493195,133.66389757134843,1,8.899473527497847,false
7507,407.14350239629744,0.0,false,34776.16567343799,126.39686600000039,0,5.684341886080801e-13,false
7508,1374.0741709646768,259.33254080012296,true,137958.31906582264,10000.0,2,9873.603132000055,false
7509,519.4129150940483,0.0,false,48966.667024747265,126.39686700000007,0,5.684341886080802e-14,false
7510,543.8859546288329,0.0,false,52059.98240107292,126.39686700000007,0,5.684341886080802e-14,false
7511,380.0152358657994,0.0,false,31347.237939611674,126.3968650000001,0,1.7053025658242404e-13,false
7512,1650.0186079610378,601.0133271726509,true,123573.99070075207,9999.999999999998,3,9882.116232196313,false
7513,659.8184666920027,0.0,false,68877.91118021806,137.0852444873406,1,27.989242907314832,false
7514,530.0417600937077,0.0,false,50310.11966875971,126.39686700000003,0,3.552713678800501e-13,false
7515,1021.1162434656508,8.039822391000152,true,119854.13482832642,9999.999999999998,2,9873.603131999997,false
7516,722.9489275152101,0.0,false,75810.06457143986,133.6638993688443,1,8.899475728778668,false
7517,241.3813191415798,0.0,false,15785.042755551818,96.05429600000002,0,2.2737367544323206e-13,false
7518,786.6008670631996,0.0,false,83853.14364492103,133.663899470096,1,8.899474628138094,false
7519,318.7439752558491,0.0,false,23602.742929001,126.39686500000013,0,1.4210854715202004e-13,false
7520,798.9930345415731,0.0,false,85945.94382364796,133.66390116634108,1,8.899477930059746,false
7521,669.1858256361079,0.0,false,68669.01832538571,133.66389936884428,1,8.89947572877864,false
7522,664.7238497482967,0.0,false,68734.1153061299,137.08524284357654,1,27.989235984192177,false
7523,551.1407486916339,0.0,false,52976.96559781242,126.39686800000013,0,1.7053025658242404e-13,false
7524,788.7005314064404,0.0,false,84386.70796648371,133.66390026759265,1,8.8994768294192,false
7525,798.8272081699307,0.0,false,85655.54315018641,133.66390026759265,1,8.8994768294192,false
7526,669.688728962314,0.0,false,68606.47556785982,133.66389847009586,1,8.899474628138108,false
7527,232.77862670936454,0.0,false,14958.71721607894,96.05429600000008,0,1.2789769243681803e-13,false
7528,597.4283889703355,0.0,false,58900.98859673474,133.66389757134752,1,8.89947352749752,false
7529,1383.1476909815685,247.85490856493578,true,140555.9202004185,10000.000000000002,2,9873.603132000004,false
7530,315.52465819380956,0.0,false,23195.831357795487,126.3968650000001,0,1.1368683772161603e-13,false
7531,645.3031610397611,0.0,false,64878.79894280333,126.3968690000001,0,1.4210854715202004e-13,false
7532,905.2533877518405,0.0,false,99975.82258354774,133.66390206508942,1,8.899479030700348,false
7533,546.8175513543329,0.0,false,52430.52702489402,126.39686800000021,0,2.2737367544323206e-13,false
7534,582.4143959531312,0.0,false,56929.856443686906,126.39686800000021,0,2.2737367544323206e-13,false
7535,1222.653080041092,130.68445109460407,true,147687.90396131,5403.157021651126,2,9873.603133,true
7536,365.0210963121757,0.0,false,29452.02576663773,126.39686500000019,0,2.1316282072803006e-13,false
7537,766.4958379596205,0.0,false,81935.6267164072,133.66390116634125,1,8.89947793005986,false
7538,977.1912856142251,10.829507310878714,true,131811.592319921,3718.788040249838,1,11367.36364907395,true
7539,976.6475587874668,0.0,false,110397.0374280584,145.21267318695396,1,23.04253182346673,false
7540,1120.708550950013,0.0,false,138104.1926716032,212.6280832722184,1,105.60193955791985,false
7541,565.7658632328895,0.0,false,54825.534167592705,126.39686800000027,0,3.410605131648481e-13,false
7542,731.7886470008258,0.0,false,76704.61209292691,133.66389936884457,1,8.899475728778754,false
7543,610.9959899242738,0.0,false,60542.480204015956,126.39686800000027,0,3.410605131648481e-13,false
7544,927.8463236316853,0.0,false,104331.46394926787,145.21267308570248,1,23.04253292410735,false
7545,729.3165905721115,0.0,false,76119.66049178553,133.66389857134772,1,8.899473527497605,false
7546,987.9458004604076,0.0,false,111011.137032069,133.66390216634124,1,8.899477930059774,false
7547,672.9626367791674,0.0,false,68979.96194936974,133.663898470096,1,8.899474628138208,false
7548,850.2563719234645,0.0,false,93375.29514838375,137.08524548734064,1,27.98924290731493,false
7549,289.1902547217348,0.0,false,20377.296261786145,96.05429600000005,0,9.947598300641403e-14,false
7550,516.2517903622415,0.0,false,48567.110781417396,126.39686700000007,0,1.2789769243681803e-13,false
7551,767.9756080148817,0.0,false,81860.2773547225,133.6639002675927,1,8.899476829419228,false
7552,980.823788617889,0.0,false,110624.33945915794,154.07121237437957,1,72.46973410537625,false
7553,394.52917760307867,0.0,false,33181.75461594065,126.39686600000007,0,1.2789769243681803e-13,false
7554,471.3667389116169,0.0,false,42893.78117223491,126.39686700000007,0,1.2789769243681803e-13,false
7555,565.0272603966263,0.0,false,54732.177087563185,126.39686800000004,0,1.1368683772161603e-13,false
7556,1279.5221990619907,367.9998027100286,true,100772.56959475043,10000.0,2,9873.603131,false
7557,1110.08339678612,5.568593462404637,true,149273.70102014998,3896.874248927129,1,9873.603132999999,true
7558,908.8031489589588,0.0,false,101575.22100397568,154.07121269626168,1,72.469737566938,false
7559,480.18596446915365,0.0,false,44008.503599158495,126.39686699999987,0,2.4158453015843406e-13,false
7560,606.7427321931381,0.0,false,60141.819234402254,133.66389757134755,1,8.89947352749769,false
7561,636.0603066583284,0.0,false,64042.40011828378,133.66389757134755,1,8.89947352749769,false
7562,743.6755757466135,0.0,false,78823.16338466512,133.66390026759268,1,8.8994768294193,false
7563,313.9245342336485,0.0,false,22993.580712020193,126.39686499999988,0,1.9895196601282805e-13,false
7564,376.7049534119798,0.0,false,30928.828628425435,126.39686499999988,0,1.9895196601282805e-13,false
7565,358.59366712011854,0.0,false,28639.618892461855,126.39686499999988,0,1.9895196601282805e-13,false
7566,1661.9217975671545,435.5613781241017,true,152066.58365924534,9999.999999999998,3,9873.603131,false
7567,693.2903256478196,0.0,false,71700.50048661296,133.66389847009586,1,8.899474628138123,false
7568,817.650520260356,41.422417886275994,true,96287.02555127392,3531.159394820096,1,11706.922806964216,false
7569,239.5040220588057,0.0,false,15604.720311515013,96.05429600000014,0,2.5579538487363607e-13,false
7570,1551.77636484344,433.323120667608,true,141272.79242963152,9969.473194284114,2,9903.945704000007,false
7571,548.6809193236983,0.0,false,52666.05088710976,126.39686799999996,0,5.115907697472721e-13,false
7572,1096.3976691600756,21.940747829667572,true,145474.47908788756,5403.157021185556,2,9873.60313400001,true
7573,746.4373448809379,0.0,false,78800.19338765941,133.66389936884428,1,8.899475728778711,false
7574,579.1851425018436,0.0,false,56778.66999328121,133.6638975713474,1,8.899473527497605,false
7575,672.031321400162,0.0,false,68257.15451266272,126.39686900000021,0,4.547473508864641e-13,false
7576,1429.496423193692,389.41635465651837,true,120569.75456087339,10000.0,3,9903.945704,false
7577,1095.494384901659,32.1441449307344,true,144070.62942792167,3896.8742483090073,1,9873.603134,true
7578,382.32572379680124,0.0,false,31639.276361468637,126.39686499999996,0,2.984279490192421e-13,false
7579,518.8674525938923,0.0,false,48897.72227693426,126.39686699999996,0,2.2737367544323206e-13,false
7580,719.6197968710101,0.0,false,75337.55391743142,133.66389936884417,1,8.899475728778697,false
7581,1135.5200914638717,20.52940383490372,true,150597.81991253316,5403.157021651121,2,9873.603133000004,true
7582,583.8435408695932,0.0,false,57110.49587504178,126.39686799999998,0,7.105427357601002e-14,false
7583,457.8164480343982,0.0,false,41181.06693971752,126.39686599999995,0,1.1368683772161603e-13,false
7584,724.3424239480856,0.0,false,75883.1994931568,133.66389936884423,1,8.899475728778725,false
7585,513.9307409773095,0.0,false,48273.73742493597,126.39686699999999,0,1.2789769243681803e-13,false
7586,674.4606605825829,0.0,false,69035.54544392777,133.66389847009583,1,8.899474628138165,false
7587,603.6881022163728,0.0,false,59883.73577992309,133.66389757134743,1,8.899473527497591,false
7588,683.731362635854,0.0,false,70556.779657529,133.66389936884423,1,8.899475728778725,false
7589,398.1289777927206,0.0,false,33636.75806013856,126.39686599999995,0,1.1368683772161603e-13,false
7590,580.8011027116032,0.0,false,56780.23153988118,133.66389757134743,1,8.899473527497591,false
7591,651.3883134475673,0.0,false,66284.34547761064,133.66389847009583,1,8.899474628138165,false
7592,638.5813390137737,0.0,false,64031.009568589776,133.66389767259906,1,8.899472426857045,false
7593,683.715888740102,0.0,false,70791.31849306237,137.08524119981251,1,27.989229061069906,false
7594,885.9450011106543,0.0,false,98095.26880075235,133.66390196383784,1,8.899480131340894,false
7595,221.1460509407046,0.0,false,13841.358374851354,96.05429600000008,0,1.4210854715202004e-13,false
7596,1046.5421574816198,175.62748594307357,true,95732.716602724,10000.000000000004,4,9873.603132000004,false
7597,1664.9148335374507,526.8221894951927,true,151892.71894852264,9080.986382379888,1,9989.999998999992,false
7598,1297.6083277168893,185.26898901167837,true,151635.18589515216,9080.986382379888,1,9989.999998999992,false
7599,1589.1595132617545,508.5482249069486,true,146252.3717612134,10000.0,3,9873.603134000003,true
7600,547.14353159582,0.0,false,52471.72990416595,126.3968680000001,0,6.963318810448982e-13,false
7601,447.5756153045663,0.0,false,39886.65782864073,126.3968660000001,0,2.7000623958883807e-13,false
7602,1225.631539803115,315.0978267100462,true,100780.68216776245,10000.0,3,9874.320563495958,false
7603,571.6278968979166,0.0,false,55566.47682192822,126.39686799999978,0,2.2737367544323206e-13,false
7604,346.2609615314229,0.0,false,27080.80361841357,126.39686499999985,0,1.2789769243681803e-13,false
7605,1196.7095537376401,40.90679976424474,true,152069.820047834,9080.986382471841,1,9989.999998000003,false
7606,1812.0922929159904,693.2553644340007,true,151241.21992680445,9000.281715590623,2,9989.999999000009,false
7607,404.3536969603762,0.0,false,34423.54302353674,126.39686599999985,0,1.7053025658242404e-13,false
7608,1626.0607671320856,518.4562898601347,true,137056.2053437204,10000.0,2,9873.603132000018,false
7609,1247.5672225926814,347.0156389266825,true,100004.8664863592,10000.0,2,9873.603132,false
7610,1363.9078381035465,258.04472264619926,true,151570.42366267348,9080.986382379822,1,9989.999999000009,false
7611,1492.6967753420272,376.6512745625547,true,138123.124218698,9999.999999999998,2,9873.603132000047,false
7612,872.7244148110245,0.0,false,95992.18362768358,133.6639020650894,1,8.899479030700334,false
7613,485.62491472458197,0.0,false,44695.96983857983,126.39686700000007,0,1.2789769243681803e-13,false
7614,1058.2641634731856,56.82691261856243,true,136245.02194849402,3896.87424769088,1,9873.603135000001,true
7615,841.3446461026635,0.0,false,91781.10421076347,133.66390116634102,1,8.899477930059788,false
7616,613.3814681006094,0.0,false,60843.99715748865,126.39686799999998,0,7.105427357601002e-14,false
7617,400.9948179470523,0.0,false,33998.99125977383,126.39686599999999,0,8.526512829121202e-14,false
7618,474.1771408298491,0.0,false,43249.00715284785,126.39686699999999,0,5.684341886080802e-14,false
7619,578.2191195162064,0.0,false,56610.78432400562,137.0852385560484,1,27.98922213794748,false
7620,1130.3357045965774,21.2300251735656,true,141552.55322538858,9969.473194284103,2,9903.945704,false
7621,524.7984427464536,0.0,false,49647.380814839904,126.39686700000007,0,1.2789769243681803e-13,false
7622,3024.380959372287,1893.2720598380592,true,140027.09053729102,9999.999999999995,3,9873.603132,false
7623,1386.698616522691,209.23770047173124,true,145885.8399260259,10000.000000000005,2,9873.603131000007,false
7624,365.3616637072785,0.0,false,29495.072416337665,126.39686500000059,0,6.536993168992922e-13,false
7625,677.0871471782538,0.0,false,69530.33556809615,137.08523987793095,1,27.9892255995084,false
7626,684.5370232145889,0.0,false,70591.92156415945,137.08523987793095,1,27.9892255995084,false
7627,711.480336746654,0.0,false,73980.84406654577,133.66389847009637,1,8.899474628138194,false
7628,413.5974982995275,0.0,false,35591.93049651316,126.39686600000059,0,7.673861546209082e-13,false
7629,393.35571280542604,0.0,false,33033.432349023424,126.39686600000059,0,7.673861546209082e-13,false
7630,731.4925413136898,0.0,false,76973.90303309877,133.66390026759316,1,8.8994768294193,false
7631,597.7094043697797,0.0,false,59022.5997560625,133.663897571348,1,8.899473527497562,false
7632,749.7370515592405,0.0,false,79294.81160337354,137.08524252169502,1,27.98923252263107,false
7633,423.03181199642296,0.0,false,36784.398133490104,126.39686600000056,0,7.389644451905042e-13,false
7634,641.0470867300074,0.0,false,64795.89130331655,133.66389847009637,1,8.899474628138194,false
7635,639.6406183932912,0.0,false,64932.03344145727,137.08524119981297,1,27.989229061069565,false
7636,412.32967965955805,0.0,false,35431.68220010389,126.39686600000056,0,7.389644451905042e-13,false
7637,775.4725486775587,0.0,false,82888.195043008,133.66390026759314,1,8.899476829419257,false
7638,1071.9316751599945,106.8507198860674,true,108939.94847711132,10000.0,3,9903.945704,false
7639,750.2441060373791,0.0,false,80773.22566413123,137.0852458092225,1,27.989246368875968,false
7640,335.97198295331197,0.0,false,25780.309023244135,126.39686499999992,0,3.694822225952521e-13,false
7641,436.7603162810137,0.0,false,38519.637981287306,126.39686599999995,0,3.694822225952521e-13,false
7642,204.07382338589093,0.0,false,12201.497627138615,96.05429599999997,0,1.9895196601282805e-13,false
7643,308.49441782672795,0.0,false,22307.23104332083,126.39686499999992,0,3.694822225952521e-13,false
7644,1046.9225815146463,99.30763904728653,true,105994.5124109684,10000.000000000002,4,9875.460705332238,false
7645,1386.6183765508115,277.7486494494527,true,151443.09256622996,9000.281715590632,2,9989.999999000007,false
7646,1122.310684368843,259.2545518701918,true,94688.22437409447,10000.0,2,9873.603132,false
7647,977.2267251512005,0.0,false,110424.83158503534,145.21267318695354,1,23.042531823466874,false
7648,928.5801594484417,0.0,false,103434.31481135008,137.08524516545862,1,27.989239445753654,false
7649,729.3603465487811,0.0,false,76725.46510590627,133.6639002675927,1,8.899476829419228,false
7650,812.7644436071722,0.0,false,88279.04453314928,137.08524416545856,1,27.989239445753654,false
7651,824.5543049019478,0.0,false,89570.13665421348,133.66390116634105,1,8.899477930059774,false
7652,488.33845086821975,0.0,false,45038.95228934572,126.39686700000007,0,1.2789769243681803e-13,false
7653,596.3242407961495,0.0,false,58850.31277730683,133.66389757134746,1,8.899473527497591,false
7654,1581.2500459754283,471.03766694818637,true,137385.83593938572,10000.000000000002,4,9873.603132000002,false
7655,450.8794207395979,0.0,false,40304.24846498347,126.39686599999999,0,9.947598300641403e-14,false
7656,413.91497679209624,0.0,false,35632.05878140884,126.39686599999999,0,9.947598300641403e-14,false
7657,462.16991629444493,0.0,false,41731.3316622506,126.39686700000001,0,8.526512829121202e-14,false
7658,529.9580660088407,0.0,false,50299.54099914826,126.39686700000001,0,8.526512829121202e-14,false
7659,506.1142248970469,0.0,false,47285.75432843481,126.39686700000001,0,8.526512829121202e-14,false
7660,1430.422379709128,464.2384150669971,true,131232.7943402997,10000.0,2,9873.603135,true
7661,826.05028346628,0.0,false,88733.09598569798,133.66389947009588,1,8.899474628138165,false
7662,572.0774678995884,0.0,false,55623.301185336284,126.39686800000001,0,2.4158453015843406e-13,false
7663,1295.5648358861827,125.00806676889236,true,145013.1774257273,10000.0,3,9873.603131000049,false
7664,1379.8795434652939,398.69675064506407,true,111451.7100535158,10000.0,2,9873.603132,false
7665,549.0908177536144,0.0,false,52717.86076197996,126.3968680000001,0,1.2789769243681803e-13,false
7666,859.108998789905,0.0,false,94308.65552271827,133.66390206508947,1,8.899479030700434,false
7667,2420.2243217853825,1273.287388728264,true,142027.70429038705,10000.000000000002,2,9873.603131000003,false
7668,314.5682476223382,0.0,false,23074.944063734292,126.39686500000013,0,2.7000623958883807e-13,false
7669,523.750701325338,0.0,false,49514.949588071264,126.39686700000007,0,5.684341886080801e-13,false
7670,1275.5989482953498,168.43083166410506,true,138881.78243585292,10000.000000000004,4,9873.603132000004,true
7671,811.5478785360211,0.0,false,87738.1209230682,137.0852438435769,1,27.989235984192987,false
7672,1036.402806478698,0.0,false,120662.96747029456,253.22601650872156,1,332.12258057131993,false
7673,837.506111688588,0.0,false,96376.8396704991,253.22601715248547,1,332.12258749444254,false
7674,372.49431142455194,0.0,false,30396.61669841972,126.39686499999996,0,4.121147867408581e-13,false
7675,636.5921462069435,0.0,false,63777.75401181055,126.39686900000001,0,3.694822225952521e-13,false
7676,658.0937587353267,0.0,false,67322.72281436429,133.66389936884445,1,8.899475728778839,false
7677,390.592881750849,0.0,false,32684.21917625145,126.39686600000003,0,2.8421709430404007e-13,false
7678,379.2906744793611,0.0,false,31255.655654764032,126.39686499999996,0,4.121147867408581e-13,false
7679,1100.6032464730727,170.1479097844594,true,118638.08473558717,9233.95159427289,3,12484.059470417009,true
7680,500.6284588849952,0.0,false,46592.37072433103,126.39686700000026,0,7.958078640513122e-13,false
7681,368.0177293338287,0.0,false,29830.79077414361,126.39686499999996,0,7.673861546209082e-13,false
7682,262.6274120280331,0.0,false,17825.821186772446,96.05429599999988,0,4.121147867408581e-13,false
7683,703.2265264116896,0.0,false,73480.49198840652,133.66390026759288,1,8.899476829419314,false
7684,1008.6944373782659,0.0,false,113515.9639961298,133.6639021663411,1,8.89947793005986,false
7685,537.0064892218962,0.0,false,51190.43956827812,126.39686700000026,0,7.958078640513122e-13,false
7686,535.0581876604266,0.0,false,50944.18036662684,126.39686700000026,0,7.958078640513122e-13,false
7687,846.1297001730562,0.0,false,92257.93402410616,133.66390116634122,1,8.89947793005986,false
7688,355.351350958207,0.0,false,28229.800307226724,126.39686499999996,0,7.673861546209082e-13,false
7689,1149.0157493086942,8.101820030838518,true,153874.4362838969,3896.8742489271353,1,9873.603133,true
7690,959.0398279858304,0.0,false,117149.40418203849,253.22601815248504,1,332.122587494441,false
7691,842.1201175636198,0.0,false,91651.95876774982,133.6639011663409,1,8.899477930059817,false
7692,602.8686327425619,1.6810501300215606,true,60237.66225526234,-2464.155753241861,2,12464.155753241861,false
7693,685.06852302818,0.0,false,70713.6246150231,133.6638993688442,1,8.899475728778697,false
7694,435.615957898169,0.0,false,38374.994673836714,126.39686599999999,0,8.526512829121202e-14,false
7695,673.1205481122979,0.0,false,68997.78856624594,137.08523987793055,1,27.9892255995088,false
7696,451.27220729575345,0.0,false,40353.895452724515,126.39686599999999,0,8.526512829121202e-14,false
7697,411.51624034833236,0.0,false,35328.86602455073,126.39686599999999,0,8.526512829121202e-14,false
7698,866.6939910832666,0.0,false,94612.66922718818,133.66390126759268,1,8.899476829419271,false
7699,345.0576695022316,0.0,false,26928.71128305749,126.39686500000005,0,7.105427357601002e-14,false
7700,838.2765842000157,0.0,false,91216.46806231217,133.663901166341,1,8.899477930059788,false
7701,774.1106966864819,0.0,false,82387.69605628458,133.66390026759268,1,8.899476829419228,false
7702,464.1133787778629,0.0,false,41976.97921962589,126.39686699999999,0,7.105427357601002e-14,false
7703,1161.8666487196226,45.6081766490254,true,138150.04312137974,10000.0,2,9873.603132,false
7704,376.09658447386073,0.0,false,30851.93270431734,126.39686500000005,0,1.9895196601282805e-13,false
7705,854.803854324385,0.0,false,93386.92350591542,133.66390116634105,1,8.899477930059788,false
7706,669.342019463052,0.0,false,68617.47399287985,133.66389847009592,1,8.899474628138137,false
7707,882.9155680535385,0.0,false,97177.23005917587,133.66390206508942,1,8.899479030700348,false
7708,977.0276897747369,0.0,false,109250.73023903598,133.66390216634102,1,8.899477930059774,false
7709,488.38849376299424,0.0,false,45045.27755416056,126.39686700000004,0,2.1316282072803006e-13,false
7710,896.6838336787454,0.0,false,98820.54080360144,137.08524384357656,1,27.989235984192263,false
7711,832.2759471446404,0.0,false,90392.60733063423,133.66390116634102,1,8.899477930059817,false
7712,637.9742441512894,0.0,false,64762.44504764689,133.66389926759265,1,8.899476829419243,false
7713,831.6912960369601,0.0,false,90520.92982128097,137.08524384357656,1,27.989235984192263,false
7714,658.6581922832778,0.0,false,66993.27304849167,133.66389847009592,1,8.899474628138137,false
7715,723.2826635203129,0.0,false,75531.564175995,133.66389936884423,1,8.899475728778683,false
7716,260.049395661888,0.0,false,17578.191647379936,96.05429600000008,0,1.7053025658242404e-13,false
7717,1134.771441255459,15.674681335385367,true,139000.65705986012,9969.473195290171,2,9903.945704,false
7718,1108.9227494895383,53.41885161121172,true,120338.67166526658,10000.0,3,9873.603131,false
7719,324.5969172879979,0.0,false,24342.536429479514,126.39686499999976,0,4.121147867408581e-13,false
7720,430.40450135626435,0.0,false,37716.282925702035,126.39686599999976,0,5.115907697472721e-13,false
7721,735.4569339629261,0.0,false,77480.62428035191,133.66390026759228,1,8.899476829419214,false
7722,874.4912701740565,0.0,false,96506.58771699031,133.66390206508908,1,8.899479030700348,false
7723,325.0703801655372,0.0,false,24402.380651000538,126.39686499999976,0,4.121147867408581e-13,false
7724,2291.2387943636995,1151.444518302105,true,141124.89486695288,9999.999999999996,2,9873.603131000022,false
7725,789.1249710632865,0.0,false,84338.79716292913,137.08524252169428,1,27.989232522631397,false
7726,716.1603369517458,0.0,false,75672.53322125516,137.08524416545828,1,27.989239445753682,false
7727,355.1277850453345,0.0,false,28201.542277613014,126.39686499999982,0,7.247535904753022e-13,false
7728,226.45106655920128,0.0,false,14350.927899439988,96.05429599999984,0,3.410605131648481e-13,false
7729,476.4574387144767,0.0,false,43537.22964760964,126.39686699999982,0,6.821210263296962e-13,false
7730,372.2712951227947,0.0,false,30368.428137925745,126.39686499999982,0,7.247535904753022e-13,false
7731,450.298777292446,0.0,false,40230.85695590321,126.39686599999987,0,3.410605131648481e-13,false
7732,624.1300885803646,0.0,false,62553.74931872779,133.6638975713472,1,8.899473527497605,false
7733,1157.274814840588,0.0,false,141281.65841561768,212.62808337346942,1,105.60193845727915,false
7734,765.6925828797247,0.0,false,81548.58915046079,133.6639002675924,1,8.899476829419228,false
7735,467.72958585557365,0.0,false,42434.056442974455,126.39686699999982,0,6.110667527536862e-13,false
7736,927.4540051139861,211.00882941875287,true,75206.73845753376,-2464.155751978077,2,12464.155751978076,false
7737,547.345502236755,0.0,false,52497.258359194304,126.39686800000001,0,8.526512829121202e-14,false
7738,530.253409251525,0.0,false,50336.87145794111,126.39686700000007,0,1.2789769243681803e-13,false
7739,246.68466398549725,0.0,false,16294.451795069504,96.05429600000005,0,9.947598300641403e-14,false
7740,753.4017102147832,0.0,false,79497.89139458812,133.66389947009586,1,8.899474628138137,false
7741,524.5406375465014,0.0,false,49614.79504681651,126.39686700000007,0,1.2789769243681803e-13,false
7742,268.8576236914288,0.0,false,18424.259763340244,96.05429600000005,0,9.947598300641403e-14,false
7743,730.6335365016735,0.0,false,76945.01424955395,133.6639002675927,1,8.899476829419228,false
7744,793.0729959686627,0.0,false,84534.9870803855,133.66389947009586,1,8.899474628138137,false
7745,990.9261824058676,0.0,false,116280.41947966356,212.62808237346974,1,105.60193845727922,false
7746,1047.7412795620482,0.0,false,126825.05322032435,212.62808327221802,1,105.60193955791978,false
7747,501.66471454946065,0.0,false,46723.35018751286,126.39686700000007,0,1.2789769243681803e-13,false
7748,866.0164193879237,0.0,false,94537.36840139456,133.66390126759256,1,8.899476829419243,false
7749,258.95611971195535,0.0,false,17473.17779895523,96.05429600000005,0,9.947598300641403e-14,false
7750,593.7229293537904,0.0,false,58552.84806541256,133.66389757134752,1,8.899473527497591,false
7751,553.955301188107,0.0,false,53868.320917712714,137.08524019981252,1,27.989229061069878,false
7752,650.4243489152794,0.0,false,66003.0121907026,133.66389847009583,1,8.899474628138137,false
7753,483.11401227013465,0.0,false,44378.59965006049,126.39686700000007,0,1.2789769243681803e-13,false
7754,763.7508098031184,0.0,false,81439.47073086051,137.0852425216946,1,27.989232522631127,false
7755,1921.5456715607897,764.1158717997789,true,147704.99626428724,9969.473193278027,2,9903.945704,false
7756,401.8123198279646,0.0,false,34102.32093138278,126.39686600000007,0,1.9895196601282805e-13,false
7757,734.0371134239496,0.0,false,77127.69262007713,133.66389936884428,1,8.899475728778697,false
7758,290.8703975583881,0.0,false,20538.681194099918,96.05429600000002,0,1.4210854715202004e-13,false
7759,474.28033952046604,0.0,false,43262.05114340118,126.39686700000016,0,2.1316282072803006e-13,false
7760,687.5027607017082,0.0,false,70851.25792972886,133.6638984700959,1,8.899474628138137,false
7761,1664.05418035974,517.8886268786025,true,141930.20433334346,10000.000000000004,3,9873.603131000003,false
7762,956.8770878149395,0.0,false,107067.16648145267,133.66390206508962,1,8.899479030700277,false
7763,933.8251160146584,43.13191442951056,true,110308.81287339478,9233.951587407146,3,10522.311477258849,true
7764,279.32231406615716,0.0,false,19429.43819874873,96.05429600000085,0,8.526512829121202e-13,false
7765,946.5958592086903,0.0,false,113430.24865253497,253.22601815248612,1,332.12258749444123,false
7766,2429.9979404503188,1282.5948319815468,true,142086.62739909542,10000.0,3,9873.603131000003,false
7767,320.19932719608073,0.0,false,23786.69484589653,126.39686500000006,0,2.4158453015843406e-13,false
7768,810.811551645186,0.0,false,87785.29167482605,162.56868827894598,1,114.45809069807959,false
7769,341.967443641399,0.0,false,26538.11643446724,126.39686500000003,0,3.410605131648481e-13,false
7770,560.9764872767595,0.0,false,54220.1720805888,126.39686800000004,0,2.8421709430404007e-13,false
7771,1241.536559208766,342.9627146380765,true,110032.86210308208,9999.999999999996,2,9873.603133999997,false
7772,889.3354967863891,0.0,false,98171.20540553662,137.08524516545853,1,27.989239445753995,false
7773,1334.112218304643,273.7945337113125,true,143687.32394738507,7649.668174323215,3,15892.490091823685,true
7774,829.9805742177009,0.0,false,90238.07013150769,133.66390116634108,1,8.899477930059774,false
7775,863.2394169647396,0.0,false,94762.25793493747,133.66390206508947,1,8.89947903070032,false
7776,575.937063022497,0.0,false,56293.896219279115,137.08523855604852,1,27.98922213794718,false
7777,601.6064684356995,0.0,false,59584.02958811029,133.66389757134755,1,8.899473527497577,false
7778,367.3040434244607,0.0,false,29740.58311545957,126.39686500000013,0,1.4210854715202004e-13,false
7779,586.3684982151958,0.0,false,58294.41425101095,137.08524152169468,1,27.98923252263107,false
7780,494.9923592447518,0.0,false,45879.98542152099,126.39686700000019,0,1.9895196601282805e-13,false
7781,546.1682860369457,0.0,false,52348.46192682012,126.39686800000018,0,1.8474111129762605e-13,false
7782,603.116080266614,0.0,false,59580.837654135605,137.08523855604858,1,27.989222137947237,false
7783,1122.5207856858735,78.45266080135592,true,121158.95257970685,10000.0,2,9873.603132,false
7784,733.3171951123509,0.0,false,77247.31147699978,133.66390026759274,1,8.899476829419257,false
7785,503.2118660865788,0.0,false,46918.90528529596,126.39686700000019,0,1.9895196601282805e-13,false
7786,1338.5006902946743,204.05818120425113,true,140448.4483209936,10000.000000000004,2,9873.603132000007,false
7787,542.6517057905197,0.0,false,51903.97722221714,126.39686699999984,0,9.379164112033322e-13,false
7788,899.0469089319671,0.0,false,99575.83263132183,133.6639020650894,1,8.899479030700434,false
7789,553.7298797913827,0.0,false,53304.223641537996,126.39686799999981,0,9.521272659185342e-13,false
7790,949.6685111762404,0.0,false,107563.45250333674,212.62808227221802,1,105.60193955791993,false
7791,1469.888053960329,349.4616913959255,true,138676.8513967886,10000.0,2,9873.603132000011,false
7792,426.5555291168156,0.0,false,37229.78491655958,126.3968660000001,0,1.7053025658242404e-13,false
7793,504.7915479495144,0.0,false,47118.57211414964,126.3968670000001,0,1.9895196601282805e-13,false
7794,451.61988648704505,0.0,false,40397.84101113882,126.3968660000001,0,1.7053025658242404e-13,false
7795,662.1065155577127,0.0,false,67637.11276774867,133.66389847009594,1,8.899474628138194,false
7796,662.7302827269432,0.0,false,67632.63334707037,133.66389847009594,1,8.899474628138194,false
7797,838.5288041216735,0.0,false,91075.0157119792,133.66390116634105,1,8.899477930059632,false
7798,632.2358032064484,0.0,false,63465.051870348776,133.66389757134755,1,8.899473527497733,false
7799,655.3080500985249,0.0,false,66739.96534902902,133.66389847009594,1,8.899474628138194,false
7800,503.1336473543623,0.0,false,47109.291630758256,137.08523887793052,1,27.989225599508543,false
7801,511.18727059875084,0.0,false,47926.97138083972,126.39686700000007,0,1.5631940186722204e-13,false
7802,313.65987373069737,0.0,false,22960.12845521653,126.39686500000009,0,1.5631940186722204e-13,false
7803,735.9211733863627,0.0,false,77917.33447821927,133.66390016634105,1,8.899477930059788,false
7804,1109.8078895967403,218.95419796042415,true,118346.14359515958,6623.191192253158,2,13113.425453880125,true
7805,354.7687403456503,0.0,false,28156.160154614234,126.39686500000005,0,1.2789769243681803e-13,false
7806,415.4235601410385,0.0,false,35822.73898127196,126.39686600000005,0,2.5579538487363607e-13,false
7807,429.2640123253742,0.0,false,37572.12869219262,126.39686600000005,0,2.5579538487363607e-13,false
7808,1303.0688738037106,189.72010181944464,true,137782.26616401615,10000.0,3,9873.60313200007,false
7809,446.7172183049578,0.0,false,39778.159142398516,126.39686600000036,0,3.694822225952521e-13,false
7810,290.0324584289981,0.0,false,20458.193543449328,96.05429600000024,0,2.5579538487363607e-13,false
7811,895.0000017062374,0.0,false,98465.77826296208,133.66390126759268,1,8.899476829419172,false
7812,519.6795826572574,0.0,false,49000.37296766751,126.39686700000036,0,3.552713678800501e-13,false
7813,479.7720703221495,0.0,false,43956.18867819108,126.39686700000036,0,3.552713678800501e-13,false
7814,661.3077048809338,0.0,false,67475.98389459703,137.0852398779304,1,27.98922559950752,false
7815,619.0343166054805,0.0,false,61581.90224351651,133.66389757134752,1,8.899473527497321,false
7816,871.2276905166088,0.0,false,95648.21727518992,137.08524384357642,1,27.989235984191367,false
7817,554.8402553011099,0.0,false,53444.57162049902,126.39686800000037,0,3.410605131648481e-13,false
7818,660.867366013128,0.0,false,67337.46775633455,133.66389847009592,1,8.899474628137938,false
7819,845.2175804295503,38.567792209028674,true,87089.02393007174,-2464.1557502538103,2,12464.155750253814,false
7820,372.2007282932522,0.0,false,30359.508712181014,126.39686500000036,0,3.979039320256561e-13,false
7821,712.5164074730718,0.0,false,74636.48661249065,137.0852425216946,1,27.989232522631127,false
7822,324.02517230033413,0.0,false,24270.269657746383,126.3968650000001,0,1.5631940186722204e-13,false
7823,445.863743412421,0.0,false,39670.28259503947,126.39686600000005,0,1.1368683772161603e-13,false
7824,390.3935273251909,0.0,false,32659.02140262189,126.39686600000005,0,1.1368683772161603e-13,false
7825,667.4225258552052,0.0,false,68605.24983134429,137.08524119981251,1,27.989229061069906,false
7826,1384.005867405353,323.1619650190667,true,147555.42636428258,9000.28171559064,2,9989.999999,false
7827,560.9370135887574,0.0,false,54215.182730333276,126.39686700000007,0,1.4210854715202004e-13,false
7828,813.3133151554285,0.0,false,87864.7722012634,137.08524384357662,1,27.989235984192575,false
7829,409.6616206055264,0.0,false,35094.44791071147,126.39686600000005,0,1.1368683772161603e-13,false
7830,196.53059964791555,0.0,false,11476.938604046578,96.05429600000008,0,1.2789769243681803e-13,false
7831,352.6601277685476,0.0,false,27889.638143803375,126.39686500000008,0,1.2789769243681803e-13,false
7832,1022.4877678357565,0.0,false,124034.84240316878,253.22601815248493,1,332.1225874944411,false
7833,634.5929905861113,0.0,false,63893.8839681301,133.66389757134746,1,8.899473527497648,false
7834,1590.410172015699,468.48437736251265,true,138866.37490609335,10000.000000000002,2,9873.603132000004,false
7835,353.08061804530416,0.0,false,27942.78679486642,126.39686500000013,0,1.2789769243681803e-13,false
7836,1156.8433942208546,48.35980761794604,true,138702.0509685494,9969.473194284095,2,9903.945704000002,false
7837,452.7621521375598,0.0,false,40542.21980379206,126.39686600000019,0,3.126388037344441e-13,false
7838,399.3027377466759,0.0,false,33785.117633886104,126.39686600000019,0,3.126388037344441e-13,false
7839,1144.678743888933,118.57540879752652,true,139362.73756918497,10000.000000000002,2,9873.603133999997,true
7840,904.7185415975158,40.875629647772655,true,94726.26477858474,10000.000000000004,2,9873.603132,false
7841,512.7127174120676,0.0,false,48119.78306966542,126.39686700000017,0,3.552713678800501e-13,false
7842,1301.7057500168476,358.8408985869457,true,105953.69527386878,10000.000000000004,2,9873.603132,false
7843,931.0964439612978,0.0,false,104863.55838117775,154.0712166619077,1,72.46974795162146,false
7844,1019.8804427630134,0.0,false,116347.37813050418,212.62808237346968,1,105.60193845727913,false
7845,664.9474596973001,0.0,false,69869.91162355484,137.08524613110473,1,27.98924983043767,false
7846,795.82646197251,0.0,false,85545.1547339497,133.66390116634108,1,8.899477930059774,false
7847,1235.5525210823055,100.52882590923795,true,140521.90841749666,10000.000000000002,2,9873.603132000002,false
7848,503.60199005082376,0.0,false,46968.21572977738,126.39686700000013,0,1.5631940186722204e-13,false
7849,769.9211382673022,0.0,false,81853.0925835665,137.08524252169454,1,27.989232522631113,false
7850,1059.1936936171612,0.0,false,128592.09172263205,253.22601783060298,1,332.12258403287973,false
7851,816.4485965654595,0.0,false,88470.09199756461,133.66390116634108,1,8.899477930059817,false
7852,534.6066894849496,0.0,false,50887.11241449934,126.3968670000001,0,1.1368683772161603e-13,false
7853,686.9434984955285,20.93863281852534,true,67542.60890447986,-2464.1557576113623,2,12464.155757611366,false
7854,958.3386180207659,63.04014503511442,true,119403.87828473546,6623.19119225316,2,21760.983330589333,true
7855,518.9898844911003,0.0,false,48913.19728442768,126.3968670000001,0,1.5631940186722204e-13,false
7856,823.6187839246313,0.0,false,89372.55570979704,133.6639011663412,1,8.899477930059845,false
7857,1251.558402650256,249.02056851313452,true,113750.19077772474,10000.0,3,9873.603132,false
7858,2563.1328007068873,1398.2114515474627,true,144300.8780326361,10000.0,2,9873.603131000284,false
7859,260.9616138397278,0.0,false,17665.814119514096,96.05429600000018,0,1.8474111129762605e-13,false
7860,735.0635597713585,0.0,false,77446.22604939606,133.66390026759254,1,8.899476829418944,false
7861,905.3590240423216,0.0,false,100143.13709694469,133.6639020650893,1,8.899479030700093,false
7862,960.6205417548007,5.605507316709975,true,130377.39951278166,3896.874247690882,1,9873.60313499999,true
7863,616.515815686708,0.0,false,61326.15299882271,133.6638975713474,1,8.899473527497264,false
7864,381.51703206108743,0.0,false,31537.06026455787,126.39686500000022,0,2.1316282072803006e-13,false
7865,253.87140232142943,0.0,false,16984.768864903483,96.0542960000002,0,1.8474111129762605e-13,false
7866,237.6576539933769,0.0,false,15427.368732372466,96.0542960000002,0,1.8474111129762605e-13,false
7867,402.2204673858374,0.0,false,34153.90950152275,126.39686600000023,0,2.4158453015843406e-13,false
7868,1192.61409068325,94.39605508394766,true,148477.80934533826,3896.8742489271335,1,9873.603133000006,true
7869,453.48168735620743,0.0,false,40633.1667968081,126.39686600000023,0,2.4158453015843406e-13,false
7870,466.25333719735033,0.0,false,42247.46324651966,126.39686700000023,0,2.5579538487363607e-13,false
7871,958.9592169890761,0.0,false,107266.24235119342,137.08524516545862,1,27.989239445753654,false
7872,348.3919644272299,0.0,false,27350.15569522552,126.3968650000001,0,1.5631940186722204e-13,false
7873,215.17485863333877,0.0,false,13267.799719400306,96.05429600000008,0,1.4210854715202004e-13,false
7874,449.4962529507772,0.0,false,40129.420398240225,126.39686600000005,0,1.1368683772161603e-13,false
7875,517.9931818131622,0.0,false,48787.21719458597,126.39686700000007,0,1.4210854715202004e-13,false
7876,797.2962469415855,0.0,false,86709.46517118937,137.08524548734067,1,27.989242907314903,false
7877,358.09338531636706,0.0,false,28576.384842852294,126.3968650000001,0,1.5631940186722204e-13,false
7878,1075.8414276386943,0.5499943850163923,true,145579.958775456,3896.8742483090064,1,9873.603134,true
7879,476.62874355804433,2.368837489573007,true,59944.963425209644,-4111.563683365138,1,14111.563683365137,false
7880,326.7459796546428,0.0,false,24614.171166716715,126.39686500000008,0,1.2789769243681803e-13,false
7881,785.765157846489,0.0,false,84249.39039541456,133.663901166341,1,8.899477930059788,false
7882,1436.0466260966584,325.6261267618133,true,137412.14169297708,10000.000000000005,2,9873.603132000006,false
7883,712.9498154838925,0.0,false,74717.98396499065,137.08524252169462,1,27.989232522631312,false
7884,1253.8282241717543,135.23293323049407,true,138445.40969135708,10000.000000000005,2,9873.603132000006,false
7885,538.1578187958005,0.0,false,51335.96401239603,126.39686700000007,0,1.1368683772161603e-13,false
7886,301.81261252696964,0.0,false,21589.72791676102,96.05429600000014,0,1.7053025658242404e-13,false
7887,276.7737037647924,0.0,false,19184.63323811859,96.05429600000014,0,1.7053025658242404e-13,false
7888,1082.9189975569136,49.35276015286536,true,140306.0249954525,10000.0,2,9873.603134,true
7889,706.0635846348126,0.0,false,73408.76444011119,133.66389936884423,1,8.899475728778668,false
7890,836.1548571029033,0.0,false,90986.24167892004,133.66390116634102,1,8.899477930059817,false
7891,244.18948395312623,0.0,false,16054.779041152377,96.05429600000002,0,5.684341886080802e-14,false
7892,685.5755459258212,0.0,false,70701.69507490807,137.08523987793046,1,27.989225599508572,false
7893,448.2585751437047,0.0,false,39972.9818084969,126.39686600000002,0,1.1368683772161603e-13,false
7894,271.27481610267176,0.0,false,18656.441471447146,96.05429600000001,0,8.526512829121202e-14,false
7895,723.9433956099248,0.0,false,75526.0176775216,133.66389857134746,1,8.899473527497577,false
7896,1520.1802324606856,551.4574886100866,true,109408.23882955665,10000.0,3,9873.603132,false
7897,977.4085912283589,0.0,false,110265.33729484798,154.07121369626165,1,72.46973756693744,false
7898,540.3983197776957,0.0,false,52419.50907503953,137.08524184357657,1,27.989235984192433,false
7899,280.7071326201405,0.0,false,19562.455965884837,96.05429600000005,0,9.947598300641403e-14,false
7900,736.5865918601576,0.0,false,77719.93053682274,133.6639002675927,1,8.899476829419228,false
7901,1012.781788045571,10.44046560460901,true,136359.2937591265,3896.874247690881,1,9873.603134999998,true
7902,576.8020967461448,0.0,false,56280.359568256245,137.08523855604844,1,27.98922213794738,false
7903,1276.1034940072655,180.4518360478755,true,151468.30908769392,9080.986382379864,1,9989.999999000001,false
7904,536.182126470126,0.0,false,51086.242704128905,126.39686699999999,0,2.7000623958883807e-13,false
7905,417.46380702488557,0.0,false,36080.61978305527,126.39686600000002,0,8.526512829121202e-14,false
7906,1215.7653694121664,48.848202389131416,true,144553.14314572432,10000.000000000007,2,9873.603131000013,false
7907,731.9215986999976,0.0,false,76867.26258751446,137.08524119981263,1,27.98922906106968,false
7908,1065.170901033143,55.40144072907682,true,116551.57866972331,9999.999999999998,4,9873.603132,false
7909,1343.6250201201271,194.9135488959594,true,143620.79286694626,10000.000000000011,4,9903.945704000067,false
7910,603.0436527795443,0.0,false,59761.87777736895,133.66389757134755,1,8.899473527498458,false
7911,421.8011726995378,0.0,false,36628.84918934051,126.39686599999928,0,1.1084466677857563e-12,false
7912,2423.780884241426,1393.5744317383526,true,123188.07248979255,9999.999999999998,2,9873.603131999998,false
7913,796.5119779340301,0.0,false,86289.74276658907,137.0852454873407,1,27.989242907317163,false
7914,1474.5728800156533,353.3875732305703,true,138772.77956395663,10000.0,2,9873.603132,false
7915,919.5715546672131,0.0,false,102129.75599372697,137.08524516545853,1,27.989239445753398,false
7916,1052.0803011290375,0.0,false,122905.84700837977,212.62808237346965,1,105.60193845727922,false
7917,1033.7210531313835,0.0,false,120649.85701985446,212.62808237346965,1,105.60193845727922,false
7918,638.7613538133681,0.0,false,64526.51347273008,137.0852411998125,1,27.989229061069622,false
7919,1366.1388185393403,229.65697219938474,true,151876.6109714996,9080.986382379855,1,9989.999998999998,false
7920,333.55640754939037,0.0,false,25474.987874679646,126.39686500000003,0,1.5631940186722204e-13,false
7921,1228.4661922957825,81.2083457439428,true,145429.49886495346,9969.473194284099,2,9903.945703999998,false
7922,744.8851321389564,0.0,false,78587.82355477569,137.08524119981257,1,27.989229061070034,false
7923,625.3903156935055,0.0,false,62978.28014126629,133.66389847009597,1,8.899474628138293,false
7924,1257.3606033558226,148.3956513590385,true,137228.16507840925,10000.000000000002,2,9873.603132000007,false
7925,324.9529381856565,0.0,false,24387.536353393974,126.39686499999986,0,1.7053025658242404e-13,false
7926,978.2572138082837,0.0,false,109773.96986047374,133.66390206508936,1,8.899479030700334,false
7927,1468.0196580131703,350.9983823813324,true,138246.45909708022,10000.0,2,9873.603132000002,false
7928,704.2338662983336,0.0,false,72629.01840389884,133.66389767259912,1,8.899472426857002,false
7929,822.7458187280768,0.0,false,89386.32317369117,137.0852438435765,1,27.98923598419192,false
7930,506.23972344738945,0.0,false,47301.616951258155,126.39686700000016,0,1.7053025658242404e-13,false
7931,662.6318116341638,0.0,false,67811.15847606366,133.66389847009592,1,8.899474628138123,false
7932,625.3974887322058,0.0,false,62596.6407980153,133.66389757134755,1,8.899473527497548,false
7933,891.2481755913064,0.0,false,98279.21023054709,133.66390206508945,1,8.89947903070032,false
7934,691.6267174107936,0.0,false,71600.28713963469,137.08524119981251,1,27.989229061069437,false
7935,498.6525517681817,0.0,false,46342.62226713822,126.39686700000021,0,2.2737367544323206e-13,false
7936,926.504782200223,0.0,false,103385.06692360403,154.0712097306154,2,72.46972718225307,false
7937,1154.3025438789339,18.10897849016726,true,140669.7763405384,10000.000000000004,2,9873.603132000018,false
7938,533.7368623961332,0.0,false,50777.169000860245,126.3968670000001,0,1.1368683772161603e-13,false
7939,1023.2209888884311,93.82300459029705,true,104664.85156946807,10000.0,3,9873.603133,false
7940,999.5867863592362,76.57416610070709,true,105299.89191408345,10000.0,2,9873.603133,false
7941,655.7039244122469,0.0,false,66678.41373122206,137.08523987793075,1,27.98922559950809,false
7942,412.7872352270629,0.0,false,35489.51578756949,126.39686600000044,0,5.826450433232822e-13,false
7943,309.3266212658952,0.0,false,22412.418945745034,126.39686500000045,0,5.684341886080801e-13,false
7944,922.7180087859816,0.0,false,103888.56741368488,253.2260168306032,1,332.1225840328791,false
7945,609.3503825174864,0.0,false,60416.88725753942,133.66389757134777,1,8.899473527497463,false
7946,373.99985076875976,0.0,false,30586.912145639704,126.39686500000047,0,5.968558980384842e-13,false
7947,595.7294233733569,0.0,false,58765.829406418714,133.6638975713478,1,8.89947352749752,false
7948,728.3547896241278,0.0,false,76263.32306984578,133.66389936884454,1,8.899475728778668,false
7949,172.40869008624747,0.0,false,9159.925635290643,96.05429600000033,0,4.547473508864641e-13,false
7950,702.5841083920769,0.0,false,72637.80525500426,133.6638985713478,1,8.899473527497534,false
7951,538.7828942272545,0.0,false,51414.97158482016,126.39686700000047,0,6.110667527536862e-13,false
7952,95.73045931414968,0.0,false,1794.6523899859196,96.05429600000033,0,4.547473508864641e-13,false
7953,733.2375739221959,0.0,false,77168.79016627072,133.66389936884457,1,8.899475728778668,false
7954,773.4435212506484,0.0,false,82373.2275090881,133.663900267593,1,8.899476829419228,false
7955,327.5145006770142,0.0,false,24711.309811557054,126.39686500000053,0,6.110667527536862e-13,false
7956,432.5777876494553,0.0,false,37990.979491215774,126.39686600000053,0,6.110667527536862e-13,false
7957,328.9736583249999,0.0,false,24895.742757966615,126.39686500000053,0,6.110667527536862e-13,false
7958,1683.6336482549498,574.8317444907243,true,137207.55629362224,10000.0,2,9873.60313200003,false
7959,709.026705285103,0.0,false,73993.26971843003,133.66389936884426,1,8.89947572877864,false
7960,1023.6586659768958,0.0,false,116544.84013855943,145.21267408570225,1,23.042532924107206,false
7961,2397.2358843050383,1348.7689922474508,true,122785.39726488414,10000.0,2,9873.603132,false
7962,891.8506386542844,0.0,false,98405.58469840068,133.66390206508945,1,8.899479030700363,false
7963,513.3040748319487,0.0,false,48194.528791267425,126.39686700000004,0,5.684341886080802e-14,false
7964,964.0864163499157,0.0,false,126581.52375148603,1686.495744768342,1,4936.603620912447,true
7965,338.1516233101457,0.0,false,26055.808722456855,126.39686500000002,0,8.526512829121202e-14,false
7966,459.2928390502679,0.0,false,41367.67812973214,126.39686600000016,0,4.121147867408581e-13,false
7967,1618.0124882373102,506.13430222333756,true,137596.38871354033,9999.999999999996,3,9873.60313200003,false
7968,340.5764120990549,0.0,false,26362.29441396295,126.39686500000002,0,8.526512829121202e-14,false
7969,899.8187974797872,0.0,false,103987.46467020047,253.2260168306029,1,332.12258403287933,false
7970,765.930058862721,0.0,false,81389.50762455417,133.6639002675927,1,8.899476829419342,false
7971,1160.9688612435527,0.0,false,143073.3144201185,212.62808337346965,1,105.60193845727933,false
7972,1042.5016007387517,93.0720199195697,true,106474.13799039401,10000.0,2,9873.603132,false
7973,298.1228309671679,0.0,false,21235.30855770982,96.05429600000005,0,4.263256414560601e-14,false
7974,2153.18618519505,1036.935109965423,true,138149.10818389978,10000.0,2,9873.603132,false
7975,297.61050850380786,0.0,false,21186.097785703754,96.05429600000005,0,8.526512829121202e-14,false
7976,751.5759665082609,0.0,false,79632.19442251459,133.66390026759265,1,8.8994768294193,false
7977,324.00773807965635,0.0,false,24268.06602697875,126.39686500000005,0,1.5631940186722204e-13,false
7978,436.5271011583988,0.0,false,38490.16032185108,126.39686600000005,0,5.684341886080802e-14,false
7979,486.63333103512986,0.0,false,44823.43049481432,126.39686700000003,0,9.947598300641403e-14,false
7980,352.044102950818,0.0,false,27811.774540544255,126.39686500000005,0,1.5631940186722204e-13,false
7981,452.7330457204734,0.0,false,40538.54084403733,126.39686600000005,0,5.684341886080802e-14,false
7982,398.48285860702975,0.0,false,33681.48748423539,126.39686600000005,0,5.684341886080802e-14,false
7983,465.4723863980507,0.0,false,42148.7535168927,126.39686700000003,0,9.947598300641403e-14,false
7984,865.3740294501602,0.0,false,95230.68367835041,133.66390206508942,1,8.899479030700391,false
7985,363.9433870282452,0.0,false,29315.80669607832,126.39686500000005,0,1.5631940186722204e-13,false
7986,958.1515211958531,63.85910857989472,true,119164.46381882607,6623.191192253158,2,21760.983330589326,true
7987,622.0508697419269,0.0,false,62020.407463384334,137.08523855604835,1,27.989222137947635,false
7988,892.4454103292491,0.0,false,98633.33561546827,133.6639020650889,1,8.899479030700391,false
7989,510.2436656865091,0.0,false,47807.70268190806,126.39686699999947,0,1.5916157281026244e-12,false
7990,1630.888300967959,501.5129959143461,true,139807.96963669395,9999.999999999996,3,9873.603132000011,false
7991,574.8835232669561,0.0,false,55977.97777556365,126.39686799999959,0,6.821210263296962e-13,false
7992,1226.1228466794953,41.51417288226945,true,147987.53291725353,9969.473194284095,2,9903.94570399999,false
7993,450.63016763586074,0.0,false,40272.743655076396,126.39686599999959,0,1.0231815394945443e-12,false
7994,833.4582801086874,0.0,false,90562.00583700197,133.66390116634034,1,8.899477930059646,false
7995,702.7226316389601,0.0,false,73031.06777690705,133.6638993688439,1,8.899475728778611,false
7996,637.6418445432406,0.0,false,64687.31885966573,133.66389926759211,1,8.899476829419044,false
7997,740.6076828106229,0.0,false,78358.22152564445,133.663900267592,1,8.8994768294191,false
7998,636.9482781330643,0.0,false,64501.98677775887,137.08523987793052,1,27.989225599508487,false
7999,889.056866412331,0.0,false,97882.3741204432,133.66390116634105,1,8.89947793005976,false
8000,289.8017668155302,0.0,false,20436.034623616608,96.05429600000002,0,1.1368683772161603e-13,false
8001,607.4017154908767,0.0,false,60209.02825220354,133.66389757134752,1,8.899473527497548,false
8002,596.0310373403322,0.0,false,58973.08817642568,137.08523855604844,1,27.98922213794735,false
8003,1454.5487813706739,287.78470569290926,true,144533.79288023594,10000.00000000001,2,9873.60313100001,false
8004,488.9557379746029,0.0,false,45116.975441928356,126.39686700000016,0,1.5631940186722204e-13,false
8005,523.2354092893042,0.0,false,49449.8182922183,126.39686700000016,0,1.5631940186722204e-13,false
8006,477.74142752827345,0.0,false,43699.52180323279,126.39686700000016,0,1.5631940186722204e-13,false
8007,264.84595299361786,0.0,false,18038.921570713213,96.05429600000005,0,7.105427357601002e-14,false
8008,765.9938601254634,0.0,false,81681.12783697134,133.66390026759274,1,8.899476829419257,false
8009,714.6372071543574,0.0,false,74443.93597759996,133.66389936884428,1,8.899475728778626,false
8010,1038.2933572674056,15.762556929013797,true,117542.13509698072,10000.0,3,9882.116232196318,false
8011,371.4775951346446,0.0,false,30268.106950847963,126.39686500000008,0,1.4210854715202004e-13,false
8012,2048.4573472713314,1077.185758758994,true,121800.33536041348,10000.0,2,9873.603134,true
8013,367.4846766395585,0.0,false,29763.414586840263,126.39686500000005,0,1.5631940186722204e-13,false
8014,527.1249433965622,0.0,false,49941.443194128224,126.3968670000001,0,2.7000623958883807e-13,false
8015,323.0398936264488,0.0,false,24145.733526157077,126.39686500000005,0,1.5631940186722204e-13,false
8016,1532.0054040252842,387.4346194597964,true,141728.6305483849,9999.999999999993,3,9873.603131000005,false
8017,482.87069314491316,0.0,false,44347.844876411335,126.3968670000001,0,2.5579538487363607e-13,false
8018,876.1678329975372,0.0,false,96167.27389648429,133.66390116634085,1,8.899477930059675,false
8019,458.1096701410729,0.0,false,41218.12929357711,126.39686600000012,0,1.7053025658242404e-13,false
8020,560.2296790578714,0.0,false,54125.77786595247,126.3968680000001,0,1.8474111129762605e-13,false
8021,1434.3542931055665,406.8374628196133,true,139541.39892481425,10000.0,2,9873.603134,true
8022,406.916541483659,0.0,false,34747.478526510786,126.39686600000016,0,2.1316282072803006e-13,false
8023,1233.1785930592146,124.08742439201654,true,151602.70419477203,9080.986382379866,1,9989.999999000003,false
8024,1282.8138758870407,171.31731648554097,true,137548.15230764975,10000.000000000007,2,9873.603132000007,false
8025,640.877787672786,0.0,false,64344.55079555015,133.66389767259915,2,8.899472426857002,false
8026,445.5976762722398,0.0,false,39636.65254370532,126.3968660000001,0,3.410605131648481e-13,false
8027,632.8203575154575,0.0,false,63329.69025975153,133.66389757134755,1,8.899473527497548,false
8028,537.7477229948393,0.0,false,51284.12919044521,126.39686700000013,0,1.8474111129762605e-13,false
8029,362.84980577924614,0.0,false,29177.581458956418,126.39686500000013,0,1.9895196601282805e-13,false
8030,660.1186775575969,0.0,false,67195.34995821417,133.66389847009592,1,8.899474628138108,false
8031,742.4914458361217,0.0,false,78721.62814172589,137.0852425216945,1,27.9892325226306,false
8032,324.6517169219651,0.0,false,24349.462931197,126.39686500000015,0,2.7000623958883807e-13,false
8033,441.9321458797559,0.0,false,39173.34100819525,126.3968660000001,0,3.410605131648481e-13,false
8034,1127.2933378885564,16.057857052306282,true,140962.71893478752,9999.999999999996,4,9903.945704000003,false
8035,500.059565462604,0.0,false,46520.46438149738,126.39686699999908,0,1.6626700016786344e-12,false
8036,982.0290469935966,0.0,false,110702.04395402827,145.21267138945558,1,23.04252962218534,false
8037,545.4661442980607,0.0,false,52259.713415048194,126.39686799999885,0,1.8047785488306545e-12,false
8038,611.784978920616,0.0,false,60962.97218394995,133.66389757134624,1,8.899473527497946,false
8039,614.8448111058349,0.0,false,61408.56095956883,133.66389757134624,1,8.899473527497946,false
8040,1129.976219632004,159.51217597482355,true,109574.15430677595,10000.000000000007,2,9873.603132000007,false
8041,641.554643101115,0.0,false,64741.12493514536,137.0852385560483,1,27.98922213794677,false
8042,651.9911025576582,0.0,false,66498.88969770545,137.0852411998107,1,27.98922906106931,false
8043,315.576241427869,0.0,false,23202.351316660952,126.39686499999976,0,1.0231815394945443e-12,false
8044,422.1434758914446,0.0,false,36672.115238308186,126.39686600000067,0,1.1368683772161603e-12,false
8045,584.2305363367501,0.0,false,57429.93162165184,137.08523855604716,1,27.989222137947166,false
8046,702.8429783983204,0.0,false,72678.52775447932,133.6638985713481,1,8.899473527498586,false
8047,300.10344832076913,0.0,false,21425.55535731356,96.05429599999997,0,7.105427357601002e-13,false
8048,504.1628400876227,0.0,false,47039.10541392068,126.39686700000027,0,1.0516032489249483e-12,false
8049,521.0212982641453,0.0,false,49169.96160873291,126.39686700000027,0,1.0516032489249483e-12,false
8050,638.8654635242007,0.0,false,64067.490527195434,133.6638976725987,1,8.899472426857429,false
8051,330.47439103318806,0.0,false,25085.43066148182,126.39686499999976,0,1.0231815394945443e-12,false
8052,280.9902950005406,0.0,false,19589.654928138534,96.05429599999997,0,7.105427357601002e-13,false
8053,413.32077360774815,0.0,false,35556.95336411112,126.3968660000005,0,1.1368683772161603e-12,false
8054,830.9594613872051,0.0,false,91082.84690348161,137.0852454873397,1,27.989242907314903,false
8055,770.0806930467932,0.0,false,82408.66375946243,133.66390116634108,1,8.899477930059774,false
8056,447.93755096529065,0.0,false,39932.40536004029,126.39686600000013,0,1.2789769243681803e-13,false
8057,493.3802604095042,0.0,false,45676.22118912395,126.39686700000013,0,1.4210854715202004e-13,false
8058,197.0097239422994,0.0,false,11522.960549402755,96.05429600000014,0,1.4210854715202004e-13,false
8059,828.4352637954705,0.0,false,89757.11562002859,133.66390116634108,1,8.899477930059774,false
8060,340.0603509464407,0.0,false,26297.065904188497,126.39686500000013,0,1.4210854715202004e-13,false
8061,660.6452696860104,0.0,false,67304.64570467728,133.66389847009592,1,8.899474628138066,false
8062,479.86154842402436,0.0,false,43967.498429396204,126.39686700000013,0,1.4210854715202004e-13,false
8063,538.5633223968922,0.0,false,51387.2183946982,126.39686700000013,0,1.4210854715202004e-13,false
8064,715.8358836613278,0.0,false,74991.93811182628,133.66390026759265,1,8.899476829419157,false
8065,1269.3410577028035,150.41485742124377,true,138487.23559324653,10000.000000000005,2,9873.603132000006,false
8066,708.4663897542946,0.0,false,74583.85894454086,137.08524416545848,1,27.9892394457532,false
8067,1621.7194925314031,628.3159052069129,true,112766.48309156303,10000.0,2,9873.603132,false
8068,631.8506545282296,0.0,false,63178.4443471637,126.39686900000015,0,1.8474111129762605e-13,false
8069,438.9247207025402,0.0,false,38793.21190610284,126.39686600000013,0,1.4210854715202004e-13,false
8070,351.4143107497125,0.0,false,27732.17078324222,126.39686500000013,0,1.5631940186722204e-13,false
8071,1509.4062172881245,620.6041563282283,true,98262.6332998438,10000.0,2,9873.603132,false
8072,574.2033299084065,0.0,false,55968.42674728962,133.66389757134743,1,8.899473527497591,false
8073,1279.5335078155592,156.1362632520132,true,151660.3823208817,10000.0,3,9873.603133000002,true
8074,261.9910172957597,0.0,false,17764.69274069498,96.05429600000011,0,1.7053025658242404e-13,false
8075,613.0586865427452,0.0,false,60803.19858178596,126.39686800000015,0,2.5579538487363607e-13,false
8076,447.0970207203456,0.0,false,39826.16497550368,126.39686600000016,0,3.268496584496461e-13,false
8077,803.1984143919692,0.0,false,86643.90460705962,133.66390116634093,1,8.899477930059646,false
8078,591.2018581129644,0.0,false,58040.56407684615,126.39686800000015,0,2.5579538487363607e-13,false
8079,1563.7398868815815,475.106960884762,true,140835.81344268497,10000.0,4,9873.603133000011,true
8080,1665.4500807788136,567.93105314357,true,150581.68108594668,9000.281715590632,2,9989.999999,false
8081,1178.732254394125,58.51201456436519,true,138650.79813014888,9999.999999999998,2,9873.603131999998,false
8082,683.5897752737453,0.0,false,70578.11606377237,133.6638993688443,1,8.899475728778683,false
8083,499.1606047916144,0.0,false,46406.838574521644,126.39686700000013,0,1.4210854715202004e-13,false
8084,330.3251624531672,0.0,false,25066.5686373954,126.39686499999999,0,7.105427357601002e-14,false
8085,438.66586554032995,0.0,false,38760.4934261458,126.39686600000007,0,1.9895196601282805e-13,false
8086,1175.2984952334455,133.29670471115875,true,130118.88283705336,9999.999999999998,2,9873.603132999999,true
8087,891.1525942615186,0.0,false,98495.54056175858,133.6639020650893,1,8.899479030700348,false
8088,556.7938684494897,0.0,false,53691.502190062434,126.39686799999996,0,1.4210854715202004e-13,false
8089,2545.6423376303765,1429.6626552689283,true,129337.95708106233,9999.999999999998,3,9882.11623110759,false
8090,460.3004263225058,0.0,false,41495.03399812655,126.39686600000053,0,4.973799150320701e-13,false
8091,570.8838487827054,0.0,false,55472.431475732825,126.3968680000003,0,3.836930773104541e-13,false
8092,1028.1416211508053,0.0,false,120099.02204651563,212.62808237347014,1,105.60193845727913,false
8093,292.3749411629935,0.0,false,20683.19906632799,96.0542960000003,0,7.958078640513122e-13,false
8094,263.5088987695137,0.0,false,17910.49177251425,96.0542960000003,0,7.958078640513122e-13,false
8095,956.8012865116493,0.0,false,107649.72681034052,154.07121369626162,2,72.46973756693758,false
8096,898.0914322665641,0.0,false,99123.99303663423,133.66390206508945,2,8.899479030700334,false
8097,1206.6223992768466,90.91204003339983,true,138080.76338055404,9999.999999999998,2,9873.60313200001,false
8098,443.50731952039087,0.0,false,39372.4380119014,126.3968659999999,0,2.4158453015843406e-13,false
8099,1014.9569217820089,0.0,false,124006.78254128798,253.22601815248498,1,332.1225874944414,false
8100,597.3570352337096,0.0,false,58818.5591438073,126.39686799999996,0,1.4210854715202004e-13,false
8101,566.6223943069065,0.0,false,54933.79700669724,126.39686799999996,0,1.4210854715202004e-13,false
8102,997.1306098538541,0.0,false,112982.79865051314,145.21267318695385,1,23.042531823466774,false
8103,1780.796765668721,627.8772972443085,true,142783.87798163446,10000.00000000001,2,9873.60313100001,false
8104,324.79731222877,0.0,false,24367.86572095343,126.39686500000005,0,1.5631940186722204e-13,false
8105,804.612082123927,0.0,false,86609.20470471645,133.66390026759262,1,8.899476829419285,false
8106,445.40939811366746,0.0,false,39612.85477546685,126.39686500000005,0,1.5631940186722204e-13,false
8107,585.8152790568975,0.0,false,57359.71739263082,126.39686799999996,0,1.4210854715202004e-13,false
8108,1149.9226865234523,130.65405377084915,true,138498.85264769092,10000.0,2,9873.603134,true
8109,114.08169601214092,0.0,false,3557.3674566871096,96.05429599999997,0,8.526512829121202e-14,false
8110,271.111925989321,0.0,false,18640.795176772543,96.05429599999997,0,8.526512829121202e-14,false
8111,718.1907096016204,0.0,false,75223.1927536214,137.08524119981246,1,27.989229061069878,false
8112,1819.0477255213277,708.7790078235375,true,137392.9569704959,10000.0,3,9873.603132,false
8113,370.889108857893,0.0,false,30193.724132724965,126.39686500000002,0,8.526512829121202e-14,false
8114,624.945544392885,0.0,false,62358.49921084491,133.6638975713474,1,8.899473527497534,false
8115,761.0315655882587,0.0,false,81057.282851662,133.66390116634096,1,8.899477930059788,false
8116,1060.99069659413,0.0,false,126213.42147669398,212.62808237346954,1,105.60193845727915,false
8117,1153.3122768345559,66.64121277539421,true,149425.35596155332,9000.281715590632,2,9989.999998999998,false
8118,1701.461672261095,593.4121796276021,true,137112.45388851617,9999.999999999995,2,9873.603131999997,false
8119,282.7801320467247,0.0,false,19761.576460194796,96.05429600000006,0,1.4210854715202004e-13,false
8120,781.3697795723776,0.0,false,83916.36544888938,137.0852438435765,1,27.989235984192405,false
8121,481.80921194113455,0.0,false,44213.676984243124,126.39686700000007,0,1.2789769243681803e-13,false
8122,640.8042520935535,0.0,false,64760.99220871881,133.66389847009583,1,8.899474628138137,false
8123,545.1955473745973,0.0,false,52225.51081332589,126.39686800000004,0,1.1368683772161603e-13,false
8124,740.37233622532,0.0,false,77996.9755983457,133.6638993688442,1,8.899475728778697,false
8125,469.9633508615519,0.0,false,42716.3973279418,126.39686700000007,0,1.2789769243681803e-13,false
8126,455.3122825271042,0.0,false,40864.54828017112,126.39686600000002,0,9.947598300641403e-14,false
8127,890.0610975860227,0.0,false,98023.12037107768,133.66390106508933,1,8.899479030700334,false
8128,279.81675760460575,0.0,false,19476.93162326278,96.05429600000005,0,9.947598300641403e-14,false
8129,956.9385036140202,0.0,false,110346.6183125616,253.22601683060293,1,332.12258403287984,false
8130,319.08259152108496,0.0,false,23645.542962010353,126.39686500000008,0,1.1368683772161603e-13,false
8131,458.5483463306139,0.0,false,41273.576586930474,126.39686599999999,0,8.526512829121202e-14,false
8132,1014.8908442044175,0.0,false,116502.31600878242,212.62808237346974,1,105.60193845727922,false
8133,1172.5255022206318,60.88256190065106,true,137566.65439625602,10000.0,3,9873.603132000007,false
8134,514.9967415021657,0.0,false,48408.47654510215,126.39686700000004,0,5.684341886080802e-14,false
8135,1061.274863695084,0.0,false,135592.35701813234,587.3889567366182,1,1207.1821364925656,true
8136,869.4511769092868,0.0,false,95895.46563787846,137.08524548734044,1,27.98924290731462,false
8137,1180.3772716911365,19.986495765358736,true,145705.7001736496,9969.473194284095,2,9903.945704000002,false
8138,730.4887979194426,0.0,false,76808.5264910077,133.6638993688438,1,8.899475728778185,false
8139,403.2054669182591,0.0,false,34278.410350507154,126.3968659999999,0,1.9895196601282805e-13,false
8140,776.8168734130176,0.0,false,82996.44087698498,133.66390026759234,1,8.899476829418987,false
8141,293.53137764084903,0.0,false,20794.27975460773,96.05429599999977,0,2.7000623958883807e-13,false
8142,417.0726956995364,0.0,false,36031.18453922959,126.3968659999999,0,1.9895196601282805e-13,false
8143,672.9208352830053,0.0,false,68930.92974326522,133.6638984700955,1,8.89947462813781,false
8144,725.1834043762358,5.79808883302718,true,76434.45056287278,-2464.155749332843,2,12464.155749332844,false
8145,312.8202903561472,0.0,false,22854.00775212559,126.39686500000013,0,1.2789769243681803e-13,false
8146,508.8037924909065,0.0,false,47625.70722974598,126.39686700000004,0,4.263256414560601e-14,false
8147,431.12216956826893,0.0,false,37806.993934938946,126.39686600000007,0,7.105427357601002e-14,false
8148,202.18923388818538,0.0,false,12020.474715341294,96.05429600000011,0,9.947598300641403e-14,false
8149,424.84384218868564,0.0,false,37013.433061829244,126.39686600000007,0,7.105427357601002e-14,false
8150,300.334915081978,0.0,false,21447.788733414447,96.05429600000011,0,9.947598300641403e-14,false
8151,1019.8442520268683,0.0,false,121946.32279829764,212.62808327221808,1,105.60193955791974,false
8152,532.9137655128657,0.0,false,50673.13213851629,126.39686700000004,0,4.263256414560601e-14,false
8153,578.0929159786648,0.0,false,56383.63494003999,126.39686800000013,0,1.2789769243681803e-13,false
8154,452.93901248589043,0.0,false,40564.57439665637,126.3968660000001,0,8.526512829121202e-14,false
8155,902.278104525644,0.0,false,100128.75109742611,137.08524516545862,1,27.989239445753668,false
8156,840.5419546883446,0.0,false,91015.62213887964,133.66390036884428,1,8.899475728778668,false
8157,581.844187362717,0.0,false,57324.35684649024,137.08524019981252,1,27.989229061069878,false
8158,767.3275245781964,0.0,false,81131.9771604736,133.66389947009586,1,8.899474628138151,false
8159,495.66787359816715,0.0,false,45965.36831535311,126.39686700000007,0,1.4210854715202004e-13,false
8160,771.1826929773277,0.0,false,82167.79825841563,133.66390026759265,1,8.8994768294192,false
8161,1365.8056189636322,258.44617890541235,true,137116.64316897275,9969.473195290175,2,9903.945704,false
8162,608.9523120753236,0.0,false,60401.62398933146,133.66389757134752,1,8.899473527497605,false
8163,607.5567107577707,0.0,false,60107.76611326713,126.39686799999993,0,3.552713678800501e-13,false
8164,1100.558821335203,141.87785660847752,true,130840.76159390983,6748.418300610958,2,12627.121240716602,true
8165,430.6263355474404,0.0,false,37744.32207112913,126.39686599999996,0,4.831690603168681e-13,false
8166,415.65686404857803,0.0,false,35852.22786284399,126.39686599999996,0,4.831690603168681e-13,false
8167,738.5004166518115,0.0,false,78026.0826925905,133.66390026759268,1,8.899476829419243,false
8168,197.99445188925904,0.0,false,11617.547896145283,96.054296,0,3.410605131648481e-13,false
8169,497.69238390586247,0.0,false,46221.2600633079,126.39686699999999,0,3.694822225952521e-13,false
8170,144.68129703190664,0.0,false,6496.590498722773,96.054296,0,3.410605131648481e-13,false
8171,308.5614283580364,0.0,false,22315.70096413216,126.39686499999993,0,3.836930773104541e-13,false
8172,337.72476738095776,0.0,false,26001.855472908235,126.39686499999993,0,3.836930773104541e-13,false
8173,361.62310815831137,0.0,false,29022.530730274015,126.39686499999993,0,3.836930773104541e-13,false
8174,250.98438778781417,0.0,false,16707.458724996315,96.054296,0,3.410605131648481e-13,false
8175,346.83827521121196,0.0,false,27153.774255351298,126.39686499999993,0,3.836930773104541e-13,false
8176,487.87682053741906,0.0,false,44980.60366459007,126.39686699999999,0,3.694822225952521e-13,false
8177,723.4040974882818,0.0,false,75679.03030673208,133.66389936884423,1,8.899475728778725,false
8178,807.4627125581757,0.0,false,87314.8989854204,133.6639011663409,1,8.899477930059817,false
8179,488.8540728852162,0.0,false,45104.12529375653,126.39686699999999,0,3.694822225952521e-13,false
8180,896.4767104967274,0.0,false,100381.80158796559,154.07121666190767,1,72.46974795162119,false
8181,176.2979444615524,0.0,false,9533.505214607654,96.054296,0,4.973799150320701e-13,false
8182,310.0037897869236,0.0,false,22498.010921170986,126.39686500000005,0,2.5579538487363607e-13,false
8183,961.3260018347353,0.0,false,107338.6464925104,133.66390216634113,1,8.89947793005976,false
8184,514.8219576945021,0.0,false,48386.38442045993,126.3968670000003,0,3.694822225952521e-13,false
8185,487.3029613355944,0.0,false,44908.06966282357,126.3968670000003,0,3.694822225952521e-13,false
8186,1101.5571366070726,20.261546959677105,true,146338.86529657507,3896.87424830901,1,9873.603134000003,true
8187,414.03235890829404,0.0,false,35646.895512433795,126.39686600000019,0,1.9895196601282805e-13,false
8188,361.5928654376951,0.0,false,29018.708145320066,126.39686500000016,0,1.7053025658242404e-13,false
8189,502.34695835567925,0.0,false,46809.583663055644,126.39686700000021,0,2.2737367544323206e-13,false
8190,204.47110356774365,0.0,false,12239.658094129409,96.05429600000014,0,1.7053025658242404e-13,false
8191,373.7264244624647,0.0,false,30552.351918809178,126.39686500000016,0,1.7053025658242404e-13,false
8192,719.7107982176462,0.0,false,74912.47047288495,137.08523955604852,1,27.989222137947152,false
8193,889.5392433970518,0.0,false,107809.56388850992,253.2260184743671,1,332.12259095600194,false
8194,531.0831944261246,0.0,false,50441.75369931491,126.39686700000021,0,2.2737367544323206e-13,false
8195,1021.1438434352681,137.67824970653484,true,106732.94499656119,-2312.661360072741,2,12312.661360072743,false
8196,1867.9528039221698,700.8867906424379,true,144571.95684534262,10000.0,3,9873.603131,false
8197,696.9018614812402,0.0,false,72222.63872204078,133.66389936884477,1,8.899475728778654,false
8198,461.0332544835209,0.0,false,42461.447888448645,137.0852421654591,1,27.989239445753626,false
8199,702.6824622628026,0.0,false,72834.83473312102,133.66389847009634,1,8.899474628138094,false
8200,651.6279299195197,0.0,false,69738.73672924167,171.6030776710374,1,261.00970087897474,false
8201,238.98438117487174,0.0,false,15554.806573794873,96.05429600000046,0,4.973799150320701e-13,false
8202,410.20591302079725,0.0,false,35163.24476346785,126.39686600000059,0,7.673861546209082e-13,false
8203,1093.3425541884858,128.74057886709,true,131589.1587470243,9999.999999999998,2,9873.603134999998,true
8204,1073.0491076349297,256.00247624635,true,100782.11022120767,6623.191192253156,2,21760.983330589337,true
8205,540.0845292517486,0.0,false,51594.721636692455,133.66389747009634,1,8.89947462813808,false
8206,439.5764016312075,0.0,false,38875.58232985995,126.39686600000059,0,7.673861546209082e-13,false
8207,755.4642101547859,0.0,false,80038.62011554303,137.0852425216949,1,27.989232522630715,false
8208,483.99968638997876,0.0,false,44490.54607867781,126.39686700000055,0,6.821210263296962e-13,false
8209,522.9517864577576,0.0,false,49413.96925660312,126.39686700000055,0,6.821210263296962e-13,false
8210,1368.2987442019376,236.9266954667001,true,149905.23141704997,9882.896398556064,2,9989.999997999992,false
8211,906.6784249758222,0.0,false,100154.34849576201,133.66390206508942,1,8.89947903070032,false
8212,1530.4124026999482,413.4368119911506,true,138240.68466621285,10000.000000000002,2,9873.603132000002,false
8213,453.5294063357376,0.0,false,40639.19832603079,126.39686600000005,0,1.7053025658242404e-13,false
8214,755.6314608318687,0.0,false,80593.92769620157,133.66390106508936,1,8.899479030700292,false
8215,313.02901613012784,0.0,false,22880.39003476653,126.39686500000002,0,1.7053025658242404e-13,false
8216,766.7273681567841,0.0,false,81442.08343106182,133.66390026759262,1,8.899476829419214,false
8217,1600.9081985130658,645.5877857263864,true,109159.14405956109,9999.999999999995,2,9873.603132999995,false
8218,257.660268477253,0.0,false,17348.70572477274,96.05429600000008,0,1.1368683772161603e-13,false
8219,708.8529128552522,0.0,false,73719.43530056508,133.66389936884426,1,8.899475728778668,false
8220,815.6282443296587,0.0,false,88761.64080459105,137.08524548734061,1,27.989242907315074,false
8221,757.1482511138082,0.0,false,80119.94946932112,133.6638993688444,1,8.899475728778668,false
8222,930.6666430698141,0.0,false,103835.28871724097,154.07120973061546,1,72.46972718225344,false
8223,230.24768889772233,0.0,false,14715.609773954684,96.05429600000019,0,2.4158453015843406e-13,false
8224,594.449372402527,0.0,false,58643.14228064117,133.66389757134755,1,8.899473527497548,false
8225,685.8955820611617,0.0,false,71259.1020465708,137.0852428435766,1,27.989235984192177,false
8226,693.5543028505243,0.0,false,71719.48954241103,133.66389847009597,1,8.899474628138123,false
8227,795.1695030710862,0.0,false,85482.98623629447,137.08524384357662,1,27.989235984192064,false
8228,187.8752459911461,0.0,false,10645.554727880626,96.05429600000022,0,3.694822225952521e-13,false
8229,684.2797974883948,49.34487688085881,true,65232.70466338308,-2464.155749332839,2,12464.15574933284,false
8230,519.8557719666177,0.0,false,49022.64274331232,126.3968670000003,0,3.694822225952521e-13,false
8231,583.5375186508593,0.0,false,57071.81562719765,126.39686800000018,0,1.9895196601282805e-13,false
8232,1191.2131241329898,59.35987089589605,true,148395.976721193,9253.809959931832,2,9873.603132000015,true
8233,760.8497429035963,0.0,false,80922.08362979777,133.66390026759288,1,8.8994768294192,false
8234,306.0862567033514,0.0,false,22002.847036543848,126.39686500000022,0,2.2737367544323206e-13,false
8235,591.656027092269,86.00313713655159,true,63912.93804598117,-4111.563683365147,1,14111.563683365148,false
8236,675.1435734476464,0.0,false,69323.31167408261,133.66389847009597,1,8.899474628138123,false
8237,1507.5598476648074,385.65974103829024,true,148808.52927441802,9999.99999999999,5,9873.60313300001,true
8238,276.2204844901505,0.0,false,19131.49415181891,96.05429600000028,0,3.410605131648481e-13,false
8239,397.70677734826563,0.0,false,33583.3932492468,126.39686600000059,0,4.973799150320701e-13,false
8240,1025.3704210975168,78.18055726183495,true,106085.29606780423,10000.000000000005,4,9873.603132000006,false
8241,1012.3628135553726,0.0,false,123171.56340124935,253.22601815248527,1,332.12258749444095,false
8242,694.888961035315,0.0,false,72482.10738586394,133.66390016634125,1,8.899477930059902,false
8243,525.2640878205914,0.0,false,49706.23689055111,126.39686700000021,0,2.8421709430404007e-13,false
8244,671.2424625359331,0.0,false,68732.33124878019,133.66389847009606,1,8.899474628138222,false
8245,1394.7306651338301,315.2489367176559,true,146109.59893065912,8510.691731181665,4,13431.640075165315,true
8246,1071.7205491347368,90.33031401263865,true,110956.14909151758,10000.000000000007,2,9873.603132000007,false
8247,738.64590605641,0.0,false,78020.26913717523,137.08524252169468,1,27.98923252263073,false
8248,1514.1332667312818,404.4373055559631,true,136070.13177110231,9999.999999999998,3,9873.603131999998,false
8249,602.0082167479904,0.0,false,59406.45388715381,126.39686800000044,0,8.242295734817162e-13,false
8250,610.8019916323134,0.0,false,60517.959428872855,126.39686800000044,0,8.242295734817162e-13,false
8251,406.48908278118154,0.0,false,34693.44908831065,126.39686600000061,0,8.526512829121202e-13,false
8252,1074.633109451277,40.75784051603712,true,140345.08561094553,3896.874248309021,1,9873.603134000006,true
8253,549.6055242494032,0.0,false,52782.91804738418,126.39686800000067,0,6.963318810448982e-13,false
8254,803.4669434839931,0.0,false,88571.4860285574,154.07121566190813,1,72.46974795162077,false
8255,721.0198262678684,0.0,false,75358.3418473873,133.66389936884426,1,8.899475728778683,false
8256,678.9732446159292,0.0,false,70245.32262639154,133.66389926759274,1,8.899476829419228,false
8257,368.6899649420291,0.0,false,29915.759244872555,126.39686500000002,0,1.5631940186722204e-13,false
8258,397.99284740356075,0.0,false,33619.551606262095,126.39686600000005,0,1.5631940186722204e-13,false
8259,1238.2131927651455,244.00559702271602,true,115087.53490952429,10000.000000000004,2,9873.603132000004,false
8260,1013.3844673465293,33.93435915332034,true,133465.91613373213,9999.999999999995,2,9873.603134999996,true
8261,962.6672534684254,0.0,false,107586.32945547931,133.663902166341,1,8.899477930059774,false
8262,839.2277721452856,0.0,false,99998.29250823837,253.2260187962491,1,332.12259441756316,false
8263,1749.1506801003147,635.351432700486,true,137839.2048425008,10000.000000000005,3,9873.60313200001,false
8264,2255.8959032521257,1175.7543202170189,true,146193.0024832085,10000.000000000004,2,9873.603134000005,true
8265,787.1446775825926,50.56331311634159,true,80345.40290554019,-2511.5506559212067,3,12511.550655921206,false
8266,655.9180163619696,0.0,false,67246.6163912312,137.0852415216947,1,27.989232522630942,false
8267,1421.9319698861357,290.0774715187565,true,143007.1063334113,9969.473194284099,2,9903.945703999998,false
8268,755.2769394072535,0.0,false,79875.97450430118,133.66389936884437,1,8.899475728778611,false
8269,579.5163715170928,0.0,false,56563.555251870326,126.39686800000041,0,4.263256414560601e-13,false
8270,932.2337277496711,0.0,false,103843.58110919171,137.08524516545856,1,27.989239445753327,false
8271,1355.3317466070075,456.50612541844345,true,99314.62655948006,10000.000000000002,3,9874.32056349596,false
8272,581.8957306638702,0.0,false,56875.56760418335,133.66389757134763,1,8.899473527497548,false
8273,246.65615065725024,0.0,false,16291.712967483641,96.05429600000025,0,3.694822225952521e-13,false
8274,702.1500198330567,0.0,false,72968.14105952147,133.66389936884428,1,8.899475728778611,false
8275,469.6045942084803,0.0,false,42671.05161313084,126.39686700000013,0,3.694822225952521e-13,false
8276,243.51035626594418,0.0,false,15989.545911303378,96.05429600000025,0,3.694822225952521e-13,false
8277,680.478518318899,0.0,false,69786.92274597606,133.6638984700961,1,8.899474628138108,false
8278,179.74283802591574,0.0,false,9864.402030392916,96.05429600000025,0,3.694822225952521e-13,false
8279,1317.628097991039,206.8943654072599,true,142369.02743076402,9969.473193278027,2,9903.945704,false
8280,1041.499253709335,0.0,false,122441.28310212129,212.6280823734696,1,105.60193845727912,false
8281,312.6221700004476,0.0,false,22828.96596106488,126.39686500000002,0,1.1368683772161603e-13,false
8282,547.7055498844969,0.0,false,52542.76725167925,126.39686799999987,0,2.2737367544323206e-13,false
8283,698.1346994856025,0.0,false,72183.70391987263,133.6638984700961,1,8.899474628138336,false
8284,1088.557380317727,5.599448060396745,true,146548.9801843773,3718.7880415221603,1,11367.363646771373,true
8285,425.83661565727976,0.0,false,37138.916511943615,126.3968659999999,0,2.8421709430404007e-13,false
8286,2469.6437516743235,1574.9750884554935,true,105715.28462640745,9999.999999999996,2,9873.603133999997,false
8287,476.55720483357794,0.0,false,43549.83977189825,126.39686699999982,0,1.9895196601282805e-13,false
8288,1858.9391405837894,734.2414297973028,true,139216.7364042978,10000.000000000005,2,9873.603132000015,false
8289,1244.2675169766958,89.38740064786788,true,143031.6977222787,9999.999999999995,2,9873.603130999994,false
8290,366.7433087202789,0.0,false,29669.70800899715,126.39686499999982,0,2.5579538487363607e-13,false
8291,649.7388736876424,0.0,false,66523.69902623097,137.08524152169483,1,27.989232522631937,false
8292,507.44861908563473,0.0,false,47454.417565208874,126.39686699999982,0,3.979039320256561e-13,false
8293,348.70463499215305,0.0,false,27389.67627315894,126.39686499999982,0,2.5579538487363607e-13,false
8294,379.8622874801294,0.0,false,31327.9057437679,126.39686499999982,0,2.5579538487363607e-13,false
8295,507.4397650948408,0.0,false,47453.298448565336,126.39686700000004,0,3.979039320256561e-13,false
8296,845.21217880076,0.0,false,92104.48160376913,133.66390116634116,1,8.89947793006003,false
8297,1517.9051126062452,382.70566530030766,true,140544.12293540547,10000.0,2,9873.603132,false
8298,1473.4097400464293,337.71790403274565,true,151719.38466421244,9000.281715590632,2,9989.999999,false
8299,881.9825619967478,0.0,false,100299.51746398606,253.22601715248473,1,332.1225874944416,false
8300,635.0754417469948,0.0,false,63586.04732900843,126.39686899999987,0,1.4210854715202004e-13,false
8301,739.3986903134936,0.0,false,78294.37806583031,137.08524252169445,1,27.989232522631397,false
8302,1033.4057209435255,0.0,false,122874.72570893588,212.6280832722179,1,105.60193955791976,false
8303,298.6256815488031,0.0,false,21283.609514813423,96.0542959999999,0,7.105427357601002e-14,false
8304,551.7604509407148,0.0,false,53055.2940168508,126.39686799999988,0,1.4210854715202004e-13,false
8305,239.7989481264519,0.0,false,15633.049226429996,96.0542959999999,0,7.105427357601002e-14,false
8306,870.9547556198003,0.0,false,95928.74499907621,133.6639020650893,1,8.899479030700377,false
8307,507.09856618241855,0.0,false,47810.330701075254,137.0852405216945,1,27.989232522631454,false
8308,658.8806282832774,0.0,false,66628.05435490764,137.08523823416638,1,27.989218676386315,false
8309,482.12253172438466,0.0,false,44253.27962133511,126.39686699999987,0,1.4210854715202004e-13,false
8310,1487.4573928695977,344.85611416638005,true,141479.69118967323,10000.0,2,9873.603131000018,false
8311,861.2140341124115,0.0,false,94000.42455257733,133.66390126759177,1,8.899476829418646,false
8312,1572.1501234264572,452.7414925061092,true,140820.13604410616,9999.999999999998,4,9903.945704000022,false
8313,1268.2011254798351,152.63632522708048,true,144709.38510679407,9969.47319327795,2,9903.94570400001,false
8314,495.1629435496471,0.0,false,45901.54674219576,126.39686700000023,0,5.258016244624741e-13,false
8315,734.4746673849589,0.0,false,77380.37345422417,137.08524252169323,1,27.98923252262759,false
8316,585.8244235402581,0.0,false,57360.873226623284,126.39686800000025,0,5.115907697472721e-13,false
8317,539.1066346905894,0.0,false,51455.89136316438,126.39686700000023,0,5.258016244624741e-13,false
8318,1151.305585883713,36.36278008864367,true,151661.22056605073,9080.986382379804,1,9989.999998999994,false
8319,649.8699314415607,0.0,false,65926.37638657089,133.66389847009506,1,8.899474628137213,false
8320,1200.9781077904088,100.05038658719005,true,148820.30509997014,5403.157021651101,2,9873.603133000002,true
8321,570.430046744789,0.0,false,55415.07232262489,126.39686800000025,1,5.115907697472721e-13,false
8322,429.2247584439366,0.0,false,37567.16712479697,126.39686600000026,0,6.252776074688882e-13,false
8323,456.3885298391841,0.0,false,41000.58256207785,126.39686600000026,0,6.252776074688882e-13,false
8324,657.9906984206391,0.0,false,67103.2941799064,133.66389847009506,1,8.899474628137213,false
8325,507.10204745861057,0.0,false,47410.6119994416,126.39686700000021,0,5.684341886080801e-13,false
8326,691.4832851129651,0.0,false,71166.45232387276,133.6638985713467,1,8.899473527496923,false
8327,628.0906157836816,0.0,false,63013.036390676534,133.66389757134664,1,8.899473527496767,false
8328,214.08714286195848,0.0,false,13163.319949995457,96.05429599999997,0,3.552713678800501e-13,false
8329,1326.3675836254522,210.44114584475807,true,138108.07502939177,10000.000000000007,2,9873.603132000007,false
8330,711.2284506327089,0.0,false,73511.63856700454,133.66389767259943,1,8.899472426857173,false
8331,924.2563599892449,0.0,false,102827.84293296843,133.66390206508981,1,8.89947903070042,false
8332,992.3495490393354,2.7808574933177774,true,134744.87330729427,3718.788040249839,1,11367.363649073952,true
8333,554.0037080976876,0.0,false,53483.99624826227,133.66389747009623,1,8.899474628138265,false
8334,327.4661066440038,0.0,false,24705.192957693387,126.39686500000028,0,2.984279490192421e-13,false
8335,639.7794771995942,0.0,false,64758.58658744696,133.66389847009611,1,8.899474628138265,false
8336,1068.6915360047965,0.0,false,131922.42906619847,212.6280832722183,1,105.60193955791985,false
8337,1325.789032213242,211.04710895687944,true,151659.21174066368,9080.986382379862,1,9989.999999,false
8338,484.75233346708677,0.0,false,44585.67830666514,126.39686700000027,0,3.126388037344441e-13,false
8339,855.8738671700792,0.0,false,93971.07582814991,133.66390206508981,1,8.89947903070042,false
8340,896.8636676532808,0.0,false,98792.82775574655,137.0852435216948,1,27.989232522631198,false
8341,412.76882582049217,0.0,false,35487.188896366,126.39686600000039,0,3.979039320256561e-13,false
8342,373.35924757118113,0.0,false,30505.94191231922,126.39686500000028,0,2.984279490192421e-13,false
8343,744.7359822366074,0.0,false,78448.67971934007,133.66389936884457,1,8.89947572877881,false
8344,1299.8259850695595,296.97756799792853,true,117230.35724939212,10000.0,3,9873.603132,false
8345,799.1935861935625,0.0,false,86033.38990977248,133.66390116634153,1,8.899477930059817,false
8346,1142.2493216246862,130.03217127301494,true,137607.56740681664,6748.418300940282,2,20953.98915951671,true
8347,474.89361331844196,0.0,false,43339.56702639902,126.39686700000044,0,4.689582056016661e-13,false
8348,1324.2144481232322,214.97529831714678,true,145695.8756631752,9882.896398556095,2,9989.999998,false
8349,470.2837933604032,0.0,false,42756.900253927684,126.39686700000055,0,6.252776074688882e-13,false
8350,616.545556134268,0.0,false,61362.14312935017,133.66389757134792,1,8.899473527497548,false
8351,1399.733549724534,289.3751725369046,true,141975.8724376471,9969.473194284139,2,9903.945704,false
8352,988.650520947714,0.0,false,112124.36914118806,145.21267408570304,1,23.04253292410759,false
8353,695.2543620108955,0.0,false,71825.23060814435,133.66389847009665,1,8.899474628138606,false
8354,551.1507309093371,0.0,false,52978.22731879609,126.39686800000041,0,5.542233338928781e-13,false
8355,633.560762905335,0.0,false,63569.48461789931,133.66389757134803,1,8.89947352749796,false
8356,140.50743174921303,0.0,false,6095.672819916424,96.05429600000028,0,4.121147867408581e-13,false
8357,698.9152301997963,0.0,false,72765.00513258255,137.08524119981251,1,27.989229061069906,false
8358,279.6058531708749,0.0,false,19456.67334699019,96.05429600000008,0,1.4210854715202004e-13,false
8359,391.89494153945526,0.0,false,32848.79544636564,126.39686600000005,0,1.1368683772161603e-13,false
8360,399.2549978804854,0.0,false,33779.08346465501,126.39686600000005,0,1.1368683772161603e-13,false
8361,992.3325628935175,0.0,false,130618.06015789974,587.3889598682815,1,1207.1821473119917,true
8362,360.8649824305518,0.0,false,28926.706018041907,126.39686500000005,0,1.8474111129762605e-13,false
8363,2239.3097368737413,1130.0771755487349,true,137339.0077260693,9999.999999999998,3,9903.945704000002,false
8364,547.3787123792622,0.0,false,52501.45601696052,126.3968679999999,0,2.7000623958883807e-13,false
8365,988.9070667832266,38.84818380467124,true,106093.21682813414,9982.23870995549,3,9888.643822420776,false
8366,599.8789092644183,0.0,false,59137.316105126265,126.39686800000007,0,2.984279490192421e-13,false
8367,306.33702825829124,0.0,false,22034.543773916343,126.39686499999985,0,6.394884621840902e-13,false
8368,650.5170699846142,0.0,false,66039.50670944949,133.66389847009597,1,8.899474628138123,false
8369,812.4211806600663,0.0,false,87693.09874570434,133.6639011663412,1,8.89947793005976,false
8370,581.2656748432861,0.0,false,56942.43959211795,133.66389757134763,1,8.899473527497577,false
8371,522.1417529227375,0.0,false,49311.58356047166,126.3968670000003,0,3.694822225952521e-13,false
8372,714.4317739712255,0.0,false,74638.43123431227,137.0852411998126,1,27.989229061069594,false
8373,659.2744156372979,0.0,false,67120.15637395016,133.66389847009594,1,8.899474628138108,false
8374,607.5127903920891,0.0,false,60745.14062350727,137.08524019981266,1,27.989229061069565,false
8375,940.5304479138355,0.0,false,125704.61616180527,1686.4957577508048,1,4936.603665156997,true
8376,798.0338517987332,0.0,false,85733.93099620148,133.66390026759288,1,8.8994768294192,false
8377,667.0298780182329,0.0,false,67861.84624016109,133.66389767259918,1,8.899472426857002,false
8378,441.55653044529123,0.0,false,39628.42419027803,137.08524084357668,1,27.98923598419215,false
8379,865.1425383581296,0.0,false,95021.8992126499,137.0852451654586,1,27.989239445753626,false
8380,379.7349713016831,0.0,false,31311.81337845783,126.39686500000008,0,1.1368683772161603e-13,false
8381,1259.7310646433066,151.97425582200765,true,137075.4595733894,10000.000000000007,2,9873.603132000007,false
8382,707.2723459752075,0.0,false,73826.35155257264,133.66389936884423,1,8.89947572877864,false
8383,2678.2799703583282,1563.3153845996915,true,137986.49995305706,10000.000000000002,3,9873.603132000004,false
8384,773.3360959500692,0.0,false,82488.3369073256,133.6639002675925,1,8.899476829419143,false
8385,1373.683894898215,247.26043833670064,true,139434.8652531453,10000.0,5,9873.603132,false
8386,528.9907061869804,0.0,false,50177.26975420765,126.39686700000004,0,1.2789769243681803e-13,false
8387,606.303809849391,0.0,false,59949.40337130397,126.3968680000001,0,3.979039320256561e-13,false
8388,461.565466317337,0.0,false,41654.931082512645,126.39686600000007,0,2.2737367544323206e-13,false
8389,999.6372363857178,27.5126732518873,true,111647.24759185479,-2312.6613627179704,2,12312.661362717974,false
8390,799.7019412402611,0.0,false,85974.42083232266,137.08524252169474,1,27.989232522631767,false
8391,335.05627849449127,0.0,false,25664.5668540455,126.396865,0,2.2737367544323206e-13,false
8392,830.5220279827466,0.0,false,89862.10339650384,133.66390036884437,1,8.899475728778839,false
8393,1073.2761678444679,0.0,false,129439.23338818255,212.62808327221836,1,105.60193955791988,false
8394,550.7529108123964,0.0,false,52927.94410729988,126.39686799999998,0,3.410605131648481e-13,false
8395,562.0381365429291,0.0,false,54354.3612153156,126.39686799999998,0,3.410605131648481e-13,false
8396,216.40946592419186,0.0,false,13386.38904985583,96.05429600000005,0,2.5579538487363607e-13,false
8397,700.8812062216067,0.0,false,73188.0308189897,137.0852428435768,1,27.989235984193172,false
8398,315.30703913106447,0.0,false,23168.32499137072,126.39686499999993,0,1.7053025658242404e-13,false
8399,486.7680809367639,0.0,false,44840.462459400864,126.39686699999996,0,1.5631940186722204e-13,false
8400,809.6640364770367,0.0,false,87481.08126650534,137.0852438435766,1,27.989235984192234,false
8401,493.2065435895819,0.0,false,45654.26392838281,126.39686700000007,0,1.4210854715202004e-13,false
8402,684.5613217423871,0.0,false,71486.9654561593,137.0852441654586,1,27.989239445753626,false
8403,514.7085689007474,0.0,false,48372.05243285671,126.39686700000007,0,1.4210854715202004e-13,false
8404,463.44608046255183,0.0,false,41892.63480722,126.39686700000007,0,1.4210854715202004e-13,false
8405,2185.278078035681,1076.5266704015994,true,137201.17374127952,9999.999999999998,3,9873.603132000002,false
8406,576.1658379023439,0.0,false,56140.058320291115,126.39686800000013,0,2.5579538487363607e-13,false
8407,530.4910050882677,0.0,false,50366.9028258921,126.39686700000007,0,1.4210854715202004e-13,false
8408,2138.9075914486643,1027.9803111303968,true,142725.7129694711,9969.473193278036,2,9903.945704000003,false
8409,175.0402929075777,0.0,false,9412.702383750291,96.05429600000014,0,1.4210854715202004e-13,false
8410,783.4101233052767,0.0,false,83674.67255031827,137.08524252169454,1,27.989232522631113,false
8411,783.5174299025907,0.0,false,83959.82569049456,133.66390116634108,1,8.899477930059874,false
8412,1439.0540294001864,313.9113451973948,true,139272.97964734727,9999.999999999998,2,9873.603132000006,false
8413,858.5938769037562,0.0,false,93833.72924525198,133.66390116634102,1,8.899477930059788,false
8414,1383.798783453099,342.76183303927337,true,141250.29966932023,10000.0,2,9873.603134,true
8415,675.9518093708325,0.0,false,70002.29011473966,137.08524284357657,1,27.98923598419259,false
8416,2345.2637550655995,1325.012825081112,true,138623.01193437033,10000.0,2,9873.603133999999,true
8417,280.93229270175556,0.0,false,19584.0835583362,96.05429600000005,0,1.1368683772161603e-13,false
8418,522.008793232978,0.0,false,49294.77787304647,126.39686700000007,0,9.947598300641403e-14,false
8419,2040.6370776345163,938.1031262147125,true,150709.34492479893,9000.28171559064,2,9989.999999,false
8420,769.2416241428098,0.0,false,83329.58825460254,162.56869969956668,1,114.45813316480081,false
8421,878.8131334715343,0.0,false,96757.52937689077,137.0852451654588,1,27.989239445753753,false
8422,866.6730546579855,0.0,false,96164.46306168276,154.07121269626168,1,72.4697375669379,false
8423,241.86101964205173,0.0,false,15831.120047976423,96.05429600000011,0,2.1316282072803006e-13,false
8424,302.7908722576864,0.0,false,21683.69396356541,96.05429600000011,0,2.1316282072803006e-13,false
8425,1669.4928508660805,560.9471410368166,true,137175.17418443586,10000.0,3,9873.603132,false
8426,781.1256043230862,0.0,false,83451.7967135139,133.6639002675926,1,8.899476829419243,false
8427,398.81047304641805,0.0,false,33722.89692099237,126.39686600000003,0,9.947598300641403e-14,false
8428,1589.9305324488582,472.8358964493034,true,138255.73161728136,9999.999999999998,5,9873.603132,false
8429,2754.1994167208577,1737.8547805564651,true,138129.26865736634,10000.000000000005,2,9873.603134000006,true
8430,461.65629234552364,0.0,false,41666.41120737251,126.39686599999999,0,7.105427357601002e-14,false
8431,384.1139916292381,0.0,false,31865.307802115953,126.39686599999999,0,7.105427357601002e-14,false
8432,583.329855370549,0.0,false,57045.56764042136,126.396868,0,1.5631940186722204e-13,false
8433,666.3623743737375,0.0,false,67998.41684813517,133.66389847009586,1,8.899474628138108,false
8434,551.343285830861,0.0,false,53002.56565644657,126.396868,0,1.5631940186722204e-13,false
8435,590.5716656446525,0.0,false,57960.909727025595,126.396868,0,1.5631940186722204e-13,false
8436,572.5206942527543,0.0,false,55923.237256763576,137.08523887793044,1,27.989225599508472,false
8437,502.4911040327945,0.0,false,46827.803224169664,126.39686700000004,0,1.5631940186722204e-13,false
8438,966.4146715982403,0.0,false,108317.70435460252,137.08524516545847,1,27.989239445753483,false
8439,345.05778627041786,0.0,false,26928.726042189704,126.396865,0,2.8421709430404007e-13,false
8440,903.2001412499012,0.0,false,100207.55152008183,133.66390206508933,1,8.89947903070032,false
8441,836.1294578922556,0.0,false,91058.7975821099,133.663901166341,1,8.89947793005976,false
8442,509.98429508928655,0.0,false,47774.91905258352,126.39686700000004,0,8.526512829121202e-14,false
8443,984.9179510069994,0.0,false,111259.22570179978,154.07121501814362,1,72.46974102849866,false
8444,621.5416839346134,0.0,false,62164.108207711586,137.08523855604844,1,27.989222137947237,false
8445,986.2233280139326,0.0,false,114369.8670185279,212.62808237346974,1,105.60193845727918,false
8446,830.9696423889951,0.0,false,90462.81402918298,133.66390116634105,1,8.89947793005976,false
8447,352.95352808881916,0.0,false,27926.72302330206,126.39686500000008,0,1.1368683772161603e-13,false
8448,1105.6817407049168,0.0,false,135618.94566523758,212.62808327221808,1,105.60193955791979,false
8449,916.6621904540708,0.0,false,101829.22054489137,137.08524516545862,1,27.989239445753753,false
8450,898.0548019482643,0.0,false,99842.69074334842,145.2126694907087,1,23.04252852154505,false
8451,706.5803834878187,0.0,false,73553.4725176347,133.66389936884428,1,8.899475728778725,false
8452,1197.413524261118,71.95006538118776,true,139313.5245596258,10000.000000000005,2,9873.60313200001,false
8453,665.6008339511875,0.0,false,68028.37622619647,133.66389847009427,1,8.899474628136915,false
8454,780.1037017754903,0.0,false,83630.7287279435,133.66390116633937,1,8.899477930058723,false
8455,1408.2561437146073,290.4661332304744,true,143112.39773417817,9969.473193277918,2,9903.945703999932,false
8456,431.4466477812823,0.0,false,37848.006962526786,126.39686500000059,0,6.536993168992922e-13,false
8457,479.7930992667302,0.0,false,43958.84667077614,126.39686700000058,0,7.673861546209082e-13,false
8458,737.9009623113305,0.0,false,77832.94352156321,133.66390026759316,1,8.899476829419285,false
8459,956.8284980511656,17.930532807703745,true,113652.2509658167,10000.000000000004,3,9873.603134000005,false
8460,467.3238552836894,0.0,false,42382.77337227649,126.39686699999972,0,3.126388037344441e-13,false
8461,403.3877094902788,0.0,false,34301.44523955102,126.39686599999972,0,4.547473508864641e-13,false
8462,941.1807767629155,44.470711415007884,true,119739.7981178494,3623.854257012456,1,11539.169161060627,true
8463,1399.9630585340801,247.81148377528893,true,142686.81863271788,9999.999999999995,4,9873.603131000003,false
8464,568.8072228036614,0.0,false,55209.95247051034,126.39686799999978,0,3.979039320256561e-13,false
8465,768.7565084897874,0.0,false,81144.53566959812,137.0852395560485,1,27.98922213794738,false
8466,1189.2270628931612,70.28666381451046,true,151097.05104162882,3896.874248927131,1,9873.603133,true
8467,821.709443533218,0.15121573553747975,true,101855.74504195827,3623.8542570124537,1,11539.169161060625,true
8468,741.4942056390938,0.0,false,77894.30667127657,133.66389947009577,1,8.89947462813808,false
8469,236.5648673234552,0.0,false,15322.40188139327,96.05429599999997,0,2.4158453015843406e-13,false
8470,1236.9508798270067,114.1758902430313,true,138973.7104797222,10000.000000000013,2,9873.603132000017,false
8471,393.69726098677336,0.0,false,33076.602967025916,126.39686599999987,0,3.979039320256561e-13,false
8472,1734.133898476857,618.5773690744281,true,138061.31977152126,10000.000000000011,2,9873.603132000015,false
8473,253.79742707165835,0.0,false,16977.663224587195,96.05429600000019,0,5.684341886080801e-13,false
8474,528.0234588073083,0.0,false,50055.012721606654,126.39686700000001,0,3.410605131648481e-13,false
8475,340.409525280598,0.0,false,26341.200443967704,126.39686500000019,0,2.4158453015843406e-13,false
8476,1357.9216532075152,249.4172872158579,true,137169.94845314094,10000.0,2,9873.603132000017,false
8477,863.5572723706146,0.0,false,94544.17725166971,137.08524384357645,1,27.98923598419036,false
8478,499.7963683920932,0.0,false,46487.1970979604,126.3968670000007,0,7.105427357601002e-13,false
8479,775.03090403411,0.0,false,82831.8147466278,162.56868380540328,1,114.45807654249535,false
8480,1281.104264881274,132.16686963284937,true,142280.55643191762,10000.00000000001,3,9873.603131000009,false
8481,1391.2998323712936,266.63397718669336,true,143593.47761074457,10000.000000000007,3,9903.945704000005,false
8482,613.5198552371822,0.0,false,61142.38996460616,133.66389757134755,1,8.899473527497037,false
8483,959.8964813829044,0.0,false,107456.5647155351,133.66390206508947,1,8.899479030699723,false
8484,1082.8510586299087,120.66737471216857,true,115333.57703684489,10000.000000000007,3,9873.603133000019,false
8485,380.4826327386016,0.0,false,31406.315437175184,126.39686500000019,0,3.694822225952521e-13,false
8486,960.0125307548174,69.84889312669421,true,105243.25158837155,9789.243088232937,3,10591.797587056522,false
8487,530.7758852675059,0.0,false,50417.410724886744,133.66389747009606,1,8.899474628138051,false
8488,957.4545857580064,0.0,false,108336.75399135974,253.2260165087214,1,332.1225805713182,false
8489,663.5494392174396,0.0,false,67185.07122939476,126.39686900000038,0,4.973799150320701e-13,false
8490,488.96658770524346,0.0,false,45118.346813824006,126.39686700000038,0,3.979039320256561e-13,false
8491,604.0794790270439,0.0,false,59897.1068858539,133.66389757134772,1,8.899473527497491,false
8492,497.4047248006668,0.0,false,46184.900855373184,126.39686700000038,0,3.979039320256561e-13,false
8493,692.0086161838411,0.0,false,71679.23009088467,133.6638993688444,1,8.899475728778626,false
8494,357.0480993921432,0.0,false,28444.263983183,126.3968650000005,0,4.973799150320701e-13,false
8495,496.30762752754237,0.0,false,46046.23120383864,126.39686700000038,0,3.979039320256561e-13,false
8496,700.8684241204191,0.0,false,72282.07714955004,133.66389767259938,1,8.899472426856946,false
8497,383.62380046203987,0.0,false,31803.34917729224,126.3968650000005,0,4.973799150320701e-13,false
8498,1027.0552079393808,0.0,false,121281.97957104645,212.62808237346997,1,105.60193845727912,false
8499,1600.0482611260954,483.0844354974761,true,140403.56703354878,9969.4731942841,2,9903.945704,false
8500,557.4694193111558,0.0,false,53776.88969842292,126.39686800000007,0,1.1368683772161603e-13,false
8501,673.2323635083287,0.0,false,69567.36374344406,137.08524152169468,1,27.989232522631056,false
8502,683.7106897702852,0.0,false,72397.39636308854,137.08524613110473,1,27.9892498304374,false
8503,623.8518895204336,0.0,false,62486.288242998475,133.66389757134752,1,8.89947352749762,false
8504,571.0704006915696,0.0,false,55496.01105142665,126.39686800000007,0,1.1368683772161603e-13,false
8505,286.88474077668866,0.0,false,20155.841749793104,96.05429600000005,0,8.526512829121202e-14,false
8506,1108.8979456463337,0.5240264663245195,true,143445.63742951857,9969.473193278027,2,9903.945704000002,false
8507,663.7894514545999,0.0,false,67817.55183345033,133.66389847009626,1,8.899474628138677,false
8508,973.4465480167391,112.06404723617254,true,94756.16501537897,9982.238707758892,3,9888.643825280931,false
8509,692.3981981538936,0.0,false,71387.19712908145,137.08523987793052,1,27.98922559950867,false
8510,1607.5875706621287,468.1514240652928,true,142505.99674021432,9969.473194284108,2,9903.945704,false
8511,391.2758538070216,0.0,false,32770.54470030238,126.39686599999997,0,1.9895196601282805e-13,false
8512,915.6693802755535,0.0,false,104044.68707941055,253.22601683060296,1,332.1225840328795,false
8513,753.5204293959963,138.70183901504203,true,62441.67448170417,-2464.1557510571074,2,12464.155751057107,false
8514,277.0325486417499,0.0,false,19209.49639977139,96.05429599999974,0,2.984279490192421e-13,false
8515,889.6952944296967,0.0,false,97647.63607054416,137.0852435216946,1,27.989232522631255,false
8516,927.6914124931866,0.0,false,104275.30587924208,154.0712153400256,1,72.46974449005982,false
8517,550.010558993896,0.0,false,52834.11316768368,126.39686799999987,0,1.7053025658242404e-13,false
8518,658.9817946479681,0.0,false,67121.14484938819,133.66389847009566,1,8.899474628138208,false
8519,283.679878680921,0.0,false,19848.0009870216,96.05429599999974,0,2.984279490192421e-13,false
8520,1436.8222006982357,496.0290186233939,true,107644.59386251366,10000.0,3,9873.603133000002,false
8521,604.7221753667257,0.0,false,65026.7947996629,171.60307619772385,1,261.00969578889703,false
8522,1031.555365297046,52.70709640465627,true,110937.61445400795,10000.0,2,9873.603132,false
8523,479.8587027603865,0.0,false,43967.138746444965,126.39686700000048,0,4.973799150320701e-13,false
8524,358.82360497834753,0.0,false,28668.6823159672,126.39686500000049,0,4.689582056016661e-13,false
8525,832.8955273318521,0.0,false,90798.00167701814,133.66390116634136,1,8.899477930059703,false
8526,571.8088511894623,0.0,false,55589.34887636412,126.39686800000051,0,4.973799150320701e-13,false
8527,883.9992161051298,0.0,false,97584.01574000296,133.6639020650897,1,8.899479030700235,false
8528,455.43548416564727,0.0,false,40880.12058055312,126.39686600000047,0,4.831690603168681e-13,false
8529,410.1789892212309,0.0,false,35159.84167971652,126.39686600000047,0,4.831690603168681e-13,false
8530,1702.1080060141005,569.011086505315,true,141326.61881885608,9969.473194284099,2,9903.945704000003,false
8531,802.8306060725133,0.0,false,86529.39163717192,133.6639011663412,1,8.89947793005976,false
8532,599.8283931751922,0.0,false,59437.17301406375,137.08523855604864,1,27.98922213794701,false
8533,1016.8557181769379,20.47539650170271,true,135605.84197392012,3896.8742476908847,1,9873.603135,true
8534,577.4514463328769,0.0,false,56486.3558559429,137.0852385560486,1,27.989222137947095,false
8535,1251.7402537158666,128.64029411533838,true,141170.2755160557,10000.00000000001,3,9903.945704000009,false
8536,195.11604891935625,0.0,false,11341.064933902184,96.05429600000005,0,3.979039320256561e-13,false
8537,247.83463009202794,0.0,false,16404.910976406267,96.05429600000005,0,3.979039320256561e-13,false
8538,426.5576717136583,0.0,false,37230.05573407487,126.39686600000002,0,3.694822225952521e-13,false
8539,416.74796960777843,0.0,false,35990.14018054661,126.39686600000002,0,3.694822225952521e-13,false
8540,145.1311685812357,0.0,false,6539.802592334389,96.05429600000005,0,3.979039320256561e-13,false
8541,475.9872752071001,0.0,false,43477.80245612053,126.39686700000013,0,5.968558980384842e-13,false
8542,593.262501301241,0.0,false,58472.89943766593,137.08523855604858,1,27.989222137947024,false
8543,840.384278129848,0.0,false,91437.49989746192,137.08524384357662,1,27.989235984192504,false
8544,1160.7437276126418,0.0,false,146411.4346428596,397.36456345071656,1,331.8370731666179,false
8545,429.4987253220201,0.0,false,37601.79567820471,126.39686600000022,0,4.547473508864641e-13,false
8546,176.57344458725814,0.0,false,9559.968184403771,96.05429600000019,0,3.410605131648481e-13,false
8547,1293.8795230849407,256.87630222619066,true,130377.0727342503,10000.0,3,9873.603133,true
8548,1270.9511857954458,156.71007543917918,true,151654.20361166273,9080.98638237986,1,9989.999998999998,false
8549,880.3191301919725,0.0,false,98125.3154094679,154.07121401814348,1,72.46974102849865,false
8550,369.89714853926097,0.0,false,30068.343462213263,126.39686499999993,0,1.1368683772161603e-13,false
8551,352.69068272910357,0.0,false,27893.500194905584,126.39686499999993,0,1.1368683772161603e-13,false
8552,803.2604956309713,0.0,false,85923.23241655271,133.66389947009574,1,8.89947462813825,false
8553,690.0588005589161,0.0,false,71375.28890575487,133.66389936884417,1,8.899475728778697,false
8554,850.2874985873043,0.0,false,92762.94542391018,133.6639020650893,1,8.899479030700292,false
8555,604.1742792854559,0.0,false,59818.157976856084,133.66389757134738,1,8.899473527497634,false
8556,1397.8616899951674,272.4198085034038,true,149895.6556032964,9882.896397549992,2,9989.999998999998,false
8557,873.3067674150712,0.0,false,97600.65354337479,220.0529675111759,1,296.35496262199683,false
8558,567.6926672975214,0.0,false,55069.07615312404,126.3968680000001,0,1.8474111129762605e-13,false
8559,521.9944115514955,0.0,false,49292.96007365118,126.39686700000007,0,1.4210854715202004e-13,false
8560,1061.3557270307294,0.0,false,123350.68175672057,253.22601618683888,1,332.1225771097574,false
8561,425.10919767272594,0.0,false,37046.97316206105,126.39686600000005,0,5.684341886080802e-14,false
8562,1003.4763900140531,66.57522303377021,true,111048.65293800614,9999.999999999998,2,9873.603132999999,false
8563,1156.0100384424022,48.331237793065505,true,137065.59958532106,10000.000000000004,2,9873.603132000011,false
8564,839.2839334962198,0.0,false,91450.5981642593,133.66390116634096,1,8.899477930059675,false
8565,925.3589601980445,3.9731526286870857,true,125611.94040952,3623.854257012452,1,11539.169161060625,true
8566,497.3938684927852,0.0,false,46183.528652134766,126.39686699999996,0,3.694822225952521e-13,false
8567,1167.2047943745786,33.478946862763706,true,151686.02219460183,9000.281715590625,2,9989.999998999994,false
8568,496.90993365872646,0.0,false,46122.36080818127,126.39686699999996,0,3.836930773104541e-13,false
8569,256.800117080018,0.0,false,17266.084490438352,96.05429600000011,0,1.4210854715202004e-13,false
8570,1215.398307995035,116.3872725315739,true,151501.90286273466,9080.986382379857,1,9989.999999,false
8571,712.3383407217815,0.0,false,74527.18792888879,133.66389936884437,1,8.899475728778683,false
8572,537.3949622996855,0.0,false,51239.541345893624,126.39686700000013,0,1.4210854715202004e-13,false
8573,633.3523755146279,0.0,false,63729.7183018499,133.6638975713474,1,8.899473527497591,false
8574,257.18780216448636,0.0,false,17303.323307133614,96.05429600000005,0,7.105427357601002e-14,false
8575,482.1584157439474,0.0,false,44257.81524876796,126.39686700000013,0,1.4210854715202004e-13,false
8576,323.0979535857542,0.0,false,24153.072122763042,126.3968650000001,0,1.7053025658242404e-13,false
8577,1268.1518729419222,180.38034763773666,true,147157.40323563124,10000.000000000011,2,9873.603133000013,true
8578,1529.7390176485583,413.4436424087121,true,151674.7462604985,9080.986382379871,1,9989.999999000001,false
8579,661.9669415482916,0.0,false,67679.63048823822,133.66389847009597,1,8.899474628138165,false
8580,448.1510222998925,0.0,false,39959.38746664747,126.39686600000016,0,2.4158453015843406e-13,false
8581,647.827452866954,0.0,false,66109.72699242033,133.66389926759265,1,8.899476829419271,false
8582,615.7086501459611,0.0,false,61684.89312416383,133.66389847009597,1,8.899474628138165,false
8583,847.0251575701218,0.0,false,92793.5224680348,133.66390206508945,1,8.899479030700334,false
8584,602.2020843427886,0.0,false,59646.530884956854,133.66389757134758,1,8.89947352749762,false
8585,522.5642319729401,0.0,false,49364.98358625551,126.3968670000001,0,1.4210854715202004e-13,false
8586,559.2658976504513,0.0,false,54003.958921364356,126.39686799999998,0,1.7053025658242404e-13,false
8587,468.08713553246946,0.0,false,42479.24959978575,126.3968670000001,0,1.4210854715202004e-13,false
8588,772.7379353479812,0.0,false,84216.21090150774,154.07121301814362,1,72.46974102849879,false
8589,763.6619055479948,0.0,false,82224.76861912607,137.08524548734061,1,27.98924290731499,false
8590,783.8089668531287,0.0,false,84273.99805733349,133.66390116634105,1,8.899477930059788,false
8591,299.3172370790326,0.0,false,21350.036392339876,96.05429600000011,0,9.947598300641403e-14,false
8592,473.6826239513613,0.0,false,43186.501771695504,126.39686700000013,0,1.4210854715202004e-13,false
8593,405.0877907214801,0.0,false,34516.33017062003,126.39686600000005,0,1.5631940186722204e-13,false
8594,1559.5220824761225,430.08986104754297,true,139815.1636878295,10000.000000000002,3,9873.603132000002,false
8595,414.95825848558513,0.0,false,35763.92631260459,126.39686600000007,0,1.7053025658242404e-13,false
8596,417.1576327142021,0.0,false,36041.92031126608,126.39686600000007,0,1.7053025658242404e-13,false
8597,1313.742929428999,89.11382218453484,true,151847.7512319327,10000.0,2,9873.603131000007,false
8598,582.3008987384459,0.0,false,56915.51075201848,126.39686800000001,0,9.947598300641403e-14,false
8599,595.2594420053965,0.0,false,58686.09754915959,133.66389757134758,1,8.899473527497662,false
8600,231.77762957062265,0.0,false,14862.567143622064,96.05429600000016,0,1.5631940186722204e-13,false
8601,695.5214352843453,0.0,false,72459.78756373495,137.08524284357648,1,27.98923598419239,false
8602,210.30320816902204,0.0,false,12799.856778307256,96.05429600000016,0,1.5631940186722204e-13,false
8603,787.2566774478407,0.0,false,84296.4141206472,133.66390026759262,1,8.899476829419328,false
8604,497.13826063239657,0.0,false,46151.22062093484,126.39686700000013,0,1.8474111129762605e-13,false
8605,701.527121229651,0.0,false,73246.37495451148,133.66390026759262,1,8.899476829419328,false
8606,874.9757766342565,0.0,false,96448.22097665083,137.0852451654586,1,27.98923944575374,false
8607,424.0152693659208,0.0,false,36908.70405792192,126.39686600000013,0,2.1316282072803006e-13,false
8608,714.9658638813451,0.0,false,75125.76710106591,133.66390016634094,1,8.899477930059874,false
8609,393.75415941499534,0.0,false,33083.794749749046,126.39686600000013,0,2.1316282072803006e-13,false
8610,1032.6481610530925,0.0,false,119013.17348688428,212.62808237346974,1,105.60193845727922,false
8611,865.4243953684846,0.0,false,95238.43286210013,137.08524516545836,1,27.989239445753626,false
8612,209.50567640039492,0.0,false,12723.250428126743,96.05429600000014,0,1.8474111129762605e-13,false
8613,1827.4440779752458,862.5208574244887,true,108281.71965249325,10000.0,3,9875.460705332234,false
8614,622.2828826676051,0.0,false,62555.871980451244,133.66389847009583,1,8.899474628138137,false
8615,175.07778488561368,0.0,false,9416.303649193713,96.05429600000005,0,7.105427357601002e-14,false
8616,296.91453222600296,0.0,false,21119.246276394435,96.05429600000005,0,7.105427357601002e-14,false
8617,728.9828422794034,0.0,false,76433.72161950043,133.6638993688442,1,8.899475728778626,false
8618,726.4106387221879,0.0,false,76510.70440001007,137.08524252169445,1,27.9892325226308,false
8619,531.4092749092415,0.0,false,50482.969248814225,126.3968670000001,0,1.1368683772161603e-13,false
8620,1089.266986974769,105.70951918951226,true,110664.84929810157,-2511.550648163007,3,12511.550648163007,false
8621,768.1200420876204,0.0,false,81524.71686425371,133.66389936884426,1,8.899475728778654,false
8622,188.1453171980439,0.0,false,10671.496226718837,96.054296,0,4.263256414560601e-14,false
8623,458.0194478951774,0.0,false,41206.725484903436,126.396866,0,7.105427357601002e-14,false
8624,1292.4342047643079,184.54931884871928,true,137091.64811607354,10000.0,2,9873.60313200003,false
8625,631.0957094809452,0.0,false,63535.712546022405,133.6638984700959,1,8.899474628138151,false
8626,687.6638574763111,0.0,false,70704.18142869415,133.6638984700959,1,8.899474628138151,false
8627,1523.8525006678422,409.71001319066545,true,137882.58931084705,10000.0,3,9873.603132000038,false
8628,1433.0404922675236,307.3482911134151,true,139342.43686506,10000.0,3,9873.603132000038,false
8629,245.14476702027326,0.0,false,16146.53808078209,96.05429600000014,0,1.2789769243681803e-13,false
8630,306.16723530521455,0.0,false,22013.082477627537,126.39686500000019,0,1.7053025658242404e-13,false
8631,386.2771048998116,0.0,false,32138.718529503945,126.39686600000017,0,1.8474111129762605e-13,false
8632,549.468307431465,0.0,false,52832.22129149973,133.6638974700959,1,8.899474628138123,false
8633,1602.0662243262639,398.04711091891215,true,155040.59750063007,9088.90280569994,1,9903.945704,false
8634,698.1615209905759,0.0,false,72260.2215299552,137.0852398779304,1,27.989225599508003,false
8635,523.1861717611764,0.0,false,49755.0370730564,137.0852388779304,1,27.98922559950826,false
8636,967.0645329817032,0.0,false,118477.24631118523,253.22601815248487,1,332.1225874944404,false
8637,719.0824793056713,0.0,false,75250.71274575316,137.08524119981243,1,27.989229061069253,false
8638,603.4079840375224,0.0,false,60095.600212999634,133.66389836884423,1,8.899475728778626,false
8639,478.40439664410655,0.0,false,43783.31901841408,126.39686700000017,0,1.8474111129762605e-13,false
8640,348.8930712835676,0.0,false,27413.494028892244,126.39686500000019,0,2.1316282072803006e-13,false
8641,423.1802269277936,0.0,false,36803.15731494085,126.39686600000016,0,1.9895196601282805e-13,false
8642,396.98804150687016,0.0,false,33492.54729500615,126.39686600000016,0,1.9895196601282805e-13,false
8643,905.7606625458668,135.72263772224437,true,95692.44202854956,6574.099963836952,2,22077.339234658426,false
8644,521.4414753880844,0.0,false,49223.07067826265,126.39686700000004,0,1.7053025658242404e-13,false
8645,369.7691077634796,0.0,false,30052.159510074547,126.39686500000008,0,2.5579538487363607e-13,false
8646,427.62687828272203,0.0,false,37365.200088165126,126.39686600000005,0,1.7053025658242404e-13,false
8647,1147.2534553777925,7.787374752107038,true,142466.29402211294,9969.473194284108,2,9903.945704000003,false
8648,397.07739099437026,0.0,false,33503.84078975819,126.39686500000013,0,2.5579538487363607e-13,false
8649,729.1251761425322,0.0,false,76284.51426678516,133.66389936884372,1,8.899475728777972,false
8650,368.40048783935225,0.0,false,29879.17024776277,126.39686500000013,0,2.5579538487363607e-13,false
8651,425.32208206443033,0.0,false,37073.88108092854,126.39686600000007,0,1.9895196601282805e-13,false
8652,311.6639235735001,0.0,false,22707.846620634322,126.39686500000013,0,2.5579538487363607e-13,false
8653,773.2297441792147,0.0,false,82553.40198694375,133.66390026759206,1,8.899476829418433,false
8654,609.0114592587013,0.0,false,60372.61458887013,133.66389757134698,1,8.899473527496951,false
8655,417.5602032475691,0.0,false,36092.80396301488,126.39686600000007,0,1.9895196601282805e-13,false
8656,469.1598493970686,0.0,false,42614.83726502224,126.39686700000001,0,1.9895196601282805e-13,false
8657,717.2140975840811,0.0,false,76198.68205073745,137.08524448733957,1,27.98924290731199,false
8658,295.07603196454306,0.0,false,20942.650433599618,96.05429600000001,0,7.105427357601002e-14,false
8659,376.06944730823733,0.0,false,30848.50265176614,126.39686500000013,0,2.5579538487363607e-13,false
8660,1149.8123242930037,183.5634715713868,true,123161.86871326434,10000.0,2,9873.603134,true
8661,188.14243090234552,0.0,false,10671.218985626152,96.05429600000002,0,2.1316282072803006e-13,false
8662,748.081140016708,0.0,false,78997.27466132592,133.66389936884428,1,8.899475728778668,false
8663,858.2856763040961,0.0,false,94657.95167523966,137.08524548734056,1,27.989242907314676,false
8664,1027.4702335843194,0.0,false,123624.58915352123,212.6280832722182,1,105.60193955791976,false
8665,524.5555476845919,0.0,false,49616.67964146829,126.39686700000004,0,2.5579538487363607e-13,false
8666,458.5570858601256,0.0,false,41274.681236027376,126.3968660000001,0,2.4158453015843406e-13,false
8667,1558.986635009213,406.3596927690345,true,142746.90359018694,10000.000000000004,2,9873.603131000003,false
8668,315.44713034853993,0.0,false,23186.03208151329,126.39686500000005,0,3.410605131648481e-13,false
8669,637.6316160438287,0.0,false,64501.346847612615,133.66389847009594,1,8.899474628138123,false
8670,2123.7643597296287,1009.4853420403681,true,137899.84630108613,10000.000000000002,2,9873.603132000004,false
8671,838.3629446774386,0.0,false,91305.11029843637,133.66390116634113,1,8.899477930059788,false
8672,695.1545439973257,0.0,false,73167.67549516697,137.0852444873405,1,27.989242907314107,false
8673,786.8248868257626,0.0,false,84619.95141058932,133.66390116634108,1,8.899477930059874,false
8674,375.79043706333204,0.0,false,30813.2366326233,126.39686500000026,0,2.5579538487363607e-13,false
8675,689.2685316131744,0.0,false,70901.89865119265,133.66389857134752,1,8.899473527497676,false
8676,278.5611658818474,0.0,false,19356.32664803661,96.0542960000002,0,1.5631940186722204e-13,false
8677,476.9524487392952,0.0,false,43599.7973609104,126.39686700000024,0,4.405364961712621e-13,false
8678,401.0941185967072,0.0,false,34011.542550185586,126.39686600000024,0,3.126388037344441e-13,false
8679,1015.7953468401817,0.0,false,118625.34428116474,212.62808237346957,1,105.60193845727912,false
8680,853.0040291216538,0.0,false,93299.19762139875,133.66390116634102,1,8.899477930059817,false
8681,500.9168160362811,0.0,false,46628.81816310047,126.39686700000016,0,2.7000623958883807e-13,false
8682,338.36308368174986,0.0,false,26082.536649653557,126.39686500000022,0,2.4158453015843406e-13,false
8683,319.9528219809308,0.0,false,23755.537360481514,126.39686500000022,0,2.4158453015843406e-13,false
8684,1057.262005034652,0.0,false,127260.45318290917,212.62808327221805,1,105.60193955792002,false
8685,788.6452563603241,0.0,false,83863.56563744758,133.66389947009588,1,8.89947462813818,false
8686,354.65412706344483,0.0,false,28141.67339551466,126.39686500000023,0,5.115907697472721e-13,false
8687,788.2117077520198,0.0,false,84558.21855211149,133.663901166341,1,8.899477930059874,false
8688,620.0067489486808,0.0,false,61885.16842150073,133.66389757134752,1,8.899473527497705,false
8689,1217.2072454744844,108.99979897970842,true,137132.41876076537,10000.000000000005,2,9873.603132000007,false
8690,605.1675299739231,0.0,false,59805.781161827304,126.39686800000038,0,4.689582056016661e-13,false
8691,1134.9190727459404,17.360514259619883,true,138314.36996335594,10000.000000000004,2,9873.603132000006,false
8692,1016.7029566148585,63.341912269821904,true,130168.34035689455,10000.000000000002,2,9873.603135000001,true
8693,533.2014616035951,0.0,false,50709.49602130651,126.39686700000016,0,2.2737367544323206e-13,false
8694,868.6543310788959,0.0,false,95479.48226879444,133.66390206508953,1,8.899479030700277,false
8695,1162.8501283158755,195.42327110231582,true,115470.43415525739,10000.0,3,9873.603133,false
8696,537.4829062252927,0.0,false,51250.65718203439,126.39686700000038,0,3.979039320256561e-13,false
8697,1024.9877633950307,21.979948047052194,true,136443.53637045214,3896.8742476908783,1,9873.603135000003,true
8698,1006.3906211214914,0.0,false,120005.59046557454,212.62808317096625,1,105.60194065856025,false
8699,933.6653683191191,0.0,false,104092.79418715354,133.66390206508964,1,8.899479030700277,false
8700,520.9198134853045,0.0,false,49157.13425124797,126.39686700000027,0,3.126388037344441e-13,false
8701,572.326662295832,0.0,false,55681.72369883126,133.66389757134766,1,8.899473527497634,false
8702,1009.3136550560872,0.0,false,114535.19564228455,145.21267318695396,1,23.04253182346676,false
8703,281.6749609766983,0.0,false,19655.420034419367,96.05429600000025,0,2.5579538487363607e-13,false
8704,669.8259920857093,0.0,false,68358.6386499413,133.66389757134766,1,8.899473527497634,false
8705,609.1827175989474,0.0,false,60313.288273956445,126.39686800000004,0,1.9895196601282805e-13,false
8706,910.8666949506456,0.0,false,101007.17263261073,137.08524516545867,1,27.989239445753896,false
8707,266.5922192971201,0.0,false,18206.657945885847,96.05429600000019,0,1.9895196601282805e-13,false
8708,1670.4125441655417,558.4925650223291,true,137601.6712338877,10000.0,4,9873.603132,false
8709,355.077348303321,0.0,false,28195.167231743442,126.39686500000006,0,7.105427357601002e-14,false
8710,232.9329300446993,0.0,false,14973.538713862059,96.05429600000006,0,5.684341886080802e-14,false
8711,667.2528801175059,58.7095263390129,true,61580.52013763185,-2641.6245869586214,2,12641.624586958622,false
8712,445.17399005335193,0.0,false,39583.09993558891,126.39686600000007,0,2.1316282072803006e-13,false
8713,1066.4745902210866,0.0,false,129912.9969211342,253.22601783060279,1,332.1225840328797,false
8714,785.0663580440345,0.0,false,84073.54352592635,137.0852425216945,1,27.989232522631255,false
8715,345.1444689416272,0.0,false,26939.68245973371,126.39686500000006,0,2.2737367544323206e-13,false
8716,811.2670320394161,0.0,false,87881.03690246561,137.08524384357648,1,27.989235984192334,false
8717,1046.9890480626423,0.0,false,125792.7962433621,212.62808327221796,1,105.60193955791972,false
8718,841.8691049497685,0.0,false,91618.75917130736,137.08524384357645,1,27.989235984192334,false
8719,655.502693270349,0.0,false,66687.5751806999,133.66389847009606,1,8.899474628138094,false
8720,547.3203404802172,0.0,false,52494.077992150706,126.39686800000038,0,3.836930773104541e-13,false
8721,714.9876560763241,0.0,false,74362.76671115021,137.08523955604858,1,27.98922213794718,false
8722,355.92508306874237,0.0,false,28302.31824505331,126.39686500000019,0,2.2737367544323206e-13,false
8723,896.3396776412492,0.0,false,98819.96632642033,133.66390116634113,1,8.899477930059803,false
8724,682.6367940651186,0.0,false,70614.55593109643,133.66389936884434,1,8.899475728778697,false
8725,680.3939200328634,0.0,false,70077.10108890847,133.66389847009594,1,8.899474628138151,false
8726,1576.0865204745141,463.11817601118946,true,137734.18131953105,10000.000000000004,3,9873.603132000004,false
8727,949.2295830241933,0.0,false,120764.767326279,587.3889567366184,1,1207.1821364925647,true
8728,1127.9410233980368,2.235620318241739,true,151952.12631202588,3718.78804152216,1,11367.36364677137,true
8729,821.9717092565484,0.0,false,89796.93883689691,137.08524548734061,1,27.989242907314832,false
8730,629.7899126283816,0.0,false,63228.38241021776,133.66389757134752,1,8.899473527497548,false
8731,924.8966534394604,0.0,false,103803.4545951738,154.07121534002567,1,72.46974449005988,false
8732,684.8966142964053,0.0,false,70885.21827764377,133.66389936884423,1,8.899475728778611,false
8733,335.2984955559256,0.0,false,25695.1823302914,126.39686499999993,0,7.673861546209082e-13,false
8734,687.8147664819672,0.0,false,71173.04609684623,133.66389936884394,1,8.899475728778555,false
8735,1084.256988367112,236.3301268263669,true,92516.96757421519,10000.0,4,9874.320563407231,false
8736,1141.8649219371846,174.94450495491125,true,131882.20249537047,10000.0,2,9873.603135,true
8737,524.819901315786,0.0,false,49650.09311064516,126.39686700000007,0,1.1368683772161603e-13,false
8738,824.631711415474,0.0,false,89090.83136634754,137.08524219981243,1,27.989229061069523,false
8739,911.2951925511479,0.0,false,104568.18884532742,253.2260168306027,1,332.1225840328794,false
8740,990.4759563277335,30.52300485869307,true,131001.53672537212,3896.8742476908783,1,9873.603135,true
8741,500.9155557993132,0.0,false,46628.65887310355,126.39686700000003,0,1.7053025658242404e-13,false
8742,723.7427356761449,0.0,false,75842.7314997066,133.66389936884426,1,8.899475728778697,false
8743,659.2885952730193,0.0,false,66863.66367392775,137.08523823416635,1,27.98921867638586,false
8744,456.919794517317,0.0,false,41067.73274975388,126.39686600000003,0,8.526512829121202e-14,false
8745,869.8612046810115,89.32451310186677,true,96700.88404119381,3254.6728521061814,1,10912.553005948894,false
8746,399.24613471422845,0.0,false,33777.96318826161,126.39686600000005,0,7.105427357601002e-14,false
8747,575.008040672397,0.0,false,55993.71638475133,126.39686800000001,0,8.526512829121202e-14,false
8748,555.5232231857599,0.0,false,53530.89661728247,126.39686800000001,0,8.526512829121202e-14,false
8749,746.9769077039556,0.0,false,78802.50867971114,133.66389936884426,1,8.899475728778697,false
8750,694.2368028547407,0.0,false,71720.80464537512,133.6638984700959,1,8.899474628138151,false
8751,141.42715515686274,0.0,false,6184.016201593755,96.054296,0,1.4210854715202004e-13,false
8752,679.7140427369919,0.0,false,70250.77189884543,137.08524119981246,1,27.989229061069807,false
8753,472.29881202513707,0.0,false,43011.59228800637,126.396867,0,9.947598300641403e-14,false
8754,879.1553781703657,0.0,false,96700.08684217121,133.66390206508936,1,8.899479030700363,false
8755,657.0339838177423,0.0,false,68681.81840409455,137.0852461311047,1,27.989249830437373,false
8756,1159.244624436668,50.03693561351987,true,149866.8670163108,3896.8742489271326,1,9873.603133,true
8757,387.37990594955687,0.0,false,32278.10912049921,126.39686600000005,0,5.684341886080802e-14,false
8758,438.50960459128567,0.0,false,38740.74253268971,126.39686600000005,0,5.684341886080802e-14,false
8759,399.0677244391763,0.0,false,33755.41268952489,126.39686600000005,0,5.684341886080802e-14,false
8760,529.4696237090897,0.0,false,50237.80342568013,126.39686700000007,0,1.4210854715202004e-13,false
8761,847.0601435970569,0.0,false,92578.763406786,137.08524384357656,1,27.98923598419232,false
8762,359.98823112642685,0.0,false,28815.887405322846,126.39686500000008,0,1.2789769243681803e-13,false
8763,1106.7935805797424,74.63218789637578,true,140128.45703256602,3896.8742483090055,1,9873.603133999997,true
8764,740.9509352918616,0.0,false,78373.98985005204,133.66390026759268,1,8.899476829419314,false
8765,812.3432151508309,0.0,false,87329.01471756227,133.66390036884434,1,8.899475728778754,false
8766,707.5529770967069,0.0,false,73415.4254009989,133.6638984700959,1,8.899474628138194,false
8767,308.7263963383057,0.0,false,22336.552399003718,126.39686499999996,0,1.9895196601282805e-13,false
8768,1149.948906151432,217.06453809099548,true,104262.62536570452,10000.0,2,9873.603132,false
8769,1960.0493594188038,809.9908029412449,true,146543.27820611594,10000.0,4,9903.945704000002,false
8770,971.836764795398,0.0,false,109896.36382769026,154.07121634002536,1,72.4697444900599,false
8771,566.243819815005,0.0,false,54885.94637926617,126.39686799999984,0,3.410605131648481e-13,false
8772,1972.7434746415245,855.179729366318,true,138315.0255571896,10000.0,3,9873.603132000033,false
8773,302.81273035243635,0.0,false,21685.79352740293,96.05429600000033,0,3.410605131648481e-13,false
8774,587.0639589667961,0.0,false,57517.54661363594,126.3968680000002,0,3.836930773104541e-13,false
8775,1484.99061900499,409.51819062109826,true,148600.99714552428,9000.281715590627,2,9989.999999000001,false
8776,583.7621346810422,0.0,false,57100.206388343075,126.39686800000007,0,2.984279490192421e-13,false
8777,871.9474718045318,0.0,false,105264.2752588756,253.22601847436655,1,332.12259095600075,false
8778,1453.3070369384086,340.51834922735145,true,138239.55028503638,10000.0,3,9903.945704000002,false
8779,640.4091472152757,0.0,false,65160.32174016948,133.66389926759268,1,8.899476829419157,false
8780,609.163836412217,0.0,false,60452.760405022345,133.6638975713475,1,8.899473527497534,false
8781,726.205663861532,0.0,false,76750.69578356166,137.0852441654588,1,27.989239445754038,false
8782,331.6774601367597,0.0,false,25237.49481973914,126.3968650000004,0,7.815970093361102e-13,false
8783,1178.5239806187565,61.73305067475826,true,140671.57460772217,10000.0,3,9903.945704,false
8784,680.8705734316943,0.0,false,70433.4481731391,133.66389936884454,1,8.899475728778839,false
8785,1314.7777320740684,339.32801889091184,true,132960.27876170102,7649.6681740851855,3,9873.603135,true
8786,710.5808454297364,0.0,false,74275.13070908532,133.6638993688443,1,8.899475728778782,false
8787,472.77705954374846,0.0,false,43072.04127313991,126.39686699999987,0,1.7053025658242404e-13,false
8788,711.6190673778277,0.0,false,73996.02908658746,137.08523987793058,1,27.98922559950897,false
8789,688.7807497284714,0.0,false,71290.73082577808,133.66389936884423,1,8.899475728778754,false
8790,725.5011201686506,0.0,false,76091.83706162705,133.66389936884423,1,8.899475728778754,false
8791,283.68618499422155,0.0,false,19848.60673548719,96.05429600000001,0,1.9895196601282805e-13,false
8792,393.5065550516436,0.0,false,33052.49833545142,126.39686600000016,0,2.2737367544323206e-13,false
8793,1330.6829740521143,220.9536512934156,true,149932.79990835546,10000.000000000002,4,9873.603133000004,true
8794,426.0406139074369,0.0,false,37164.70125041297,126.39686599999986,0,4.121147867408581e-13,false
8795,946.061906442513,0.0,false,114511.14087985957,253.22601847436707,1,332.1225909560023,false
8796,591.8171118845881,0.0,false,58271.6444440302,137.08523855604852,1,27.989222137947536,false
8797,476.037112688915,0.0,false,43484.10175738214,126.39686699999982,0,3.410605131648481e-13,false
8798,519.1824563531352,0.0,false,48937.537763305794,126.39686699999982,0,3.410605131648481e-13,false
8799,1363.2267326272247,414.7910626108358,true,108236.69676322071,10000.0,4,9873.603133000002,false
8800,530.3226209020467,0.0,false,50345.61959331172,126.39686699999993,0,1.4210854715202004e-13,false
8801,1162.88469621448,210.29146826640036,true,107311.36220598918,9999.999999999998,2,9873.603131999998,false
8802,359.172358082257,0.0,false,28712.763613565276,126.39686499999999,0,3.126388037344441e-13,false
8803,1137.866259318544,0.0,false,137822.16970140603,212.62808337346968,1,105.60193845727918,false
8804,414.8055923595186,0.0,false,35744.62979348874,126.39686600000033,0,6.536993168992922e-13,false
8805,304.155715718424,0.0,false,21814.79303724218,96.054296,0,2.4158453015843406e-13,false
8806,434.1392343554851,0.0,false,38188.34145347669,126.39686600000033,0,6.536993168992922e-13,false
8807,434.7350361894569,0.0,false,38263.648935068704,126.39686600000033,0,6.536993168992922e-13,false
8808,630.8279142033941,0.0,false,63234.38989975105,133.66389757134743,1,8.899473527497577,false
8809,1249.6381606156453,136.37701912838185,true,139416.12708141693,10000.000000000011,3,9903.945704000014,false
8810,671.5897483885693,0.0,false,68912.37590918182,133.66389847009592,1,8.899474628138137,false
8811,354.5888025795583,0.0,false,28133.41658580488,126.39686500000013,0,1.4210854715202004e-13,false
8812,1109.367342243863,212.25415646009293,true,119835.72960144284,6623.191192253158,3,13113.425453880116,true
8813,494.10250492409085,0.0,false,45767.51062864215,126.39686700000016,0,1.7053025658242404e-13,false
8814,623.3454421133803,0.0,false,62259.04794646323,133.66389757134755,1,8.899473527497591,false
8815,369.1544985151316,0.0,false,29974.474830341806,126.39686500000019,0,2.5579538487363607e-13,false
8816,971.1157663656579,0.0,false,109524.07016485097,145.21267228820562,1,23.042530722826157,false
8817,694.9286026789175,0.0,false,71948.79338488627,133.66389936884428,1,8.899475728778683,false
8818,446.9867906131989,0.0,false,39812.23223597265,126.39686600000013,0,1.9895196601282805e-13,false
8819,840.7629397059691,0.0,false,91584.39820402206,137.08524384357654,1,27.989235984192135,false
8820,484.3855006769827,0.0,false,44539.31179348405,126.39686700000016,0,1.4210854715202004e-13,false
8821,615.2235846362676,0.0,false,61633.64480920438,133.6638984700959,1,8.89947462813808,false
8822,758.1993985482794,0.0,false,80250.88250918659,133.66389936884426,1,8.899475728778626,false
8823,649.8554273744169,0.0,false,65885.10621504049,133.6638984700959,1,8.89947462813808,false
8824,1009.569904960235,0.0,false,116675.86835846346,212.62808237346977,1,105.60193845727915,false
8825,442.36803509116976,0.0,false,39228.436036261744,126.39686600000019,0,2.5579538487363607e-13,false
8826,1218.1502276305532,100.38681676652766,true,138340.26266086622,10000.000000000005,2,9873.603132000006,false
8827,352.06992320288856,0.0,false,27815.038139356187,126.39686500000005,0,1.1368683772161603e-13,false
8828,1349.1074854640278,183.20452017623376,true,144424.95122996924,10000.000000000004,2,9873.603130000003,false
8829,479.70182877261254,0.0,false,43947.310366817714,126.39686700000007,0,1.9895196601282805e-13,false
8830,418.97674318339836,0.0,false,36271.85016438472,126.3968660000001,0,1.7053025658242404e-13,false
8831,312.56895192747567,0.0,false,22822.239363692817,126.39686500000008,0,1.4210854715202004e-13,false
8832,1256.750903835804,122.04329851289046,true,153089.97641764337,10000.0,2,9873.603133000006,true
8833,818.8681725017663,0.0,false,88686.09247520303,133.66390116634116,1,8.899477930059817,false
8834,989.950813730229,21.546852586023995,true,132069.71782059362,3896.874247690881,1,9873.603135000001,true
8835,324.89088202491047,0.0,false,24379.69264947004,126.39686500000016,0,1.7053025658242404e-13,false
8836,303.3658472510461,0.0,false,21738.922780045235,96.05429600000016,0,2.1316282072803006e-13,false
8837,359.86974900231644,0.0,false,28800.911636750727,126.39686500000005,0,1.7053025658242404e-13,false
8838,980.5696163273506,0.0,false,110286.90755773001,145.21266959196043,1,23.04252742090452,false
8839,344.4163507581563,0.0,false,26847.650606905954,126.39686500000016,0,1.9895196601282805e-13,false
8840,472.2153691051926,0.0,false,43001.04536485282,126.39686700000004,0,2.4158453015843406e-13,false
8841,1127.5710119875987,16.827624155656167,true,139537.80800741102,9969.4731942841,2,9903.945704,false
8842,596.825456845469,0.0,false,59026.59890279283,133.66389757134758,1,8.899473527497591,false
8843,1053.7286471158393,0.0,false,127742.36437355529,253.22601783060293,1,332.12258403287984,false
8844,941.7018157039479,0.0,false,105163.69521133948,133.6639020650894,1,8.899479030700334,false
8845,391.679361576928,0.0,false,32821.54681580774,126.3968660000001,0,1.1368683772161603e-13,false
8846,346.56248098623763,0.0,false,27118.91473103262,126.39686500000005,0,1.2789769243681803e-13,false
8847,645.4975004174469,0.0,false,65371.15738474035,133.66389847009592,1,8.899474628138137,false
8848,166.70363751682294,0.0,false,8611.930844206703,96.05429600000005,0,8.526512829121202e-14,false
8849,569.5326694036162,0.0,false,55429.090581919445,133.66389757134758,1,8.899473527497591,false
8850,886.7258728194729,0.0,false,97809.27385216889,137.0852451654585,1,27.98923944575354,false
8851,689.0881022556738,0.0,false,72321.12408485592,137.0852444873405,1,27.989242907314747,false
8852,873.1774610391554,0.0,false,96195.87776991165,133.6639020650894,1,8.899479030700334,false
8853,1196.2474306067438,202.15445432408382,true,135316.72869627574,10000.0,3,9873.603135,true
8854,1090.639574921645,0.0,false,133275.91355893054,253.22601783060304,1,332.1225840328795,false
8855,872.1631952013336,0.0,false,96097.78180743087,133.6639020650894,1,8.899479030700434,false
8856,1191.6842930050527,42.0228401648744,true,154980.09580369818,10000.0,2,9873.603133,true
8857,1465.4127426972182,504.2745291724326,true,109489.81107848803,10000.0,3,9873.603132,false
8858,701.5806115604263,0.0,false,73182.11827413074,133.66390026759325,1,8.899476829419385,false
8859,1243.2260436421404,27.806476505947348,true,154850.0645165957,9969.47319327803,2,9903.945704000002,false
8860,1159.8813262390954,44.010267936171964,true,142404.74273144524,9969.473194284106,2,9903.945704000002,false
8861,865.5414853342338,0.0,false,95045.2413188644,133.66390206509,1,8.89947903070049,false
8862,480.11507275656606,0.0,false,43999.54310921666,126.3968670000003,0,6.110667527536862e-13,false
8863,597.7503050559388,0.0,false,58868.267214863256,126.39686800000044,0,6.821210263296962e-13,false
8864,1289.5587310237881,212.98183434522448,true,145742.43731729203,5754.868744872258,2,14739.061383476936,true
8865,531.6304578930417,0.0,false,50510.92608367317,126.3968670000003,0,6.110667527536862e-13,false
8866,532.2234564895216,0.0,false,50585.87924484569,126.3968670000003,0,6.110667527536862e-13,false
8867,388.5311740560936,0.0,false,32423.625795334923,126.39686600000041,0,6.679101716144942e-13,false
8868,642.9478010825343,0.0,false,65216.40409689683,133.66389847009654,1,8.899474628138194,false
8869,852.7305737744013,0.0,false,94551.88492692511,154.07121401814422,1,72.46974102849923,false
8870,937.1971954723884,0.0,false,103732.87057432246,133.66390126759273,1,8.899476829419228,false
8871,447.98528512949883,0.0,false,39938.43880855863,126.39686600000013,0,1.2789769243681803e-13,false
8872,337.8983453370081,0.0,false,26023.795181691825,126.39686500000013,0,1.4210854715202004e-13,false
8873,409.80403734558365,0.0,false,35112.44893960858,126.39686600000013,0,1.2789769243681803e-13,false
8874,664.7548516920136,0.0,false,67965.43871723292,133.6638984700959,1,8.899474628138094,false
8875,560.2766470123984,0.0,false,54131.71446797223,126.39686800000015,0,1.7053025658242404e-13,false
8876,383.4977232513055,0.0,false,31787.41341361176,126.39686500000013,0,1.4210854715202004e-13,false
8877,671.7323851133506,0.0,false,68219.36990437067,126.39686900000015,0,1.7053025658242404e-13,false
8878,1125.7440545715344,37.55374603006729,true,132016.79505530314,-2400.514412631319,3,12400.514412631319,false
8879,655.7971126052197,0.0,false,66250.69068371592,137.0852382341663,1,27.98921867638566,false
8880,416.9450879330055,0.0,false,36015.05531810096,126.39686600000022,0,2.4158453015843406e-13,false
8881,1311.5185486763103,200.69475925125377,true,137463.11629445222,10000.000000000005,2,9873.603132000006,false
8882,855.828234100038,0.0,false,93579.37879579511,133.6639011663412,1,8.89947793005976,false
8883,563.3953976954032,0.0,false,54525.91476454565,126.39686800000024,0,2.5579538487363607e-13,false
8884,435.30002137203246,0.0,false,38335.061288657846,126.39686600000019,0,1.9895196601282805e-13,false
8885,668.5122347140959,0.0,false,68653.42922732861,133.6638993688444,1,8.899475728778668,false
8886,750.2210274426382,0.0,false,80598.38437722674,137.08524580922258,1,27.989246368875953,false
8887,1007.5288130134745,0.0,false,114638.012046387,212.6280823734699,1,105.60193845727918,false
8888,562.7204621028146,0.0,false,54440.60502426527,126.39686800000024,0,2.5579538487363607e-13,false
8889,514.6463744866861,0.0,false,48364.19125414767,126.3968670000003,0,3.694822225952521e-13,false
8890,993.0092525993134,13.23820386906956,true,133506.482010181,3718.7880402498376,1,11367.363649073945,true
8891,747.7162616501541,0.0,false,79253.41260099312,133.66390026759265,1,8.899476829419172,false
8892,1185.3539517606434,60.08093900900091,true,140851.38277121502,9969.473194284114,2,9903.945703999998,false
8893,594.1522792676069,0.0,false,58637.4625545667,133.66389757134763,1,8.899473527497577,false
8894,265.1367379427256,0.0,false,18066.8527134148,96.05429600000022,0,3.694822225952521e-13,false
8895,275.92835452455813,0.0,false,19103.43381450981,96.05429600000022,0,3.694822225952521e-13,false
8896,503.2242873034455,0.0,false,46920.475288117705,126.3968670000003,0,3.694822225952521e-13,false
8897,443.49511528567103,0.0,false,40409.33114252114,137.0852421654588,1,27.98923944575357,false
8898,441.32327297461046,0.0,false,39096.38138423693,126.39686600000027,0,3.979039320256561e-13,false
8899,949.0738314385167,0.0,false,105957.92149276743,133.66390206508947,1,8.899479030700334,false
8900,348.3492853142899,0.0,false,27344.761189319663,126.39686500000016,0,1.7053025658242404e-13,false
8901,189.53718971422072,0.0,false,10805.191557206352,96.05429600000014,0,1.7053025658242404e-13,false
8902,336.3906649608912,0.0,false,25833.229114759368,126.39686500000016,0,1.7053025658242404e-13,false
8903,691.132313077747,0.0,false,71745.90514594286,133.66389936884445,1,8.899475728778697,false
8904,393.64366563925165,0.0,false,33069.82868333499,126.39686600000022,0,2.8421709430404007e-13,false
8905,868.8768843409752,0.0,false,95433.95081397347,133.66390206508947,1,8.899479030700334,false
8906,564.7983058111478,0.0,false,54703.23794664722,126.39686800000018,0,1.9895196601282805e-13,false
8907,590.1254860232618,0.0,false,57904.51402343971,126.39686800000018,0,1.9895196601282805e-13,false
8908,148.40480703422782,0.0,false,6854.249619474191,96.05429600000014,0,1.7053025658242404e-13,false
8909,423.9207138884989,0.0,false,36896.75254238541,126.39686600000022,0,2.8421709430404007e-13,false
8910,1064.1031787619681,0.0,false,127767.22463992871,212.62808327221825,1,105.60193955791975,false
8911,729.973627496152,0.0,false,76722.46161225428,133.6638993688444,1,8.899475728778668,false
8912,593.5029808348116,0.0,false,58331.41876566339,126.39686800000018,0,1.9895196601282805e-13,false
8913,1202.8809892881568,79.91765588366228,true,138997.51654742475,9999.99999999998,2,9873.603132000038,false
8914,667.2405460064867,0.0,false,68281.89341281887,133.66389847009586,1,8.89947462813808,false
8915,1025.501832063291,30.900557037069166,true,121306.80874454563,10000.0,3,9873.603133,false
8916,385.43637811684755,0.0,false,32032.453303178707,126.39686600000027,0,3.126388037344441e-13,false
8917,611.254714238417,0.0,false,60627.483514107305,133.66389757134743,1,8.899473527497264,false
8918,274.1518342327296,0.0,false,18932.79141387807,96.05429600000019,0,2.8421709430404007e-13,false
8919,1630.4234514080565,481.6410851513326,true,142260.96125400226,9999.999999999996,2,9873.60313100009,false
8920,1565.7895270161057,443.68009442683655,true,138889.58616477478,9999.99999999999,2,9873.603132000084,false
8921,840.4975752804338,0.0,false,91548.62453549149,133.6639011663409,1,8.899477930059334,false
8922,891.495481155351,72.00383854787873,true,101363.95508136242,3351.329611574907,1,10756.182234308108,true
8923,1193.753917503503,90.18755952275633,true,131427.17583651285,10000.0,3,9873.603131000007,false
8924,496.04362736064485,0.0,false,46012.862411439295,126.39686700000021,0,4.405364961712621e-13,false
8925,1601.0855737070003,490.88035043655884,true,140813.7969130915,9999.999999999996,3,9903.945703999996,false
8926,705.9047487661514,0.0,false,73464.56911964613,133.66389936884434,1,8.899475728778754,false
8927,890.1464385231985,0.0,false,99348.42902052,220.0529585640959,1,296.3549343108507,false
8928,695.7535585912935,0.0,false,72877.56363560607,137.08524416545896,1,27.989239445753554,false
8929,562.5579372399967,0.0,false,54828.07878751741,137.08524019981286,1,27.989229061069906,false
8930,244.81382516358707,0.0,false,16114.749694713979,96.05429600000025,0,7.958078640513122e-13,false
8931,502.5794988439403,0.0,false,46838.97605082726,126.39686700000016,0,1.8474111129762605e-13,false
8932,1447.0082188703814,317.5345678618909,true,139820.40025668277,10000.0,2,9873.603132000006,false
8933,787.4573014439626,0.0,false,84754.5972782621,133.66390116634108,1,8.899477930059746,false
8934,1749.4957650937329,639.366884599266,true,137375.2819869448,10000.0,3,9873.603132000004,false
8935,672.9591226332302,0.0,false,69165.62649478222,133.66389936884428,1,8.899475728778683,false
8936,1204.2080533129636,247.31148670530783,true,106717.20283620413,9999.999999999996,4,9874.320562407307,false
8937,872.8114160590078,0.0,false,96102.80371589359,133.66390206508967,1,8.899479030700405,false
8938,716.345034756604,0.0,false,74779.08298510635,133.66389936884454,1,8.899475728778683,false
8939,886.0465156475889,0.0,false,97411.48891533772,133.6639011663413,1,8.899477930059817,false
8940,485.8604430958801,0.0,false,44725.739885388495,126.3968670000004,0,3.552713678800501e-13,false
8941,991.7655914213833,48.1223962926587,true,128940.0347202815,3896.8742476908888,1,9873.603135000001,true
8942,1074.0689385846304,0.0,false,126155.56181995565,212.62808247472145,1,105.60193735663862,false
8943,714.4311169387043,0.0,false,74508.00686536712,133.6638993688443,1,8.899475728778668,false
8944,937.2567339632072,49.003823419298996,true,117727.22982522934,6623.191192253155,2,13113.42545388012,true
8945,1156.9799981311091,44.3397639848104,true,137692.70920539738,10000.0,2,9873.603132000007,false
8946,935.7852436759864,0.0,false,104338.70317573335,137.08524516545748,1,27.98923944574939,false
8947,285.789737907285,0.0,false,20050.662023339584,96.05429600000033,0,5.826450433232822e-13,false
8948,848.5128199624472,0.0,false,92596.90231198272,133.66390116634034,1,8.899477930058623,false
8949,836.5986684191043,0.0,false,91229.36401878299,133.66390116634034,1,8.899477930058623,false
8950,229.62670976464864,0.0,false,14655.962062359551,96.05429600000033,0,5.826450433232822e-13,false
8951,260.46011266917924,0.0,false,17617.642779138376,96.05429600000033,0,5.826450433232822e-13,false
8952,515.601232868878,0.0,false,48484.88235635635,126.39686700000021,0,1.0800249583553523e-12,false
8953,536.7484351164306,0.0,false,51157.822339379134,126.39686700000021,0,1.0800249583553523e-12,false
8954,940.8043696687286,0.0,false,104951.97804152315,133.66390206508868,1,8.899479030699155,false
8955,298.6112858772401,0.0,false,21282.226748759207,96.05429600000033,0,5.826450433232822e-13,false
8956,423.0142636598655,0.0,false,36782.180078833386,126.3968660000003,0,9.947598300641403e-13,false
8957,523.8004234745331,0.0,false,49521.234311651795,126.39686700000021,0,1.0800249583553523e-12,false
8958,418.7654858608304,0.0,false,36245.14790194886,126.3968660000003,0,9.947598300641403e-13,false
8959,434.6005370081605,0.0,false,38246.648660745865,126.3968660000003,0,9.947598300641403e-13,false
8960,698.3576936516146,0.0,false,72197.588234553,133.66389847009518,1,8.899474628137042,false
8961,489.85989256387415,0.0,false,45231.257743870956,126.39686700000021,0,1.0800249583553523e-12,false
8962,1998.0200132901127,886.2069774820491,true,137588.15393201998,10000.000000000004,3,9873.603132000007,false
8963,826.5987845611014,0.0,false,89864.468335153,133.66390206508953,1,8.899479030700348,false
8964,371.83807168992496,0.0,false,30313.670055899485,126.39686500000009,0,1.2789769243681803e-13,false
8965,572.4936668487637,0.0,false,55731.78959848267,133.66389757134752,1,8.89947352749762,false
8966,1000.2611018948446,76.90142379098542,true,126081.66685340603,6623.191192253157,2,21760.983330589326,true
8967,414.57967286033954,0.0,false,35716.07427795382,126.39686600000005,0,2.8421709430404007e-13,false
8968,511.25101296646966,0.0,false,47935.028216032086,126.39686700000004,0,7.105427357601002e-14,false
8969,649.5494875370251,0.0,false,66002.43260489164,133.6638984700959,1,8.899474628138194,false
8970,429.86309611982034,0.0,false,37647.851003286574,126.39686600000005,0,2.2737367544323206e-13,false
8971,940.8251231749964,199.57829433851384,true,78426.35503507518,-2464.1557519780795,2,12464.155751978082,false
8972,466.57583140178207,0.0,false,42288.22550165049,126.39686700000007,0,8.526512829121202e-14,false
8973,1030.7271849834594,0.0,false,120400.01258417833,212.6280823734696,1,105.6019384572792,false
8974,642.7387415325716,0.0,false,66014.23902217194,137.08524284357648,1,27.989235984191907,false
8975,422.339478325842,0.0,false,36696.889330763974,126.39686600000007,0,3.126388037344441e-13,false
8976,1037.405163762114,81.80058523870377,true,130451.91603458709,10000.0,2,9873.603135,true
8977,319.7066235143633,0.0,false,23724.418647124377,126.39686500000012,0,1.2789769243681803e-13,false
8978,677.8049346631024,0.0,false,69728.71883756125,133.6638984700959,1,8.899474628138194,false
8979,763.117807053929,0.0,false,81159.39191941032,162.56868380540516,1,114.45807654250345,false
8980,1234.2342719071864,118.06366114190592,true,138195.79024096302,9969.473195290166,2,9903.945704000002,false
8981,1471.741422272469,349.3536724370859,true,151735.67000645387,9080.986382379853,1,9989.999998999998,false
8982,892.1105594591904,2.844880440465215,true,117968.24063411455,3351.3296115749063,1,10756.182234308111,true
8983,541.3681048299718,0.0,false,51741.73409002738,126.39686699999999,0,4.263256414560601e-13,false
8984,1047.8601987656377,92.22757115418185,true,130455.46135126996,3896.874247690881,1,9873.603135,true
8985,1245.9874712901353,183.38516843302375,true,143976.09252451034,10000.0,2,9873.603134,true
8986,528.5402772221358,0.0,false,50120.336946947784,126.39686699999999,0,4.263256414560601e-13,false
8987,577.5711203144765,0.0,false,56317.681606003185,126.39686799999993,0,7.247535904753022e-13,false
8988,471.0892306879154,0.0,false,42858.705003857314,126.39686699999999,0,4.263256414560601e-13,false
8989,351.01132459199926,0.0,false,27681.234597880753,126.396865,0,5.115907697472721e-13,false
8990,785.3639901270177,0.0,false,84074.52432582165,133.6639002675924,1,8.899476829419058,false
8991,352.0431714357668,0.0,false,27811.65679996574,126.396865,0,5.115907697472721e-13,false
8992,995.3043645368845,0.0,false,112221.59013633565,145.21267049070858,1,23.042528521545066,false
8993,486.8153130107496,0.0,false,44846.43244529124,126.39686699999993,0,4.121147867408581e-13,false
8994,1161.454508784896,30.114676744520406,true,152664.30044617073,3718.7880415221616,1,11367.363646771373,true
8995,556.1349692855126,0.0,false,53608.21940402024,126.39686800000015,0,3.979039320256561e-13,false
8996,374.69744797973243,0.0,false,30675.086243348997,126.39686500000016,0,4.547473508864641e-13,false
8997,542.6337894538353,0.0,false,51914.23608728212,133.663897470096,1,8.899474628138108,false
8998,630.1084578083355,0.0,false,63271.549690280364,133.66389757134766,1,8.899473527497562,false
8999,1082.6119250362601,0.0,false,131147.47079196246,212.6280832722182,1,105.60193955791975,false
9000,756.0164387606839,0.0,false,81116.28171111371,137.08524548734067,1,27.989242907314576,false
9001,869.6752491727063,0.0,false,95935.38327420627,137.08524548734067,1,27.989242907314576,false
9002,461.4626262989996,0.0,false,41641.93242700966,126.39686600000016,0,5.684341886080801e-13,false
9003,1109.1607413615247,0.0,false,137037.60680592855,212.6280832722182,1,105.60193955791968,false
9004,826.7106583719877,0.0,false,90225.8433030111,137.08524548734056,1,27.989242907314534,false
9005,418.7249347801375,0.0,false,36240.022372639076,126.39686600000016,0,6.252776074688882e-13,false
9006,694.0162120109264,0.0,false,72020.623305715,133.66389936884434,1,8.899475728778683,false
9007,558.8696159205251,0.0,false,53953.87015463003,126.39686800000015,0,3.979039320256561e-13,false
9008,955.1735831667278,73.86454235702053,true,116074.78140977288,6623.191192253157,2,21760.98333058933,true
9009,536.4933203982853,0.0,false,51125.576639810526,126.39686700000004,0,1.9895196601282805e-13,false
9010,1082.9786717253285,1.4040440076711846,true,146374.1348327555,3896.8742483090086,1,9873.603134,true
9011,613.8390971017106,0.0,false,61143.25702333866,133.66389757134763,1,8.899473527497605,false
9012,1149.1382397812513,38.356001716050116,true,140174.39340424194,9969.473194284097,2,9903.945704000002,false
9013,139.80731320377313,0.0,false,6028.423428018003,96.05429600000005,0,2.5579538487363607e-13,false
9014,803.4166063185345,0.0,false,86460.45393097219,133.66390026759268,1,8.899476829419271,false
9015,737.7835968805834,0.0,false,78963.96033383915,137.08524580922267,1,27.989246368876195,false
9016,405.74033006503316,0.0,false,34598.80909532414,126.39686600000005,0,3.410605131648481e-13,false
9017,985.9922583869376,88.89644915112969,true,99139.53837979728,10000.0,4,9874.320563495958,false
9018,486.8236767664648,0.0,false,44847.48959775995,126.39686700000038,0,4.831690603168681e-13,false
9019,705.5629871887264,0.0,false,74336.82084055526,137.08524416545924,1,27.989239445754137,false
9020,466.0029416995287,0.0,false,42215.81404158645,126.39686700000038,0,4.831690603168681e-13,false
9021,752.1295311119882,0.0,false,79647.82093264768,133.66390026759316,1,8.899476829419342,false
9022,1179.0002996545338,45.05450168137739,true,140385.66559494758,9999.999999999989,2,9873.603131999995,false
9023,1310.3557871388662,232.7960245300068,true,145866.6684856654,6748.418300940284,2,12627.121239437718,true
9024,778.6116522934485,0.0,false,83373.40762674,133.6639011663415,1,8.899477930059817,false
9025,625.17969644717,0.0,false,62488.68563416576,133.66389757134792,1,8.899473527497577,false
9026,955.346515631474,0.0,false,107231.97977105122,145.21267049070926,1,23.04252852154505,false
9027,486.3708744000668,0.0,false,44790.256799993935,126.39686700000048,0,1.0231815394945443e-12,false
9028,2258.2354806124613,1147.2061716304563,true,137489.09332132465,10000.0,3,9873.603132,false
9029,760.3884621580062,0.0,false,80285.02640027484,133.66389957134746,1,8.899473527497634,false
9030,796.0299853278605,0.0,false,85852.0314263722,133.66390116634102,1,8.899477930059888,false
9031,185.9070883319607,0.0,false,10456.504735415036,96.05429600000002,0,1.4210854715202004e-13,false
9032,1010.0042893550691,30.180051788517726,true,110557.91719600992,10000.0,2,9873.603132,false
9033,688.6599747531956,0.0,false,70835.38136476722,133.66389847009586,1,8.899474628138236,false
9034,557.5281711960479,0.0,false,53784.315752251096,126.396868,0,9.947598300641403e-14,false
9035,792.5815705645616,0.0,false,85147.95516614938,133.66390116634096,1,8.899477930059902,false
9036,727.1318514177053,0.0,false,76104.6537837578,133.66389936884426,1,8.899475728778825,false
9037,909.4454442057298,0.0,false,101204.78376794435,145.21266959196032,1,23.042527420904605,false
9038,813.1163367945437,0.0,false,87873.98107851105,133.66390116634096,1,8.899477930059902,false
9039,694.1103370709955,0.0,false,71831.64868985747,133.66389936884426,1,8.899475728778825,false
9040,424.04759716489025,0.0,false,36912.79019023467,126.39686600000002,0,1.7053025658242404e-13,false
9041,1063.6764212357668,32.71356461920118,true,119556.97695786573,-2312.6613627179736,2,12312.661362717974,false
9042,608.4290037740719,0.0,false,60377.55706338672,133.66389757134758,1,8.899473527497591,false
9043,548.7462525595402,0.0,false,53125.35022996031,137.08524019981263,1,27.989229061069878,false
9044,762.5608273848112,0.0,false,81064.35210343114,133.66390026759274,1,8.8994768294192,false
9045,577.9946649692063,0.0,false,56371.21632085437,126.39686800000024,0,2.4158453015843406e-13,false
9046,595.4605042146364,0.0,false,58767.75573106074,133.66389757134755,1,8.899473527497562,false
9047,1043.0406380924348,0.0,false,124421.68146862036,212.62808327221813,1,105.60193955791974,false
9048,712.5205030099592,0.0,false,74239.89877028207,133.66389936884423,1,8.89947572877864,false
9049,1376.7769418121493,268.0570474257828,true,137197.19056568833,10000.000000000005,3,9873.603132000007,false
9050,202.2070022431703,0.0,false,12022.181442117151,96.05429600000011,0,1.1368683772161603e-13,false
9051,946.2983808914498,48.5619799576951,true,99262.0010886419,10000.000000000002,3,9873.603132000007,false
9052,824.0354459552331,0.0,false,89311.66388506755,133.6639011663413,1,8.899477930059746,false
9053,1023.0891825586327,0.0,false,126302.8268050461,253.2260181524851,1,332.12258749444067,false
9054,510.18319802585165,0.0,false,47800.05975940913,126.3968670000003,0,3.694822225952521e-13,false
9055,586.7525732647833,0.0,false,57588.7303211072,133.66389757134755,1,8.899473527497548,false
9056,659.5049778090953,0.0,false,67103.82639412474,133.66389847009597,1,8.899474628138123,false
9057,1140.0430174555418,65.29336066440891,true,145511.47993122664,3896.87424830901,1,9873.603134000003,true
9058,612.8461157846905,0.0,false,61268.6284735961,133.66389847009597,1,8.899474628138123,false
9059,748.6127717643016,0.0,false,79620.06682369176,133.66390106508965,1,8.899479030700306,false
9060,960.7149336420791,0.0,false,108638.25292144954,154.07121634002564,1,72.46974449005965,false
9061,363.06004944300474,0.0,false,29204.15559810063,126.39686500000028,0,3.410605131648481e-13,false
9062,857.5114775815646,0.0,false,93703.45659559383,133.663901166341,1,8.899477930059732,false
9063,350.6993680693331,0.0,false,27641.80427264737,126.39686500000028,0,3.410605131648481e-13,false
9064,907.6906476408483,0.0,false,100839.44390893873,137.0852451654587,1,27.98923944575334,false
9065,617.0374134331224,0.0,false,61919.63944166382,133.66389836884434,1,8.899475728778668,false
9066,510.65536656795257,0.0,false,47859.740380993644,126.3968670000003,0,3.694822225952521e-13,false
9067,2134.989641798051,1010.5898203565906,true,139179.0841261612,10000.0,2,9873.603132000002,false
9068,400.7003607471316,0.0,false,33961.772794005024,126.39686600000009,0,1.7053025658242404e-13,false
9069,213.18689311221615,0.0,false,13076.847096760499,96.05429600000005,0,9.947598300641403e-14,false
9070,924.2682948487885,0.0,false,102821.92699528467,133.66390206508945,1,8.899479030700292,false
9071,575.4289983069805,0.0,false,56151.964279752545,133.66389757134755,1,8.899473527497548,false
9072,492.84697628523725,0.0,false,45608.815749795474,126.39686700000013,0,2.4158453015843406e-13,false
9073,348.3659308725247,0.0,false,27346.865135630134,126.39686500000013,0,2.8421709430404007e-13,false
9074,1395.1841337698345,288.63099634861675,true,149531.34005174367,10000.0,3,9873.603133,true
9075,661.1740560155463,0.0,false,67555.84513095449,133.6638984700959,1,8.899474628138123,false
9076,846.6345424363002,0.0,false,94129.77841219674,154.07121698378964,1,72.46975141318231,false
9077,928.3345904027773,0.0,false,103339.20502458504,137.08524516545847,1,27.989239445752986,false
9078,322.14669079058376,0.0,false,24032.83549146741,126.39686500000003,0,3.979039320256561e-13,false
9079,1286.7866414153666,225.7802028955265,true,137339.25722025344,10000.0,4,9873.603132000002,true
9080,710.7351246538869,0.0,false,74023.79249219786,133.66389936884403,1,8.89947572877874,false
9081,323.0417194305052,0.0,false,24145.964302058488,126.39686500000025,0,3.694822225952521e-13,false
9082,1023.5423037122429,0.0,false,121908.72338656857,253.2260178306031,1,332.1225840328798,false
9083,738.4764898159766,0.0,false,78092.87332061643,133.66390026759248,1,8.899476829419314,false
9084,751.7200603423711,0.0,false,79707.16634254555,133.66390026759248,1,8.899476829419314,false
9085,834.470224737637,0.0,false,90574.6277284741,137.08524384357673,1,27.989235984192447,false
9086,1495.356884492509,379.38102629448497,true,138114.32161501146,10000.0,3,9873.603132000004,false
9087,285.5860017269057,0.0,false,20031.092288574742,96.05429599999988,0,2.2737367544323206e-13,false
9088,696.7462387460081,0.0,false,72112.07079298343,133.66389847009592,1,8.899474628138165,false
9089,936.0799146053996,0.0,false,114969.27279850785,253.22601847436698,1,332.1225909560024,false
9090,795.4218486520901,0.0,false,85684.87422072321,133.66390116634108,1,8.899477930059788,false
9091,888.7316569231615,0.0,false,98377.16277573007,137.08524516545862,1,27.989239445753654,false
9092,361.5736686047373,0.0,false,29016.281725893055,126.39686500000008,0,1.1368683772161603e-13,false
9093,912.4914415018424,0.0,false,101254.59396257483,137.08524516545862,1,27.989239445753682,false
9094,495.0137833253859,0.0,false,45882.69335806291,126.39686700000001,0,7.105427357601002e-14,false
9095,850.5540990700766,0.0,false,92990.67449882453,133.66390116634105,1,8.899477930059817,false
9096,1226.0079335147425,109.24464186627783,true,138213.8507313935,10000.000000000004,2,9873.603132000004,false
9097,362.22948334933955,0.0,false,29099.174651008314,126.39686500000016,0,1.8474111129762605e-13,false
9098,667.0234819476766,0.0,false,68046.5698685696,137.0852398779304,1,27.989225599508103,false
9099,498.193867369664,0.0,false,46284.6459989759,126.39686700000019,0,1.7053025658242404e-13,false
9100,700.526826053637,0.0,false,72812.34853785193,133.66389936884414,1,8.899475728778697,false
9101,427.1365476591835,0.0,false,37303.223836497746,126.39686600000013,0,1.9895196601282805e-13,false
9102,872.6653279173264,0.0,false,95885.31321332481,133.66390206508953,1,8.89947903070032,false
9103,756.8963640055657,0.0,false,80499.86406507676,133.6639002675927,1,8.899476829419228,false
9104,372.6511065501121,0.0,false,30416.435110110717,126.39686500000019,0,2.2737367544323206e-13,false
9105,228.59170254786716,0.0,false,14556.545175901698,96.05429600000008,0,1.2789769243681803e-13,false
9106,437.7813199660738,0.0,false,38648.68964214838,126.39686600000022,0,2.8421709430404007e-13,false
9107,421.65763986284855,0.0,false,36610.70708933255,126.39686600000022,0,2.8421709430404007e-13,false
9108,728.2432339673102,0.0,false,76958.33617711841,137.08524284357654,1,27.989235984192064,false
9109,632.8688068565043,0.0,false,63786.77158398807,137.08523987793055,1,27.98922559950823,false
9110,406.97700019657975,0.0,false,34755.120318044086,126.39686600000022,0,2.8421709430404007e-13,false
9111,247.91409593416915,0.0,false,16412.544011690792,96.05429600000008,0,1.2789769243681803e-13,false
9112,512.6094690859043,0.0,false,48106.73280533486,126.39686700000019,0,2.1316282072803006e-13,false
9113,970.4498351907449,20.38997703542372,true,112627.21652870045,555.6146760253081,3,10591.79757857111,false
9114,326.48202172794134,0.0,false,24580.807713345603,126.39686500000019,0,2.2737367544323206e-13,false
9115,683.1887022642096,0.0,false,70302.78966184793,133.66389847009577,1,8.899474628138037,false
9116,141.9004658334448,0.0,false,6229.479724002207,96.05429600000014,0,3.410605131648481e-13,false
9117,1889.890260405883,908.29224323791,true,120300.4484420433,10000.0,2,9873.603133,false
9118,1139.9326138520948,62.08276808637714,true,148497.92437150644,9000.281715590636,2,9989.999999,false
9119,445.92218262937496,0.0,false,39677.66912862172,126.39686600000005,0,1.2789769243681803e-13,false
9120,378.8794156633998,0.0,false,31203.67383136796,126.39686500000005,0,1.1368683772161603e-13,false
9121,965.4305325011062,12.121202626972273,true,130161.80381010407,3718.7880402498376,1,11367.363649073952,true
9122,825.0792297033568,0.0,false,89527.44201695797,133.66390136884425,1,8.89947572877864,false
9123,577.6284335233431,0.0,false,57902.43311097622,137.0852434873405,1,27.98924290731503,false
9124,310.1016202991203,0.0,false,22510.37639082272,126.39686499999996,0,3.552713678800501e-13,false
9125,470.8452147232508,0.0,false,42827.86215188985,126.39686700000007,0,1.2789769243681803e-13,false
9126,788.4716733160041,0.0,false,95644.66267886615,282.1168272193326,1,642.8181175681444,false
9127,735.7445434309401,0.0,false,77602.95893429722,133.6639002675927,1,8.899476829419228,false
9128,909.0255504399447,0.0,false,100788.5929728223,133.66390206508953,1,8.89947903070032,false
9129,357.27935973551007,0.0,false,28473.49456465828,126.39686500000019,0,2.2737367544323206e-13,false
9130,689.5955439798747,0.0,false,70939.24101974936,137.08523955604852,1,27.98922213794721,false
9131,1076.6839109033738,0.0,false,129796.28268251204,212.6280832722182,1,105.60193955791974,false
9132,415.2788372124798,0.0,false,35804.446457387494,126.39686600000022,0,2.8421709430404007e-13,false
9133,1736.415048164435,624.9555635557334,true,134933.35663398606,9999.999999999998,3,9882.116231196318,false
9134,551.297127709943,0.0,false,52996.73141485291,126.39686800000021,0,8.242295734817162e-13,false
9135,2572.7871257117445,1428.6987471906807,true,144589.9643174635,10000.000000000004,4,9903.945704000002,false
9136,848.7958713046794,0.0,false,92685.76803190014,133.6639011663412,1,8.89947793005976,false
9137,1089.8088622613839,0.0,false,138648.73359020878,587.3889536049558,1,1207.182125673138,true
9138,405.80525064326685,0.0,false,34607.01485262718,126.39686600000019,0,1.9895196601282805e-13,false
9139,706.3984020835868,0.0,false,74631.76171529668,137.08524448734076,1,27.989242907314647,false
9140,643.5722034838917,0.0,false,64936.93558666328,133.66389757134755,1,8.899473527497548,false
9141,729.9863710471972,0.0,false,76167.45028117012,133.6638985713476,1,8.899473527497577,false
9142,316.9855610279322,0.0,false,23380.484890254582,126.3968650000001,0,2.1316282072803006e-13,false
9143,490.92692589919494,0.0,false,45366.12740803789,126.3968670000003,0,3.694822225952521e-13,false
9144,350.6619643240393,0.0,false,27637.076556652595,126.3968650000001,0,2.1316282072803006e-13,false
9145,1069.067509954562,0.0,false,128468.09122756872,212.62808327221825,1,105.60193955791974,false
9146,377.37211839224045,0.0,false,31013.156187699613,126.39686500000022,0,1.8474111129762605e-13,false
9147,762.2408157022724,0.0,false,81107.28420528893,133.6639002675927,1,8.899476829419228,false
9148,565.4359274958682,0.0,false,54821.731700552155,133.6638975713476,1,8.899473527497577,false
9149,2704.4209141507677,1590.3350090898477,true,137875.4374710444,10000.0,2,9873.603132000004,false
9150,694.766452707371,0.0,false,72012.48793997863,133.6638993688444,1,8.89947572877864,false
9151,1051.6569534799203,80.60471340461669,true,109803.50449569101,9999.999999999995,4,9873.603131999995,false
9152,1275.2384888458112,158.45167203893814,true,138216.824237571,10000.000000000542,3,9873.603132000584,false
9153,837.1706229765065,0.0,false,91405.91260188668,133.66390206508927,1,8.899479030699752,false
9154,1741.1063290439304,591.7792170338773,true,142329.81540726664,10000.000000000033,2,9873.603131000033,false
9155,473.60280404870804,0.0,false,43176.41278655481,126.39686700000036,0,5.400124791776761e-13,false
9156,797.818595575329,0.0,false,85800.02182387112,133.66390116634082,1,8.899477930059234,false
9157,822.4744165564235,0.0,false,90797.95922654426,154.07121434002516,1,72.46974449005788,false
9158,422.72582483133397,0.0,false,36745.722316316554,126.39686600000033,0,3.979039320256561e-13,false
9159,254.4602349232742,0.0,false,17041.328764169004,96.05429600000029,0,3.552713678800501e-13,false
9160,1138.59486276997,28.51020109399292,true,144158.13748449457,9882.896398556075,2,9989.999998,false
9161,657.6746935603452,0.0,false,66770.40338473224,137.0852385560485,1,27.98922213794718,false
9162,898.3071917304959,0.0,false,99100.33581312025,137.0852451654586,1,27.989239445753782,false
9163,591.2447189220178,0.0,false,58045.98154857037,126.3968680000001,0,1.1368683772161603e-13,false
9164,647.6571222424977,0.0,false,65542.24271220312,137.0852385560485,1,27.98922213794718,false
9165,563.2423996581869,0.0,false,54506.57629290231,126.3968680000001,0,1.1368683772161603e-13,false
9166,914.200782228901,0.0,false,106152.88156818989,253.2260168306031,1,332.1225840328796,false
9167,1478.195772491923,344.40540577032783,true,150236.8351143114,9000.28171559064,2,9989.999998,false
9168,869.3682224480687,0.0,false,100046.98329047055,253.2260171524851,1,332.12258749444095,false
9169,593.59422508414,0.0,false,58343.96249343069,133.6638975713475,1,8.89947352749762,false
9170,608.4800235588249,0.0,false,60297.100659196236,137.08523855604835,1,27.989222137947422,false
9171,611.5220152064568,0.0,false,60661.81142026211,133.6638975713475,1,8.89947352749762,false
9172,464.56306867488297,0.0,false,42033.81861103262,126.39686700000001,0,1.4210854715202004e-13,false
9173,303.9854779478348,0.0,false,21798.440968546358,96.05429600000002,0,1.1368683772161603e-13,false
9174,559.5429394243898,0.0,false,54038.976131956,126.39686799999998,0,1.7053025658242404e-13,false
9175,359.85793467540583,0.0,false,28799.41834291437,126.39686499999993,0,2.2737367544323206e-13,false
9176,1170.0458117693931,82.45233254179607,true,147134.89877043734,3896.8742489271353,1,9873.603133,true
9177,422.5045195164431,0.0,false,36717.75001919176,126.39686600000033,0,3.268496584496461e-13,false
9178,619.5070383445368,0.0,false,61725.632685989716,133.66389757134783,1,8.899473527497548,false
9179,407.03485570832754,0.0,false,34762.433073120636,126.39686600000033,0,3.268496584496461e-13,false
9180,422.63064600850777,0.0,false,36733.6920118776,126.39686600000033,0,3.268496584496461e-13,false
9181,846.8874740017148,0.0,false,94307.1691077672,253.2260171524856,1,332.12258749444084,false
9182,583.3055468615682,0.0,false,57092.862472349065,133.6638975713479,1,8.899473527497662,false
9183,342.125097490249,0.0,false,26558.043386086523,126.3968650000005,0,4.973799150320701e-13,false
9184,1207.4168056023498,90.84225701815447,true,150021.82355626835,9000.281715590641,2,9989.999999,false
9185,1384.5820096252785,263.3384320016928,true,138780.1448150312,10000.000000000015,2,9873.603132000015,false
9186,558.9780916569309,0.0,false,53967.58114720642,126.3968680000005,0,4.547473508864641e-13,false
9187,366.5775363300454,0.0,false,29648.75489923129,126.3968650000005,0,4.973799150320701e-13,false
9188,574.6497399621762,0.0,false,55948.42829968548,126.3968680000005,0,4.547473508864641e-13,false
9189,1564.5296864752852,551.2773202065288,true,119503.87340759566,10000.0,3,9873.603132,false
9190,780.8683237715442,0.0,false,83556.23448231975,133.66390026759274,1,8.899476829419257,false
9191,409.34237858558686,0.0,false,35054.09672149176,126.39686599999999,0,1.9895196601282805e-13,false
9192,728.1400700321001,0.0,false,76796.05740270801,133.66390026759262,1,8.899476829419257,false
9193,570.5160798386626,0.0,false,55425.94663563232,126.39686799999998,0,2.5579538487363607e-13,false
9194,673.2839948159517,0.0,false,69198.05018123523,133.66389936884417,1,8.899475728778697,false
9195,1129.355217322931,20.40206134885252,true,137226.67409816693,9999.999999999993,2,9873.60313200001,false
9196,1282.230514803476,172.25420313080264,true,143730.26007610632,9969.473193278012,2,9903.945704,false
9197,1094.7968072719443,40.0870515983389,true,146196.3682167773,9000.281715590623,2,9989.999999000001,false
9198,612.0430896767657,0.0,false,61359.47045494423,133.66389747009572,1,8.899474628138108,false
9199,695.8158550933275,0.0,false,73489.9594385982,137.08524448734067,1,27.98924290731506,false
9200,549.6736831616519,0.0,false,52791.53311994134,126.39686800000004,0,4.547473508864641e-13,false
9201,1911.203561049412,803.7121343504871,true,137041.91610615575,10000.0,3,9873.603132,false
9202,650.5592059369479,0.0,false,70050.08038964245,-117.3213931968913,2,1040.8311596307178,false
9203,755.6690712397201,0.0,false,80319.51500923999,137.0852425216944,1,27.989232522631212,false
9204,491.7257353425557,0.0,false,45467.09441421581,126.39686700000003,0,1.4210854715202004e-13,false
9205,413.5122922404575,0.0,false,35581.16071810848,126.39686599999985,0,7.958078640513122e-13,false
9206,495.97749633279767,0.0,false,46004.503657104586,126.39686700000003,0,1.4210854715202004e-13,false
9207,197.8113057511667,0.0,false,11599.955923335134,96.05429599999998,0,1.2789769243681803e-13,false
9208,898.9116331770033,0.0,false,99637.64445238058,162.56869275248624,1,114.45810485365347,false
9209,568.227844559894,0.0,false,55136.72087916649,126.39686800000003,0,2.984279490192421e-13,false
9210,1308.985961481754,182.2386049866641,true,139475.80518802739,10000.000000000013,3,9873.603132000022,false
9211,952.271217382174,0.0,false,106292.57900959163,133.66390206508953,1,8.89947903070032,false
9212,917.3098573550844,0.0,false,104276.6360912675,253.22601683060304,1,332.12258403287973,false
9213,483.3735457014568,0.0,false,44411.403861104256,126.39686700000019,0,2.1316282072803006e-13,false
9214,712.9212449741921,0.0,false,74344.12106371603,133.66389936884434,1,8.899475728778668,false
9215,1045.1940590833053,0.0,false,119969.73085433138,212.6280824747214,1,105.60193735663864,false
9216,723.9856499832244,0.0,false,76144.42281649627,137.08524252169462,1,27.989232522630985,false
9217,314.2624491100084,0.0,false,23036.292091677333,126.39686500000016,0,1.7053025658242404e-13,false
9218,828.3245545570697,0.0,false,90079.15623747077,133.66390116634116,1,8.89947793005976,false
9219,470.69958152719744,0.0,false,42809.45457305136,126.39686700000019,0,2.1316282072803006e-13,false
9220,677.4547239717084,0.0,false,69845.91208317249,133.66389936884434,1,8.899475728778668,false
9221,724.0597087242858,0.0,false,75741.41863816617,133.66389936884434,1,8.899475728778668,false
9222,976.6758096046367,0.0,false,110387.05679084378,145.21267318695396,1,23.042531823466703,false
9223,748.5348470587785,0.0,false,78436.42804608989,133.6638985713476,1,8.899473527497577,false
9224,1377.5420435624885,338.88995631101443,true,125172.30800889796,10000.0,3,9903.945704,false
9225,490.8609661592697,0.0,false,45357.790303958944,126.39686700000009,0,3.126388037344441e-13,false
9226,364.3082139767299,0.0,false,29361.91967717501,126.3968650000001,0,1.4210854715202004e-13,false
9227,554.7024463349755,0.0,false,53427.152999761885,126.39686800000013,0,1.7053025658242404e-13,false
9228,559.1800955391057,0.0,false,53993.1138038231,126.39686800000013,0,1.7053025658242404e-13,false
9229,1019.9227413920898,0.0,false,115248.4723051065,154.07120940873335,1,72.46972372069217,false
9230,1176.5859914128441,177.25010232778743,true,113392.98882517389,10000.000000000002,2,9873.603132000002,false
9231,684.3673578142127,0.0,false,70626.00616330006,133.66389936884426,1,8.899475728778654,false
9232,367.2732526320874,0.0,false,29736.69125595588,126.3968650000001,0,1.4210854715202004e-13,false
9233,463.7511912819493,0.0,false,41931.19985704898,126.39686700000007,0,1.1368683772161603e-13,false
9234,360.75406216584514,0.0,false,28912.686044761707,126.3968650000001,0,1.4210854715202004e-13,false
9235,979.2473288256625,0.0,false,110855.74646089066,145.21267408570225,1,23.04253292410722,false
9236,827.8882222269968,0.0,false,89753.11766219995,133.66390116634102,1,8.899477930059774,false
9237,929.1522121019331,0.0,false,103602.55288010252,133.66390206508933,1,8.899479030700263,false
9238,806.2255239308066,0.0,false,86976.64080159672,133.66390116634102,1,8.899477930059774,false
9239,1757.4452056348323,629.0533459643034,true,145283.07034981178,9969.47319327803,2,9903.945704,false
9240,384.68965591715477,0.0,false,31938.069961098463,126.3968660000001,0,1.4210854715202004e-13,false
9241,964.88399618997,0.0,false,115041.59946329208,253.22601815248504,1,332.12258749444106,false
9242,630.7571234216535,0.0,false,63497.92283043273,133.66389847009597,1,8.899474628138137,false
9243,508.21370214402435,0.0,false,48841.29569630748,137.08524348734062,1,27.989242907315074,false
9244,452.8782294261951,0.0,false,40556.891608708895,126.39686600000005,0,1.2789769243681803e-13,false
9245,919.7813678016616,0.0,false,102540.84407355887,154.07120973061555,2,72.4697271822537,false
9246,779.4638838507254,0.0,false,83279.46038884597,137.0852425216946,1,27.989232522631156,false
9247,1068.2379341958697,169.91413136708752,true,99218.62017412961,9999.999999999996,4,9874.320563495958,false
9248,730.1284643542641,0.0,false,76378.2216637337,133.663899470096,1,8.899474628138123,false
9249,453.3737451455657,0.0,false,40619.52324021358,126.39686600000019,0,1.9895196601282805e-13,false
9250,1338.6155681176342,207.02165907551472,true,140088.3942166436,10000.0,2,9873.603132000006,false
9251,1475.2471720989279,455.1046119897649,true,138609.31432230223,9999.999999999998,3,9873.603134000005,true
9252,1009.2545744167878,0.0,false,124122.60766351677,555.614676025307,1,1358.169164166845,false
9253,544.3761803113398,0.0,false,52121.94538852349,126.39686800000055,0,5.968558980384842e-13,false
9254,456.10169692070485,0.0,false,40964.32778155052,126.39686600000064,0,5.684341886080801e-13,false
9255,733.4936120601279,0.0,false,77305.38539271017,133.6639001663415,1,8.899477930059689,false
9256,1159.9239443030133,119.25422953280075,true,124114.98944502081,10000.0,2,9873.603132,false
9257,150.30731953137723,0.0,false,7036.994112311542,96.05429600000022,0,2.1316282072803006e-13,false
9258,658.9415261516516,0.0,false,67153.44058463522,133.66389847009606,1,8.899474628138108,false
9259,443.6677642172746,0.0,false,39392.71771795173,126.3968660000003,0,3.126388037344441e-13,false
9260,567.4883120732286,0.0,false,55043.24629424461,126.39686800000028,0,3.552713678800501e-13,false
9261,199.9682838215923,0.0,false,11807.142926906414,96.05429600000022,0,2.1316282072803006e-13,false
9262,293.07098208159493,0.0,false,20750.056784663288,96.05429600000022,0,2.1316282072803006e-13,false
9263,676.7041951454075,0.0,false,69987.55795459052,137.08524152169468,1,27.9892325226309,false
9264,561.3626071604917,0.0,false,54268.97642186239,126.39686800000028,0,3.552713678800501e-13,false
9265,448.40963176594386,0.0,false,39992.07489138124,126.3968660000003,0,3.126388037344441e-13,false
9266,863.2808103156674,0.0,false,94251.31796949147,133.66390106508962,1,8.899479030700306,false
9267,1369.195656582619,318.15956713470257,true,124931.58745742787,10000.0,2,9873.603132,false
9268,923.5816498658902,0.0,false,102454.52601484557,133.66390206508936,1,8.89947903070032,false
9269,671.170674303554,0.0,false,68460.9404575078,137.0852382341664,1,27.989218676386074,false
9270,1172.8544958554671,30.967721131398307,true,145497.76852579805,9969.473193278027,2,9903.945704,false
9271,549.7032476544449,0.0,false,52795.26997902743,126.39686799999996,0,2.5579538487363607e-13,false
9272,347.06955933928987,0.0,false,27183.007843139436,126.39686499999995,0,2.7000623958883807e-13,false
9273,892.5510744000833,0.0,false,98554.11280772802,137.0852451654585,1,27.989239445753384,false
9274,1248.0737979125115,133.78324549121544,true,138004.46179039957,9999.999999999998,3,9903.945704000002,false
9275,759.7270798456716,0.0,false,80727.78786970401,133.6639002675926,1,8.899476829419243,false
9276,487.37474742115575,0.0,false,44917.14319870195,126.39686699999996,0,3.126388037344441e-13,false
9277,464.6507708493303,0.0,false,42044.90389058562,126.39686699999996,0,3.126388037344441e-13,false
9278,1016.1770286429645,0.0,false,115094.52359598389,154.07121205249754,1,72.46973064381505,false
9279,235.41673896355778,0.0,false,15212.119223510095,96.05429600000008,0,1.4210854715202004e-13,false
9280,428.28617800811764,0.0,false,37448.53350391328,126.39686600000005,0,1.1368683772161603e-13,false
9281,999.425325725576,0.0,false,117698.98434205148,253.22601650872093,1,332.1225805713185,false
9282,333.1148788047829,0.0,false,25419.18002732,126.39686500000019,0,2.4158453015843406e-13,false
9283,871.5259055932402,0.0,false,95658.06093673738,133.66390116634105,1,8.899477930059746,false
9284,1487.7005333293146,507.58717795593407,true,123280.5933976045,10000.0,2,9873.603134,true
9285,969.3607348426747,9.510308411314336,true,130988.57788243542,3896.874247690882,1,9873.603135000001,true
9286,1025.1010158465174,0.0,false,118860.16328900932,212.62808237346962,1,105.60193845727923,false
9287,411.0604032745845,0.0,false,35271.24964930161,126.39686600000002,0,8.526512829121202e-14,false
9288,846.1602133349148,0.0,false,91946.05556893427,133.6639012675926,1,8.899476829419228,false
9289,313.98246077161315,0.0,false,23000.902444587548,126.39686500000008,0,1.8474111129762605e-13,false
9290,284.0000671704204,0.0,false,19878.756466007246,96.05429600000002,0,1.8474111129762605e-13,false
9291,1778.3782758813413,707.3183720170687,true,145045.1067434058,10000.0,4,9873.603134,true
9292,656.887458385893,0.0,false,66698.97777597318,133.6638975713476,1,8.89947352749779,false
9293,392.60432517498606,0.0,false,32938.45931114147,126.39686599999992,0,1.5631940186722204e-13,false
9294,832.7664251122176,0.0,false,90323.08584799137,133.66390116634113,1,8.899477930060002,false
9295,476.45381969427046,0.0,false,43536.77221481572,126.3968669999999,0,1.4210854715202004e-13,false
9296,825.6697029055053,0.0,false,89725.24521962153,133.66390116634113,1,8.899477930060002,false
9297,390.47290414895093,0.0,false,33494.928484239725,152.6712316382644,1,195.60301448637028,false
9298,465.22397898991915,0.0,false,42117.35560025569,126.39686699999993,0,1.2789769243681803e-13,false
9299,489.93788951971356,0.0,false,45241.116314256586,126.39686699999993,0,1.2789769243681803e-13,false
9300,1312.4514520864918,198.99162443382914,true,137796.3032518977,10000.0,2,9873.603132000007,false
9301,248.5002354787836,0.0,false,16468.845231248066,96.05429600000014,0,1.7053025658242404e-13,false
9302,436.45009421760443,0.0,false,38480.42688625947,126.39686600000006,0,2.4158453015843406e-13,false
9303,425.08935839429904,0.0,false,37044.46553954341,126.39686600000006,0,2.4158453015843406e-13,false
9304,465.369781524735,0.0,false,42135.78458298235,126.39686700000007,0,2.5579538487363607e-13,false
9305,1103.2072530378432,0.0,false,139668.3143752857,397.3645634507154,1,331.8370731666171,false
9306,297.2754944112839,0.0,false,21153.918243901346,96.05429600000001,0,1.2789769243681803e-13,false
9307,377.8768554547289,0.0,false,31076.95336802846,126.39686500000008,0,2.5579538487363607e-13,false
9308,407.9433350941017,0.0,false,34877.26201576558,126.39686600000017,0,3.552713678800501e-13,false
9309,480.9469864928139,0.0,false,44104.69439410119,126.39686700000007,0,2.5579538487363607e-13,false
9310,859.6639862744339,0.0,false,101955.83826416622,253.226018474367,1,332.1225909560018,false
9311,1216.6399415506628,180.51204285624468,true,136085.07164995352,10000.000000000002,2,9873.603134000003,true
9312,454.0067994214211,0.0,false,40699.53931352428,126.39686600000022,0,3.410605131648481e-13,false
9313,1307.3824866455943,190.22393809904105,true,138263.80996260062,10000.000000000004,2,9873.603132000015,false
9314,1426.4968686888337,314.93776251675723,true,137556.05802311632,10000.0,2,9873.60313200001,false
9315,503.68993909651607,0.0,false,46979.332213080816,126.39686700000001,0,9.663381206337363e-13,false
9316,291.9954568508484,0.0,false,20646.747969020253,96.05429600000011,0,2.5579538487363607e-13,false
9317,632.6130432761666,0.0,false,63737.122143970795,137.08523987793035,1,27.989225599508103,false
9318,449.3251174042849,0.0,false,40107.78940235797,126.3968659999999,0,4.831690603168681e-13,false
9319,351.77430821035193,0.0,false,27777.673332235056,126.39686499999978,0,3.410605131648481e-13,false
9320,371.7182488110735,0.0,false,30298.5248201367,126.39686499999978,0,3.410605131648481e-13,false
9321,1223.2617502025485,239.7782838166213,true,115919.64484900577,10000.0,2,9873.603133,false
9322,472.9947986051734,0.0,false,43099.562807021066,126.39686699999993,0,2.5579538487363607e-13,false
9323,997.7584659683959,63.51923581387674,true,127751.4030665878,7649.668174085176,3,15892.490093433278,true
9324,974.2808661014558,0.0,false,109640.9020747319,145.21267049070866,1,23.042528521545066,false
9325,794.2680838190506,0.0,false,87853.02261389112,253.2260171524849,1,332.12258749444095,false
9326,1598.335006464785,505.87676026275767,true,147749.79004550143,10000.0,2,9873.603133,true
9327,701.2031737546897,0.0,false,73059.43147482468,137.08524252169445,1,27.989232522631028,false
9328,570.4990372105756,0.0,false,55449.892745990044,137.08523855604838,1,27.98922213794725,false
9329,499.4352424481595,0.0,false,46441.551912221265,126.39686699999993,0,2.1316282072803006e-13,false
9330,857.2467179937828,0.0,false,93618.18622348215,133.6639011663409,1,8.89947793005976,false
9331,794.7488053379546,0.0,false,85621.46790943043,133.6639011663409,1,8.89947793005976,false
9332,611.0407106843475,0.0,false,60733.958972448476,133.66389757134735,1,8.899473527497548,false
9333,800.2615164212245,0.0,false,86271.38758653405,133.6639020650893,1,8.899479030700306,false
9334,414.38028382745887,0.0,false,35690.87213007986,126.39686599999993,0,2.1316282072803006e-13,false
9335,400.3361764964758,0.0,false,33915.74104789649,126.39686599999993,0,2.1316282072803006e-13,false
9336,377.0659088348153,0.0,false,30974.452260832797,126.39686499999996,0,1.9895196601282805e-13,false
9337,433.37797860108054,0.0,false,38092.12111570173,126.39686599999993,0,2.1316282072803006e-13,false
9338,588.6898246730648,0.0,false,57723.0509353157,126.39686799999987,0,3.126388037344441e-13,false
9339,1051.817074215377,127.82632108732491,true,103117.30962932805,10000.0,2,9873.603132,false
9340,1175.597842239861,43.8199724209738,true,152719.66704637418,7649.668174561262,3,15892.490090214083,true
9341,518.2970748935048,0.0,false,48825.62832602095,126.39686699999999,0,3.268496584496461e-13,false
9342,568.9487733731961,0.0,false,55227.84401817241,126.39686800000003,1,1.5631940186722204e-13,false
9343,783.0661253238447,0.0,false,84186.82100578392,137.0852438435765,1,27.989235984192348,false
9344,862.6250928811296,0.0,false,94482.44928324464,133.66390116634096,1,8.899477930059746,false
9345,456.0775546267525,0.0,false,40961.27627137753,126.39686600000003,0,2.7000623958883807e-13,false
9346,529.049417443398,0.0,false,50184.690672724166,126.39686700000004,0,3.694822225952521e-13,false
9347,1362.9570510884762,198.48450749132346,true,144244.15041836587,9999.999999999998,2,9873.603131000003,false
9348,942.8926937389374,0.0,false,107756.59139249197,253.2260168306029,1,332.1225840328792,false
9349,853.0003857364082,88.97722834575666,true,86959.02844406044,-2511.5506533936386,3,12511.550653393642,false
9350,459.2430954756746,0.0,false,41361.390698048664,126.39686600000051,0,6.963318810448982e-13,false
9351,796.7894178748583,0.0,false,85162.53442797791,133.66389947009634,1,8.899474628138151,false
9352,603.2847638727151,0.0,false,59752.719138847824,133.66389757134797,1,8.899473527497605,false
9353,757.0680432464619,0.0,false,80537.6203439179,133.6639002675931,1,8.899476829419257,false
9354,555.7918701826583,0.0,false,53564.85275440762,126.39686800000051,0,5.684341886080801e-13,false
9355,447.3970790886104,0.0,false,39864.09141136927,126.39686600000051,0,6.963318810448982e-13,false
9356,490.82498011563206,0.0,false,45353.24178100342,126.39686700000051,0,6.963318810448982e-13,false
9357,584.8174629205163,0.0,false,57476.994276177145,133.66389757134797,1,8.899473527497605,false
9358,989.0187706378744,45.99766666459751,true,128861.40435097729,3718.788040249837,1,11367.363649073952,true
9359,308.57521235141957,0.0,false,22317.443217627915,126.39686500000037,0,7.247535904753022e-13,false
9360,1073.5734927399092,190.08607610465137,true,97233.15028198858,10000.0,4,9873.603132000007,false
9361,1173.706355111658,68.52200991433835,true,149601.0213391218,9000.281715590636,2,9989.999999,false
9362,1026.224226458267,128.5187725291892,true,99322.76674243304,10000.0,3,9873.603132000002,false
9363,923.4710903978663,0.0,false,103574.52762363871,154.0712140181442,1,72.46974102849889,false
9364,435.7791304711202,0.0,false,38395.61917485915,126.39686600000056,0,6.821210263296962e-13,false
9365,911.1499879981075,0.0,false,101089.1260457223,133.66390206508996,1,8.899479030700348,false
9366,502.40228778319636,0.0,false,46816.577129014695,126.39686700000058,0,7.673861546209082e-13,false
9367,864.8064789151852,7.517663166243046,true,95259.8355912408,10000.0,3,9903.945704,false
9368,478.0481956078172,0.0,false,43738.29632554223,126.39686700000067,0,7.958078640513122e-13,false
9369,266.3670990249656,0.0,false,18185.034177304136,96.05429600000053,0,5.968558980384842e-13,false
9370,809.0708836607864,0.0,false,87609.33112568529,133.66390116634165,1,8.89947793005986,false
9371,705.0592876844503,0.0,false,73250.86488367988,133.66389936884482,1,8.899475728778768,false
9372,744.8489015224283,0.0,false,78538.14466915217,133.66389936884482,1,8.899475728778768,false
9373,1484.4287902767335,323.9209421236055,true,148260.45824783572,9969.47319327803,2,9903.945704,false
9374,442.46204363024566,0.0,false,39240.3184205081,126.3968660000001,0,1.1368683772161603e-13,false
9375,1565.2169674576025,424.96333273500875,true,141182.9563597765,10000.0,2,9873.603131000002,false
9376,687.389256812015,0.0,false,70918.47473847709,133.6638984700959,1,8.899474628138051,false
9377,609.7713590437446,0.0,false,60774.0523250023,133.6638984700959,1,8.899474628138051,false
9378,669.799876189165,0.0,false,68403.23436076783,133.6638984700959,1,8.899474628138051,false
9379,336.399886931953,0.0,false,25834.39474295385,126.39686500000022,0,3.268496584496461e-13,false
9380,887.9390978114853,0.0,false,97920.62236421203,137.08524516545845,1,27.989239445752943,false
9381,349.0763208030755,0.0,false,27436.65619293784,126.39686500000022,0,3.268496584496461e-13,false
9382,1124.2836888618417,0.0,false,142007.903190641,397.3645634507161,1,331.83707316661787,false
9383,618.8747831730268,0.0,false,67251.38961237873,171.6030791443511,1,261.0097059690525,false
9384,842.8396933386713,0.0,false,91917.16298784556,137.08524384357656,1,27.98923598419242,false
9385,421.94223110390743,0.0,false,36646.67852887044,126.39686600000005,0,1.9895196601282805e-13,false
9386,1578.6660825449626,474.02677503630065,true,148592.2562174614,9000.281715590636,2,9989.999998999996,false
9387,1047.6973125765053,0.0,false,124606.11299787347,212.62808327221796,1,105.60193955791983,false
9388,426.09740093788247,0.0,false,37171.87895280679,126.3968659999999,0,1.7053025658242404e-13,false
9389,435.66858452817405,0.0,false,38381.646514674336,126.3968659999999,0,1.7053025658242404e-13,false
9390,280.91527745784117,0.0,false,19582.44917111176,96.054296,0,9.947598300641403e-14,false
9391,475.8891888396405,0.0,false,43465.40464716676,126.39686699999999,0,1.4210854715202004e-13,false
9392,946.0908560713334,0.0,false,105830.89298232134,145.21266959196032,1,23.042527420904577,false
9393,200.7209568469984,0.0,false,11879.440402221935,96.054296,0,9.947598300641403e-14,false
9394,972.0055936592192,0.0,false,110549.54257253131,212.62808237346962,1,105.6019384572792,false
9395,558.8858093420345,0.0,false,53955.91695227759,126.39686799999993,0,1.5631940186722204e-13,false
9396,431.87880161844845,0.0,false,37902.62985101359,126.39686599999985,0,1.2789769243681803e-13,false
9397,689.1388232154427,0.0,false,71066.40686906422,133.66389847009586,1,8.899474628138165,false
9398,1306.1071325366142,156.42019086206676,true,142375.29674735302,10000.0,2,9873.603131000003,false
9399,671.0260994488461,0.0,false,68607.36487654608,133.66389847009586,1,8.899474628138137,false
9400,704.3755833847674,0.0,false,73095.57783402948,133.66389847009586,1,8.899474628138137,false
9401,693.3865005745301,0.0,false,71898.70823841791,133.66389936884426,1,8.899475728778697,false
9402,343.6905350525389,0.0,false,26755.909780051406,126.3968650000001,0,3.410605131648481e-13,false
9403,385.6065461264934,0.0,false,32053.96200544051,126.3968660000001,0,9.947598300641403e-14,false
9404,801.6852727515907,0.0,false,86609.27996074631,133.66390116634102,1,8.899477930059803,false
9405,1435.8768258526518,309.49543454276926,true,139429.54833738192,10000.0,3,9873.603132000004,false
9406,896.3191803196194,0.0,false,99001.88572768665,137.08524516545847,1,27.98923944575337,false
9407,571.3528679705856,0.0,false,55531.71402882952,126.39686800000015,0,1.7053025658242404e-13,false
9408,1398.998537762042,468.14789799302275,true,103598.20108663147,10000.0,3,9874.320563495956,false
9409,736.2581076730008,0.0,false,78142.27675877215,133.6639010650894,1,8.89947903070032,false
9410,586.0800581085815,0.0,false,57393.18463362237,126.39686800000013,0,1.9895196601282805e-13,false
9411,1093.100338439227,159.24995867553434,true,104073.67932306827,10000.0,3,9874.320563495958,false
9412,1176.5451893419856,66.14757019729925,true,151615.7686995469,9080.986382379862,1,9989.999999,false
9413,1036.1671853918165,83.54760906996138,true,111302.03064168032,9789.243092626186,3,10591.797571085679,false
9414,959.9516804312625,0.0,false,107365.59246134666,133.6639020650889,1,8.899479030700377,false
9415,453.03687242453395,0.0,false,40576.94358571844,126.39686599999953,0,7.389644451905042e-13,false
9416,758.0723557850305,0.0,false,80605.19039797367,133.66390026759203,1,8.899476829419257,false
9417,658.3946641547846,0.0,false,67031.23271744334,133.6638984700953,1,8.899474628138123,false
9418,495.4341521809528,0.0,false,45935.826661868574,126.39686699999956,0,5.115907697472721e-13,false
9419,318.78150363250154,0.0,false,23607.486398008205,126.39686499999945,0,5.968558980384842e-13,false
9420,685.6821009672963,0.0,false,70726.51540740661,133.6638984700953,1,8.899474628138123,false
9421,441.24191048859865,0.0,false,39086.09742140173,126.39686599999953,0,7.389644451905042e-13,false
9422,1021.3058605152751,0.0,false,118092.57483533496,212.62808237346894,1,105.60193845727913,false
9423,608.8944640588984,0.0,false,60276.85393132182,126.39686799999953,0,8.242295734817162e-13,false
9424,523.4702639676079,0.0,false,49479.50318634683,126.39686699999949,0,6.679101716144942e-13,false
9425,495.6203802695644,0.0,false,45959.36530769911,126.39686699999949,0,6.679101716144942e-13,false
9426,558.867448593838,0.0,false,53953.59621133978,126.39686799999953,0,8.242295734817162e-13,false
9427,338.0534253467026,0.0,false,26043.39680812101,126.3968649999995,0,5.258016244624741e-13,false
9428,290.42914685121065,0.0,false,20496.29716938614,96.05429599999962,0,5.115907697472721e-13,false
9429,624.0317677906705,0.0,false,62819.3486723431,137.08523987793046,1,27.989225599508657,false
9430,804.2890895052526,0.0,false,87063.57045443587,133.66390116634102,1,8.899477930059788,false
9431,370.83306277106414,0.0,false,30186.64008327846,126.39686500000008,0,1.1368683772161603e-13,false
9432,673.5779368373375,0.0,false,69059.82514803877,133.66389847009586,1,8.899474628138108,false
9433,1325.9559078874468,238.85249597388372,true,147072.95580026443,10000.0,3,9873.603133,true
9434,709.7884038203182,0.0,false,74222.7275098261,137.08524252169457,1,27.989232522631056,false
9435,921.2787204429269,0.0,false,102259.88843982058,137.08524516545862,1,27.989239445753682,false
9436,815.4224771755863,0.0,false,88191.79148043595,133.66390116634093,1,8.89947793005976,false
9437,1311.5967415457233,303.08067830560594,true,114212.394067559,10000.0,2,9873.603132,false
9438,1111.9003321123705,72.04488821771858,true,141100.96095404564,3896.8742483090055,1,9873.603134000003,true
9439,626.6844972897366,0.0,false,64058.17429808762,137.0852431654585,1,27.989239445753967,false
9440,1180.6532182395451,80.88636897426069,true,151487.26603043382,9000.28171559064,2,9989.999999,false
9441,738.5554949425447,0.0,false,78078.52934362346,133.66390036884422,1,8.89947572877881,false
9442,551.5119198632258,0.0,false,53023.88046879526,126.39686799999986,0,2.2737367544323206e-13,false
9443,196.32158486175268,0.0,false,11456.861836535158,96.054296,0,1.8474111129762605e-13,false
9444,1533.9427054640473,413.4110900433137,true,138690.15502743985,10000.000000000004,2,9873.603132000018,false
9445,332.4463418629029,0.0,false,25334.679056403806,126.39686499999989,0,4.405364961712621e-13,false
9446,1066.694724785637,42.15599887647151,true,139164.97587985796,6748.418300940279,2,20953.989159516725,true
9447,672.5662172661964,0.0,false,70687.54743506738,137.08524613110455,1,27.989249830437643,false
9448,720.3400293616713,0.0,false,75088.1375003164,133.66389847009583,1,8.899474628138165,false
9449,569.055209714785,0.0,false,55241.297237645565,126.39686799999981,0,1.8474111129762605e-13,false
9450,383.2062468387506,0.0,false,31750.57171000922,126.39686499999982,0,3.410605131648481e-13,false
9451,1209.116473691898,101.40072660195669,true,142335.81545538004,9969.473193278032,2,9903.945703999998,false
9452,593.8180068329034,0.0,false,58483.65475420141,137.08523855604847,1,27.989222137947706,false
9453,577.7326043327389,0.0,false,56394.98553565802,133.66389757134738,1,8.899473527497605,false
9454,419.90609629675373,0.0,false,36389.31748067343,126.39686599999993,0,1.2789769243681803e-13,false
9455,455.2825515377989,0.0,false,40860.79037644851,126.39686599999993,0,1.2789769243681803e-13,false
9456,1545.5897341050536,401.7375873334872,true,141637.79698703726,9999.999999999995,2,9873.60313100002,false
9457,944.0367781789907,0.0,false,109458.67096705874,253.22601683060304,1,332.12258403287984,false
9458,533.6285842127528,0.0,false,50763.48297836611,126.39686700000007,0,1.2789769243681803e-13,false
9459,483.17219771084575,0.0,false,44385.95410712229,126.39686700000007,0,1.2789769243681803e-13,false
9460,307.4224464868327,0.0,false,22171.737230876126,126.39686500000008,0,1.1368683772161603e-13,false
9461,596.3869575304815,0.0,false,59008.65882535173,133.66389757134746,1,8.899473527497591,false
9462,783.9232266250664,0.0,false,84005.49590612567,133.66390026759265,1,8.899476829419243,false
9463,476.38157211461635,0.0,false,43527.64034753262,126.39686700000007,0,1.2789769243681803e-13,false
9464,304.19247012261167,0.0,false,21818.323455551086,96.05429600000005,0,9.947598300641403e-14,false
9465,389.0407003656529,0.0,false,32488.028321460093,126.39686600000002,0,9.947598300641403e-14,false
9466,568.2062019135747,0.0,false,55133.98531660803,126.39686800000004,0,1.1368683772161603e-13,false
9467,440.7280341156185,0.0,false,39021.14506091509,126.39686600000002,0,9.947598300641403e-14,false
9468,1462.6866909208852,343.96444003457464,true,140708.68082022807,10000.000000000004,3,9903.945704000005,false
9469,1756.594924981709,639.0425156851535,true,138313.592725072,9999.999999999998,3,9873.603132000011,false
9470,1127.5493702555605,4.650674259887625,true,151597.36734684644,3896.8742489271363,1,9873.603132999997,true
9471,946.9491145584783,0.0,false,122469.33225353807,1686.4957447683441,1,4936.603620912457,true
9472,458.3509384259527,0.0,false,41248.62484744465,126.3968659999997,0,7.389644451905042e-13,false
9473,1296.1528259910976,166.83222242819406,true,144929.35806992542,9969.473193278034,2,9903.945704,false
9474,644.3689632565607,0.0,false,65348.97484534311,133.66389847009566,1,8.899474628138321,false
9475,345.63910411731854,0.0,false,27002.202793281205,126.3968649999997,0,4.263256414560601e-13,false
9476,418.35298899989084,0.0,false,36193.009593553776,126.39686599999942,0,1.0516032489249483e-12,false
9477,787.7717509235703,0.0,false,84897.56763186226,137.08524416545833,1,27.989239445754208,false
9478,399.5986620814837,0.0,false,33822.52154089921,126.3968659999993,0,1.4495071809506044e-12,false
9479,409.9268129122161,0.0,false,35127.96738583836,126.3968659999993,0,1.4495071809506044e-12,false
9480,292.87153199789026,0.0,false,20730.898747884217,96.05429599999974,0,4.831690603168681e-13,false
9481,2313.3627674367453,1217.605990563258,true,143035.4743917643,10000.0,4,9873.603133,true
9482,796.7308772662386,0.0,false,86508.61735125208,162.56869622602585,1,114.45811900922615,false
9483,340.2006016449911,0.0,false,26314.79315223838,126.39686499999925,0,1.1368683772161603e-12,false
9484,353.6521761681721,0.0,false,28015.029947475905,126.39686499999925,0,1.1368683772161603e-12,false
9485,338.4343818346374,0.0,false,26091.548512373545,126.39686499999925,0,1.1368683772161603e-12,false
9486,192.51941233283804,0.0,false,11091.646842406271,96.0542959999994,0,7.958078640513122e-13,false
9487,723.5920937679768,0.0,false,75751.51407100793,133.66389936884426,1,8.899475728778683,false
9488,507.53522943960127,0.0,false,47465.36484208043,126.39686700000013,0,1.4210854715202004e-13,false
9489,319.1941572190831,0.0,false,23659.64451603261,126.39686500000002,0,1.5631940186722204e-13,false
9490,741.4962627822233,0.0,false,78382.79782260276,137.0852425216945,1,27.989232522630928,false
9491,550.0984394516067,0.0,false,52850.35089152044,133.66389757134743,1,8.899473527497605,false
9492,548.9824872494174,0.0,false,52870.69535749483,137.08523887793052,1,27.989225599508345,false
9493,943.0199555953494,0.0,false,106776.22905461966,555.6146715517664,1,1358.1691500112731,false
9494,747.2878590839583,0.0,false,79071.87488940856,133.6639002675927,1,8.899476829419228,false
9495,471.76114275086906,0.0,false,42943.632579482815,126.39686700000016,0,1.5631940186722204e-13,false
9496,432.47902761622794,0.0,false,37978.496533023565,126.39686600000013,0,1.5631940186722204e-13,false
9497,490.23151283816577,0.0,false,45278.22938002545,126.39686700000016,0,1.5631940186722204e-13,false
9498,1014.8743985095203,0.0,false,117281.42995595618,253.2260165087207,1,332.1225805713181,false
9499,884.353579919804,0.0,false,97517.57251088924,137.08524516545847,1,27.989239445753327,false
9500,573.6333012537971,0.0,false,56788.128666925724,137.08524184357665,1,27.989235984192092,false
9501,1202.7696002266644,68.4754739961079,true,142682.9134761228,9969.4731942841,2,9903.945704,false
9502,442.5976401783136,0.0,false,39257.457398546336,126.39686600000013,0,1.4210854715202004e-13,false
9503,313.09766067755373,0.0,false,22889.066490085937,126.39686500000016,0,1.5631940186722204e-13,false
9504,662.4503048816072,0.0,false,67442.19190286928,133.66389847009592,1,8.899474628138137,false
9505,799.9294116998834,0.0,false,86159.74734660861,133.6639020650894,1,8.899479030700334,false
9506,982.6412839349405,0.0,false,110881.00583377371,145.2126713894571,1,23.04252962218561,false
9507,613.6165623316722,0.0,false,61235.29601584094,137.0852385560484,1,27.989222137947237,false
9508,488.38460630113605,0.0,false,45044.786191184445,126.39686700000007,0,1.5631940186722204e-13,false
9509,558.7476306619446,0.0,false,53938.451600857195,126.39686799999996,0,1.4210854715202004e-13,false
9510,1057.279613827326,2.7462233197626236,true,142956.20733184327,3896.874248309008,1,9873.603134,true
9511,837.9509326000396,0.0,false,91492.95560897935,137.08524516545862,1,27.989239445753554,false
9512,1322.8121831536844,207.5634447986408,true,151664.27989165048,9080.986382379868,1,9989.999999,false
9513,1009.0451140582296,46.953564119807226,true,131271.84885884152,6748.418300610956,2,20953.98916163895,true
9514,693.8984927154927,0.0,false,71883.49702844684,133.6638993688444,1,8.89947572877874,false
9515,703.9451947532448,0.0,false,73054.84679288909,137.08523987793063,1,27.989225599509084,false
9516,548.2603750288142,0.0,false,52612.89540832491,126.39686800000005,0,2.2737367544323206e-13,false
9517,409.0099535425832,0.0,false,35012.079239538354,126.39686600000005,0,2.2737367544323206e-13,false
9518,935.6949862620602,0.0,false,103942.34482921017,137.08524452169468,1,27.98923252263151,false
9519,386.8601501033246,0.0,false,32212.413613049048,126.39686600000003,0,1.2789769243681803e-13,false
9520,1149.6652363555293,0.0,false,141891.5821560604,212.62808337347002,1,105.60193845727929,false
9521,855.0749628634064,28.72518542570652,true,90574.61571340701,162.56869622602744,3,9888.643825280931,false
9522,378.6651920636132,0.0,false,31176.596640802876,126.39686500000025,0,7.247535904753022e-13,false
9523,1506.5869555735646,379.0680635412234,true,139573.32485808595,10000.0,2,9873.603132000038,false
9524,854.3405803466568,0.0,false,93224.66457968505,133.66390116634096,1,8.899477930059803,false
9525,296.6523003437584,0.0,false,21094.057778343362,96.05429599999997,0,2.8421709430404007e-13,false
9526,395.3222147257047,0.0,false,33281.992018897006,126.39686599999992,0,3.126388037344441e-13,false
9527,536.0139728541964,0.0,false,51064.9886149096,126.3968669999999,0,2.4158453015843406e-13,false
9528,1757.0436235798336,647.5064771770639,true,139831.99949498035,10000.000000000002,3,9903.945704,false
9529,443.11345708529365,0.0,false,39322.65503643926,126.3968659999999,0,6.394884621840902e-13,false
9530,304.3527689905565,0.0,false,21833.720849980193,96.05429600000006,0,2.5579538487363607e-13,false
9531,506.31180415837997,0.0,false,47310.72772686593,126.39686699999987,0,5.258016244624741e-13,false
9532,591.4181109845387,0.0,false,58140.44674596445,133.6638975713475,1,8.89947352749752,false
9533,1205.914981699957,335.15347630115207,true,95613.44357239072,10000.00000000003,2,9873.603132000027,false
9534,939.981643257459,0.0,false,104765.21182926833,133.66390206508947,1,8.899479030700391,false
9535,575.2312800779018,0.0,false,56150.25665915543,133.66389757134766,1,8.899473527497548,false
9536,540.1885300680984,0.0,false,51592.63954281181,126.3968670000003,0,3.694822225952521e-13,false
9537,860.1871170014363,0.0,false,94067.73974848467,133.6639011663412,1,8.89947793005976,false
9538,475.8495520244089,0.0,false,43460.394678141514,126.3968670000003,0,3.694822225952521e-13,false
9539,474.0267897731463,0.0,false,43230.003251232614,126.3968670000003,0,3.694822225952521e-13,false
9540,436.08724817238846,0.0,false,38434.56428511792,126.39686600000019,0,1.9895196601282805e-13,false
9541,466.58680061673743,0.0,false,42289.611975988526,126.3968670000003,0,3.694822225952521e-13,false
9542,527.6624615215112,0.0,false,50009.38379785234,126.3968670000003,0,3.694822225952521e-13,false
9543,473.79495686510023,0.0,false,43200.70029937911,126.3968670000003,0,3.694822225952521e-13,false
9544,972.8167355304815,0.0,false,109346.69087252625,145.21267049070886,1,23.04252852154505,false
9545,642.0650600756064,0.0,false,64860.6290204285,133.66389847009597,1,8.899474628138123,false
9546,737.1922094843377,0.0,false,77924.65795153202,137.08524252169465,1,27.9892325226309,false
9547,854.672671998484,0.0,false,93279.12775982716,133.6639011663412,1,8.89947793005976,false
9548,570.5226453255198,0.0,false,55426.77649256207,126.39686800000024,0,2.5579538487363607e-13,false
9549,267.5977639629285,0.0,false,18303.24482783999,96.05429600000022,0,3.694822225952521e-13,false
9550,400.44610591751837,0.0,false,33929.63578164787,126.39686600000019,0,1.9895196601282805e-13,false
9551,1142.7597345018391,58.03723610090426,true,149670.72480303622,9000.28171559063,2,9989.999999000001,false
9552,671.6426559790607,0.0,false,69032.27325790147,133.6638993688444,1,8.899475728778668,false
9553,339.65989716229575,0.0,false,26246.449802897,126.39686500000016,0,1.7053025658242404e-13,false
9554,372.77265171122826,0.0,false,30431.79803694554,126.39686500000016,0,1.7053025658242404e-13,false
9555,617.2691219565247,0.0,false,61335.38440153096,126.39686900000021,0,2.2737367544323206e-13,false
9556,664.5735170743436,0.0,false,67857.86091496292,133.66389847009597,1,8.899474628138123,false
9557,775.4366258443953,0.0,false,82834.5336708699,133.6639002675927,1,8.899476829419228,false
9558,342.9431666862351,0.0,false,26661.44476453986,126.39686500000016,0,1.7053025658242404e-13,false
9559,938.5884389298557,31.63178396621789,true,122178.20226747732,3351.329611574911,1,10756.182234308108,true
9560,916.7717752604036,0.0,false,111002.36906125055,253.22601847436715,1,332.122590956002,false
9561,388.19415948712066,0.0,false,32381.02821170549,126.3968660000003,0,2.8421709430404007e-13,false
9562,1068.1172143168578,0.0,false,129361.99512699666,212.62808327221853,1,105.60193955791972,false
9563,510.36396475348727,0.0,false,47822.90810635555,126.39686700000036,0,3.410605131648481e-13,false
9564,341.354539047122,0.0,false,26460.647217658225,126.39686500000039,0,4.689582056016661e-13,false
9565,959.5927661407386,0.0,false,114212.46733835948,253.22601815248493,1,332.1225874944411,false
9566,827.3218010595866,0.0,false,90088.01471162828,133.66390116634108,1,8.899477930059788,false
9567,680.0808436506519,0.0,false,70374.78722278413,133.66389926759263,1,8.899476829419257,false
9568,1031.697231439837,56.926640095785196,true,132874.43989300198,6748.418300610955,2,20953.98916163895,true
9569,671.1798330666583,0.0,false,68707.96878906166,137.08523987793055,1,27.989225599508742,false
9570,255.4253362434633,0.0,false,17134.030889153146,96.05429600000014,0,1.4210854715202004e-13,false
9571,655.6016123811714,0.0,false,67005.49358174189,133.6638993688443,1,8.899475728778697,false
9572,676.2044710875946,49.282814698262385,true,63555.128108660894,-2464.155753241861,2,12464.155753241863,false
9573,799.6384883594823,0.0,false,86165.47741244874,133.66390116634105,1,8.899477930059774,false
9574,367.2385155945628,0.0,false,29732.300603452342,126.3968650000001,0,3.694822225952521e-13,false
9575,2074.6805259699604,901.0727097966172,true,145398.82019637577,10000.000000000007,2,9873.603131000022,false
9576,463.70158088738776,0.0,false,41924.929258903576,126.39686700000058,0,7.673861546209082e-13,false
9577,1700.709412988756,591.9125737669492,true,141480.36025264207,9969.473194284099,2,9903.945704000002,false
9578,352.4396169033803,0.0,false,27861.766262629902,126.39686500000063,0,6.394884621840902e-13,false
9579,648.222398493182,0.0,false,65599.29830630819,133.66389757134803,1,8.899473527497548,false
9580,623.407800947907,0.0,false,62418.86482882642,133.66389757134803,1,8.899473527497548,false
9581,175.31946680592048,0.0,false,9439.518235179683,96.05429600000043,0,5.258016244624741e-13,false
9582,951.2489115912307,0.0,false,106329.63331765949,133.66390206508993,1,8.899479030700306,false
9583,496.3797200710736,0.0,false,46055.34347504258,126.39686700000065,0,6.394884621840902e-13,false
9584,674.8881895098763,0.0,false,69376.35410561171,133.66389847009643,1,8.899474628138066,false
9585,787.862615250932,0.0,false,85278.34102319257,137.08524548734104,1,27.989242907314463,false
9586,283.86584587727145,0.0,false,19865.863934588302,96.05429600000045,0,4.973799150320701e-13,false
9587,942.6616984468168,0.0,false,106238.15756411794,145.21267408570276,1,23.042532924107235,false
9588,1091.3196309737768,95.26916328149002,true,116424.18607449393,10000.0,2,9873.603132,false
9589,1079.1468131090105,3.3301547142185264,true,145646.34558461106,3896.874248309007,1,9873.603134,true
9590,710.3432912583361,0.0,false,74046.0123601538,133.66389936884414,1,8.899475728778611,false
9591,1040.9244711230417,0.0,false,122298.94420693532,212.62808237346957,1,105.60193845727915,false
9592,603.7459647525012,0.0,false,59869.60308144179,133.66389757134743,1,8.899473527497548,false
9593,505.3061893830764,0.0,false,47183.62117589238,126.39686699999999,0,1.1368683772161603e-13,false
9594,1137.962081692143,40.40126361213476,true,148394.73911390518,3896.874248927133,1,9873.603133,true
9595,909.660400125081,0.0,false,114504.98736720617,587.3889629999449,1,1207.182158131419,true
9596,503.5935904574128,0.0,false,46967.15404753659,126.39686700000014,0,2.7000623958883807e-13,false
9597,936.979370699449,0.0,false,104345.72551273601,133.66390206508933,1,8.899479030700235,false
9598,1192.116249325104,139.91139886646835,true,142661.88717894594,10000.0,3,9873.603133999999,true
9599,678.9585580927592,0.0,false,69925.82485570882,133.66389936884423,1,8.899475728778611,false
9600,1738.2058822222484,626.825760669693,true,137533.43492904154,10000.0,4,9873.603132,false
9601,462.7315752930112,0.0,false,41802.32359662178,126.39686700000004,0,8.526512829121202e-14,false
9602,586.6306402610487,0.0,false,61947.48103837999,152.671237531519,1,195.60303484668086,false
9603,695.0072670181411,0.0,false,71675.0847493764,133.6638986725991,1,8.899472426857045,false
9604,732.2885298331163,0.0,false,77214.28323288044,137.08524252169445,1,27.989232522631,false
9605,526.8985873868153,0.0,false,49912.83250502765,126.39686700000001,0,4.263256414560601e-14,false
9606,269.24149999185903,0.0,false,18461.132729977533,96.05429600000005,0,1.1368683772161603e-13,false
9607,1700.9737908729146,544.3118729463722,true,152078.41168736547,9080.986382471858,1,9989.999998000001,false
9608,511.76368798658143,0.0,false,47999.82872928731,126.39686700000001,0,4.263256414560601e-14,false
9609,1507.7865063239908,422.2281629421668,true,132343.16393695606,10000.0,2,9873.603132,false
9610,267.66584148019723,0.0,false,18309.783965630417,96.054296,0,2.1316282072803006e-13,false
9611,1524.3315436313972,414.3894969937498,true,137351.6667739144,9999.999999999993,3,9873.603132000004,false
9612,369.95273249560483,0.0,false,30075.369099817293,126.39686499999993,0,9.805489753489383e-13,false
9613,147.29201460446927,0.0,false,6747.361129377987,96.05429599999985,0,7.531752999057062e-13,false
9614,1281.9844279870324,191.6932478367719,true,147475.87969897874,5403.1570216511755,2,9873.603133000011,true
9615,833.1237298352057,0.0,false,90884.9687794074,133.6639020650892,1,8.899479030700462,false
9616,1439.6074758842485,320.964030338227,true,138451.49628224206,10000.000000000005,2,9873.603132000102,false
9617,521.1855859440702,0.0,false,49190.72705577622,126.39686700000061,0,1.6626700016786344e-12,false
9618,770.9450677009302,0.0,false,82081.14001327215,133.66390026759314,1,8.899476829419172,false
9619,483.85416730718975,0.0,false,44472.15292339757,126.39686700000061,0,1.6626700016786344e-12,false
9620,287.1981869405839,0.0,false,20185.949599459575,96.05429599999991,0,6.963318810448982e-13,false
9621,807.131665537407,0.0,false,86983.10132356074,133.6639011663417,1,8.899477930059689,false
9622,290.8526365661058,0.0,false,20536.975174543233,96.05429599999991,0,6.963318810448982e-13,false
9623,372.036045904571,0.0,false,30338.69337518969,126.39686499999993,0,1.0231815394945443e-12,false
9624,521.4287892119472,0.0,false,49221.4671854207,126.39686700000061,0,1.6626700016786344e-12,false
9625,593.6641717928372,0.0,false,58672.08227089475,133.66389757134795,1,8.899473527497534,false
9626,269.09689420689045,0.0,false,18447.24272353865,96.05429599999991,0,6.963318810448982e-13,false
9627,429.9925301053502,0.0,false,37664.2110527643,126.39686600000016,0,9.663381206337363e-13,false
9628,608.853720465313,0.0,false,60649.08019694591,137.0852385560487,1,27.98922213794583,false
9629,514.107242042495,0.0,false,48296.04660553887,126.39686700000061,0,1.6626700016786344e-12,false
9630,856.6850638906457,0.0,false,93848.56912310072,133.66390206508925,1,8.899479030700476,false
9631,579.7700135053921,0.0,false,56703.856709783715,137.08523855604858,1,27.989222137945973,false
9632,565.7873885843247,0.0,false,54828.2549044459,126.39686800000038,0,1.2079226507921703e-12,false
9633,492.69944314128645,0.0,false,45590.168023506616,126.39686700000061,0,1.6626700016786344e-12,false
9634,654.4268157568612,0.0,false,66789.68823283062,133.66389847009611,1,8.899474628138137,false
9635,482.8129275549684,0.0,false,44340.54348716848,126.39686700000061,0,1.6626700016786344e-12,false
9636,344.815229859299,0.0,false,26898.067673208883,126.39686500000062,0,1.7479351299698465e-12,false
9637,824.1613263496212,0.0,false,89511.17861703392,133.66390116634105,1,8.899477930059788,false
9638,456.3075733358453,0.0,false,40990.34991417818,126.39686600000005,0,1.5631940186722204e-13,false
9639,237.26639139621378,0.0,false,15389.786280224605,96.05429600000011,0,9.947598300641403e-14,false
9640,744.5492927812874,0.0,false,78729.39912769716,133.66390026759262,1,8.899476829419243,false
9641,385.0157756969258,0.0,false,31979.290477571525,126.39686600000005,0,1.5631940186722204e-13,false
9642,785.635633864393,0.0,false,84230.27843054793,133.66390116634105,1,8.899477930059788,false
9643,1879.1423620900596,811.8892108722308,true,144563.94515829202,9999.999999999993,2,9873.603134,true
9644,607.514742932782,0.0,false,60152.24661423073,133.6638975713475,1,8.899473527497577,false
9645,878.621629729228,18.398167099581105,true,111056.99859034356,3351.3296115749126,1,10756.182234308106,true
9646,311.40496607589506,0.0,false,22675.115205804646,126.39686500000008,0,1.4210854715202004e-13,false
9647,823.9070409540357,0.0,false,88957.29971909226,133.66390036884425,1,8.899475728778668,false
9648,341.0688698568227,0.0,false,26424.53952872,126.39686500000059,0,6.536993168992922e-13,false
9649,285.6984173423265,0.0,false,20041.890291036125,96.05429600000043,0,5.258016244624741e-13,false
9650,1561.262954622606,431.84360454253545,true,149163.46908960136,9882.896398556068,2,9989.999998000003,false
9651,772.3658571574218,0.0,false,82163.21378006443,133.66390026759345,1,8.899476829419427,false
9652,970.0979387105097,0.0,false,109690.9980572244,145.21267408570304,1,23.042532924107434,false
9653,752.4381204966518,0.0,false,79674.6554678649,133.66390026759345,1,8.899476829419427,false
9654,683.7253197681895,0.0,false,70415.626064227,133.66389847009677,1,8.899474628138435,false
9655,1615.6184923908606,502.7701196405896,true,137719.01727159272,10000.000000000002,2,9873.603132000007,false
9656,1171.2520403595145,43.5789887546645,true,152200.83090914454,5403.157021651115,2,9873.603133000031,true
9657,492.08232860911204,0.0,false,45512.1666837624,126.39686700000078,0,9.094947017729282e-13,false
9658,846.3475174502839,0.0,false,91803.24152886026,133.66390036884496,1,8.899475728778853,false
9659,284.0283874866298,0.0,false,19881.476753958326,96.05429600000053,0,6.821210263296962e-13,false
9660,327.85182512935455,0.0,false,24753.946563471607,126.39686500000073,0,9.663381206337363e-13,false
9661,281.37881756114143,0.0,false,19626.974188011478,96.0542960000004,0,5.684341886080801e-13,false
9662,783.5665980245271,79.28689972513294,true,89376.07246540172,3254.6728521061623,1,10912.553005948881,false
9663,600.0026304958336,0.0,false,59152.95408041657,126.39686800000095,0,8.810729923425242e-13,false
9664,304.22125239512366,0.0,false,21821.088116388153,96.0542960000004,0,5.684341886080801e-13,false
9665,788.5455948651244,0.0,false,84445.08467017885,133.6639002675934,1,8.899476829419427,false
9666,791.2917761851589,0.0,false,85664.12507821091,137.08524548734115,1,27.98924290731432,false
9667,1274.9391709143574,137.7449917860963,true,145399.19575340438,9969.473193278029,2,9903.945704,false
9668,492.48810097995016,0.0,false,45563.45503771675,126.39686700000007,0,1.1368683772161603e-13,false
9669,591.0558593221292,0.0,false,58449.95529535819,137.0852401998125,1,27.98922906106975,false
9670,1293.4812929097857,209.44459326854098,true,149684.6666805179,9000.281715590636,2,9989.999999,false
9671,795.6669717221256,0.0,false,85630.84441825005,133.66390116634102,1,8.899477930059817,false
9672,582.7487119741888,0.0,false,56972.112939330575,126.39686800000004,0,1.7053025658242404e-13,false
9673,517.131506959535,0.0,false,48678.30419788489,126.39686700000007,0,8.526512829121202e-14,false
9674,535.481614051118,0.0,false,50997.70013327482,126.39686700000007,0,8.526512829121202e-14,false
9675,635.7822292249024,0.0,false,64156.63396530688,133.6638984700959,1,8.899474628138108,false
9676,362.98910398234176,0.0,false,29195.1883145706,126.39686500000012,0,1.1368683772161603e-13,false
9677,429.7916880903355,0.0,false,37638.8252525095,126.3968660000001,0,1.1368683772161603e-13,false
9678,589.3896807620148,0.0,false,57811.51054811079,126.39686800000005,0,2.1316282072803006e-13,false
9679,275.3949204280532,0.0,false,19052.19517950792,96.05429600000008,0,1.8474111129762605e-13,false
9680,778.5886244945123,0.0,false,82600.10808081292,133.66389947009583,1,8.899474628138165,false
9681,587.4759879352014,0.0,false,57569.62578188335,126.39686800000005,0,2.1316282072803006e-13,false
9682,687.2395821991591,0.0,false,71701.02491963957,137.08524284357642,1,27.989235984191737,false
9683,640.5612413589065,0.0,false,64932.67435822071,133.6638984700959,1,8.899474628138037,false
9684,463.121375871798,0.0,false,41851.59316619645,126.39686700000013,0,1.4210854715202004e-13,false
9685,754.0655599188261,0.0,false,80530.51227752617,137.0852441654586,1,27.989239445753626,false
9686,799.4441418994202,9.795744855156935,true,97576.10246767005,3254.672852106186,1,10912.553005948894,false
9687,761.86431008892,0.0,false,81017.49000626635,133.66390026759268,1,8.899476829419257,false
9688,475.15694444218957,0.0,false,43372.851253844165,126.39686700000004,0,1.7053025658242404e-13,false
9689,533.4806924568186,0.0,false,50744.78992464825,126.39686700000004,0,1.7053025658242404e-13,false
9690,522.1420082675745,0.0,false,49311.615835257464,126.39686700000004,0,1.7053025658242404e-13,false
9691,1403.1143131248984,371.73874717712806,true,140029.13099989673,10000.000000000004,3,9873.603134000003,true
9692,502.01899270451105,0.0,false,46768.12983423209,126.39686700000007,0,8.526512829121202e-14,false
9693,567.9841440335352,0.0,false,55105.91789761074,126.39686800000013,0,1.4210854715202004e-13,false
9694,751.6381722758086,0.0,false,79506.79631483144,133.66390026759274,1,8.899476829419257,false
9695,813.8020900258845,0.0,false,88403.20908839423,133.66390106508953,1,8.899479030700391,false
9696,221.90008632391138,0.0,false,13913.786710482274,96.05429600000011,0,2.2737367544323206e-13,false
9697,903.3281082996788,0.0,false,100330.76120983058,133.66390206508945,1,8.899479030700377,false
9698,866.5579371235804,0.0,false,94865.53004156942,137.08524384357662,1,27.989235984192334,false
9699,426.92015392102894,0.0,false,37275.87234725489,126.39686600000007,0,3.126388037344441e-13,false
9700,597.5334570968266,0.0,false,58840.85831351713,126.3968680000001,0,3.410605131648481e-13,false
9701,1482.6406638002545,337.2961203751013,true,141826.4312394176,9999.999999999996,2,9873.603131,false
9702,375.7642299637572,0.0,false,30809.924137501053,126.3968650000001,0,1.7053025658242404e-13,false
9703,639.7374059931411,0.0,false,64700.88233127212,137.0852398779304,1,27.989225599508543,false
9704,827.5170164966778,0.0,false,89951.33883467552,133.6639011663409,1,8.899477930059774,false
9705,623.3340113054742,0.0,false,62768.67031887745,133.66389836884417,1,8.899475728778697,false
9706,1085.1826327672632,0.0,false,132393.6224037896,253.2260178306026,1,332.1225840328798,false
9707,568.1962298746852,0.0,false,55232.50548190391,133.6638975713475,1,8.899473527497605,false
9708,523.8995890296628,0.0,false,49703.68083955074,137.0852388779304,1,27.989225599508416,false
9709,474.36468962623906,0.0,false,43272.71273199588,126.39686700000016,0,2.2737367544323206e-13,false
9710,1292.8616108602514,188.5927896197644,true,151554.48072050491,9080.986382379864,1,9989.999999000001,false
9711,817.5137916141356,0.0,false,88369.73588483522,133.66390116634085,1,8.89947793005976,false
9712,1414.1889767722935,313.1566201386013,true,151212.72117289025,9000.281715590641,2,9989.999999,false
9713,588.6458646102317,0.0,false,57814.13861506863,133.66389757134755,1,8.899473527497577,false
9714,406.64829408695067,0.0,false,34713.57289759543,126.39686600000005,0,1.5631940186722204e-13,false
9715,1408.3513744512113,295.0879059076547,true,137771.48407687782,9999.999999999998,3,9873.603132000007,false
9716,733.1349853918014,0.0,false,77133.130724816,133.6638993688443,1,8.899475728778768,false
9717,966.5713184692579,0.0,false,109245.30310902091,145.21267408570222,1,23.04253292410729,false
9718,467.289585452159,0.0,false,42378.44177314418,126.39686700000001,0,1.1368683772161603e-13,false
9719,998.5415002976574,0.0,false,113930.41801964719,212.62808237346974,1,105.60193845727927,false
9720,970.9664781342299,27.199719237835833,true,128955.6527926481,3896.874247690879,1,9873.603134999994,true
9721,515.5887529274602,0.0,false,48483.30493093558,126.39686700000001,0,2.2737367544323206e-13,false
9722,1016.0365835500013,0.0,false,115330.25165935287,145.21267318695394,1,23.04253182346676,false
9723,513.0998689048853,0.0,false,48168.717803089035,126.39686700000001,0,2.2737367544323206e-13,false
9724,545.5885640844901,0.0,false,52275.18689177693,126.39686800000013,0,2.1316282072803006e-13,false
9725,697.1196903735901,0.0,false,72237.54742194847,137.08524119981254,1,27.989229061070006,false
9726,726.786361759569,0.0,false,76680.88980290243,133.66390016634102,1,8.899477930059874,false
9727,374.8031588622097,0.0,false,30688.447767067635,126.39686499999999,0,1.7053025658242404e-13,false
9728,686.3076269751091,0.0,false,71399.34190225213,137.08524284357662,1,27.989235984192533,false
9729,1130.7629053115459,248.15631642338968,true,96784.09587549578,10000.0,4,9874.3205623185,false
9730,636.0912913540776,0.0,false,64152.9256378601,133.66389847009592,1,8.899474628138151,false
9731,447.6285129160568,0.0,false,39893.34392068754,126.3968659999999,0,2.2737367544323206e-13,false
9732,622.7522017786433,0.0,false,62883.09907288179,137.08524152169443,1,27.989232522631042,false
9733,499.0014191783892,0.0,false,46386.71801269357,126.39686699999984,0,2.984279490192421e-13,false
9734,977.78880290645,0.0,false,110771.26923973327,145.21267408570216,1,23.042532924107235,false
9735,1185.4703609351477,60.28480338530261,true,143346.34099892163,9969.4731942841,2,9903.945704000002,false
9736,706.8700117531822,0.0,false,73752.59250790084,133.66389936884408,1,8.899475728778654,false
9737,1139.73955605713,23.028347099600158,true,138207.26764274685,10000.000000000035,2,9873.603132000053,false
9738,468.7200958468408,0.0,false,42559.25379665978,126.39686699999996,0,2.5579538487363607e-13,false
9739,351.54656999351505,0.0,false,27748.887936497034,126.39686499999996,0,1.5631940186722204e-13,false
9740,347.2851120820068,0.0,false,27210.253033198842,126.39686499999996,0,1.5631940186722204e-13,false
9741,795.4845165917468,0.0,false,85671.7574053137,133.66390116634113,1,8.899477930059774,false
9742,377.2132642109211,0.0,false,30993.077517824095,126.39686500000019,0,2.2737367544323206e-13,false
9743,879.3144075254469,33.15584563510859,true,107709.94229034525,6623.191192253154,2,13113.425453880116,true
9744,887.2752806758521,0.0,false,107435.89625749076,253.22601847436715,1,332.1225909560021,false
9745,390.14544283066283,0.0,false,32627.664301250777,126.3968660000003,0,3.979039320256561e-13,false
9746,466.8947855929759,0.0,false,42328.54031022022,126.3968670000003,0,4.121147867408581e-13,false
9747,402.662085579327,0.0,false,34209.72865494032,126.3968660000003,0,3.979039320256561e-13,false
9748,1791.2828476631885,655.8003583058606,true,146235.52354110958,9969.473193278027,2,9903.945704,false
9749,600.023720855559,0.0,false,59155.61983568294,126.39686800000015,0,2.2737367544323206e-13,false
9750,1351.0185898512452,230.3043829206006,true,138713.23402113805,10000.00000000001,2,9873.60313200001,false
9751,668.4350054549236,0.0,false,68280.94926015983,137.08523987793046,1,27.989225599508657,false
9752,687.9117626784429,0.0,false,71032.55546987701,133.6638993688442,1,8.899475728778697,false
9753,601.797666260301,0.0,false,59559.22036244422,133.66389757134746,1,8.899473527497591,false
9754,173.96827506460144,0.0,false,9309.73046775982,96.05429600000005,0,9.947598300641403e-14,false
9755,829.029176326677,159.7988825804467,true,70020.4435759153,-2464.155749332844,2,12464.155749332844,false
9756,1012.3985300921929,14.401149855830493,true,135810.23310009966,6748.418300610958,2,20953.989161638943,true
9757,1084.556453818941,0.0,false,131888.5689953908,212.62808327221813,1,105.60193955791974,false
9758,776.8129316628695,0.0,false,83309.93931575578,133.66390116634105,1,8.899477930059774,false
9759,478.11216858892766,0.0,false,43746.38230954329,126.39686700000013,0,4.121147867408581e-13,false
9760,446.4638796690382,0.0,false,39746.137934048194,126.39686600000019,0,4.405364961712621e-13,false
9761,594.9645034431844,0.0,false,58516.15063564222,126.39686800000015,0,4.263256414560601e-13,false
9762,391.2958171122511,0.0,false,32773.067999418636,126.39686600000019,0,4.405364961712621e-13,false
9763,760.7154888543788,0.0,false,82982.12646261671,154.07121466190785,1,72.46974795162127,false
9764,874.2258739918258,3.3944117430039427,true,113581.40829744593,3623.854257012454,1,11539.169161060625,true
9765,609.0655060730371,0.0,false,60299.40126913819,133.6638975713476,1,8.899473527497591,false
9766,708.8938938964092,0.0,false,73924.79626108172,133.6638993688444,1,8.899475728778683,false
9767,825.9793375828043,0.0,false,89503.1267517155,137.08524384357668,1,27.989235984192902,false
9768,452.90548626365205,0.0,false,40560.33678740425,126.39686600000007,0,2.2737367544323206e-13,false
9769,272.46287330369944,0.0,false,18770.55946593543,96.05429600000008,0,2.2737367544323206e-13,false
9770,198.69933719248533,0.0,false,11685.255155592791,96.05429600000008,0,2.2737367544323206e-13,false
9771,617.7458684683266,0.0,false,61395.643664115385,126.39686800000008,0,3.410605131648481e-13,false
9772,1173.1289641420399,252.3248243284613,true,106233.12265557292,10000.000000000002,2,9873.603133000002,false
9773,525.3931480186424,0.0,false,49722.54969446481,126.3968670000001,0,1.8474111129762605e-13,false
9774,959.2978771321795,18.501058662444624,true,112206.12008961823,9999.999999999998,3,9873.603133000002,false
9775,775.8654051904348,0.0,false,82857.46147088667,133.66390026759296,1,8.899476829419243,false
9776,799.6914992012601,0.0,false,86705.2605981804,133.66390196383804,1,8.89948013134098,false
9777,1151.3255574842192,40.58682672137053,true,137452.36514654823,9999.999999999996,2,9873.603132000026,false
9778,328.4850541036611,0.0,false,24833.98471811792,126.3968649999999,0,8.526512829121202e-14,false
9779,610.1941418513811,0.0,false,60698.83974506512,133.6638975713474,1,8.899473527497634,false
9780,427.0522148585686,0.0,false,37292.56443522062,126.3968649999999,0,8.526512829121202e-14,false
9781,363.6924118512094,0.0,false,29284.084221512196,126.39686500000046,0,5.258016244624741e-13,false
9782,1231.167848790181,68.58981398312248,true,144004.6904541612,10000.0,2,9873.603131000009,false
9783,178.94249090223528,0.0,false,9787.525253273154,96.05429600000043,0,4.831690603168681e-13,false
9784,633.215747944496,0.0,false,63700.294995057404,133.66389757134803,1,8.899473527497605,false
9785,831.2348625940406,0.0,false,90354.08988635795,133.66390206508993,1,8.899479030700391,false
9786,1453.9414663675082,429.04795288483916,true,116156.3037710222,9999.999999999998,3,9873.603131,false
9787,886.6483313594143,0.0,false,97140.04714788301,133.66390126759347,1,8.89947682941937,false
9788,671.0841034747821,84.78312567387894,true,73617.62256610906,-3852.683059220791,1,13852.683059220788,false
9789,491.3937902778293,0.0,false,45425.13760001014,126.39686700000078,0,1.0800249583553523e-12,false
9790,1320.5533936083916,194.35299590082604,true,139406.67131418802,10000.0,2,9873.603132000007,false
9791,1271.4125956000353,166.3004768537075,true,149349.1998145951,10000.0,3,9873.603133,true
9792,1059.5465808030658,136.62057222829128,true,103322.2620838199,10000.0,2,9873.603132,false
9793,525.8558958603589,0.0,false,49781.039569092325,126.3968670000002,0,1.9895196601282805e-13,false
9794,2375.869886762825,1266.208524050043,true,140919.60316680296,9999.999999999996,3,9903.945703999998,false
9795,665.9905021056538,0.0,false,70172.48213250017,137.0852461311045,1,27.989249830436123,false
9796,414.2524375631007,0.0,false,35674.712763574564,126.39686600000044,0,5.400124791776761e-13,false
9797,1083.8437034041644,0.0,false,139800.91787570444,397.3645733809984,1,331.837084102972,false
9798,638.8696626674798,0.0,false,64605.05197928771,133.66389847009577,1,8.899474628137682,false
9799,863.8020474325654,0.0,false,94838.73179285208,133.66390206508947,1,8.89947903070015,false
9800,525.8259740552669,0.0,false,49777.257546853216,126.39686700000046,0,4.405364961712621e-13,false
9801,412.3841608306828,0.0,false,35438.568449117534,126.39686600000019,0,2.984279490192421e-13,false
9802,511.2674572925873,0.0,false,47937.10672723462,126.39686700000046,0,4.405364961712621e-13,false
9803,892.836003250516,0.0,false,98325.8770254288,133.66390116634105,1,8.899477930059788,false
9804,1036.6532882131012,0.0,false,122713.78886642042,212.6280823734698,1,105.60193845727919,false
9805,343.4913835564959,0.0,false,26730.737656088128,126.39686500000002,0,1.5631940186722204e-13,false
9806,849.6880449456017,0.0,false,92820.39861200865,133.66390116634105,1,8.899477930059788,false
9807,637.4233316866298,0.0,false,64311.41631139121,133.6638984700959,1,8.899474628138123,false
9808,990.3760218204279,33.13331302792066,true,109066.86332454928,9999.999999999996,2,9873.603132999997,false
9809,932.4265720709549,0.0,false,103889.03327646511,133.66390206508936,1,8.899479030700348,false
9810,752.755904926961,0.0,false,79548.05580255596,133.66389936884426,1,8.899475728778683,false
9811,610.0022322376992,0.0,false,60443.6649215096,133.66389757134743,1,8.899473527497605,false
9812,404.58897410483667,0.0,false,34453.281316061686,126.39686600000013,0,1.2789769243681803e-13,false
9813,391.9202639816085,0.0,false,32851.99612356669,126.39686600000013,0,1.2789769243681803e-13,false
9814,285.0005218043925,0.0,false,19974.854428552026,96.05429600000014,0,1.5631940186722204e-13,false
9815,760.2363161767848,0.0,false,82989.83270787011,154.07121598378973,1,72.46975141318232,false
9816,585.4057578953871,0.0,false,57307.95520330295,126.39686800000001,0,2.7000623958883807e-13,false
9817,433.5886221585765,0.0,false,38118.74580015917,126.39686600000013,0,1.2789769243681803e-13,false
9818,1180.3667542156238,76.49647951547237,true,139095.0008492213,7620.5896089744665,3,16615.66474991168,true
9819,330.602493570525,0.0,false,25101.622420087184,126.39686500000039,0,6.110667527536862e-13,false
9820,1025.5229925119643,0.0,false,122327.72487450537,212.62808327221768,1,105.6019395579188,false
9821,259.6782382017344,0.0,false,17542.540379953196,96.05429600000039,0,8.526512829121202e-13,false
9822,232.78544333036453,0.0,false,14959.371981789787,96.05429600000039,0,8.526512829121202e-13,false
9823,645.2065933802858,0.0,false,65102.85570497698,133.6638975713471,1,8.89947352749671,false
9824,878.128003617105,0.0,false,104460.08338252986,253.22601847436596,1,332.12259095599893,false
9825,925.4927549767042,0.0,false,102867.6057554762,133.66390206508913,1,8.899479030699496,false
9826,1148.2619493862574,0.0,false,137633.45666956945,212.6280833734694,1,105.60193845727824,false
9827,1309.028459201508,267.50546644120186,true,127732.36943942533,10000.0,2,9873.603132,false
9828,75.4656555825988,0.0,false,754.6565558259881,10.000001999999999,0,7.105427357601002e-15,false
9829,727.8413793259526,0.0,false,76752.69427291764,133.66390026759257,1,8.8994768294192,false
9830,412.551025482836,0.0,false,35459.659617361496,126.39686600000002,0,7.105427357601002e-14,false
9831,648.2308916006592,0.0,false,65707.11554337191,133.66389847009583,1,8.899474628138108,false
9832,602.9800579767141,0.0,false,59929.01258414545,133.66389847009583,1,8.899474628138108,false
9833,517.5922357119267,0.0,false,49765.01770417229,137.08524184357648,1,27.98923598419232,false
9834,619.7504133348613,0.0,false,62315.30913281628,133.6638983688442,1,8.899475728778668,false
9835,1776.5384584605029,654.1902238048274,true,138919.76999636882,10000.0,2,9873.603132000004,false
9836,633.8568720369773,0.0,false,64170.608903635904,133.66389836884417,1,8.899475728778668,false
9837,1213.2800353845953,0.0,false,144883.06360706,253.2260158649567,1,332.1225736481957,false
9838,490.62174997751487,0.0,false,45327.5541294849,126.39686700000051,0,6.963318810448982e-13,false
9839,698.9301022982761,0.0,false,72595.6979822882,133.6638993688447,1,8.89947572877874,false
9840,1265.747908552823,167.72300975803486,true,144323.1857693326,10000.000000000002,2,9873.603133000002,true
9841,883.7344231307617,0.0,false,97008.27744458754,133.6639012675926,1,8.899476829418902,false
9842,608.6328464091972,0.0,false,60402.38195360945,133.66389757134746,1,8.89947352749752,false
9843,608.131854019211,0.0,false,60329.72620498705,133.66389757134746,1,8.89947352749752,false
9844,768.3263622396121,0.0,false,81411.57698493627,133.66389947009586,1,8.899474628137952,false
9845,527.2529266724154,0.0,false,49957.61987845646,126.39686700000011,0,2.1316282072803006e-13,false
9846,1176.2529915679254,96.01152151977921,true,149438.71047552922,9000.281715590634,2,9989.999998999998,false
9847,512.7604783912426,0.0,false,48125.81990751138,126.3968670000001,0,1.7053025658242404e-13,false
9848,419.94071817297197,0.0,false,36393.693577149315,126.39686600000012,0,1.7053025658242404e-13,false
9849,601.5135402195348,0.0,false,59824.64548027099,133.6638983688442,1,8.899475728778498,false
9850,1939.564075469797,826.7804098415007,true,137710.8384944904,10000.0,3,9873.603132,false
9851,1312.849523865903,203.85743148957687,true,137231.59553718974,10000.000000000004,2,9873.603132000004,false
9852,752.5547131145637,0.0,false,79704.79919564488,133.66390026759262,1,8.899476829419285,false
9853,247.07411451442982,0.0,false,16331.860190284588,96.05429599999995,0,7.105427357601002e-14,false
9854,712.1684092609179,0.0,false,74177.9018203758,133.66389936884423,1,8.899475728778768,false
9855,432.0287731205074,0.0,false,37921.58577811331,126.39686600000002,0,1.2789769243681803e-13,false
9856,526.8829976828193,0.0,false,49910.86201537865,126.39686700000001,0,2.1316282072803006e-13,false
9857,578.746977407171,0.0,false,56466.30625150429,126.39686799999998,0,1.1368683772161603e-13,false
9858,871.4005840740838,0.0,false,96089.49625738237,133.66390206508936,1,8.899479030700405,false
9859,925.8379880154226,0.0,false,111966.31314377768,253.22601847436698,1,332.12259095600257,false
9860,525.2452099603202,0.0,false,49703.85078827036,126.39686699999992,0,1.8474111129762605e-13,false
9861,393.3090141958284,0.0,false,33027.529791357105,126.39686599999989,0,2.1316282072803006e-13,false
9862,602.8639073508856,0.0,false,59514.61049334672,126.39686799999996,0,9.947598300641403e-14,false
9863,772.1102049242318,0.0,false,82459.78397545186,133.66390026759262,1,8.899476829419314,false
9864,623.1399842867354,0.0,false,62248.43777342066,133.6638975713475,1,8.899473527497676,false
9865,1604.0706791744744,499.3060383082774,true,151559.438916762,9080.986382379859,1,9989.999999000005,false
9866,903.094370664415,0.0,false,100603.04293386926,220.05294961701514,1,296.3549059997023,false
9867,708.4296378326544,0.0,false,74004.28752857458,137.08524119981251,1,27.989229061070105,false
9868,404.36930316728115,0.0,false,34425.51559910164,126.39686599999993,0,1.1368683772161603e-13,false
9869,273.7752791098367,0.0,false,18896.621677773008,96.05429599999991,0,2.4158453015843406e-13,false
9870,1519.8682490995086,383.7240127662551,true,145123.51375107007,9969.473193278034,2,9903.945704,false
9871,479.49305700066174,0.0,false,43920.922270177674,126.39686699999976,0,3.126388037344441e-13,false
9872,358.32604917596694,0.0,false,28605.792824373817,126.39686499999982,0,3.126388037344441e-13,false
9873,1554.2785257658572,433.0028242229368,true,138784.20517759793,10000.0,3,9873.603132000004,false
9874,647.9454655811782,0.0,false,65673.43027544323,133.66389847009572,1,8.899474628138137,false
9875,466.6632773905047,0.0,false,42299.27840013204,126.39686699999982,0,2.984279490192421e-13,false
9876,1055.3135590541058,0.0,false,130275.1350138202,212.62808327221796,1,105.60193955791982,false
9877,577.5283064389469,0.0,false,56326.980921499766,133.66389757134732,1,8.899473527497577,false
9878,1393.246830557725,457.86487816410767,true,105136.03775808014,10000.0,4,9873.603132,false
9879,481.10380961366775,0.0,false,44124.51634430928,126.39686700000036,0,5.400124791776761e-13,false
9880,367.02744065392034,0.0,false,29705.62139351928,126.39686500000025,0,2.5579538487363607e-13,false
9881,903.8688886575826,0.0,false,100116.94741000683,133.66390206508964,1,8.899479030700348,false
9882,536.7339707222849,0.0,false,51155.994085362836,126.39686700000036,0,3.410605131648481e-13,false
9883,883.9699565940633,0.0,false,97756.39063160491,133.6639020650896,1,8.89947903070032,false
9884,683.4855530731263,0.0,false,70444.59144946776,133.66389847009614,1,8.899474628138123,false
9885,398.0666155528754,0.0,false,33628.87566877728,126.39686600000037,0,3.552713678800501e-13,false
9886,323.79634237705676,0.0,false,24241.346273741263,126.39686500000037,0,5.258016244624741e-13,false
9887,766.5800157328374,0.0,false,81068.80376747464,133.6638994700961,1,8.899474628138051,false
9888,712.4327447004989,0.0,false,74477.63295185786,133.66389936884457,1,8.899475728778583,false
9889,1009.0280179048441,0.0,false,114763.43328760915,154.07121634002576,1,72.46974449005982,false
9890,382.99660219779514,0.0,false,31724.07328546708,126.39686500000037,0,3.552713678800501e-13,false
9891,584.5918468176241,0.0,false,57274.11679780712,133.66389757134763,1,8.899473527497463,false
9892,1080.7921767132548,0.0,false,130723.63059338811,253.22601783060304,1,332.12258403287905,false
9893,517.2906915807911,0.0,false,48698.42463433127,126.39686700000036,0,3.268496584496461e-13,false
9894,746.2739189654862,0.0,false,79335.14074264356,137.0852441654586,1,27.989239445753626,false
9895,917.6890151836469,0.0,false,102760.33307670166,145.2126721869539,1,23.04253182346673,false
9896,579.4122863215782,0.0,false,56550.39920988071,126.3968680000001,0,1.8474111129762605e-13,false
9897,504.1091388321042,0.0,false,47032.31774379121,126.39686700000007,0,1.4210854715202004e-13,false
9898,461.86598605512893,0.0,false,41692.91583403806,126.39686600000005,0,1.1368683772161603e-13,false
9899,927.1520454673631,0.0,false,103442.28570596896,145.21266959196024,1,23.042527420904506,false
9900,608.6570986532721,0.0,false,60708.67100229144,133.66389847009592,1,8.899474628138165,false
9901,237.88428682759667,0.0,false,15449.137789034008,96.05429600000005,0,1.2789769243681803e-13,false
9902,1005.7350476868975,0.0,false,116199.39915341792,253.22601650872087,1,332.1225805713187,false
9903,614.8510525045689,0.0,false,61217.53276403089,133.66389757134746,1,8.899473527497591,false
9904,711.3519110108201,0.0,false,73845.29051530392,133.66389857134752,1,8.899473527497577,false
9905,1495.2813992643587,252.04225042488704,true,154200.00207262105,10000.000000000005,2,9873.60313100001,false
9906,602.7540270645414,0.0,false,59559.39022068839,133.66389757134758,1,8.899473527497562,false
9907,122.30409839129685,0.0,false,4347.1645039784535,96.05429600000002,0,9.947598300641403e-14,false
9908,1049.514486656567,0.0,false,124340.92818068262,212.6280823734698,1,105.6019384572793,false
9909,523.6271469708903,0.0,false,49499.33270550621,126.39686700000004,0,1.5631940186722204e-13,false
9910,771.7094919663871,0.0,false,82285.85089935135,133.66390026759268,1,8.8994768294193,false
9911,951.615944463715,0.0,false,106358.8691271415,133.66390206508947,1,8.899479030700405,false
9912,573.2816230806762,0.0,false,55775.50262038265,126.39686800000004,0,1.1368683772161603e-13,false
9913,368.48860843724094,0.0,false,29890.30841472537,126.39686500000005,0,1.5631940186722204e-13,false
9914,374.93746231458874,0.0,false,30705.423301869807,126.39686500000005,0,1.5631940186722204e-13,false
9915,764.3436649565226,0.0,false,81661.5252613659,137.08524384357668,1,27.98923598419269,false
9916,935.6075700422824,0.0,false,103981.82825084924,137.08524484357662,1,27.989235984192604,false
9917,550.7197851460926,0.0,false,52923.757127060526,126.39686800000004,0,8.526512829121202e-14,false
9918,472.04143279108257,0.0,false,42979.06036073528,126.39686700000001,0,1.5631940186722204e-13,false
9919,679.4729531867673,0.0,false,70236.37381887114,133.6638993688443,1,8.899475728778754,false
9920,865.879994698808,0.0,false,94936.16738372702,133.66390116634116,1,8.899477930059845,false
9921,316.89303007487166,0.0,false,23368.789268242366,126.39686500000002,0,1.8474111129762605e-13,false
9922,379.82109062014666,0.0,false,31322.698589983058,126.39686500000002,0,1.8474111129762605e-13,false
9923,528.8249249264223,0.0,false,50156.31552326045,126.39686700000001,0,1.5631940186722204e-13,false
9924,511.2515489960048,0.0,false,47935.095968482645,126.39686700000001,0,1.5631940186722204e-13,false
9925,681.9160961756867,0.0,false,70733.08278886162,133.66390016634114,1,8.899477930059916,false
9926,378.46618811095465,0.0,false,31151.443165860263,126.39686500000046,0,5.258016244624741e-13,false
9927,416.6236699252002,0.0,false,35974.429090845544,126.39686600000059,0,7.673861546209082e-13,false
9928,687.0511016670304,0.0,false,71277.22379913522,137.08524119981303,1,27.989229061069793,false
9929,1345.8961591716686,215.6246421783394,true,141859.82340713206,9969.473194284092,2,9903.945703999989,false
9930,1180.3089011903817,256.56945518864603,true,103055.25570808252,10000.000000000002,2,9873.603132000002,false
9931,970.5780560167061,58.32431092891257,true,101260.53579486784,10000.000000000002,2,9873.603132000002,false
9932,750.6991261666956,0.0,false,79634.56121379798,137.08524252169533,1,27.98923252263164,false
9933,607.101916963189,0.0,false,60238.61331536708,137.08523855604926,1,27.989222137947976,false
9934,405.1271896228832,0.0,false,34521.31006808426,126.39686600000066,0,7.247535904753022e-13,false
9935,1220.5901680568543,111.06749909712684,true,140042.46252409898,9969.473195290182,2,9903.945704000012,false
9936,807.0436018764339,0.0,false,87154.29710845662,133.66390116634207,1,8.899477930060542,false
9937,615.9477527524061,0.0,false,61449.93449176464,133.66389757134854,1,8.899473527498216,false
9938,554.4884300510487,0.0,false,53400.10201327089,126.39686800000078,0,8.242295734817162e-13,false
9939,1053.720873609933,46.251950020377194,true,122228.51169459533,10000.0,2,9873.603133,false
9940,523.2219436500625,0.0,false,49448.11627768681,126.39686700000014,0,1.5631940186722204e-13,false
9941,463.05962322829595,0.0,false,41843.78782589927,126.39686700000014,0,1.5631940186722204e-13,false
9942,229.5028894094367,0.0,false,14644.068585680629,96.05429599999997,0,4.263256414560601e-14,false
9943,911.0859764570876,0.0,false,101260.88409149775,137.08524516545847,1,27.98923944575357,false
9944,1139.570387044297,25.39756490763938,true,150494.44428158487,3896.874248927132,1,9873.603132999999,true
9945,497.3663619793978,0.0,false,46180.05191518563,126.39686699999996,0,5.684341886080802e-14,false
9946,887.3772384307596,0.0,false,98492.17730443252,154.0712100524974,1,72.46973064381477,false
9947,743.2264193270671,0.0,false,78702.28055406226,133.6639002675925,1,8.8994768294192,false
9948,648.7523241027193,0.0,false,65798.28378617915,133.66389847009577,1,8.899474628138123,false
9949,489.2712555161308,0.0,false,45156.85586876786,126.39686699999996,0,5.684341886080802e-14,false
9950,729.3895264690213,0.0,false,76647.22548502387,133.66389936884417,1,8.899475728778668,false
9951,783.4815326107799,0.0,false,84090.94409173593,137.08524384357642,1,27.989235984192206,false
9952,1508.1661903164133,355.2798915596099,true,146682.74359598415,9956.328442401851,3,9903.945703999998,false
9953,1042.5489395121776,0.0,false,124804.44214319583,212.62808327221825,1,105.60193955791974,false
9954,590.9337807690057,0.0,false,58233.63294186804,133.66389757134763,1,8.899473527497577,false
9955,741.4225731915038,0.0,false,78851.44811875456,137.08524416545865,1,27.98923944575357,false
9956,1519.8325135197506,477.33112191710785,true,127526.51777422744,9999.999999999996,2,9873.603131999997,false
9957,1025.5692136471114,0.0,false,117446.54559517452,212.62808237346985,1,105.60193845727919,false
9958,383.7081588100004,0.0,false,31814.011807673567,126.39686500000019,0,2.2737367544323206e-13,false
9959,195.3223807352688,0.0,false,11360.883990603072,96.05429600000008,0,1.2789769243681803e-13,false
9960,386.0629733948442,0.0,false,32111.65297943486,126.39686600000022,0,2.8421709430404007e-13,false
9961,1129.9970915860447,155.27461467313265,true,117739.02691103228,10000.0,3,9873.603133,false
9962,777.0352141319879,0.0,false,83062.03160185981,133.66390026759288,1,8.899476829419186,false
9963,419.46341542397283,0.0,false,36333.36400792915,126.39686600000033,0,3.979039320256561e-13,false
9964,910.1737701165366,143.04261694437298,true,95413.224527227,3254.672852106183,1,10912.553005948892,false
9965,910.4450881736843,0.0,false,103059.82055898603,555.6146715517671,1,1358.1691500112772,false
9966,390.16882452650765,0.0,false,32630.61967421039,126.39686600000005,0,3.268496584496461e-13,false
9967,646.1143581586228,0.0,false,65483.99492360847,133.6638984700959,1,8.899474628138108,false
9968,419.40409479464137,0.0,false,36325.86606658914,126.39686600000005,0,3.268496584496461e-13,false
9969,571.8499909014121,0.0,false,55594.54880681704,126.39686800000004,0,3.410605131648481e-13,false
9970,352.03534601582606,0.0,false,27810.667691449264,126.39686499999999,0,2.1316282072803006e-13,false
9971,364.59237880298434,0.0,false,29397.83721922018,126.39686499999999,0,2.1316282072803006e-13,false
9972,524.5992478532884,0.0,false,49622.20320561665,126.39686699999999,0,4.405364961712621e-13,false
9973,924.3782968610471,0.0,false,102488.77088093881,133.66390216634096,1,8.899477930059817,false
9974,429.34246742316606,0.0,false,37582.04517028293,126.39686600000005,0,3.268496584496461e-13,false
9975,418.4565444849496,0.0,false,36206.09868180453,126.39686600000005,0,3.268496584496461e-13,false
9976,319.9774176675914,0.0,false,23758.646178069503,126.39686499999999,0,2.8421709430404007e-13,false
9977,330.21654959579774,0.0,false,25052.840313159657,126.39686499999999,0,2.8421709430404007e-13,false
9978,652.5513141249468,0.0,false,66472.95086214543,137.0852398779304,1,27.9892255995086,false
9979,231.81587585720897,0.0,false,14866.240863639976,96.05429600000002,0,2.8421709430404007e-13,false
9980,874.0125252342011,0.0,false,113673.61979448571,587.3889629999455,1,1207.1821581314189,true
9981,768.9413157306202,0.0,false,81945.81117651303,137.08524252169454,1,27.9892325226309,false
9982,537.9562203373786,0.0,false,51310.48260006905,126.39686700000016,0,1.7053025658242404e-13,false
9983,527.4873816651677,0.0,false,49987.25425358617,126.39686700000016,0,1.7053025658242404e-13,false
9984,332.5441235549019,0.0,false,25347.03835533577,126.3968650000001,0,1.5631940186722204e-13,false
9985,671.8316712579883,0.0,false,69017.54024002221,133.66389936884426,1,8.899475728778683,false
9986,535.3503670062039,0.0,false,50981.1109187822,126.39686700000016,0,1.7053025658242404e-13,false
9987,667.632294734192,0.0,false,70197.22105108095,137.08524613110455,1,27.989249830437288,false
9988,982.3861171235619,35.26919712016094,true,129379.10264041809,6748.418300610951,2,20953.989161638947,true
9989,2446.202767753876,1280.2530050028133,true,144430.86628242902,10000.000000000004,3,9873.603131000003,false
9990,268.3696201788969,0.0,false,18377.384930962504,96.054296,0,1.4210854715202004e-13,false
9991,1115.3743501922554,27.755344660664633,true,147138.12521513487,7649.6681745612495,3,15892.490090214098,true
9992,535.0131596216734,0.0,false,50938.48896387175,126.3968670000005,0,5.115907697472721e-13,false
9993,273.6701806933243,0.0,false,18886.526523679568,96.05429600000046,0,4.973799150320701e-13,false
9994,370.2733617929281,0.0,false,30115.8956365435,126.39686500000059,0,6.536993168992922e-13,false
9995,618.2525924591569,0.0,false,61674.40287476213,133.66389757134803,1,8.899473527497548,false
9996,931.3949225538358,0.0,false,103724.14335175027,137.08524516545904,1,27.98923944575357,false
9997,400.85977266815513,0.0,false,33981.921960428524,126.39686600000059,0,7.673861546209082e-13,false
9998,716.1344225989409,0.0,false,74590.20016113846,133.66389847009643,1,8.899474628138236,false
9999,560.6972226669604,0.0,false,54184.87391052205,126.39686800000058,0,6.536993168992922e-13,false
10000,1512.0574703599539,373.81186063120145,true,140929.14830374552,9999.999999999996,2,9873.603132000004,false
